{
"type": "FeatureCollection",
"name": "East_Midlands",
"crs": { "type": "name", "properties": { "name": "urn:ogc:def:crs:OGC:1.3:CRS84" } },
"features": [
{ "type": "Feature", "properties": { "small_area": "E01013582" }, "geometry": { "type": "Polygon", "coordinates": [ [ [ -1.4274, 52.93675 ], [ -1.43876, 52.93855 ], [ -1.43683, 52.94216 ], [ -1.4274, 52.93675 ] ] ] } },
{ "type": "Feature", "properties": { "small_area": "E01013622" }, "geometry": { "type": "Polygon", "coordinates": [ [ [ -1.16853, 52.65781 ], [ -1.16043, 52.66231 ], [ -1.15966, 52.65828 ], [ -1.16853, 52.65781 ] ] ] } },
{ "type": "Feature", "properties": { "small_area": "E01026273" }, "geometry": { "type": "Polygon", "coordinates": [ [ [ -0.15375, 52.79554 ], [ -0.15769, 52.79512 ], [ -0.1595, 52.79 ], [ -0.1666, 52.79207 ], [ -0.15957, 52.79778 ], [ -0.165, 52.79862 ], [ -0.15781, 52.80094 ], [ -0.15375, 52.79554 ] ] ] } },
{ "type": "Feature", "properties": { "small_area": "E01019459" }, "geometry": { "type": "Polygon", "coordinates": [ [ [ -1.39227, 53.04749 ], [ -1.39521, 53.04503 ], [ -1.40353, 53.0465 ], [ -1.39882, 53.05337 ], [ -1.39507, 53.05242 ], [ -1.39635, 53.04871 ], [ -1.39227, 53.04749 ] ] ] } },
{ "type": "Feature", "properties": { "small_area": "E01013779" }, "geometry": { "type": "Polygon", "coordinates": [ [ [ -1.14993, 52.62782 ], [ -1.1546, 52.62763 ], [ -1.15242, 52.63401 ], [ -1.14993, 52.62782 ] ] ] } },
{ "type": "Feature", "properties": { "small_area": "E01032978" }, "geometry": { "type": "Polygon", "coordinates": [ [ [ -0.90799, 52.2453 ], [ -0.89978, 52.24029 ], [ -0.90725, 52.23837 ], [ -0.90799, 52.2453 ] ] ] } },
{ "type": "Feature", "properties": { "small_area": "E01013680" }, "geometry": { "type": "Polygon", "coordinates": [ [ [ -1.15139, 52.64421 ], [ -1.1575, 52.64551 ], [ -1.1464, 52.64933 ], [ -1.14017, 52.64849 ], [ -1.14084, 52.64505 ], [ -1.15139, 52.64421 ] ] ] } },
{ "type": "Feature", "properties": { "small_area": "E01028170" }, "geometry": { "type": "Polygon", "coordinates": [ [ [ -1.08571, 52.97045 ], [ -1.08095, 52.97413 ], [ -1.06815, 52.97573 ], [ -1.07247, 52.97151 ], [ -1.07535, 52.97462 ], [ -1.08571, 52.97045 ] ] ] } },
{ "type": "Feature", "properties": { "small_area": "E01019720" }, "geometry": { "type": "Polygon", "coordinates": [ [ [ -1.92991, 53.32489 ], [ -1.92089, 53.32186 ], [ -1.91671, 53.32533 ], [ -1.91468, 53.32001 ], [ -1.92833, 53.31989 ], [ -1.92991, 53.32489 ] ] ] } },
{ "type": "Feature", "properties": { "small_area": "E01027069" }, "geometry": { "type": "Polygon", "coordinates": [ [ [ -0.59362, 52.28722 ], [ -0.58343, 52.28572 ], [ -0.59522, 52.28377 ], [ -0.59989, 52.28907 ], [ -0.59362, 52.28722 ] ] ] } },
{ "type": "Feature", "properties": { "small_area": "E01027964" }, "geometry": { "type": "Polygon", "coordinates": [ [ [ -1.26792, 53.13058 ], [ -1.27053, 53.13457 ], [ -1.27435, 53.13234 ], [ -1.28088, 53.13587 ], [ -1.2667, 53.1398 ], [ -1.26468, 53.13318 ], [ -1.26792, 53.13058 ] ] ] } },
{ "type": "Feature", "properties": { "small_area": "E01027066" }, "geometry": { "type": "Polygon", "coordinates": [ [ [ -0.58813, 52.27076 ], [ -0.58634, 52.2729 ], [ -0.59488, 52.27565 ], [ -0.58969, 52.28012 ], [ -0.58119, 52.27791 ], [ -0.58743, 52.28447 ], [ -0.58343, 52.28572 ], [ -0.56859, 52.27632 ], [ -0.56654, 52.27816 ], [ -0.55745, 52.2746 ], [ -0.55626, 52.27196 ], [ -0.56578, 52.26527 ], [ -0.55476, 52.25817 ], [ -0.56571, 52.25345 ], [ -0.58813, 52.27076 ] ] ] } },
{ "type": "Feature", "properties": { "small_area": "E01027029" }, "geometry": { "type": "Polygon", "coordinates": [ [ [ -1.1985, 52.17945 ], [ -1.19678, 52.18318 ], [ -1.1883, 52.18212 ], [ -1.18567, 52.17823 ], [ -1.2004, 52.17129 ], [ -1.20796, 52.17297 ], [ -1.21027, 52.16982 ], [ -1.20603, 52.17025 ], [ -1.20579, 52.16792 ], [ -1.21383, 52.16481 ], [ -1.21812, 52.17402 ], [ -1.22386, 52.1752 ], [ -1.22332, 52.17855 ], [ -1.21119, 52.17855 ], [ -1.21129, 52.18346 ], [ -1.1985, 52.17945 ] ] ] } },
{ "type": "Feature", "properties": { "small_area": "E01027028" }, "geometry": { "type": "Polygon", "coordinates": [ [ [ -1.12091, 52.17401 ], [ -1.1286, 52.16788 ], [ -1.13725, 52.17326 ], [ -1.14415, 52.16604 ], [ -1.15753, 52.16949 ], [ -1.15663, 52.16359 ], [ -1.14397, 52.15869 ], [ -1.14556, 52.15404 ], [ -1.13742, 52.14642 ], [ -1.17691, 52.14312 ], [ -1.18839, 52.1454 ], [ -1.18654, 52.15942 ], [ -1.19474, 52.16 ], [ -1.198, 52.15518 ], [ -1.22319, 52.1604 ], [ -1.22412, 52.15627 ], [ -1.23321, 52.15324 ], [ -1.23394, 52.14778 ], [ -1.24193, 52.15436 ], [ -1.25373, 52.15579 ], [ -1.25529, 52.16464 ], [ -1.24236, 52.16349 ], [ -1.229, 52.17385 ], [ -1.23178, 52.18293 ], [ -1.22811, 52.18675 ], [ -1.21129, 52.18346 ], [ -1.21119, 52.17855 ], [ -1.22332, 52.17855 ], [ -1.22386, 52.1752 ], [ -1.21812, 52.17402 ], [ -1.21383, 52.16481 ], [ -1.20579, 52.16792 ], [ -1.20603, 52.17025 ], [ -1.21027, 52.16982 ], [ -1.20796, 52.17297 ], [ -1.2004, 52.17129 ], [ -1.18567, 52.17823 ], [ -1.1883, 52.18212 ], [ -1.19678, 52.18318 ], [ -1.19169, 52.19347 ], [ -1.18492, 52.19183 ], [ -1.15534, 52.19624 ], [ -1.13403, 52.19341 ], [ -1.12091, 52.17401 ] ] ] } },
{ "type": "Feature", "properties": { "small_area": "E01019850" }, "geometry": { "type": "Polygon", "coordinates": [ [ [ -1.62696, 52.77976 ], [ -1.61929, 52.78515 ], [ -1.61247, 52.7812 ], [ -1.62166, 52.77477 ], [ -1.61845, 52.77065 ], [ -1.6076, 52.7698 ], [ -1.60463, 52.76371 ], [ -1.61217, 52.7539 ], [ -1.59919, 52.74976 ], [ -1.58803, 52.75213 ], [ -1.59078, 52.74993 ], [ -1.58669, 52.74298 ], [ -1.59669, 52.74856 ], [ -1.60948, 52.7376 ], [ -1.60055, 52.73974 ], [ -1.59519, 52.73746 ], [ -1.60427, 52.72599 ], [ -1.61576, 52.73371 ], [ -1.6416, 52.73939 ], [ -1.64546, 52.74324 ], [ -1.65068, 52.74249 ], [ -1.64633, 52.74595 ], [ -1.6551, 52.7536 ], [ -1.65251, 52.76084 ], [ -1.67005, 52.77358 ], [ -1.67077, 52.781 ], [ -1.66608, 52.78495 ], [ -1.64904, 52.77959 ], [ -1.63825, 52.78671 ], [ -1.62696, 52.77976 ] ] ] } },
{ "type": "Feature", "properties": { "small_area": "E01028046" }, "geometry": { "type": "Polygon", "coordinates": [ [ [ -1.12308, 53.3117 ], [ -1.13192, 53.31902 ], [ -1.12142, 53.31884 ], [ -1.12308, 53.3117 ] ] ] } },
{ "type": "Feature", "properties": { "small_area": "E01027177" }, "geometry": { "type": "Polygon", "coordinates": [ [ [ -0.80868, 52.25177 ], [ -0.8103, 52.26038 ], [ -0.80598, 52.26005 ], [ -0.80188, 52.25336 ], [ -0.80868, 52.25177 ] ] ] } },
{ "type": "Feature", "properties": { "small_area": "E01027175" }, "geometry": { "type": "Polygon", "coordinates": [ [ [ -0.81113, 52.26152 ], [ -0.81428, 52.26192 ], [ -0.81548, 52.27068 ], [ -0.80994, 52.27174 ], [ -0.81113, 52.26152 ] ] ] } },
{ "type": "Feature", "properties": { "small_area": "E01013669" }, "geometry": { "type": "Polygon", "coordinates": [ [ [ -1.06646, 52.61953 ], [ -1.07038, 52.62271 ], [ -1.06301, 52.62659 ], [ -1.05774, 52.6268 ], [ -1.05701, 52.62397 ], [ -1.06646, 52.61953 ] ] ] } },
{ "type": "Feature", "properties": { "small_area": "E01013938" }, "geometry": { "type": "Polygon", "coordinates": [ [ [ -1.14763, 52.97807 ], [ -1.14095, 52.97499 ], [ -1.14475, 52.96984 ], [ -1.15202, 52.97062 ], [ -1.14763, 52.97807 ] ] ] } },
{ "type": "Feature", "properties": { "small_area": "E01019731" }, "geometry": { "type": "Polygon", "coordinates": [ [ [ -1.98416, 53.45302 ], [ -1.98735, 53.45889 ], [ -1.97877, 53.45995 ], [ -1.97836, 53.45648 ], [ -1.98416, 53.45302 ] ] ] } },
{ "type": "Feature", "properties": { "small_area": "E01019730" }, "geometry": { "type": "Polygon", "coordinates": [ [ [ -1.96849, 53.46114 ], [ -1.98735, 53.45889 ], [ -1.98644, 53.46103 ], [ -1.97527, 53.46856 ], [ -1.96849, 53.46114 ] ] ] } },
{ "type": "Feature", "properties": { "small_area": "E01027049" }, "geometry": { "type": "Polygon", "coordinates": [ [ [ -0.44485, 52.47013 ], [ -0.44947, 52.46712 ], [ -0.47368, 52.47804 ], [ -0.47291, 52.48034 ], [ -0.46611, 52.48015 ], [ -0.47009, 52.48347 ], [ -0.46186, 52.48821 ], [ -0.44485, 52.47013 ] ] ] } },
{ "type": "Feature", "properties": { "small_area": "E01027048" }, "geometry": { "type": "Polygon", "coordinates": [ [ [ -0.46611, 52.48015 ], [ -0.48049, 52.47655 ], [ -0.48069, 52.47216 ], [ -0.49852, 52.47051 ], [ -0.50937, 52.47437 ], [ -0.51418, 52.47234 ], [ -0.51904, 52.47405 ], [ -0.5151, 52.48134 ], [ -0.52438, 52.47878 ], [ -0.52734, 52.48093 ], [ -0.5186, 52.48187 ], [ -0.51524, 52.48831 ], [ -0.4992, 52.49084 ], [ -0.49044, 52.48272 ], [ -0.484, 52.48325 ], [ -0.4843, 52.48828 ], [ -0.47643, 52.48808 ], [ -0.46611, 52.48015 ] ] ] } },
{ "type": "Feature", "properties": { "small_area": "E01028235" }, "geometry": { "type": "Polygon", "coordinates": [ [ [ -1.16868, 53.13449 ], [ -1.17435, 53.13756 ], [ -1.16858, 53.13906 ], [ -1.16786, 53.1431 ], [ -1.16322, 53.14359 ], [ -1.16868, 53.13449 ] ] ] } },
{ "type": "Feature", "properties": { "small_area": "E01028232" }, "geometry": { "type": "Polygon", "coordinates": [ [ [ -1.22489, 53.14959 ], [ -1.23124, 53.14878 ], [ -1.22784, 53.1537 ], [ -1.21607, 53.15051 ], [ -1.22237, 53.14561 ], [ -1.22489, 53.14959 ] ] ] } },
{ "type": "Feature", "properties": { "small_area": "E01013551" }, "geometry": { "type": "Polygon", "coordinates": [ [ [ -1.49754, 52.9221 ], [ -1.50343, 52.92157 ], [ -1.50215, 52.92445 ], [ -1.4944, 52.92611 ], [ -1.49754, 52.9221 ] ] ] } },
{ "type": "Feature", "properties": { "small_area": "E01013868" }, "geometry": { "type": "Polygon", "coordinates": [ [ [ -1.23331, 52.96921 ], [ -1.22138, 52.97011 ], [ -1.22411, 52.96329 ], [ -1.2328, 52.96323 ], [ -1.229, 52.96573 ], [ -1.23331, 52.96921 ] ] ] } },
{ "type": "Feature", "properties": { "small_area": "E01025966" }, "geometry": { "type": "Polygon", "coordinates": [ [ [ -1.34694, 52.73838 ], [ -1.34067, 52.7354 ], [ -1.3447, 52.73254 ], [ -1.34825, 52.73202 ], [ -1.34766, 52.73535 ], [ -1.35335, 52.73797 ], [ -1.35244, 52.73505 ], [ -1.35975, 52.73149 ], [ -1.35406, 52.7407 ], [ -1.34771, 52.73971 ], [ -1.34133, 52.75037 ], [ -1.33027, 52.75035 ], [ -1.33537, 52.74088 ], [ -1.34694, 52.73838 ] ] ] } },
{ "type": "Feature", "properties": { "small_area": "E01027234" }, "geometry": { "type": "Polygon", "coordinates": [ [ [ -0.91723, 52.22703 ], [ -0.92136, 52.22325 ], [ -0.9363, 52.22295 ], [ -0.93587, 52.22876 ], [ -0.91723, 52.22703 ] ] ] } },
{ "type": "Feature", "properties": { "small_area": "E01027235" }, "geometry": { "type": "Polygon", "coordinates": [ [ [ -0.91403, 52.22554 ], [ -0.91663, 52.21939 ], [ -0.92136, 52.22325 ], [ -0.91723, 52.22703 ], [ -0.92139, 52.22731 ], [ -0.92165, 52.23022 ], [ -0.91223, 52.22981 ], [ -0.91403, 52.22554 ] ] ] } },
{ "type": "Feature", "properties": { "small_area": "E01027236" }, "geometry": { "type": "Polygon", "coordinates": [ [ [ -0.91917, 52.24363 ], [ -0.91996, 52.24083 ], [ -0.93238, 52.24421 ], [ -0.92481, 52.24781 ], [ -0.91917, 52.24363 ] ] ] } },
{ "type": "Feature", "properties": { "small_area": "E01019519" }, "geometry": { "type": "Polygon", "coordinates": [ [ [ -1.34625, 53.09588 ], [ -1.35602, 53.10024 ], [ -1.3438, 53.10048 ], [ -1.34297, 53.10319 ], [ -1.33848, 53.10097 ], [ -1.34625, 53.09588 ] ] ] } },
{ "type": "Feature", "properties": { "small_area": "E01027237" }, "geometry": { "type": "Polygon", "coordinates": [ [ [ -0.92117, 52.23811 ], [ -0.91651, 52.23635 ], [ -0.91938, 52.2334 ], [ -0.9361, 52.23069 ], [ -0.93791, 52.23734 ], [ -0.93543, 52.24317 ], [ -0.91996, 52.24083 ], [ -0.92117, 52.23811 ] ] ] } },
{ "type": "Feature", "properties": { "small_area": "E01027232" }, "geometry": { "type": "Polygon", "coordinates": [ [ [ -0.87799, 52.27267 ], [ -0.88295, 52.26541 ], [ -0.88684, 52.26818 ], [ -0.89001, 52.26446 ], [ -0.89456, 52.26707 ], [ -0.89983, 52.26494 ], [ -0.88233, 52.27808 ], [ -0.87799, 52.27267 ] ] ] } },
{ "type": "Feature", "properties": { "small_area": "E01027233" }, "geometry": { "type": "Polygon", "coordinates": [ [ [ -0.91394, 52.2303 ], [ -0.92165, 52.23022 ], [ -0.92139, 52.22731 ], [ -0.93587, 52.22876 ], [ -0.91938, 52.2334 ], [ -0.91394, 52.2303 ] ] ] } },
{ "type": "Feature", "properties": { "small_area": "E01027297" }, "geometry": { "type": "Polygon", "coordinates": [ [ [ -0.89403, 52.1428 ], [ -0.90271, 52.13668 ], [ -0.90744, 52.12636 ], [ -0.922, 52.12814 ], [ -0.92882, 52.12287 ], [ -0.92821, 52.09872 ], [ -0.94258, 52.09645 ], [ -0.94417, 52.09121 ], [ -0.95893, 52.08994 ], [ -0.96638, 52.09384 ], [ -0.96563, 52.09668 ], [ -0.97066, 52.09695 ], [ -0.96837, 52.09882 ], [ -0.97839, 52.10859 ], [ -0.97013, 52.1207 ], [ -0.98272, 52.12946 ], [ -0.95646, 52.1329 ], [ -0.95448, 52.13886 ], [ -0.94429, 52.14496 ], [ -0.94053, 52.15461 ], [ -0.92785, 52.1496 ], [ -0.92156, 52.15225 ], [ -0.91867, 52.16145 ], [ -0.90769, 52.15408 ], [ -0.90337, 52.15459 ], [ -0.89403, 52.1428 ] ] ] } },
{ "type": "Feature", "properties": { "small_area": "E01027216" }, "geometry": { "type": "Polygon", "coordinates": [ [ [ -0.93543, 52.24317 ], [ -0.94335, 52.2457 ], [ -0.93249, 52.25125 ], [ -0.92481, 52.24781 ], [ -0.93543, 52.24317 ] ] ] } },
{ "type": "Feature", "properties": { "small_area": "E01025621" }, "geometry": { "type": "Polygon", "coordinates": [ [ [ -1.22506, 52.5611 ], [ -1.2289, 52.5543 ], [ -1.23185, 52.55536 ], [ -1.23618, 52.55167 ], [ -1.24581, 52.55413 ], [ -1.23833, 52.55492 ], [ -1.23861, 52.55833 ], [ -1.25116, 52.5574 ], [ -1.25815, 52.55173 ], [ -1.26696, 52.55479 ], [ -1.2688, 52.55832 ], [ -1.28585, 52.56036 ], [ -1.28612, 52.55722 ], [ -1.30599, 52.55342 ], [ -1.30938, 52.54906 ], [ -1.32264, 52.54443 ], [ -1.33456, 52.54377 ], [ -1.33792, 52.55549 ], [ -1.32862, 52.56583 ], [ -1.31915, 52.56705 ], [ -1.31184, 52.56207 ], [ -1.30203, 52.56137 ], [ -1.2756, 52.56481 ], [ -1.26904, 52.5724 ], [ -1.25985, 52.57042 ], [ -1.24839, 52.57337 ], [ -1.24915, 52.56727 ], [ -1.22506, 52.5611 ] ] ] } },
{ "type": "Feature", "properties": { "small_area": "E01026363" }, "geometry": { "type": "Polygon", "coordinates": [ [ [ -0.36054, 52.67003 ], [ -0.36672, 52.66767 ], [ -0.36282, 52.66009 ], [ -0.40582, 52.648 ], [ -0.42592, 52.64854 ], [ -0.46329, 52.65885 ], [ -0.46164, 52.66904 ], [ -0.43407, 52.68369 ], [ -0.43099, 52.6807 ], [ -0.41843, 52.68152 ], [ -0.41915, 52.68522 ], [ -0.41274, 52.68372 ], [ -0.36212, 52.69385 ], [ -0.36054, 52.67003 ] ] ] } },
{ "type": "Feature", "properties": { "small_area": "E01028366" }, "geometry": { "type": "Polygon", "coordinates": [ [ [ -1.03906, 52.90658 ], [ -1.02853, 52.90876 ], [ -1.02974, 52.90588 ], [ -1.03906, 52.90658 ] ] ] } },
{ "type": "Feature", "properties": { "small_area": "E01026362" }, "geometry": { "type": "Polygon", "coordinates": [ [ [ -0.32878, 52.68922 ], [ -0.36115, 52.68126 ], [ -0.36228, 52.6963 ], [ -0.34636, 52.70003 ], [ -0.34262, 52.6973 ], [ -0.34696, 52.69442 ], [ -0.33342, 52.69287 ], [ -0.33595, 52.69629 ], [ -0.34128, 52.69624 ], [ -0.34026, 52.7045 ], [ -0.32358, 52.71093 ], [ -0.32766, 52.7129 ], [ -0.32011, 52.71454 ], [ -0.3179, 52.71158 ], [ -0.28831, 52.72699 ], [ -0.27833, 52.71648 ], [ -0.28129, 52.71424 ], [ -0.27802, 52.71074 ], [ -0.32878, 52.68922 ] ] ] } },
{ "type": "Feature", "properties": { "small_area": "E01026365" }, "geometry": { "type": "Polygon", "coordinates": [ [ [ -0.63519, 52.97682 ], [ -0.64548, 52.97445 ], [ -0.65776, 52.9537 ], [ -0.69584, 52.96528 ], [ -0.70737, 52.94511 ], [ -0.71785, 52.94023 ], [ -0.72026, 52.92293 ], [ -0.7631, 52.92367 ], [ -0.76607, 52.92682 ], [ -0.73419, 52.98899 ], [ -0.7111, 52.99588 ], [ -0.71039, 52.99973 ], [ -0.68849, 53.01153 ], [ -0.67454, 53.01138 ], [ -0.66313, 53.00286 ], [ -0.65618, 53.00262 ], [ -0.65551, 52.99659 ], [ -0.63807, 52.99114 ], [ -0.63519, 52.97682 ] ] ] } },
{ "type": "Feature", "properties": { "small_area": "E01026360" }, "geometry": { "type": "Polygon", "coordinates": [ [ [ -0.3668, 52.75568 ], [ -0.30452, 52.74601 ], [ -0.35552, 52.72806 ], [ -0.37072, 52.71396 ], [ -0.38605, 52.71716 ], [ -0.38682, 52.7228 ], [ -0.39702, 52.7305 ], [ -0.39373, 52.73394 ], [ -0.39941, 52.75467 ], [ -0.38023, 52.75622 ], [ -0.3668, 52.75568 ] ] ] } },
{ "type": "Feature", "properties": { "small_area": "E01028301" }, "geometry": { "type": "Polygon", "coordinates": [ [ [ -0.98222, 53.19932 ], [ -0.98971, 53.20788 ], [ -0.98698, 53.20672 ], [ -0.98454, 53.21122 ], [ -1.00257, 53.20807 ], [ -1.00447, 53.22461 ], [ -0.9701, 53.21867 ], [ -0.97767, 53.21726 ], [ -0.9737, 53.21148 ], [ -0.98048, 53.20558 ], [ -0.97082, 53.20284 ], [ -0.98222, 53.19932 ] ] ] } },
{ "type": "Feature", "properties": { "small_area": "E01026309" }, "geometry": { "type": "Polygon", "coordinates": [ [ [ -0.66106, 52.9101 ], [ -0.65835, 52.90653 ], [ -0.66901, 52.90944 ], [ -0.66017, 52.91249 ], [ -0.64962, 52.9127 ], [ -0.66106, 52.9101 ] ] ] } },
{ "type": "Feature", "properties": { "small_area": "E01027156" }, "geometry": { "type": "Polygon", "coordinates": [ [ [ -0.89972, 52.22103 ], [ -0.9073, 52.22192 ], [ -0.9056, 52.22487 ], [ -0.89704, 52.22427 ], [ -0.89972, 52.22103 ] ] ] } },
{ "type": "Feature", "properties": { "small_area": "E01013736" }, "geometry": { "type": "Polygon", "coordinates": [ [ [ -1.08043, 52.66622 ], [ -1.08784, 52.66676 ], [ -1.08936, 52.66234 ], [ -1.09399, 52.66365 ], [ -1.09156, 52.66744 ], [ -1.09521, 52.66955 ], [ -1.0751, 52.66961 ], [ -1.08043, 52.66622 ] ] ] } },
{ "type": "Feature", "properties": { "small_area": "E01027154" }, "geometry": { "type": "Polygon", "coordinates": [ [ [ -0.90209, 52.2434 ], [ -0.90799, 52.2453 ], [ -0.90785, 52.24923 ], [ -0.90064, 52.24818 ], [ -0.90209, 52.2434 ] ] ] } },
{ "type": "Feature", "properties": { "small_area": "E01027155" }, "geometry": { "type": "Polygon", "coordinates": [ [ [ -0.89231, 52.24079 ], [ -0.89428, 52.23813 ], [ -0.89472, 52.2457 ], [ -0.89012, 52.2464 ], [ -0.89231, 52.24079 ] ] ] } },
{ "type": "Feature", "properties": { "small_area": "E01013737" }, "geometry": { "type": "Polygon", "coordinates": [ [ [ -1.09156, 52.66744 ], [ -1.09399, 52.66365 ], [ -1.09804, 52.66479 ], [ -1.09784, 52.67007 ], [ -1.09156, 52.66744 ] ] ] } },
{ "type": "Feature", "properties": { "small_area": "E01013803" }, "geometry": { "type": "Polygon", "coordinates": [ [ [ -0.75972, 52.65768 ], [ -0.74959, 52.66443 ], [ -0.73357, 52.6688 ], [ -0.72162, 52.65897 ], [ -0.73078, 52.6501 ], [ -0.75278, 52.66107 ], [ -0.75972, 52.65768 ] ] ] } },
{ "type": "Feature", "properties": { "small_area": "E01032872" }, "geometry": { "type": "Polygon", "coordinates": [ [ [ -1.12827, 52.63419 ], [ -1.12352, 52.63783 ], [ -1.12437, 52.63351 ], [ -1.12827, 52.63419 ] ] ] } },
{ "type": "Feature", "properties": { "small_area": "E01032873" }, "geometry": { "type": "Polygon", "coordinates": [ [ [ -1.12304, 52.63346 ], [ -1.12692, 52.62906 ], [ -1.13347, 52.63275 ], [ -1.12304, 52.63346 ] ] ] } },
{ "type": "Feature", "properties": { "small_area": "E01013519" }, "geometry": { "type": "Polygon", "coordinates": [ [ [ -1.43323, 52.8701 ], [ -1.43255, 52.87529 ], [ -1.42038, 52.8819 ], [ -1.41647, 52.87568 ], [ -1.43323, 52.8701 ] ] ] } },
{ "type": "Feature", "properties": { "small_area": "E01013598" }, "geometry": { "type": "Polygon", "coordinates": [ [ [ -1.38781, 52.91154 ], [ -1.39201, 52.9095 ], [ -1.40401, 52.91339 ], [ -1.3882, 52.91777 ], [ -1.38781, 52.91154 ] ] ] } },
{ "type": "Feature", "properties": { "small_area": "E01013518" }, "geometry": { "type": "Polygon", "coordinates": [ [ [ -1.43877, 52.87828 ], [ -1.44994, 52.87798 ], [ -1.44785, 52.88421 ], [ -1.43877, 52.87828 ] ] ] } },
{ "type": "Feature", "properties": { "small_area": "E01028131" }, "geometry": { "type": "Polygon", "coordinates": [ [ [ -1.26523, 52.92027 ], [ -1.28283, 52.91927 ], [ -1.28369, 52.92264 ], [ -1.27568, 52.92636 ], [ -1.27213, 52.92184 ], [ -1.26523, 52.92027 ] ] ] } },
{ "type": "Feature", "properties": { "small_area": "E01028133" }, "geometry": { "type": "Polygon", "coordinates": [ [ [ -1.27263, 52.92751 ], [ -1.28369, 52.92264 ], [ -1.28573, 52.92553 ], [ -1.2743, 52.9296 ], [ -1.27263, 52.92751 ] ] ] } },
{ "type": "Feature", "properties": { "small_area": "E01028130" }, "geometry": { "type": "Polygon", "coordinates": [ [ [ -1.26782, 52.93598 ], [ -1.2616, 52.93316 ], [ -1.26694, 52.92943 ], [ -1.2743, 52.9296 ], [ -1.26782, 52.93598 ] ] ] } },
{ "type": "Feature", "properties": { "small_area": "E01028135" }, "geometry": { "type": "Polygon", "coordinates": [ [ [ -1.26009, 52.91261 ], [ -1.26905, 52.90977 ], [ -1.26981, 52.90513 ], [ -1.28206, 52.91114 ], [ -1.28283, 52.91927 ], [ -1.26523, 52.92027 ], [ -1.25763, 52.92848 ], [ -1.26009, 52.91261 ] ] ] } },
{ "type": "Feature", "properties": { "small_area": "E01028132" }, "geometry": { "type": "Polygon", "coordinates": [ [ [ -1.27213, 52.92184 ], [ -1.27568, 52.92636 ], [ -1.27263, 52.92751 ], [ -1.26764, 52.92196 ], [ -1.27213, 52.92184 ] ] ] } },
{ "type": "Feature", "properties": { "small_area": "E01026131" }, "geometry": { "type": "Polygon", "coordinates": [ [ [ -0.60306, 53.21519 ], [ -0.60636, 53.21665 ], [ -0.60071, 53.22503 ], [ -0.59238, 53.22219 ], [ -0.60306, 53.21519 ] ] ] } },
{ "type": "Feature", "properties": { "small_area": "E01028134" }, "geometry": { "type": "Polygon", "coordinates": [ [ [ -1.2743, 52.9296 ], [ -1.28243, 52.92843 ], [ -1.27816, 52.93366 ], [ -1.27361, 52.93268 ], [ -1.2743, 52.9296 ] ] ] } },
{ "type": "Feature", "properties": { "small_area": "E01026138" }, "geometry": { "type": "Polygon", "coordinates": [ [ [ -0.56501, 53.18712 ], [ -0.56424, 53.1936 ], [ -0.55229, 53.19582 ], [ -0.55861, 53.18643 ], [ -0.56501, 53.18712 ] ] ] } },
{ "type": "Feature", "properties": { "small_area": "E01026968" }, "geometry": { "type": "Polygon", "coordinates": [ [ [ -0.72026, 52.47223 ], [ -0.72219, 52.47515 ], [ -0.71343, 52.48065 ], [ -0.70999, 52.47766 ], [ -0.72026, 52.47223 ] ] ] } },
{ "type": "Feature", "properties": { "small_area": "E01032988" }, "geometry": { "type": "Polygon", "coordinates": [ [ [ -0.57444, 53.16908 ], [ -0.60797, 53.17447 ], [ -0.60793, 53.1806 ], [ -0.59853, 53.17627 ], [ -0.58768, 53.18256 ], [ -0.58403, 53.18034 ], [ -0.58686, 53.1775 ], [ -0.5751, 53.17284 ], [ -0.57373, 53.17492 ], [ -0.57444, 53.16908 ] ] ] } },
{ "type": "Feature", "properties": { "small_area": "E01032989" }, "geometry": { "type": "Polygon", "coordinates": [ [ [ -0.60378, 53.1803 ], [ -0.60793, 53.1806 ], [ -0.60797, 53.17447 ], [ -0.61449, 53.18048 ], [ -0.604, 53.18487 ], [ -0.60378, 53.1803 ] ] ] } },
{ "type": "Feature", "properties": { "small_area": "E01019531" }, "geometry": { "type": "Polygon", "coordinates": [ [ [ -1.3846, 53.25829 ], [ -1.39692, 53.25689 ], [ -1.3891, 53.26077 ], [ -1.39936, 53.26524 ], [ -1.39803, 53.26908 ], [ -1.38874, 53.27057 ], [ -1.3846, 53.25829 ] ] ] } },
{ "type": "Feature", "properties": { "small_area": "E01026969" }, "geometry": { "type": "Polygon", "coordinates": [ [ [ -0.70969, 52.49409 ], [ -0.70317, 52.49342 ], [ -0.71653, 52.49274 ], [ -0.71565, 52.49885 ], [ -0.71036, 52.50198 ], [ -0.71114, 52.49944 ], [ -0.7044, 52.49761 ], [ -0.70969, 52.49409 ] ] ] } },
{ "type": "Feature", "properties": { "small_area": "E01019551" }, "geometry": { "type": "Polygon", "coordinates": [ [ [ -1.37426, 53.24095 ], [ -1.38035, 53.24378 ], [ -1.37967, 53.24833 ], [ -1.37156, 53.24578 ], [ -1.36697, 53.25083 ], [ -1.36043, 53.2504 ], [ -1.35832, 53.24514 ], [ -1.37426, 53.24095 ] ] ] } },
{ "type": "Feature", "properties": { "small_area": "E01019550" }, "geometry": { "type": "Polygon", "coordinates": [ [ [ -1.36932, 53.25545 ], [ -1.36464, 53.25416 ], [ -1.37156, 53.24578 ], [ -1.37528, 53.24819 ], [ -1.36932, 53.25545 ] ] ] } },
{ "type": "Feature", "properties": { "small_area": "E01019553" }, "geometry": { "type": "Polygon", "coordinates": [ [ [ -1.37902, 53.26354 ], [ -1.38694, 53.26153 ], [ -1.38821, 53.26693 ], [ -1.37615, 53.26569 ], [ -1.37515, 53.26041 ], [ -1.37902, 53.26354 ] ] ] } },
{ "type": "Feature", "properties": { "small_area": "E01019552" }, "geometry": { "type": "Polygon", "coordinates": [ [ [ -1.36932, 53.25545 ], [ -1.37528, 53.24819 ], [ -1.37967, 53.24833 ], [ -1.38694, 53.26153 ], [ -1.37902, 53.26354 ], [ -1.36932, 53.25545 ] ] ] } },
{ "type": "Feature", "properties": { "small_area": "E01027326" }, "geometry": { "type": "Polygon", "coordinates": [ [ [ -0.64823, 52.34052 ], [ -0.6581, 52.33869 ], [ -0.65511, 52.32868 ], [ -0.63781, 52.3232 ], [ -0.63948, 52.31376 ], [ -0.66958, 52.30534 ], [ -0.67396, 52.30688 ], [ -0.66919, 52.31755 ], [ -0.67502, 52.31975 ], [ -0.68137, 52.32846 ], [ -0.67997, 52.33701 ], [ -0.68627, 52.34054 ], [ -0.68276, 52.34956 ], [ -0.65505, 52.348 ], [ -0.64823, 52.34052 ] ] ] } },
{ "type": "Feature", "properties": { "small_area": "E01027327" }, "geometry": { "type": "Polygon", "coordinates": [ [ [ -0.63484, 52.33299 ], [ -0.63781, 52.3232 ], [ -0.65511, 52.32868 ], [ -0.6581, 52.33869 ], [ -0.64823, 52.34052 ], [ -0.64335, 52.3367 ], [ -0.64002, 52.34028 ], [ -0.65352, 52.34822 ], [ -0.63238, 52.36156 ], [ -0.62271, 52.35336 ], [ -0.62705, 52.34426 ], [ -0.62414, 52.34259 ], [ -0.63484, 52.33299 ] ] ] } },
{ "type": "Feature", "properties": { "small_area": "E01027324" }, "geometry": { "type": "Polygon", "coordinates": [ [ [ -0.73016, 52.24999 ], [ -0.75233, 52.26127 ], [ -0.74658, 52.26509 ], [ -0.72952, 52.26731 ], [ -0.72196, 52.25982 ], [ -0.72272, 52.25349 ], [ -0.73016, 52.24999 ] ] ] } },
{ "type": "Feature", "properties": { "small_area": "E01028249" }, "geometry": { "type": "Polygon", "coordinates": [ [ [ -1.21347, 53.13611 ], [ -1.22464, 53.14244 ], [ -1.2203, 53.14391 ], [ -1.21844, 53.14107 ], [ -1.21058, 53.14052 ], [ -1.21347, 53.13611 ] ] ] } },
{ "type": "Feature", "properties": { "small_area": "E01028248" }, "geometry": { "type": "Polygon", "coordinates": [ [ [ -1.21844, 53.14107 ], [ -1.2203, 53.14391 ], [ -1.20653, 53.1477 ], [ -1.20987, 53.14081 ], [ -1.21844, 53.14107 ] ] ] } },
{ "type": "Feature", "properties": { "small_area": "E01025891" }, "geometry": { "type": "Polygon", "coordinates": [ [ [ -0.96105, 52.83617 ], [ -0.96086, 52.84334 ], [ -0.95278, 52.85039 ], [ -0.94118, 52.85394 ], [ -0.94083, 52.86154 ], [ -0.92813, 52.86606 ], [ -0.94026, 52.87564 ], [ -0.91693, 52.87891 ], [ -0.90784, 52.88406 ], [ -0.89972, 52.87446 ], [ -0.89178, 52.87553 ], [ -0.89029, 52.87294 ], [ -0.90539, 52.87098 ], [ -0.9112, 52.86455 ], [ -0.9114, 52.85935 ], [ -0.90419, 52.85808 ], [ -0.90703, 52.85705 ], [ -0.90104, 52.85138 ], [ -0.90536, 52.83857 ], [ -0.9002, 52.83081 ], [ -0.92085, 52.82457 ], [ -0.9257, 52.83226 ], [ -0.92167, 52.83574 ], [ -0.92517, 52.83703 ], [ -0.93005, 52.83321 ], [ -0.9333, 52.83547 ], [ -0.95269, 52.83311 ], [ -0.96105, 52.83617 ] ] ] } },
{ "type": "Feature", "properties": { "small_area": "E01025816" }, "geometry": { "type": "Polygon", "coordinates": [ [ [ -1.19326, 52.48573 ], [ -1.20538, 52.47846 ], [ -1.20698, 52.4667 ], [ -1.22652, 52.45605 ], [ -1.25784, 52.45388 ], [ -1.30596, 52.49338 ], [ -1.27958, 52.5143 ], [ -1.27303, 52.51214 ], [ -1.27395, 52.50623 ], [ -1.26776, 52.49922 ], [ -1.24514, 52.49899 ], [ -1.23595, 52.47711 ], [ -1.21339, 52.48602 ], [ -1.19393, 52.48978 ], [ -1.19326, 52.48573 ] ] ] } },
{ "type": "Feature", "properties": { "small_area": "E01026331" }, "geometry": { "type": "Polygon", "coordinates": [ [ [ -0.59039, 52.84289 ], [ -0.57973, 52.8381 ], [ -0.58236, 52.83353 ], [ -0.57698, 52.8319 ], [ -0.58953, 52.82817 ], [ -0.59039, 52.82425 ], [ -0.58577, 52.81788 ], [ -0.58731, 52.80814 ], [ -0.57639, 52.80434 ], [ -0.58238, 52.80244 ], [ -0.58274, 52.79701 ], [ -0.56715, 52.79061 ], [ -0.59992, 52.78427 ], [ -0.62889, 52.78999 ], [ -0.63834, 52.78485 ], [ -0.64153, 52.77736 ], [ -0.64629, 52.77671 ], [ -0.6458, 52.77257 ], [ -0.67277, 52.77142 ], [ -0.67697, 52.78567 ], [ -0.67412, 52.78775 ], [ -0.68324, 52.79515 ], [ -0.68205, 52.81178 ], [ -0.70584, 52.83803 ], [ -0.67899, 52.84607 ], [ -0.67756, 52.8543 ], [ -0.59237, 52.84962 ], [ -0.59039, 52.84289 ] ] ] } },
{ "type": "Feature", "properties": { "small_area": "E01026392" }, "geometry": { "type": "Polygon", "coordinates": [ [ [ -0.32951, 53.40098 ], [ -0.3095, 53.38848 ], [ -0.32236, 53.38766 ], [ -0.34385, 53.39219 ], [ -0.34939, 53.37168 ], [ -0.39663, 53.36482 ], [ -0.40322, 53.3726 ], [ -0.40597, 53.38663 ], [ -0.45417, 53.38446 ], [ -0.45835, 53.3931 ], [ -0.4548, 53.40063 ], [ -0.45009, 53.40198 ], [ -0.4483, 53.41367 ], [ -0.46247, 53.4252 ], [ -0.46372, 53.43271 ], [ -0.45879, 53.43822 ], [ -0.46829, 53.44578 ], [ -0.46509, 53.45389 ], [ -0.44871, 53.45415 ], [ -0.4022, 53.46643 ], [ -0.38617, 53.45105 ], [ -0.36921, 53.45622 ], [ -0.35751, 53.45464 ], [ -0.35873, 53.44421 ], [ -0.35017, 53.44509 ], [ -0.33897, 53.42778 ], [ -0.32951, 53.40098 ] ] ] } },
{ "type": "Feature", "properties": { "small_area": "E01027174" }, "geometry": { "type": "Polygon", "coordinates": [ [ [ -0.81113, 52.26152 ], [ -0.80972, 52.26834 ], [ -0.80556, 52.27047 ], [ -0.80268, 52.26297 ], [ -0.81113, 52.26152 ] ] ] } },
{ "type": "Feature", "properties": { "small_area": "E01028378" }, "geometry": { "type": "Polygon", "coordinates": [ [ [ -1.17682, 52.88901 ], [ -1.18221, 52.87971 ], [ -1.1773, 52.86987 ], [ -1.16903, 52.86962 ], [ -1.16323, 52.86488 ], [ -1.16715, 52.85978 ], [ -1.17961, 52.85952 ], [ -1.1793, 52.85099 ], [ -1.18862, 52.84428 ], [ -1.20353, 52.85194 ], [ -1.23286, 52.85775 ], [ -1.23391, 52.86573 ], [ -1.24447, 52.87136 ], [ -1.27024, 52.8716 ], [ -1.25362, 52.87927 ], [ -1.24006, 52.88009 ], [ -1.23899, 52.88351 ], [ -1.24641, 52.88896 ], [ -1.2205, 52.89554 ], [ -1.22017, 52.90234 ], [ -1.21392, 52.90439 ], [ -1.21658, 52.90015 ], [ -1.21131, 52.90259 ], [ -1.17682, 52.88901 ] ] ] } },
{ "type": "Feature", "properties": { "small_area": "E01026379" }, "geometry": { "type": "Polygon", "coordinates": [ [ [ -0.76697, 53.41198 ], [ -0.77049, 53.40827 ], [ -0.76744, 53.40689 ], [ -0.77247, 53.40556 ], [ -0.77076, 53.40213 ], [ -0.78066, 53.40339 ], [ -0.77852, 53.41316 ], [ -0.76697, 53.41198 ] ] ] } },
{ "type": "Feature", "properties": { "small_area": "E01028379" }, "geometry": { "type": "Polygon", "coordinates": [ [ [ -1.07921, 52.87751 ], [ -1.10057, 52.8794 ], [ -1.09467, 52.88029 ], [ -1.08917, 52.88696 ], [ -1.06156, 52.8791 ], [ -1.07183, 52.87218 ], [ -1.07921, 52.87751 ] ] ] } },
{ "type": "Feature", "properties": { "small_area": "E01027131" }, "geometry": { "type": "Polygon", "coordinates": [ [ [ -0.7026, 52.37301 ], [ -0.71959, 52.37299 ], [ -0.73257, 52.38347 ], [ -0.72964, 52.3859 ], [ -0.72444, 52.38215 ], [ -0.72206, 52.38809 ], [ -0.71904, 52.37776 ], [ -0.71446, 52.37854 ], [ -0.71584, 52.38347 ], [ -0.70522, 52.38084 ], [ -0.7026, 52.37301 ] ] ] } },
{ "type": "Feature", "properties": { "small_area": "E01027130" }, "geometry": { "type": "Polygon", "coordinates": [ [ [ -0.70522, 52.38084 ], [ -0.71584, 52.38347 ], [ -0.71446, 52.37854 ], [ -0.71904, 52.37776 ], [ -0.72206, 52.38809 ], [ -0.70241, 52.38499 ], [ -0.70522, 52.38084 ] ] ] } },
{ "type": "Feature", "properties": { "small_area": "E01026191" }, "geometry": { "type": "Polygon", "coordinates": [ [ [ -0.33733, 53.20316 ], [ -0.32897, 53.19977 ], [ -0.39952, 53.1775 ], [ -0.46724, 53.1683 ], [ -0.46851, 53.17769 ], [ -0.4551, 53.18304 ], [ -0.46594, 53.19066 ], [ -0.46786, 53.19841 ], [ -0.46386, 53.19796 ], [ -0.46422, 53.19357 ], [ -0.44092, 53.19831 ], [ -0.35827, 53.22817 ], [ -0.35132, 53.2273 ], [ -0.34674, 53.21463 ], [ -0.34165, 53.21189 ], [ -0.33733, 53.20316 ] ] ] } },
{ "type": "Feature", "properties": { "small_area": "E01026110" }, "geometry": { "type": "Polygon", "coordinates": [ [ [ 0.22983, 53.10356 ], [ 0.24509, 53.105 ], [ 0.23646, 53.0942 ], [ 0.22521, 53.09462 ], [ 0.22199, 53.10004 ], [ 0.21839, 53.0986 ], [ 0.22321, 53.08975 ], [ 0.21171, 53.09024 ], [ 0.19633, 53.09659 ], [ 0.16279, 53.09512 ], [ 0.13294, 53.09841 ], [ 0.13003, 53.10257 ], [ 0.14025, 53.11667 ], [ 0.20171, 53.12065 ], [ 0.23991, 53.11585 ], [ 0.23803, 53.1093 ], [ 0.22983, 53.10356 ] ] ] } },
{ "type": "Feature", "properties": { "small_area": "E01028116" }, "geometry": { "type": "Polygon", "coordinates": [ [ [ -1.27706, 53.00596 ], [ -1.27335, 53.00248 ], [ -1.27964, 52.99999 ], [ -1.29268, 53.00254 ], [ -1.28186, 53.00473 ], [ -1.28475, 53.01401 ], [ -1.28054, 53.01093 ], [ -1.27058, 53.01197 ], [ -1.27706, 53.00596 ] ] ] } },
{ "type": "Feature", "properties": { "small_area": "E01028197" }, "geometry": { "type": "Polygon", "coordinates": [ [ [ -1.10901, 52.97591 ], [ -1.11239, 52.9769 ], [ -1.11026, 52.98276 ], [ -1.1041, 52.98116 ], [ -1.10901, 52.97591 ] ] ] } },
{ "type": "Feature", "properties": { "small_area": "E01026192" }, "geometry": { "type": "Polygon", "coordinates": [ [ [ -0.61102, 53.08139 ], [ -0.63295, 53.07131 ], [ -0.63351, 53.05808 ], [ -0.63823, 53.05588 ], [ -0.68989, 53.05974 ], [ -0.6952, 53.05913 ], [ -0.69829, 53.05329 ], [ -0.70593, 53.05198 ], [ -0.71621, 53.05904 ], [ -0.71347, 53.06603 ], [ -0.70154, 53.06364 ], [ -0.6953, 53.06702 ], [ -0.69881, 53.06773 ], [ -0.69849, 53.07545 ], [ -0.71036, 53.07936 ], [ -0.70615, 53.08336 ], [ -0.72959, 53.0978 ], [ -0.72125, 53.10425 ], [ -0.71689, 53.11942 ], [ -0.6956, 53.11928 ], [ -0.69401, 53.11663 ], [ -0.68669, 53.11964 ], [ -0.6673, 53.11812 ], [ -0.67725, 53.10553 ], [ -0.60598, 53.08802 ], [ -0.61102, 53.08139 ] ] ] } },
{ "type": "Feature", "properties": { "small_area": "E01026113" }, "geometry": { "type": "Polygon", "coordinates": [ [ [ 0.28215, 53.24929 ], [ 0.29367, 53.25353 ], [ 0.30242, 53.24832 ], [ 0.30307, 53.24081 ], [ 0.30918, 53.2376 ], [ 0.30132, 53.23944 ], [ 0.2941, 53.23517 ], [ 0.28849, 53.23583 ], [ 0.28783, 53.2397 ], [ 0.28379, 53.23785 ], [ 0.28901, 53.23356 ], [ 0.28423, 53.22999 ], [ 0.2892, 53.22907 ], [ 0.28856, 53.2253 ], [ 0.29088, 53.2276 ], [ 0.29166, 53.22079 ], [ 0.27451, 53.22602 ], [ 0.26647, 53.22454 ], [ 0.27433, 53.22313 ], [ 0.26591, 53.22362 ], [ 0.25897, 53.22002 ], [ 0.2831, 53.21357 ], [ 0.2701, 53.20233 ], [ 0.26616, 53.20262 ], [ 0.27035, 53.2006 ], [ 0.25964, 53.1861 ], [ 0.26223, 53.18334 ], [ 0.27056, 53.18679 ], [ 0.27213, 53.18387 ], [ 0.27978, 53.18626 ], [ 0.28018, 53.19031 ], [ 0.28473, 53.18776 ], [ 0.29712, 53.19146 ], [ 0.30112, 53.18476 ], [ 0.2927, 53.18148 ], [ 0.29427, 53.17872 ], [ 0.2655, 53.17332 ], [ 0.20816, 53.17918 ], [ 0.22198, 53.16911 ], [ 0.21777, 53.163 ], [ 0.20963, 53.16764 ], [ 0.18524, 53.16421 ], [ 0.18613, 53.1666 ], [ 0.16295, 53.1751 ], [ 0.16962, 53.18357 ], [ 0.16811, 53.19533 ], [ 0.17294, 53.19676 ], [ 0.16063, 53.20324 ], [ 0.17204, 53.20774 ], [ 0.1725, 53.21314 ], [ 0.16045, 53.21031 ], [ 0.15768, 53.21503 ], [ 0.1527, 53.21531 ], [ 0.14884, 53.22401 ], [ 0.15688, 53.22359 ], [ 0.16058, 53.22746 ], [ 0.15528, 53.23468 ], [ 0.14809, 53.2334 ], [ 0.14446, 53.24139 ], [ 0.13476, 53.24828 ], [ 0.16036, 53.25691 ], [ 0.16646, 53.25031 ], [ 0.17488, 53.24827 ], [ 0.19181, 53.25108 ], [ 0.1931, 53.24402 ], [ 0.20364, 53.23761 ], [ 0.21287, 53.24161 ], [ 0.22021, 53.23601 ], [ 0.23587, 53.24085 ], [ 0.24211, 53.25335 ], [ 0.26211, 53.2573 ], [ 0.28215, 53.24929 ] ] ] } },
{ "type": "Feature", "properties": { "small_area": "E01026193" }, "geometry": { "type": "Polygon", "coordinates": [ [ [ -0.6791, 53.15304 ], [ -0.68211, 53.14607 ], [ -0.70297, 53.13713 ], [ -0.64413, 53.13024 ], [ -0.65246, 53.12146 ], [ -0.60144, 53.09592 ], [ -0.6017, 53.09045 ], [ -0.60598, 53.08802 ], [ -0.67725, 53.10553 ], [ -0.6673, 53.11812 ], [ -0.68669, 53.11964 ], [ -0.69401, 53.11663 ], [ -0.6956, 53.11928 ], [ -0.71689, 53.11942 ], [ -0.7311, 53.12398 ], [ -0.73241, 53.12778 ], [ -0.71538, 53.13686 ], [ -0.72323, 53.15508 ], [ -0.71603, 53.17039 ], [ -0.70544, 53.16801 ], [ -0.68967, 53.17315 ], [ -0.68502, 53.17037 ], [ -0.68665, 53.17439 ], [ -0.68117, 53.17466 ], [ -0.67828, 53.16432 ], [ -0.66996, 53.1573 ], [ -0.6791, 53.15304 ] ] ] } },
{ "type": "Feature", "properties": { "small_area": "E01026112" }, "geometry": { "type": "Polygon", "coordinates": [ [ [ 0.3354, 53.09501 ], [ 0.32687, 53.08949 ], [ 0.3272, 53.09199 ], [ 0.31742, 53.09272 ], [ 0.2989, 53.08799 ], [ 0.26098, 53.06388 ], [ 0.21054, 53.08681 ], [ 0.21171, 53.09024 ], [ 0.22321, 53.08975 ], [ 0.21839, 53.0986 ], [ 0.22199, 53.10004 ], [ 0.22521, 53.09462 ], [ 0.23646, 53.0942 ], [ 0.24509, 53.105 ], [ 0.22983, 53.10356 ], [ 0.23803, 53.1093 ], [ 0.24965, 53.10477 ], [ 0.27212, 53.10968 ], [ 0.27066, 53.11198 ], [ 0.27672, 53.11492 ], [ 0.30375, 53.1114 ], [ 0.31998, 53.09825 ], [ 0.3354, 53.09501 ] ] ] } },
{ "type": "Feature", "properties": { "small_area": "E01028117" }, "geometry": { "type": "Polygon", "coordinates": [ [ [ -1.29268, 53.00254 ], [ -1.30039, 53.00391 ], [ -1.29502, 53.00843 ], [ -1.28186, 53.00473 ], [ -1.29268, 53.00254 ] ] ] } },
{ "type": "Feature", "properties": { "small_area": "E01028196" }, "geometry": { "type": "Polygon", "coordinates": [ [ [ -1.11239, 52.9769 ], [ -1.11539, 52.97538 ], [ -1.11368, 52.97783 ], [ -1.12074, 52.97996 ], [ -1.11569, 52.98384 ], [ -1.11026, 52.98276 ], [ -1.11239, 52.9769 ] ] ] } },
{ "type": "Feature", "properties": { "small_area": "E01019667" }, "geometry": { "type": "Polygon", "coordinates": [ [ [ -1.32645, 52.95605 ], [ -1.32576, 52.94935 ], [ -1.33171, 52.94913 ], [ -1.3376, 52.95536 ], [ -1.31907, 52.95864 ], [ -1.32645, 52.95605 ] ] ] } },
{ "type": "Feature", "properties": { "small_area": "E01013580" }, "geometry": { "type": "Polygon", "coordinates": [ [ [ -1.42397, 52.93563 ], [ -1.43108, 52.94085 ], [ -1.42517, 52.94252 ], [ -1.42231, 52.9393 ], [ -1.42397, 52.93563 ] ] ] } },
{ "type": "Feature", "properties": { "small_area": "E01027107" }, "geometry": { "type": "Polygon", "coordinates": [ [ [ -0.81668, 52.43753 ], [ -0.82243, 52.43952 ], [ -0.80528, 52.44617 ], [ -0.80578, 52.44341 ], [ -0.81668, 52.43753 ] ] ] } },
{ "type": "Feature", "properties": { "small_area": "E01028272" }, "geometry": { "type": "Polygon", "coordinates": [ [ [ -1.18486, 53.16319 ], [ -1.18943, 53.15854 ], [ -1.19328, 53.15966 ], [ -1.19454, 53.16569 ], [ -1.18739, 53.16911 ], [ -1.18486, 53.16319 ] ] ] } },
{ "type": "Feature", "properties": { "small_area": "E01026389" }, "geometry": { "type": "Polygon", "coordinates": [ [ [ -0.32775, 53.38494 ], [ -0.32447, 53.38195 ], [ -0.33067, 53.38166 ], [ -0.33311, 53.38555 ], [ -0.33761, 53.38292 ], [ -0.33654, 53.38832 ], [ -0.34258, 53.38805 ], [ -0.34189, 53.39129 ], [ -0.33826, 53.38914 ], [ -0.3354, 53.39205 ], [ -0.32236, 53.38766 ], [ -0.32775, 53.38494 ] ] ] } },
{ "type": "Feature", "properties": { "small_area": "E01026308" }, "geometry": { "type": "Polygon", "coordinates": [ [ [ -0.66295, 52.90708 ], [ -0.66231, 52.90267 ], [ -0.65476, 52.9023 ], [ -0.66972, 52.89609 ], [ -0.67692, 52.90034 ], [ -0.67622, 52.90975 ], [ -0.67392, 52.90732 ], [ -0.66901, 52.90944 ], [ -0.66295, 52.90708 ] ] ] } },
{ "type": "Feature", "properties": { "small_area": "E01028380" }, "geometry": { "type": "Polygon", "coordinates": [ [ [ -1.09133, 52.87178 ], [ -1.09602, 52.87142 ], [ -1.10554, 52.87662 ], [ -1.09282, 52.87718 ], [ -1.09133, 52.87178 ] ] ] } },
{ "type": "Feature", "properties": { "small_area": "E01026036" }, "geometry": { "type": "Polygon", "coordinates": [ [ [ -0.02423, 52.97724 ], [ -0.02833, 52.98071 ], [ -0.02448, 52.9863 ], [ -0.02536, 52.99216 ], [ -0.02096, 52.99244 ], [ -0.01807, 52.98188 ], [ -0.02423, 52.97724 ] ] ] } },
{ "type": "Feature", "properties": { "small_area": "E01033170" }, "geometry": { "type": "Polygon", "coordinates": [ [ [ -1.43738, 52.86673 ], [ -1.44573, 52.86504 ], [ -1.44698, 52.8717 ], [ -1.43738, 52.86673 ] ] ] } },
{ "type": "Feature", "properties": { "small_area": "E01027352" }, "geometry": { "type": "Polygon", "coordinates": [ [ [ -0.68609, 52.30875 ], [ -0.6945, 52.3042 ], [ -0.69727, 52.3069 ], [ -0.68609, 52.30875 ] ] ] } },
{ "type": "Feature", "properties": { "small_area": "E01019616" }, "geometry": { "type": "Polygon", "coordinates": [ [ [ -1.58576, 53.06659 ], [ -1.57542, 53.0648 ], [ -1.57863, 53.05789 ], [ -1.58795, 53.05847 ], [ -1.59372, 53.05018 ], [ -1.58096, 53.0423 ], [ -1.59851, 53.03044 ], [ -1.58531, 53.02325 ], [ -1.58701, 53.02109 ], [ -1.56614, 53.02219 ], [ -1.57592, 53.01645 ], [ -1.56693, 53.0129 ], [ -1.57876, 53.01467 ], [ -1.57676, 53.00207 ], [ -1.5993, 52.99839 ], [ -1.60217, 52.98575 ], [ -1.6107, 52.98723 ], [ -1.61407, 52.99442 ], [ -1.62425, 52.99603 ], [ -1.64684, 53.00881 ], [ -1.64638, 53.02325 ], [ -1.62807, 53.0365 ], [ -1.6416, 53.04716 ], [ -1.6294, 53.05392 ], [ -1.62537, 53.06586 ], [ -1.60948, 53.07524 ], [ -1.60176, 53.07383 ], [ -1.59746, 53.07651 ], [ -1.58536, 53.07178 ], [ -1.58576, 53.06659 ] ] ] } },
{ "type": "Feature", "properties": { "small_area": "E01027006" }, "geometry": { "type": "Polygon", "coordinates": [ [ [ -1.06159, 52.35858 ], [ -1.07274, 52.35313 ], [ -1.07977, 52.35515 ], [ -1.09006, 52.35317 ], [ -1.10682, 52.34081 ], [ -1.11195, 52.33169 ], [ -1.14182, 52.32478 ], [ -1.17482, 52.36435 ], [ -1.15601, 52.36973 ], [ -1.11626, 52.35853 ], [ -1.09421, 52.37589 ], [ -1.06127, 52.37195 ], [ -1.0485, 52.36039 ], [ -1.06159, 52.35858 ] ] ] } },
{ "type": "Feature", "properties": { "small_area": "E01027087" }, "geometry": { "type": "Polygon", "coordinates": [ [ [ -0.72614, 52.41463 ], [ -0.72998, 52.41657 ], [ -0.72227, 52.41732 ], [ -0.72711, 52.41934 ], [ -0.72427, 52.42006 ], [ -0.71936, 52.41644 ], [ -0.72614, 52.41463 ] ] ] } },
{ "type": "Feature", "properties": { "small_area": "E01019648" }, "geometry": { "type": "Polygon", "coordinates": [ [ [ -1.28048, 52.90893 ], [ -1.28517, 52.90773 ], [ -1.29116, 52.91252 ], [ -1.28478, 52.91787 ], [ -1.28048, 52.90893 ] ] ] } },
{ "type": "Feature", "properties": { "small_area": "E01019641" }, "geometry": { "type": "Polygon", "coordinates": [ [ [ -1.29949, 52.89615 ], [ -1.31106, 52.89433 ], [ -1.30864, 52.89803 ], [ -1.31228, 52.90137 ], [ -1.30844, 52.9014 ], [ -1.3092, 52.90821 ], [ -1.31437, 52.91326 ], [ -1.30054, 52.91404 ], [ -1.29949, 52.89615 ] ] ] } },
{ "type": "Feature", "properties": { "small_area": "E01027007" }, "geometry": { "type": "Polygon", "coordinates": [ [ [ -1.16753, 52.25236 ], [ -1.17494, 52.24672 ], [ -1.19498, 52.24596 ], [ -1.19089, 52.25639 ], [ -1.18363, 52.25313 ], [ -1.16753, 52.25236 ] ] ] } },
{ "type": "Feature", "properties": { "small_area": "E01027086" }, "geometry": { "type": "Polygon", "coordinates": [ [ [ -0.67992, 52.37838 ], [ -0.69055, 52.37416 ], [ -0.69116, 52.37982 ], [ -0.6871, 52.38233 ], [ -0.67992, 52.37838 ] ] ] } },
{ "type": "Feature", "properties": { "small_area": "E01019649" }, "geometry": { "type": "Polygon", "coordinates": [ [ [ -1.2814, 52.90872 ], [ -1.27735, 52.90077 ], [ -1.28157, 52.90181 ], [ -1.28517, 52.90773 ], [ -1.2814, 52.90872 ] ] ] } },
{ "type": "Feature", "properties": { "small_area": "E01013790" }, "geometry": { "type": "Polygon", "coordinates": [ [ [ -0.54244, 52.72326 ], [ -0.51265, 52.71966 ], [ -0.50573, 52.71359 ], [ -0.51034, 52.71196 ], [ -0.50576, 52.70058 ], [ -0.524, 52.69985 ], [ -0.53491, 52.69496 ], [ -0.55193, 52.69981 ], [ -0.55907, 52.69884 ], [ -0.56059, 52.70714 ], [ -0.63181, 52.70966 ], [ -0.6349, 52.71944 ], [ -0.64102, 52.72062 ], [ -0.64203, 52.73061 ], [ -0.64682, 52.73031 ], [ -0.64833, 52.73614 ], [ -0.65675, 52.73597 ], [ -0.65223, 52.74637 ], [ -0.65534, 52.74923 ], [ -0.67729, 52.7513 ], [ -0.67133, 52.75639 ], [ -0.6086, 52.75969 ], [ -0.60545, 52.75047 ], [ -0.58958, 52.75375 ], [ -0.57265, 52.75309 ], [ -0.57146, 52.74785 ], [ -0.53998, 52.73838 ], [ -0.54244, 52.72326 ] ] ] } },
{ "type": "Feature", "properties": { "small_area": "E01013711" }, "geometry": { "type": "Polygon", "coordinates": [ [ [ -1.11472, 52.61604 ], [ -1.10157, 52.6157 ], [ -1.11054, 52.61193 ], [ -1.11472, 52.61604 ] ] ] } },
{ "type": "Feature", "properties": { "small_area": "E01026095" }, "geometry": { "type": "Polygon", "coordinates": [ [ [ 0.34088, 53.13947 ], [ 0.34959, 53.13739 ], [ 0.34732, 53.12953 ], [ 0.33771, 53.13448 ], [ 0.34088, 53.13947 ] ] ] } },
{ "type": "Feature", "properties": { "small_area": "E01026096" }, "geometry": { "type": "Polygon", "coordinates": [ [ [ 0.34732, 53.12953 ], [ 0.34244, 53.12145 ], [ 0.32424, 53.12627 ], [ 0.31287, 53.13278 ], [ 0.33176, 53.13579 ], [ 0.33649, 53.13239 ], [ 0.33771, 53.13448 ], [ 0.34732, 53.12953 ] ] ] } },
{ "type": "Feature", "properties": { "small_area": "E01026017" }, "geometry": { "type": "MultiPolygon", "coordinates": [ [ [ [ -0.06896, 52.86415 ], [ -0.03699, 52.87239 ], [ -0.03497, 52.87038 ], [ -0.05925, 52.86365 ], [ -0.06896, 52.86415 ] ] ], [ [ [ -0.06764, 52.91021 ], [ -0.05521, 52.91335 ], [ -0.04985, 52.91178 ], [ -0.05075, 52.909 ], [ -0.03575, 52.90681 ], [ -0.0377, 52.90294 ], [ -0.02839, 52.90192 ], [ -0.01476, 52.89349 ], [ -0.00488, 52.8958 ], [ 0.00928, 52.89424 ], [ -0.02867, 52.87591 ], [ -0.0699, 52.86437 ], [ -0.08049, 52.86694 ], [ -0.0848, 52.86452 ], [ -0.09994, 52.87058 ], [ -0.10363, 52.87687 ], [ -0.11964, 52.88255 ], [ -0.10992, 52.89127 ], [ -0.11471, 52.8994 ], [ -0.10928, 52.90773 ], [ -0.10014, 52.90539 ], [ -0.10374, 52.90064 ], [ -0.09842, 52.89183 ], [ -0.08854, 52.89871 ], [ -0.09037, 52.90196 ], [ -0.08504, 52.90304 ], [ -0.08639, 52.91293 ], [ -0.07641, 52.91235 ], [ -0.08075, 52.91547 ], [ -0.06764, 52.91021 ] ] ] ] } },
{ "type": "Feature", "properties": { "small_area": "E01026016" }, "geometry": { "type": "Polygon", "coordinates": [ [ [ -0.15735, 52.92968 ], [ -0.1495, 52.92275 ], [ -0.13958, 52.92261 ], [ -0.13433, 52.92627 ], [ -0.1157, 52.92362 ], [ -0.10527, 52.92557 ], [ -0.10663, 52.92734 ], [ -0.08809, 52.92457 ], [ -0.06785, 52.91494 ], [ -0.04931, 52.91803 ], [ -0.04985, 52.91178 ], [ -0.05521, 52.91335 ], [ -0.06764, 52.91021 ], [ -0.08075, 52.91547 ], [ -0.07641, 52.91235 ], [ -0.08639, 52.91293 ], [ -0.08504, 52.90304 ], [ -0.09037, 52.90196 ], [ -0.08854, 52.89871 ], [ -0.09842, 52.89183 ], [ -0.10374, 52.90064 ], [ -0.10014, 52.90539 ], [ -0.10928, 52.90773 ], [ -0.11471, 52.8994 ], [ -0.10992, 52.89127 ], [ -0.12598, 52.87965 ], [ -0.14515, 52.88688 ], [ -0.14475, 52.89075 ], [ -0.15164, 52.89422 ], [ -0.14894, 52.89793 ], [ -0.15698, 52.91218 ], [ -0.16738, 52.9123 ], [ -0.17788, 52.91901 ], [ -0.18165, 52.91489 ], [ -0.19209, 52.91462 ], [ -0.20973, 52.92275 ], [ -0.24671, 52.92881 ], [ -0.22401, 52.95605 ], [ -0.21491, 52.95396 ], [ -0.20164, 52.94214 ], [ -0.17671, 52.93683 ], [ -0.16849, 52.9304 ], [ -0.15505, 52.93237 ], [ -0.15735, 52.92968 ] ] ] } },
{ "type": "Feature", "properties": { "small_area": "E01026097" }, "geometry": { "type": "Polygon", "coordinates": [ [ [ 0.33649, 53.13239 ], [ 0.33176, 53.13579 ], [ 0.31241, 53.13305 ], [ 0.33334, 53.14266 ], [ 0.34143, 53.14237 ], [ 0.33649, 53.13239 ] ] ] } },
{ "type": "Feature", "properties": { "small_area": "E01026014" }, "geometry": { "type": "MultiPolygon", "coordinates": [ [ [ [ 0.05645, 52.9301 ], [ 0.07652, 52.93144 ], [ 0.06603, 52.92932 ], [ 0.06674, 52.92592 ], [ 0.05189, 52.91886 ], [ 0.03722, 52.93432 ], [ 0.05645, 52.9301 ] ] ], [ [ [ 0.02723, 52.9698 ], [ 0.03692, 52.96999 ], [ 0.0336, 52.96005 ], [ 0.0408, 52.96023 ], [ 0.044, 52.95742 ], [ 0.0391, 52.95475 ], [ 0.04938, 52.9513 ], [ 0.04067, 52.94896 ], [ 0.0442, 52.94518 ], [ 0.05744, 52.94447 ], [ 0.0634, 52.93702 ], [ 0.0741, 52.93247 ], [ 0.05137, 52.93145 ], [ 0.02537, 52.93948 ], [ -0.00496, 52.9639 ], [ 0.00022, 52.96954 ], [ 0.01463, 52.97016 ], [ 0.01707, 52.97405 ], [ 0.01323, 52.9769 ], [ 0.02371, 52.97622 ], [ 0.02723, 52.9698 ] ] ] ] } },
{ "type": "Feature", "properties": { "small_area": "E01019774" }, "geometry": { "type": "Polygon", "coordinates": [ [ [ -1.42049, 53.17478 ], [ -1.42712, 53.1756 ], [ -1.43286, 53.16937 ], [ -1.42631, 53.17052 ], [ -1.41594, 53.16701 ], [ -1.41539, 53.16341 ], [ -1.42263, 53.16318 ], [ -1.42899, 53.15541 ], [ -1.4375, 53.15455 ], [ -1.44891, 53.15895 ], [ -1.45267, 53.16388 ], [ -1.44389, 53.17419 ], [ -1.44764, 53.18477 ], [ -1.43584, 53.18593 ], [ -1.43136, 53.19164 ], [ -1.41705, 53.18966 ], [ -1.42049, 53.17478 ] ] ] } },
{ "type": "Feature", "properties": { "small_area": "E01025715" }, "geometry": { "type": "Polygon", "coordinates": [ [ [ -1.20359, 52.75471 ], [ -1.2056, 52.76 ], [ -1.19684, 52.76298 ], [ -1.19442, 52.75954 ], [ -1.20359, 52.75471 ] ] ] } },
{ "type": "Feature", "properties": { "small_area": "E01025794" }, "geometry": { "type": "Polygon", "coordinates": [ [ [ -0.91822, 52.4858 ], [ -0.92842, 52.48388 ], [ -0.93617, 52.49244 ], [ -0.94006, 52.50437 ], [ -0.92044, 52.50134 ], [ -0.92302, 52.49512 ], [ -0.91558, 52.49358 ], [ -0.91429, 52.48984 ], [ -0.91822, 52.4858 ] ] ] } },
{ "type": "Feature", "properties": { "small_area": "E01019777" }, "geometry": { "type": "Polygon", "coordinates": [ [ [ -1.40908, 53.1517 ], [ -1.41435, 53.15863 ], [ -1.40331, 53.16016 ], [ -1.40998, 53.16398 ], [ -1.39224, 53.16491 ], [ -1.39328, 53.15821 ], [ -1.39729, 53.15909 ], [ -1.40121, 53.15223 ], [ -1.40908, 53.1517 ] ] ] } },
{ "type": "Feature", "properties": { "small_area": "E01019514" }, "geometry": { "type": "Polygon", "coordinates": [ [ [ -1.33711, 53.10479 ], [ -1.34203, 53.11015 ], [ -1.33721, 53.10886 ], [ -1.33383, 53.11169 ], [ -1.33189, 53.10815 ], [ -1.33711, 53.10479 ] ] ] } },
{ "type": "Feature", "properties": { "small_area": "E01013659" }, "geometry": { "type": "Polygon", "coordinates": [ [ [ -1.10337, 52.63514 ], [ -1.10823, 52.63616 ], [ -1.10511, 52.63952 ], [ -1.10337, 52.63514 ] ] ] } },
{ "type": "Feature", "properties": { "small_area": "E01013658" }, "geometry": { "type": "Polygon", "coordinates": [ [ [ -1.09901, 52.63852 ], [ -1.10202, 52.63734 ], [ -1.10396, 52.64232 ], [ -1.09799, 52.64215 ], [ -1.09901, 52.63852 ] ] ] } },
{ "type": "Feature", "properties": { "small_area": "E01026025" }, "geometry": { "type": "Polygon", "coordinates": [ [ [ -0.02549, 52.97014 ], [ -0.02172, 52.97316 ], [ -0.02423, 52.97724 ], [ -0.01777, 52.9819 ], [ -0.01302, 52.96835 ], [ -0.02265, 52.96649 ], [ -0.02549, 52.97014 ] ] ] } },
{ "type": "Feature", "properties": { "small_area": "E01013522" }, "geometry": { "type": "Polygon", "coordinates": [ [ [ -1.48701, 52.92899 ], [ -1.49106, 52.92529 ], [ -1.50406, 52.92908 ], [ -1.4987, 52.93252 ], [ -1.49391, 52.9276 ], [ -1.48907, 52.93161 ], [ -1.48701, 52.92899 ] ] ] } },
{ "type": "Feature", "properties": { "small_area": "E01027038" }, "geometry": { "type": "Polygon", "coordinates": [ [ [ -0.58041, 52.33057 ], [ -0.58924, 52.32996 ], [ -0.60491, 52.32084 ], [ -0.61155, 52.32676 ], [ -0.60755, 52.33049 ], [ -0.63484, 52.33299 ], [ -0.62414, 52.34259 ], [ -0.60732, 52.34257 ], [ -0.59883, 52.34794 ], [ -0.58205, 52.34063 ], [ -0.58041, 52.33057 ] ] ] } },
{ "type": "Feature", "properties": { "small_area": "E01026177" }, "geometry": { "type": "Polygon", "coordinates": [ [ [ -0.54352, 53.22238 ], [ -0.53553, 53.22268 ], [ -0.53703, 53.21981 ], [ -0.54352, 53.22238 ] ] ] } },
{ "type": "Feature", "properties": { "small_area": "E01032614" }, "geometry": { "type": "Polygon", "coordinates": [ [ [ -1.33153, 52.98705 ], [ -1.32391, 52.98829 ], [ -1.32552, 52.98181 ], [ -1.33153, 52.98705 ] ] ] } },
{ "type": "Feature", "properties": { "small_area": "E01025657" }, "geometry": { "type": "Polygon", "coordinates": [ [ [ -1.17175, 52.58826 ], [ -1.16576, 52.58874 ], [ -1.1668, 52.58431 ], [ -1.15836, 52.58961 ], [ -1.15663, 52.58717 ], [ -1.1635, 52.58057 ], [ -1.18716, 52.58181 ], [ -1.18476, 52.58622 ], [ -1.16945, 52.5916 ], [ -1.17175, 52.58826 ] ] ] } },
{ "type": "Feature", "properties": { "small_area": "E01025656" }, "geometry": { "type": "Polygon", "coordinates": [ [ [ -1.17856, 52.60662 ], [ -1.18021, 52.60941 ], [ -1.17493, 52.61053 ], [ -1.1757, 52.61304 ], [ -1.16855, 52.60822 ], [ -1.17856, 52.60662 ] ] ] } },
{ "type": "Feature", "properties": { "small_area": "E01019811" }, "geometry": { "type": "Polygon", "coordinates": [ [ [ -1.3936, 53.17098 ], [ -1.40051, 53.17741 ], [ -1.38874, 53.17979 ], [ -1.38565, 53.17275 ], [ -1.3936, 53.17098 ] ] ] } },
{ "type": "Feature", "properties": { "small_area": "E01013829" }, "geometry": { "type": "Polygon", "coordinates": [ [ [ -1.18641, 52.98791 ], [ -1.18148, 52.98479 ], [ -1.18512, 52.98289 ], [ -1.19277, 52.98792 ], [ -1.18432, 52.99053 ], [ -1.18641, 52.98791 ] ] ] } },
{ "type": "Feature", "properties": { "small_area": "E01013828" }, "geometry": { "type": "Polygon", "coordinates": [ [ [ -1.1753, 52.97964 ], [ -1.17925, 52.98282 ], [ -1.17931, 52.98747 ], [ -1.17035, 52.98451 ], [ -1.1753, 52.97964 ] ] ] } },
{ "type": "Feature", "properties": { "small_area": "E01025655" }, "geometry": { "type": "Polygon", "coordinates": [ [ [ -1.16406, 52.60944 ], [ -1.16783, 52.60795 ], [ -1.17631, 52.61417 ], [ -1.17152, 52.61389 ], [ -1.17265, 52.61613 ], [ -1.16406, 52.60944 ] ] ] } },
{ "type": "Feature", "properties": { "small_area": "E01025654" }, "geometry": { "type": "Polygon", "coordinates": [ [ [ -1.17493, 52.61053 ], [ -1.18951, 52.61074 ], [ -1.18916, 52.6155 ], [ -1.18357, 52.61557 ], [ -1.18637, 52.61296 ], [ -1.18103, 52.61107 ], [ -1.18103, 52.61391 ], [ -1.17631, 52.61417 ], [ -1.17493, 52.61053 ] ] ] } },
{ "type": "Feature", "properties": { "small_area": "E01025754" }, "geometry": { "type": "Polygon", "coordinates": [ [ [ -1.06887, 52.69049 ], [ -1.07588, 52.69102 ], [ -1.07195, 52.69109 ], [ -1.07152, 52.69692 ], [ -1.06754, 52.69591 ], [ -1.06887, 52.69049 ] ] ] } },
{ "type": "Feature", "properties": { "small_area": "E01013861" }, "geometry": { "type": "Polygon", "coordinates": [ [ [ -1.21027, 52.9661 ], [ -1.21041, 52.96033 ], [ -1.22411, 52.96329 ], [ -1.22175, 52.96729 ], [ -1.21082, 52.96892 ], [ -1.20337, 52.96422 ], [ -1.21027, 52.9661 ] ] ] } },
{ "type": "Feature", "properties": { "small_area": "E01025610" }, "geometry": { "type": "Polygon", "coordinates": [ [ [ -1.1731, 52.57354 ], [ -1.16329, 52.57443 ], [ -1.15981, 52.57076 ], [ -1.17434, 52.56876 ], [ -1.1731, 52.57354 ] ] ] } },
{ "type": "Feature", "properties": { "small_area": "E01019672" }, "geometry": { "type": "Polygon", "coordinates": [ [ [ -1.30814, 52.96765 ], [ -1.31288, 52.9732 ], [ -1.31504, 52.97084 ], [ -1.31958, 52.97369 ], [ -1.32615, 52.97235 ], [ -1.31156, 52.98031 ], [ -1.30814, 52.96765 ] ] ] } },
{ "type": "Feature", "properties": { "small_area": "E01025692" }, "geometry": { "type": "Polygon", "coordinates": [ [ [ -1.23905, 52.77937 ], [ -1.23491, 52.77938 ], [ -1.24161, 52.77801 ], [ -1.26097, 52.78178 ], [ -1.25182, 52.79023 ], [ -1.24662, 52.7856 ], [ -1.24072, 52.78524 ], [ -1.23905, 52.77937 ] ] ] } },
{ "type": "Feature", "properties": { "small_area": "E01019675" }, "geometry": { "type": "Polygon", "coordinates": [ [ [ -1.2659, 52.88769 ], [ -1.27426, 52.88731 ], [ -1.26797, 52.89039 ], [ -1.27519, 52.89411 ], [ -1.26522, 52.89351 ], [ -1.2659, 52.88769 ] ] ] } },
{ "type": "Feature", "properties": { "small_area": "E01019674" }, "geometry": { "type": "Polygon", "coordinates": [ [ [ -1.30706, 52.96028 ], [ -1.31403, 52.95958 ], [ -1.31013, 52.96514 ], [ -1.31409, 52.96753 ], [ -1.30807, 52.96758 ], [ -1.30706, 52.96028 ] ] ] } },
{ "type": "Feature", "properties": { "small_area": "E01025613" }, "geometry": { "type": "Polygon", "coordinates": [ [ [ -1.2289, 52.5543 ], [ -1.21782, 52.56722 ], [ -1.21326, 52.56727 ], [ -1.21028, 52.56225 ], [ -1.20714, 52.56395 ], [ -1.19792, 52.55988 ], [ -1.19089, 52.54637 ], [ -1.18637, 52.54919 ], [ -1.17651, 52.52789 ], [ -1.20214, 52.52742 ], [ -1.20902, 52.53918 ], [ -1.2289, 52.5543 ] ] ] } },
{ "type": "Feature", "properties": { "small_area": "E01025693" }, "geometry": { "type": "Polygon", "coordinates": [ [ [ -1.23188, 52.80062 ], [ -1.22842, 52.79309 ], [ -1.23365, 52.78511 ], [ -1.24662, 52.7856 ], [ -1.25182, 52.79023 ], [ -1.26097, 52.78178 ], [ -1.27868, 52.78316 ], [ -1.27483, 52.78755 ], [ -1.27958, 52.78856 ], [ -1.27889, 52.79605 ], [ -1.27191, 52.80464 ], [ -1.26193, 52.81043 ], [ -1.25537, 52.80413 ], [ -1.24537, 52.80614 ], [ -1.23188, 52.80062 ] ] ] } },
{ "type": "Feature", "properties": { "small_area": "E01025611" }, "geometry": { "type": "Polygon", "coordinates": [ [ [ -1.16583, 52.56922 ], [ -1.15972, 52.5654 ], [ -1.17078, 52.56205 ], [ -1.17434, 52.56876 ], [ -1.16583, 52.56922 ] ] ] } },
{ "type": "Feature", "properties": { "small_area": "E01025690" }, "geometry": { "type": "Polygon", "coordinates": [ [ [ -1.24339, 52.76098 ], [ -1.25434, 52.7618 ], [ -1.24039, 52.76795 ], [ -1.2313, 52.76543 ], [ -1.24339, 52.76098 ] ] ] } },
{ "type": "Feature", "properties": { "small_area": "E01019754" }, "geometry": { "type": "Polygon", "coordinates": [ [ [ -1.80147, 53.48098 ], [ -1.8129, 53.47958 ], [ -1.81414, 53.46909 ], [ -1.82763, 53.46341 ], [ -1.84323, 53.46391 ], [ -1.85354, 53.45948 ], [ -1.86271, 53.45995 ], [ -1.864, 53.45262 ], [ -1.85264, 53.447 ], [ -1.86857, 53.43375 ], [ -1.86546, 53.42566 ], [ -1.87843, 53.4265 ], [ -1.89581, 53.42108 ], [ -1.90972, 53.41062 ], [ -1.95741, 53.40987 ], [ -1.97651, 53.42057 ], [ -1.98139, 53.41577 ], [ -2.00997, 53.41662 ], [ -2.02371, 53.42054 ], [ -2.01973, 53.4251 ], [ -2.02726, 53.43234 ], [ -2.01311, 53.43993 ], [ -2.00416, 53.43591 ], [ -2.00828, 53.4414 ], [ -1.99822, 53.44578 ], [ -1.98164, 53.44575 ], [ -1.97443, 53.44309 ], [ -1.97544, 53.43659 ], [ -1.96476, 53.43173 ], [ -1.94542, 53.42889 ], [ -1.93133, 53.43373 ], [ -1.92571, 53.44122 ], [ -1.92757, 53.44881 ], [ -1.9414, 53.45669 ], [ -1.93991, 53.46715 ], [ -1.95829, 53.46543 ], [ -1.96904, 53.46958 ], [ -1.95897, 53.46813 ], [ -1.95275, 53.4738 ], [ -1.93209, 53.47943 ], [ -1.93159, 53.4822 ], [ -1.9238, 53.48033 ], [ -1.9037, 53.4829 ], [ -1.87025, 53.49434 ], [ -1.86595, 53.49222 ], [ -1.8312, 53.49566 ], [ -1.82108, 53.49159 ], [ -1.80031, 53.49337 ], [ -1.80147, 53.48098 ] ] ] } },
{ "type": "Feature", "properties": { "small_area": "E01019757" }, "geometry": { "type": "Polygon", "coordinates": [ [ [ -1.96686, 53.44421 ], [ -1.96133, 53.44143 ], [ -1.96714, 53.43865 ], [ -1.97142, 53.43903 ], [ -1.97473, 53.44529 ], [ -1.97138, 53.44874 ], [ -1.96352, 53.44637 ], [ -1.96686, 53.44421 ] ] ] } },
{ "type": "Feature", "properties": { "small_area": "E01019756" }, "geometry": { "type": "Polygon", "coordinates": [ [ [ -1.96476, 53.43173 ], [ -1.97544, 53.43659 ], [ -1.97443, 53.44309 ], [ -1.98008, 53.44342 ], [ -1.97473, 53.44529 ], [ -1.97142, 53.43903 ], [ -1.96714, 53.43865 ], [ -1.96476, 53.43173 ] ] ] } },
{ "type": "Feature", "properties": { "small_area": "E01019755" }, "geometry": { "type": "Polygon", "coordinates": [ [ [ -1.93349, 53.40416 ], [ -1.92883, 53.39566 ], [ -1.94313, 53.39142 ], [ -1.94286, 53.38686 ], [ -1.95364, 53.38644 ], [ -1.96235, 53.37385 ], [ -1.98537, 53.37718 ], [ -1.99876, 53.36968 ], [ -1.99804, 53.37575 ], [ -2.00506, 53.39059 ], [ -1.99233, 53.41518 ], [ -1.98139, 53.41577 ], [ -1.97651, 53.42057 ], [ -1.95741, 53.40987 ], [ -1.92999, 53.41015 ], [ -1.93349, 53.40416 ] ] ] } },
{ "type": "Feature", "properties": { "small_area": "E01019752" }, "geometry": { "type": "Polygon", "coordinates": [ [ [ -1.96824, 53.46316 ], [ -1.97114, 53.466 ], [ -1.96453, 53.46832 ], [ -1.95829, 53.46543 ], [ -1.96824, 53.46316 ] ] ] } },
{ "type": "Feature", "properties": { "small_area": "E01026129" }, "geometry": { "type": "Polygon", "coordinates": [ [ [ -0.61293, 53.21882 ], [ -0.60929, 53.21338 ], [ -0.61616, 53.21922 ], [ -0.61559, 53.22189 ], [ -0.60689, 53.22401 ], [ -0.60552, 53.22073 ], [ -0.61293, 53.21882 ] ] ] } },
{ "type": "Feature", "properties": { "small_area": "E01025848" }, "geometry": { "type": "Polygon", "coordinates": [ [ [ -1.19969, 52.66438 ], [ -1.20436, 52.66136 ], [ -1.22577, 52.66428 ], [ -1.2234, 52.66082 ], [ -1.23518, 52.66055 ], [ -1.24972, 52.66509 ], [ -1.26048, 52.65739 ], [ -1.26952, 52.66927 ], [ -1.266, 52.67388 ], [ -1.25962, 52.66626 ], [ -1.2535, 52.66957 ], [ -1.25902, 52.68205 ], [ -1.25669, 52.68459 ], [ -1.24474, 52.6846 ], [ -1.2266, 52.66991 ], [ -1.21661, 52.67091 ], [ -1.21377, 52.67466 ], [ -1.19969, 52.66438 ] ] ] } },
{ "type": "Feature", "properties": { "small_area": "E01027051" }, "geometry": { "type": "Polygon", "coordinates": [ [ [ -0.53745, 52.34465 ], [ -0.5325, 52.34413 ], [ -0.53114, 52.33687 ], [ -0.54077, 52.33742 ], [ -0.54263, 52.34076 ], [ -0.53745, 52.34465 ] ] ] } },
{ "type": "Feature", "properties": { "small_area": "E01027050" }, "geometry": { "type": "Polygon", "coordinates": [ [ [ -0.41571, 52.57009 ], [ -0.4073, 52.56404 ], [ -0.41961, 52.55894 ], [ -0.41535, 52.55154 ], [ -0.40208, 52.5483 ], [ -0.4032, 52.54224 ], [ -0.43739, 52.54321 ], [ -0.4462, 52.53567 ], [ -0.46524, 52.53573 ], [ -0.47025, 52.52988 ], [ -0.462, 52.52241 ], [ -0.45658, 52.52261 ], [ -0.4624, 52.51866 ], [ -0.45633, 52.51273 ], [ -0.46607, 52.51082 ], [ -0.46778, 52.51394 ], [ -0.47647, 52.51453 ], [ -0.50617, 52.50847 ], [ -0.52453, 52.51004 ], [ -0.53591, 52.50625 ], [ -0.54678, 52.51322 ], [ -0.56627, 52.51044 ], [ -0.56163, 52.51253 ], [ -0.56687, 52.51882 ], [ -0.5542, 52.52455 ], [ -0.56288, 52.52898 ], [ -0.54809, 52.53159 ], [ -0.53314, 52.53958 ], [ -0.54427, 52.54903 ], [ -0.54419, 52.55455 ], [ -0.52574, 52.55159 ], [ -0.50442, 52.55725 ], [ -0.49512, 52.55523 ], [ -0.49397, 52.55979 ], [ -0.48622, 52.55738 ], [ -0.47283, 52.56446 ], [ -0.46892, 52.57491 ], [ -0.42709, 52.5819 ], [ -0.41539, 52.57872 ], [ -0.41571, 52.57009 ] ] ] } },
{ "type": "Feature", "properties": { "small_area": "E01027095" }, "geometry": { "type": "Polygon", "coordinates": [ [ [ -0.8323, 52.44476 ], [ -0.83295, 52.44093 ], [ -0.84031, 52.43911 ], [ -0.85148, 52.42553 ], [ -0.85877, 52.43142 ], [ -0.85027, 52.43249 ], [ -0.85028, 52.43669 ], [ -0.86523, 52.43458 ], [ -0.85072, 52.44209 ], [ -0.84826, 52.44883 ], [ -0.83544, 52.44594 ], [ -0.8313, 52.44804 ], [ -0.82703, 52.44398 ], [ -0.8323, 52.44476 ] ] ] } },
{ "type": "Feature", "properties": { "small_area": "E01019470" }, "geometry": { "type": "Polygon", "coordinates": [ [ [ -1.36734, 53.07399 ], [ -1.37955, 53.07447 ], [ -1.38465, 53.0822 ], [ -1.37637, 53.08226 ], [ -1.37352, 53.07789 ], [ -1.36908, 53.07916 ], [ -1.36734, 53.07399 ] ] ] } },
{ "type": "Feature", "properties": { "small_area": "E01028395" }, "geometry": { "type": "Polygon", "coordinates": [ [ [ -0.99941, 52.94518 ], [ -1.0125, 52.93624 ], [ -1.02619, 52.94126 ], [ -1.0165, 52.94368 ], [ -1.02162, 52.9474 ], [ -1.01918, 52.94913 ], [ -1.02716, 52.94971 ], [ -1.00258, 52.95184 ], [ -0.99941, 52.94518 ] ] ] } },
{ "type": "Feature", "properties": { "small_area": "E01019567" }, "geometry": { "type": "Polygon", "coordinates": [ [ [ -1.36001, 53.26333 ], [ -1.36846, 53.25966 ], [ -1.36063, 53.25917 ], [ -1.36143, 53.25297 ], [ -1.37515, 53.26041 ], [ -1.37615, 53.26569 ], [ -1.36538, 53.26521 ], [ -1.35609, 53.26892 ], [ -1.35697, 53.2609 ], [ -1.36001, 53.26333 ] ] ] } },
{ "type": "Feature", "properties": { "small_area": "E01013817" }, "geometry": { "type": "Polygon", "coordinates": [ [ [ -1.21579, 52.97381 ], [ -1.21809, 52.97381 ], [ -1.21174, 52.97822 ], [ -1.21662, 52.97813 ], [ -1.21233, 52.98284 ], [ -1.20714, 52.98005 ], [ -1.21579, 52.97381 ] ] ] } },
{ "type": "Feature", "properties": { "small_area": "E01025827" }, "geometry": { "type": "Polygon", "coordinates": [ [ [ -1.36006, 52.53142 ], [ -1.37082, 52.53513 ], [ -1.35666, 52.53988 ], [ -1.35085, 52.53536 ], [ -1.36006, 52.53142 ] ] ] } },
{ "type": "Feature", "properties": { "small_area": "E01013760" }, "geometry": { "type": "Polygon", "coordinates": [ [ [ -1.11494, 52.62802 ], [ -1.12169, 52.62846 ], [ -1.11838, 52.63044 ], [ -1.11494, 52.62802 ] ] ] } },
{ "type": "Feature", "properties": { "small_area": "E01025826" }, "geometry": { "type": "Polygon", "coordinates": [ [ [ -1.32821, 52.57814 ], [ -1.33491, 52.57644 ], [ -1.33276, 52.5732 ], [ -1.34194, 52.57292 ], [ -1.34446, 52.57443 ], [ -1.33885, 52.57802 ], [ -1.34823, 52.57986 ], [ -1.34255, 52.5855 ], [ -1.33264, 52.58771 ], [ -1.33432, 52.59055 ], [ -1.32025, 52.58848 ], [ -1.32821, 52.57814 ] ] ] } },
{ "type": "Feature", "properties": { "small_area": "E01013761" }, "geometry": { "type": "Polygon", "coordinates": [ [ [ -1.11494, 52.62802 ], [ -1.11653, 52.62979 ], [ -1.10919, 52.62928 ], [ -1.11494, 52.62802 ] ] ] } },
{ "type": "Feature", "properties": { "small_area": "E01025824" }, "geometry": { "type": "Polygon", "coordinates": [ [ [ -1.32862, 52.56583 ], [ -1.33792, 52.55549 ], [ -1.34119, 52.55676 ], [ -1.33784, 52.56136 ], [ -1.35032, 52.55952 ], [ -1.35326, 52.56307 ], [ -1.34258, 52.56596 ], [ -1.3415, 52.57067 ], [ -1.33121, 52.57009 ], [ -1.32862, 52.56583 ] ] ] } },
{ "type": "Feature", "properties": { "small_area": "E01025681" }, "geometry": { "type": "Polygon", "coordinates": [ [ [ -1.11887, 52.67314 ], [ -1.12921, 52.66537 ], [ -1.12645, 52.67495 ], [ -1.11377, 52.67756 ], [ -1.11496, 52.67277 ], [ -1.11887, 52.67314 ] ] ] } },
{ "type": "Feature", "properties": { "small_area": "E01027108" }, "geometry": { "type": "Polygon", "coordinates": [ [ [ -0.82243, 52.43952 ], [ -0.81668, 52.43753 ], [ -0.81116, 52.44269 ], [ -0.80393, 52.4411 ], [ -0.81798, 52.43431 ], [ -0.82243, 52.43952 ] ] ] } },
{ "type": "Feature", "properties": { "small_area": "E01027102" }, "geometry": { "type": "Polygon", "coordinates": [ [ [ -0.68074, 52.35849 ], [ -0.6834, 52.35353 ], [ -0.68783, 52.35323 ], [ -0.69568, 52.35948 ], [ -0.68646, 52.36314 ], [ -0.68074, 52.35849 ] ] ] } },
{ "type": "Feature", "properties": { "small_area": "E01013507" }, "geometry": { "type": "Polygon", "coordinates": [ [ [ -1.43096, 52.9212 ], [ -1.44531, 52.92699 ], [ -1.43835, 52.92949 ], [ -1.43171, 52.92645 ], [ -1.43096, 52.9212 ] ] ] } },
{ "type": "Feature", "properties": { "small_area": "E01026279" }, "geometry": { "type": "Polygon", "coordinates": [ [ [ 0.1843, 52.77315 ], [ 0.18296, 52.77515 ], [ 0.17858, 52.77229 ], [ 0.1823, 52.77052 ], [ 0.17961, 52.76246 ], [ 0.18544, 52.76605 ], [ 0.19217, 52.76522 ], [ 0.18696, 52.7574 ], [ 0.15385, 52.75627 ], [ 0.15369, 52.77864 ], [ 0.16499, 52.77561 ], [ 0.17185, 52.78273 ], [ 0.18408, 52.77732 ], [ 0.1843, 52.77315 ] ] ] } },
{ "type": "Feature", "properties": { "small_area": "E01013721" }, "geometry": { "type": "Polygon", "coordinates": [ [ [ -1.1575, 52.64551 ], [ -1.17127, 52.64448 ], [ -1.17524, 52.64593 ], [ -1.16856, 52.64486 ], [ -1.16704, 52.64711 ], [ -1.17686, 52.65225 ], [ -1.1575, 52.64551 ] ] ] } },
{ "type": "Feature", "properties": { "small_area": "E01028169" }, "geometry": { "type": "Polygon", "coordinates": [ [ [ -1.08095, 52.97413 ], [ -1.0818, 52.97754 ], [ -1.08012, 52.98147 ], [ -1.06869, 52.98021 ], [ -1.06375, 52.98379 ], [ -1.06066, 52.97705 ], [ -1.08095, 52.97413 ] ] ] } },
{ "type": "Feature", "properties": { "small_area": "E01028168" }, "geometry": { "type": "Polygon", "coordinates": [ [ [ -1.05662, 52.97674 ], [ -1.07218, 52.96848 ], [ -1.07707, 52.97262 ], [ -1.07535, 52.97462 ], [ -1.07247, 52.97151 ], [ -1.05662, 52.97674 ] ] ] } },
{ "type": "Feature", "properties": { "small_area": "E01025768" }, "geometry": { "type": "Polygon", "coordinates": [ [ [ -1.03048, 52.72573 ], [ -1.04082, 52.72677 ], [ -1.04465, 52.73165 ], [ -1.05257, 52.72803 ], [ -1.05727, 52.73725 ], [ -1.06543, 52.74207 ], [ -1.06369, 52.7457 ], [ -1.07061, 52.74335 ], [ -1.08001, 52.74789 ], [ -1.08862, 52.74367 ], [ -1.0909, 52.75243 ], [ -1.0987, 52.75677 ], [ -1.10894, 52.75363 ], [ -1.12078, 52.76205 ], [ -1.10678, 52.76829 ], [ -1.04663, 52.78093 ], [ -1.03796, 52.77501 ], [ -1.04591, 52.76601 ], [ -1.04143, 52.76604 ], [ -1.03685, 52.75835 ], [ -1.03039, 52.75617 ], [ -1.03306, 52.74977 ], [ -1.01943, 52.73711 ], [ -1.02597, 52.73347 ], [ -1.03048, 52.72573 ] ] ] } },
{ "type": "Feature", "properties": { "small_area": "E01025769" }, "geometry": { "type": "Polygon", "coordinates": [ [ [ -1.01725, 52.72445 ], [ -1.00106, 52.72364 ], [ -1.00328, 52.71723 ], [ -1.00766, 52.71737 ], [ -1.01548, 52.71095 ], [ -1.04072, 52.71338 ], [ -1.03988, 52.71712 ], [ -1.05156, 52.71707 ], [ -1.05599, 52.72166 ], [ -1.06435, 52.72214 ], [ -1.07303, 52.71815 ], [ -1.07582, 52.7092 ], [ -1.08036, 52.71042 ], [ -1.09864, 52.70309 ], [ -1.1199, 52.70913 ], [ -1.12387, 52.71413 ], [ -1.11997, 52.72009 ], [ -1.10414, 52.7203 ], [ -1.09611, 52.72372 ], [ -1.06369, 52.7457 ], [ -1.06543, 52.74207 ], [ -1.05727, 52.73725 ], [ -1.05257, 52.72803 ], [ -1.04465, 52.73165 ], [ -1.04082, 52.72677 ], [ -1.03048, 52.72573 ], [ -1.02597, 52.73347 ], [ -1.01725, 52.72445 ] ] ] } },
{ "type": "Feature", "properties": { "small_area": "E01019694" }, "geometry": { "type": "Polygon", "coordinates": [ [ [ -1.29564, 52.91024 ], [ -1.30173, 52.91565 ], [ -1.29698, 52.9169 ], [ -1.29003, 52.91362 ], [ -1.29564, 52.91024 ] ] ] } },
{ "type": "Feature", "properties": { "small_area": "E01019439" }, "geometry": { "type": "Polygon", "coordinates": [ [ [ -1.34271, 53.01238 ], [ -1.3506, 53.01357 ], [ -1.34667, 53.01584 ], [ -1.35278, 53.02209 ], [ -1.33946, 53.0182 ], [ -1.34271, 53.01238 ] ] ] } },
{ "type": "Feature", "properties": { "small_area": "E01019438" }, "geometry": { "type": "Polygon", "coordinates": [ [ [ -1.36884, 53.01329 ], [ -1.36023, 53.01652 ], [ -1.36229, 53.00973 ], [ -1.36884, 53.01329 ] ] ] } },
{ "type": "Feature", "properties": { "small_area": "E01025928" }, "geometry": { "type": "Polygon", "coordinates": [ [ [ -1.35025, 52.8435 ], [ -1.35182, 52.84746 ], [ -1.33719, 52.84498 ], [ -1.34095, 52.84124 ], [ -1.35025, 52.8435 ] ] ] } },
{ "type": "Feature", "properties": { "small_area": "E01013668" }, "geometry": { "type": "Polygon", "coordinates": [ [ [ -1.07653, 52.62996 ], [ -1.08389, 52.6285 ], [ -1.07718, 52.62654 ], [ -1.0767, 52.62057 ], [ -1.09028, 52.62172 ], [ -1.08829, 52.63005 ], [ -1.08321, 52.63309 ], [ -1.07653, 52.62996 ] ] ] } },
{ "type": "Feature", "properties": { "small_area": "E01013683" }, "geometry": { "type": "Polygon", "coordinates": [ [ [ -1.15239, 52.63582 ], [ -1.15552, 52.63866 ], [ -1.15118, 52.64163 ], [ -1.14899, 52.63894 ], [ -1.15239, 52.63582 ] ] ] } },
{ "type": "Feature", "properties": { "small_area": "E01013882" }, "geometry": { "type": "Polygon", "coordinates": [ [ [ -1.18864, 53.00808 ], [ -1.1907, 53.00519 ], [ -1.19913, 53.00547 ], [ -1.20087, 53.0138 ], [ -1.19537, 53.012 ], [ -1.19598, 53.00761 ], [ -1.18864, 53.00808 ] ] ] } },
{ "type": "Feature", "properties": { "small_area": "E01025886" }, "geometry": { "type": "Polygon", "coordinates": [ [ [ -0.82254, 52.94412 ], [ -0.83387, 52.94577 ], [ -0.83023, 52.95192 ], [ -0.81294, 52.94377 ], [ -0.80489, 52.94729 ], [ -0.80879, 52.94266 ], [ -0.80145, 52.94281 ], [ -0.80211, 52.9451 ], [ -0.79423, 52.9425 ], [ -0.80239, 52.94115 ], [ -0.80562, 52.93638 ], [ -0.80878, 52.9378 ], [ -0.80508, 52.94113 ], [ -0.81331, 52.94009 ], [ -0.8116, 52.93379 ], [ -0.83568, 52.93856 ], [ -0.82254, 52.94412 ] ] ] } },
{ "type": "Feature", "properties": { "small_area": "E01025807" }, "geometry": { "type": "Polygon", "coordinates": [ [ [ -0.91892, 52.47085 ], [ -0.92327, 52.47064 ], [ -0.91735, 52.47369 ], [ -0.9131, 52.46795 ], [ -0.91596, 52.4638 ], [ -0.91892, 52.47085 ] ] ] } },
{ "type": "Feature", "properties": { "small_area": "E01013883" }, "geometry": { "type": "Polygon", "coordinates": [ [ [ -1.2122, 53.00003 ], [ -1.22037, 53.00391 ], [ -1.2187, 53.00647 ], [ -1.22515, 53.00808 ], [ -1.21704, 53.01063 ], [ -1.21018, 53.00794 ], [ -1.21389, 53.00588 ], [ -1.20937, 53.00371 ], [ -1.2122, 53.00003 ] ] ] } },
{ "type": "Feature", "properties": { "small_area": "E01025806" }, "geometry": { "type": "Polygon", "coordinates": [ [ [ -0.9271, 52.47103 ], [ -0.93025, 52.47564 ], [ -0.91945, 52.47708 ], [ -0.91735, 52.47369 ], [ -0.9271, 52.47103 ] ] ] } },
{ "type": "Feature", "properties": { "small_area": "E01025887" }, "geometry": { "type": "Polygon", "coordinates": [ [ [ -0.77381, 52.90251 ], [ -0.75847, 52.90047 ], [ -0.7666, 52.88678 ], [ -0.74192, 52.88232 ], [ -0.73368, 52.8669 ], [ -0.69241, 52.82176 ], [ -0.717, 52.81493 ], [ -0.71664, 52.81881 ], [ -0.73339, 52.82067 ], [ -0.76285, 52.81505 ], [ -0.758, 52.80155 ], [ -0.79411, 52.79591 ], [ -0.79851, 52.79989 ], [ -0.79542, 52.80615 ], [ -0.79922, 52.8277 ], [ -0.80528, 52.82821 ], [ -0.80312, 52.8369 ], [ -0.82032, 52.83774 ], [ -0.8363, 52.82236 ], [ -0.8544, 52.82402 ], [ -0.86473, 52.82149 ], [ -0.878, 52.82507 ], [ -0.88526, 52.82299 ], [ -0.88982, 52.83041 ], [ -0.86958, 52.84144 ], [ -0.87166, 52.8438 ], [ -0.85596, 52.86055 ], [ -0.84003, 52.86596 ], [ -0.8393, 52.86936 ], [ -0.84369, 52.86967 ], [ -0.8268, 52.87953 ], [ -0.80272, 52.88295 ], [ -0.80696, 52.89114 ], [ -0.80058, 52.89332 ], [ -0.79444, 52.90306 ], [ -0.78609, 52.90913 ], [ -0.77455, 52.90732 ], [ -0.77381, 52.90251 ] ] ] } },
{ "type": "Feature", "properties": { "small_area": "E01013884" }, "geometry": { "type": "Polygon", "coordinates": [ [ [ -1.2145, 52.99706 ], [ -1.22037, 53.00391 ], [ -1.2122, 53.00003 ], [ -1.20937, 53.00371 ], [ -1.20551, 53.00054 ], [ -1.2145, 52.99706 ] ] ] } },
{ "type": "Feature", "properties": { "small_area": "E01019591" }, "geometry": { "type": "Polygon", "coordinates": [ [ [ -1.4573, 53.23196 ], [ -1.45426, 53.23212 ], [ -1.46028, 53.22895 ], [ -1.46744, 53.23042 ], [ -1.46489, 53.23523 ], [ -1.45579, 53.23507 ], [ -1.4573, 53.23196 ] ] ] } },
{ "type": "Feature", "properties": { "small_area": "E01028022" }, "geometry": { "type": "Polygon", "coordinates": [ [ [ -0.93514, 53.31581 ], [ -0.93722, 53.31017 ], [ -0.94443, 53.31313 ], [ -0.94005, 53.31876 ], [ -0.93514, 53.31581 ] ] ] } },
{ "type": "Feature", "properties": { "small_area": "E01025666" }, "geometry": { "type": "Polygon", "coordinates": [ [ [ -1.19439, 52.62064 ], [ -1.20185, 52.62299 ], [ -1.20125, 52.62731 ], [ -1.1891, 52.62308 ], [ -1.19439, 52.62064 ] ] ] } },
{ "type": "Feature", "properties": { "small_area": "E01013788" }, "geometry": { "type": "Polygon", "coordinates": [ [ [ -0.67729, 52.7513 ], [ -0.65534, 52.74923 ], [ -0.65223, 52.74637 ], [ -0.65675, 52.73597 ], [ -0.64833, 52.73614 ], [ -0.64682, 52.73031 ], [ -0.64203, 52.73061 ], [ -0.64102, 52.72062 ], [ -0.6349, 52.71944 ], [ -0.63181, 52.70966 ], [ -0.63622, 52.70994 ], [ -0.63994, 52.70325 ], [ -0.68089, 52.70504 ], [ -0.70242, 52.70134 ], [ -0.70321, 52.71801 ], [ -0.70816, 52.72382 ], [ -0.72258, 52.72138 ], [ -0.72854, 52.72708 ], [ -0.73851, 52.72282 ], [ -0.74661, 52.72495 ], [ -0.74385, 52.73355 ], [ -0.75359, 52.73413 ], [ -0.75333, 52.73655 ], [ -0.72022, 52.74094 ], [ -0.71821, 52.74478 ], [ -0.69625, 52.74647 ], [ -0.69698, 52.7492 ], [ -0.67889, 52.75721 ], [ -0.67133, 52.75639 ], [ -0.67729, 52.7513 ] ] ] } },
{ "type": "Feature", "properties": { "small_area": "E01013709" }, "geometry": { "type": "Polygon", "coordinates": [ [ [ -1.12069, 52.59839 ], [ -1.12692, 52.59777 ], [ -1.12768, 52.6003 ], [ -1.11883, 52.60296 ], [ -1.12069, 52.59839 ] ] ] } },
{ "type": "Feature", "properties": { "small_area": "E01013789" }, "geometry": { "type": "Polygon", "coordinates": [ [ [ -0.58792, 52.70656 ], [ -0.57279, 52.69747 ], [ -0.59132, 52.68763 ], [ -0.59119, 52.68309 ], [ -0.61866, 52.68213 ], [ -0.62971, 52.66282 ], [ -0.6213, 52.65544 ], [ -0.63035, 52.64701 ], [ -0.64353, 52.64437 ], [ -0.66257, 52.64751 ], [ -0.66946, 52.63623 ], [ -0.67848, 52.6342 ], [ -0.68232, 52.6411 ], [ -0.70589, 52.64275 ], [ -0.70479, 52.64556 ], [ -0.73078, 52.6501 ], [ -0.71885, 52.66503 ], [ -0.70559, 52.66799 ], [ -0.71214, 52.67861 ], [ -0.72526, 52.6854 ], [ -0.71388, 52.69819 ], [ -0.73428, 52.70661 ], [ -0.75529, 52.70757 ], [ -0.75045, 52.71238 ], [ -0.7541, 52.71785 ], [ -0.74351, 52.72423 ], [ -0.73851, 52.72282 ], [ -0.72854, 52.72708 ], [ -0.72258, 52.72138 ], [ -0.70816, 52.72382 ], [ -0.70321, 52.71801 ], [ -0.70242, 52.70134 ], [ -0.68089, 52.70504 ], [ -0.63994, 52.70325 ], [ -0.63622, 52.70994 ], [ -0.58792, 52.70656 ] ] ] } },
{ "type": "Feature", "properties": { "small_area": "E01027123" }, "geometry": { "type": "Polygon", "coordinates": [ [ [ -0.81798, 52.43431 ], [ -0.80504, 52.42237 ], [ -0.81221, 52.41769 ], [ -0.82922, 52.41872 ], [ -0.83889, 52.42701 ], [ -0.81798, 52.43431 ] ] ] } },
{ "type": "Feature", "properties": { "small_area": "E01025981" }, "geometry": { "type": "Polygon", "coordinates": [ [ [ -1.06062, 52.59644 ], [ -1.07479, 52.5992 ], [ -1.06144, 52.60193 ], [ -1.05673, 52.60048 ], [ -1.06062, 52.59644 ] ] ] } },
{ "type": "Feature", "properties": { "small_area": "E01026172" }, "geometry": { "type": "Polygon", "coordinates": [ [ [ -0.56196, 53.20774 ], [ -0.5708, 53.20705 ], [ -0.57395, 53.21074 ], [ -0.5666, 53.21107 ], [ -0.56196, 53.20774 ] ] ] } },
{ "type": "Feature", "properties": { "small_area": "E01027226" }, "geometry": { "type": "Polygon", "coordinates": [ [ [ -0.87863, 52.24173 ], [ -0.87968, 52.23966 ], [ -0.88562, 52.24232 ], [ -0.8805, 52.24628 ], [ -0.87863, 52.24173 ] ] ] } },
{ "type": "Feature", "properties": { "small_area": "E01019527" }, "geometry": { "type": "Polygon", "coordinates": [ [ [ -1.3669, 53.28916 ], [ -1.35317, 53.28648 ], [ -1.35609, 53.26892 ], [ -1.36538, 53.26521 ], [ -1.38821, 53.26693 ], [ -1.38874, 53.27057 ], [ -1.39752, 53.26913 ], [ -1.39956, 53.27501 ], [ -1.40625, 53.27571 ], [ -1.40083, 53.27654 ], [ -1.40174, 53.28156 ], [ -1.39177, 53.28712 ], [ -1.38717, 53.28609 ], [ -1.38599, 53.29488 ], [ -1.37706, 53.29903 ], [ -1.3669, 53.28916 ] ] ] } },
{ "type": "Feature", "properties": { "small_area": "E01019526" }, "geometry": { "type": "Polygon", "coordinates": [ [ [ -1.39752, 53.26913 ], [ -1.40984, 53.26683 ], [ -1.41715, 53.27094 ], [ -1.41209, 53.27415 ], [ -1.41074, 53.27196 ], [ -1.39947, 53.27261 ], [ -1.39752, 53.26913 ] ] ] } },
{ "type": "Feature", "properties": { "small_area": "E01019524" }, "geometry": { "type": "Polygon", "coordinates": [ [ [ -1.17431, 53.29832 ], [ -1.18663, 53.28744 ], [ -1.19236, 53.2904 ], [ -1.20297, 53.2865 ], [ -1.20051, 53.27979 ], [ -1.20272, 53.2785 ], [ -1.21202, 53.28434 ], [ -1.24218, 53.28148 ], [ -1.25217, 53.29219 ], [ -1.25815, 53.2926 ], [ -1.25426, 53.30173 ], [ -1.24345, 53.30158 ], [ -1.2306, 53.30862 ], [ -1.21953, 53.30398 ], [ -1.20318, 53.30417 ], [ -1.19974, 53.31142 ], [ -1.18721, 53.30396 ], [ -1.17943, 53.30638 ], [ -1.17418, 53.30251 ], [ -1.17431, 53.29832 ] ] ] } },
{ "type": "Feature", "properties": { "small_area": "E01026980" }, "geometry": { "type": "Polygon", "coordinates": [ [ [ -0.75617, 52.51098 ], [ -0.74223, 52.51701 ], [ -0.74208, 52.51209 ], [ -0.72197, 52.50501 ], [ -0.73076, 52.4942 ], [ -0.74158, 52.47012 ], [ -0.77165, 52.47203 ], [ -0.77481, 52.47717 ], [ -0.78145, 52.47907 ], [ -0.77713, 52.48213 ], [ -0.78221, 52.49137 ], [ -0.80795, 52.50655 ], [ -0.79617, 52.51635 ], [ -0.7878, 52.51369 ], [ -0.77488, 52.51826 ], [ -0.7662, 52.51334 ], [ -0.75617, 52.51098 ] ] ] } },
{ "type": "Feature", "properties": { "small_area": "E01013489" }, "geometry": { "type": "Polygon", "coordinates": [ [ [ -1.50348, 52.89489 ], [ -1.5086, 52.89514 ], [ -1.50916, 52.90012 ], [ -1.50457, 52.90174 ], [ -1.49856, 52.89887 ], [ -1.50348, 52.89489 ] ] ] } },
{ "type": "Feature", "properties": { "small_area": "E01013488" }, "geometry": { "type": "Polygon", "coordinates": [ [ [ -1.49764, 52.89046 ], [ -1.50348, 52.89489 ], [ -1.49856, 52.89887 ], [ -1.49069, 52.8994 ], [ -1.49764, 52.89046 ] ] ] } },
{ "type": "Feature", "properties": { "small_area": "E01028181" }, "geometry": { "type": "Polygon", "coordinates": [ [ [ -1.10547, 53.01519 ], [ -1.10251, 53.00489 ], [ -1.11305, 53.00663 ], [ -1.10547, 53.01519 ] ] ] } },
{ "type": "Feature", "properties": { "small_area": "E01028100" }, "geometry": { "type": "Polygon", "coordinates": [ [ [ -1.2412, 52.9269 ], [ -1.23625, 52.91873 ], [ -1.24385, 52.92011 ], [ -1.24528, 52.92497 ], [ -1.2412, 52.9269 ] ] ] } },
{ "type": "Feature", "properties": { "small_area": "E01028182" }, "geometry": { "type": "Polygon", "coordinates": [ [ [ -1.10244, 52.99842 ], [ -1.11155, 52.99844 ], [ -1.10992, 53.00315 ], [ -1.11372, 53.00331 ], [ -1.11169, 53.00439 ], [ -1.10146, 53.0012 ], [ -1.10244, 52.99842 ] ] ] } },
{ "type": "Feature", "properties": { "small_area": "E01028103" }, "geometry": { "type": "Polygon", "coordinates": [ [ [ -1.26659, 52.99684 ], [ -1.27053, 52.99954 ], [ -1.26475, 53.00436 ], [ -1.26502, 52.99949 ], [ -1.25436, 53.00099 ], [ -1.26659, 52.99684 ] ] ] } },
{ "type": "Feature", "properties": { "small_area": "E01028183" }, "geometry": { "type": "Polygon", "coordinates": [ [ [ -1.12062, 52.99908 ], [ -1.10992, 53.00315 ], [ -1.11155, 52.99844 ], [ -1.10829, 52.99823 ], [ -1.11361, 52.99478 ], [ -1.12062, 52.99908 ] ] ] } },
{ "type": "Feature", "properties": { "small_area": "E01028102" }, "geometry": { "type": "Polygon", "coordinates": [ [ [ -1.25577, 52.99388 ], [ -1.25974, 52.99418 ], [ -1.25224, 52.99924 ], [ -1.24722, 52.9941 ], [ -1.2513, 52.99381 ], [ -1.24861, 52.98792 ], [ -1.25629, 52.98874 ], [ -1.25577, 52.99388 ] ] ] } },
{ "type": "Feature", "properties": { "small_area": "E01028180" }, "geometry": { "type": "Polygon", "coordinates": [ [ [ -1.11415, 53.00644 ], [ -1.10251, 53.00489 ], [ -1.10547, 53.01519 ], [ -1.09942, 53.0154 ], [ -1.10146, 53.0012 ], [ -1.11415, 53.00644 ] ] ] } },
{ "type": "Feature", "properties": { "small_area": "E01028101" }, "geometry": { "type": "Polygon", "coordinates": [ [ [ -1.25846, 52.92037 ], [ -1.25858, 52.9245 ], [ -1.24528, 52.92497 ], [ -1.24385, 52.92011 ], [ -1.25846, 52.92037 ] ] ] } },
{ "type": "Feature", "properties": { "small_area": "E01013707" }, "geometry": { "type": "Polygon", "coordinates": [ [ [ -1.11859, 52.60702 ], [ -1.10825, 52.60061 ], [ -1.11372, 52.59875 ], [ -1.11882, 52.60245 ], [ -1.11859, 52.60702 ] ] ] } },
{ "type": "Feature", "properties": { "small_area": "E01013786" }, "geometry": { "type": "Polygon", "coordinates": [ [ [ -1.1524, 52.63661 ], [ -1.16024, 52.63303 ], [ -1.16011, 52.63584 ], [ -1.16516, 52.63784 ], [ -1.1524, 52.63661 ] ] ] } },
{ "type": "Feature", "properties": { "small_area": "E01013706" }, "geometry": { "type": "Polygon", "coordinates": [ [ [ -1.10366, 52.59589 ], [ -1.10826, 52.5961 ], [ -1.10646, 52.60591 ], [ -1.09592, 52.6076 ], [ -1.09919, 52.61015 ], [ -1.09728, 52.61084 ], [ -1.0936, 52.6097 ], [ -1.10366, 52.59589 ] ] ] } },
{ "type": "Feature", "properties": { "small_area": "E01013871" }, "geometry": { "type": "Polygon", "coordinates": [ [ [ -1.14792, 52.941 ], [ -1.15587, 52.94349 ], [ -1.15188, 52.94725 ], [ -1.14272, 52.94462 ], [ -1.14792, 52.941 ] ] ] } },
{ "type": "Feature", "properties": { "small_area": "E01019821" }, "geometry": { "type": "Polygon", "coordinates": [ [ [ -1.37709, 53.23397 ], [ -1.36622, 53.23131 ], [ -1.37626, 53.21193 ], [ -1.38014, 53.21167 ], [ -1.39852, 53.22522 ], [ -1.39919, 53.23043 ], [ -1.39116, 53.23166 ], [ -1.37867, 53.24214 ], [ -1.37709, 53.23397 ] ] ] } },
{ "type": "Feature", "properties": { "small_area": "E01019820" }, "geometry": { "type": "Polygon", "coordinates": [ [ [ -1.37331, 53.12935 ], [ -1.39766, 53.12873 ], [ -1.40191, 53.12462 ], [ -1.40699, 53.12513 ], [ -1.41205, 53.12937 ], [ -1.41725, 53.12921 ], [ -1.41404, 53.13145 ], [ -1.41903, 53.134 ], [ -1.41251, 53.13418 ], [ -1.41323, 53.1419 ], [ -1.42125, 53.14339 ], [ -1.42137, 53.14721 ], [ -1.40313, 53.14372 ], [ -1.40838, 53.13524 ], [ -1.40433, 53.13166 ], [ -1.37773, 53.13581 ], [ -1.37331, 53.12935 ] ] ] } },
{ "type": "Feature", "properties": { "small_area": "E01013839" }, "geometry": { "type": "Polygon", "coordinates": [ [ [ -1.17364, 52.98087 ], [ -1.16633, 52.97686 ], [ -1.17119, 52.97435 ], [ -1.17407, 52.97381 ], [ -1.17364, 52.98087 ] ] ] } },
{ "type": "Feature", "properties": { "small_area": "E01019823" }, "geometry": { "type": "Polygon", "coordinates": [ [ [ -1.39116, 53.23166 ], [ -1.39919, 53.23043 ], [ -1.4008, 53.23426 ], [ -1.39362, 53.23399 ], [ -1.39027, 53.23884 ], [ -1.37962, 53.24316 ], [ -1.39116, 53.23166 ] ] ] } },
{ "type": "Feature", "properties": { "small_area": "E01019822" }, "geometry": { "type": "Polygon", "coordinates": [ [ [ -1.31152, 53.23236 ], [ -1.31375, 53.20845 ], [ -1.33843, 53.2103 ], [ -1.35375, 53.20639 ], [ -1.35984, 53.20152 ], [ -1.3732, 53.21193 ], [ -1.36622, 53.23131 ], [ -1.37709, 53.23397 ], [ -1.37867, 53.24214 ], [ -1.35171, 53.24615 ], [ -1.34707, 53.23952 ], [ -1.33197, 53.24157 ], [ -1.33212, 53.23668 ], [ -1.32636, 53.23608 ], [ -1.3192, 53.23956 ], [ -1.31152, 53.23236 ] ] ] } },
{ "type": "Feature", "properties": { "small_area": "E01013838" }, "geometry": { "type": "Polygon", "coordinates": [ [ [ -1.17106, 52.9803 ], [ -1.17364, 52.98087 ], [ -1.16311, 52.98616 ], [ -1.16674, 52.98166 ], [ -1.16383, 52.97849 ], [ -1.17106, 52.9803 ] ] ] } },
{ "type": "Feature", "properties": { "small_area": "E01019423" }, "geometry": { "type": "Polygon", "coordinates": [ [ [ -1.46302, 53.11418 ], [ -1.47158, 53.09922 ], [ -1.45811, 53.08344 ], [ -1.4657, 53.08257 ], [ -1.46998, 53.07579 ], [ -1.47605, 53.07473 ], [ -1.48231, 53.0854 ], [ -1.47833, 53.08426 ], [ -1.47205, 53.08805 ], [ -1.4811, 53.09209 ], [ -1.49173, 53.09091 ], [ -1.48729, 53.07883 ], [ -1.48887, 53.07481 ], [ -1.49656, 53.0754 ], [ -1.49751, 53.07991 ], [ -1.50719, 53.08285 ], [ -1.50982, 53.0932 ], [ -1.49737, 53.09833 ], [ -1.48602, 53.116 ], [ -1.48679, 53.12288 ], [ -1.46982, 53.11972 ], [ -1.46302, 53.11418 ] ] ] } },
{ "type": "Feature", "properties": { "small_area": "E01019422" }, "geometry": { "type": "Polygon", "coordinates": [ [ [ -1.37732, 53.03807 ], [ -1.37372, 53.04008 ], [ -1.37512, 53.03566 ], [ -1.36722, 53.03161 ], [ -1.38435, 53.02851 ], [ -1.3955, 53.03274 ], [ -1.40546, 53.03204 ], [ -1.39561, 53.04105 ], [ -1.38481, 53.04108 ], [ -1.38146, 53.03796 ], [ -1.37922, 53.04095 ], [ -1.37732, 53.03807 ] ] ] } },
{ "type": "Feature", "properties": { "small_area": "E01019425" }, "geometry": { "type": "Polygon", "coordinates": [ [ [ -1.48923, 52.98551 ], [ -1.49501, 52.98455 ], [ -1.49505, 52.98174 ], [ -1.49165, 52.98475 ], [ -1.48585, 52.97883 ], [ -1.48774, 52.97577 ], [ -1.49819, 52.97709 ], [ -1.50628, 52.98223 ], [ -1.50733, 52.99165 ], [ -1.48923, 52.98551 ] ] ] } },
{ "type": "Feature", "properties": { "small_area": "E01019424" }, "geometry": { "type": "Polygon", "coordinates": [ [ [ -1.48004, 53.07375 ], [ -1.47699, 53.06837 ], [ -1.48836, 53.06365 ], [ -1.49656, 53.0754 ], [ -1.48887, 53.07481 ], [ -1.48729, 53.07883 ], [ -1.49173, 53.09091 ], [ -1.4811, 53.09209 ], [ -1.47205, 53.08805 ], [ -1.47833, 53.08426 ], [ -1.48231, 53.0854 ], [ -1.47605, 53.07473 ], [ -1.48004, 53.07375 ] ] ] } },
{ "type": "Feature", "properties": { "small_area": "E01025930" }, "geometry": { "type": "Polygon", "coordinates": [ [ [ -1.36664, 52.73091 ], [ -1.36836, 52.72498 ], [ -1.35539, 52.71696 ], [ -1.36344, 52.71954 ], [ -1.36704, 52.71712 ], [ -1.36517, 52.72047 ], [ -1.36936, 52.72324 ], [ -1.3735, 52.72136 ], [ -1.37956, 52.72409 ], [ -1.37432, 52.72564 ], [ -1.37405, 52.73252 ], [ -1.36664, 52.73091 ] ] ] } },
{ "type": "Feature", "properties": { "small_area": "E01025931" }, "geometry": { "type": "Polygon", "coordinates": [ [ [ -1.37158, 52.71485 ], [ -1.3735, 52.72136 ], [ -1.36936, 52.72324 ], [ -1.36517, 52.72047 ], [ -1.37158, 52.71485 ] ] ] } },
{ "type": "Feature", "properties": { "small_area": "E01025932" }, "geometry": { "type": "Polygon", "coordinates": [ [ [ -1.3433, 52.72057 ], [ -1.33358, 52.72125 ], [ -1.33237, 52.71827 ], [ -1.33973, 52.71615 ], [ -1.3433, 52.72057 ] ] ] } },
{ "type": "Feature", "properties": { "small_area": "E01025933" }, "geometry": { "type": "Polygon", "coordinates": [ [ [ -1.33358, 52.72125 ], [ -1.32605, 52.72387 ], [ -1.31641, 52.7216 ], [ -1.33237, 52.71827 ], [ -1.33358, 52.72125 ] ] ] } },
{ "type": "Feature", "properties": { "small_area": "E01019420" }, "geometry": { "type": "Polygon", "coordinates": [ [ [ -1.35222, 53.04169 ], [ -1.35888, 53.03374 ], [ -1.36722, 53.03161 ], [ -1.37512, 53.03566 ], [ -1.37372, 53.04008 ], [ -1.37732, 53.03807 ], [ -1.37922, 53.04095 ], [ -1.37614, 53.04386 ], [ -1.38084, 53.04727 ], [ -1.37952, 53.05005 ], [ -1.35888, 53.05209 ], [ -1.35222, 53.04169 ] ] ] } },
{ "type": "Feature", "properties": { "small_area": "E01025938" }, "geometry": { "type": "Polygon", "coordinates": [ [ [ -1.37275, 52.70267 ], [ -1.3694, 52.70038 ], [ -1.37208, 52.69469 ], [ -1.37222, 52.6988 ], [ -1.40134, 52.69936 ], [ -1.40089, 52.70794 ], [ -1.3802, 52.71005 ], [ -1.38156, 52.71374 ], [ -1.37616, 52.70685 ], [ -1.36547, 52.70474 ], [ -1.37275, 52.70267 ] ] ] } },
{ "type": "Feature", "properties": { "small_area": "E01013740" }, "geometry": { "type": "Polygon", "coordinates": [ [ [ -1.09879, 52.65627 ], [ -1.10326, 52.66395 ], [ -1.09804, 52.66479 ], [ -1.09399, 52.66365 ], [ -1.09879, 52.65627 ] ] ] } },
{ "type": "Feature", "properties": { "small_area": "E01013743" }, "geometry": { "type": "Polygon", "coordinates": [ [ [ -1.11154, 52.6351 ], [ -1.11331, 52.63789 ], [ -1.10823, 52.63616 ], [ -1.11154, 52.6351 ] ] ] } },
{ "type": "Feature", "properties": { "small_area": "E01013742" }, "geometry": { "type": "Polygon", "coordinates": [ [ [ -1.11282, 52.63755 ], [ -1.11355, 52.6346 ], [ -1.11696, 52.63598 ], [ -1.11282, 52.63755 ] ] ] } },
{ "type": "Feature", "properties": { "small_area": "E01013741" }, "geometry": { "type": "Polygon", "coordinates": [ [ [ -1.09879, 52.65627 ], [ -1.10607, 52.65474 ], [ -1.11004, 52.66049 ], [ -1.10121, 52.66019 ], [ -1.09879, 52.65627 ] ] ] } },
{ "type": "Feature", "properties": { "small_area": "E01013864" }, "geometry": { "type": "Polygon", "coordinates": [ [ [ -1.22609, 52.98115 ], [ -1.22637, 52.97801 ], [ -1.23393, 52.975 ], [ -1.23454, 52.97093 ], [ -1.24684, 52.98452 ], [ -1.22609, 52.98115 ] ] ] } },
{ "type": "Feature", "properties": { "small_area": "E01013970" }, "geometry": { "type": "Polygon", "coordinates": [ [ [ -1.1578, 52.98187 ], [ -1.14887, 52.98308 ], [ -1.15115, 52.97966 ], [ -1.15709, 52.97931 ], [ -1.1578, 52.98187 ] ] ] } },
{ "type": "Feature", "properties": { "small_area": "E01025831" }, "geometry": { "type": "Polygon", "coordinates": [ [ [ -1.36127, 52.52405 ], [ -1.368, 52.52596 ], [ -1.36528, 52.53093 ], [ -1.36273, 52.53072 ], [ -1.36127, 52.52405 ] ] ] } },
{ "type": "Feature", "properties": { "small_area": "E01025830" }, "geometry": { "type": "Polygon", "coordinates": [ [ [ -1.34141, 52.52776 ], [ -1.34489, 52.52994 ], [ -1.35114, 52.52746 ], [ -1.3544, 52.52802 ], [ -1.35332, 52.53254 ], [ -1.36006, 52.53142 ], [ -1.34603, 52.53522 ], [ -1.34675, 52.53242 ], [ -1.33996, 52.53024 ], [ -1.34141, 52.52776 ] ] ] } },
{ "type": "Feature", "properties": { "small_area": "E01025833" }, "geometry": { "type": "Polygon", "coordinates": [ [ [ -1.34468, 52.50841 ], [ -1.35224, 52.52626 ], [ -1.35721, 52.52622 ], [ -1.33239, 52.53175 ], [ -1.33042, 52.5246 ], [ -1.31798, 52.5151 ], [ -1.3251, 52.50102 ], [ -1.34468, 52.50841 ] ] ] } },
{ "type": "Feature", "properties": { "small_area": "E01025832" }, "geometry": { "type": "Polygon", "coordinates": [ [ [ -1.34468, 52.50841 ], [ -1.37841, 52.52091 ], [ -1.36842, 52.52584 ], [ -1.36047, 52.51885 ], [ -1.34909, 52.51901 ], [ -1.34468, 52.50841 ] ] ] } },
{ "type": "Feature", "properties": { "small_area": "E01025835" }, "geometry": { "type": "Polygon", "coordinates": [ [ [ -1.368, 52.52596 ], [ -1.37841, 52.52091 ], [ -1.3949, 52.52694 ], [ -1.39156, 52.52911 ], [ -1.39441, 52.53222 ], [ -1.38908, 52.53306 ], [ -1.37614, 52.53442 ], [ -1.37155, 52.52981 ], [ -1.36528, 52.53093 ], [ -1.368, 52.52596 ] ] ] } },
{ "type": "Feature", "properties": { "small_area": "E01025834" }, "geometry": { "type": "Polygon", "coordinates": [ [ [ -1.35721, 52.52622 ], [ -1.35224, 52.52626 ], [ -1.34909, 52.51901 ], [ -1.36047, 52.51885 ], [ -1.36842, 52.52584 ], [ -1.36127, 52.52405 ], [ -1.36006, 52.52658 ], [ -1.35381, 52.52774 ], [ -1.35721, 52.52622 ] ] ] } },
{ "type": "Feature", "properties": { "small_area": "E01025837" }, "geometry": { "type": "Polygon", "coordinates": [ [ [ -1.40771, 52.64101 ], [ -1.41375, 52.63965 ], [ -1.41585, 52.63371 ], [ -1.40639, 52.62639 ], [ -1.41267, 52.62154 ], [ -1.41413, 52.62345 ], [ -1.41368, 52.6208 ], [ -1.40528, 52.62036 ], [ -1.42224, 52.60248 ], [ -1.44438, 52.61281 ], [ -1.43798, 52.62799 ], [ -1.46051, 52.63623 ], [ -1.47123, 52.63111 ], [ -1.48703, 52.64818 ], [ -1.46468, 52.65888 ], [ -1.47143, 52.66119 ], [ -1.46989, 52.66346 ], [ -1.48024, 52.66326 ], [ -1.49402, 52.66903 ], [ -1.47703, 52.6777 ], [ -1.46718, 52.66805 ], [ -1.44575, 52.66394 ], [ -1.4304, 52.68062 ], [ -1.42146, 52.68333 ], [ -1.4182, 52.67821 ], [ -1.40192, 52.67206 ], [ -1.40771, 52.64101 ] ] ] } },
{ "type": "Feature", "properties": { "small_area": "E01025782" }, "geometry": { "type": "Polygon", "coordinates": [ [ [ -1.03748, 52.57435 ], [ -1.03911, 52.57822 ], [ -1.02429, 52.57897 ], [ -1.02806, 52.57388 ], [ -1.03748, 52.57435 ] ] ] } },
{ "type": "Feature", "properties": { "small_area": "E01019764" }, "geometry": { "type": "Polygon", "coordinates": [ [ [ -1.96129, 53.31692 ], [ -1.9644, 53.3101 ], [ -1.96003, 53.30501 ], [ -1.98878, 53.29752 ], [ -1.99579, 53.30253 ], [ -2.00155, 53.3189 ], [ -2.01155, 53.32594 ], [ -2.00929, 53.33136 ], [ -1.99471, 53.32978 ], [ -1.99297, 53.32768 ], [ -2.0028, 53.32354 ], [ -1.9903, 53.32622 ], [ -1.98737, 53.3244 ], [ -1.99239, 53.32383 ], [ -1.98845, 53.31592 ], [ -1.98284, 53.32183 ], [ -1.97814, 53.32119 ], [ -1.97534, 53.33005 ], [ -1.96926, 53.33203 ], [ -1.96129, 53.31692 ] ] ] } },
{ "type": "Feature", "properties": { "small_area": "E01025702" }, "geometry": { "type": "Polygon", "coordinates": [ [ [ -1.19196, 52.75772 ], [ -1.1979, 52.76461 ], [ -1.19466, 52.76601 ], [ -1.17852, 52.7636 ], [ -1.19196, 52.75772 ] ] ] } },
{ "type": "Feature", "properties": { "small_area": "E01025783" }, "geometry": { "type": "Polygon", "coordinates": [ [ [ -1.00074, 52.60457 ], [ -1.00821, 52.59071 ], [ -0.95534, 52.57199 ], [ -0.96261, 52.55039 ], [ -0.97693, 52.54513 ], [ -0.99186, 52.56409 ], [ -1.00024, 52.55725 ], [ -1.01415, 52.5566 ], [ -1.01911, 52.55138 ], [ -1.02939, 52.54857 ], [ -1.03546, 52.55435 ], [ -1.04556, 52.55481 ], [ -1.04992, 52.5587 ], [ -1.04457, 52.56402 ], [ -1.04668, 52.57017 ], [ -1.03868, 52.57298 ], [ -1.03968, 52.56874 ], [ -1.0309, 52.56369 ], [ -1.0266, 52.56872 ], [ -1.03139, 52.57323 ], [ -1.02701, 52.57169 ], [ -1.02429, 52.57897 ], [ -1.03622, 52.57767 ], [ -1.02777, 52.59139 ], [ -1.04218, 52.59827 ], [ -1.02395, 52.60111 ], [ -1.01123, 52.61322 ], [ -1.00313, 52.60952 ], [ -1.00074, 52.60457 ] ] ] } },
{ "type": "Feature", "properties": { "small_area": "E01025874" }, "geometry": { "type": "Polygon", "coordinates": [ [ [ -1.29639, 52.62226 ], [ -1.28435, 52.61261 ], [ -1.28458, 52.60898 ], [ -1.30494, 52.61796 ], [ -1.30642, 52.62745 ], [ -1.2951, 52.62582 ], [ -1.29639, 52.62226 ] ] ] } },
{ "type": "Feature", "properties": { "small_area": "E01025703" }, "geometry": { "type": "Polygon", "coordinates": [ [ [ -1.20328, 52.77458 ], [ -1.19869, 52.77603 ], [ -1.20573, 52.7719 ], [ -1.21051, 52.774 ], [ -1.20799, 52.77839 ], [ -1.20264, 52.77695 ], [ -1.20328, 52.77458 ] ] ] } },
{ "type": "Feature", "properties": { "small_area": "E01019765" }, "geometry": { "type": "Polygon", "coordinates": [ [ [ -1.96926, 53.33203 ], [ -1.97534, 53.33005 ], [ -1.97814, 53.32119 ], [ -1.98284, 53.32183 ], [ -1.98845, 53.31592 ], [ -1.99239, 53.32383 ], [ -1.98829, 53.32246 ], [ -1.98469, 53.32969 ], [ -1.98991, 53.33043 ], [ -1.98012, 53.33032 ], [ -1.98365, 53.33913 ], [ -1.96926, 53.33203 ] ] ] } },
{ "type": "Feature", "properties": { "small_area": "E01025877" }, "geometry": { "type": "Polygon", "coordinates": [ [ [ -1.24126, 52.6455 ], [ -1.23753, 52.64759 ], [ -1.23428, 52.64411 ], [ -1.22597, 52.64372 ], [ -1.23406, 52.64019 ], [ -1.24168, 52.64182 ], [ -1.26057, 52.63743 ], [ -1.26441, 52.64508 ], [ -1.28251, 52.65187 ], [ -1.28271, 52.65575 ], [ -1.27586, 52.65655 ], [ -1.27013, 52.65082 ], [ -1.24279, 52.65063 ], [ -1.24126, 52.6455 ] ] ] } },
{ "type": "Feature", "properties": { "small_area": "E01013472" }, "geometry": { "type": "Polygon", "coordinates": [ [ [ -1.43827, 52.89744 ], [ -1.44059, 52.8938 ], [ -1.44474, 52.89533 ], [ -1.44412, 52.89218 ], [ -1.45306, 52.8917 ], [ -1.45973, 52.90163 ], [ -1.43827, 52.89744 ] ] ] } },
{ "type": "Feature", "properties": { "small_area": "E01013475" }, "geometry": { "type": "Polygon", "coordinates": [ [ [ -1.44412, 52.89218 ], [ -1.44474, 52.89533 ], [ -1.44059, 52.8938 ], [ -1.43809, 52.89769 ], [ -1.43451, 52.89389 ], [ -1.44412, 52.89218 ] ] ] } },
{ "type": "Feature", "properties": { "small_area": "E01026272" }, "geometry": { "type": "Polygon", "coordinates": [ [ [ -0.14997, 52.78601 ], [ -0.14211, 52.79298 ], [ -0.13605, 52.78945 ], [ -0.14997, 52.78601 ] ] ] } },
{ "type": "Feature", "properties": { "small_area": "E01027280" }, "geometry": { "type": "Polygon", "coordinates": [ [ [ -0.87729, 52.06336 ], [ -0.88412, 52.05864 ], [ -0.87103, 52.05362 ], [ -0.87134, 52.04024 ], [ -0.87998, 52.02887 ], [ -0.88991, 52.03158 ], [ -0.90605, 52.02121 ], [ -0.93028, 52.04321 ], [ -0.9379, 52.06119 ], [ -0.93376, 52.06262 ], [ -0.93933, 52.06215 ], [ -0.9393, 52.06734 ], [ -0.94441, 52.07002 ], [ -0.94007, 52.07583 ], [ -0.92412, 52.07073 ], [ -0.9145, 52.07613 ], [ -0.89947, 52.07212 ], [ -0.89312, 52.0733 ], [ -0.88528, 52.06518 ], [ -0.87729, 52.06336 ] ], [ [ -0.88627, 52.05141 ], [ -0.89522, 52.05836 ], [ -0.90461, 52.05485 ], [ -0.91154, 52.05695 ], [ -0.90604, 52.05208 ], [ -0.88627, 52.05141 ] ] ] } },
{ "type": "Feature", "properties": { "small_area": "E01027980" }, "geometry": { "type": "Polygon", "coordinates": [ [ [ -1.28026, 53.14164 ], [ -1.2863, 53.14521 ], [ -1.28794, 53.14802 ], [ -1.28562, 53.14533 ], [ -1.26975, 53.14894 ], [ -1.26714, 53.14405 ], [ -1.28026, 53.14164 ] ] ] } },
{ "type": "Feature", "properties": { "small_area": "E01019807" }, "geometry": { "type": "Polygon", "coordinates": [ [ [ -1.31297, 53.31827 ], [ -1.31941, 53.31623 ], [ -1.32133, 53.32081 ], [ -1.31547, 53.32238 ], [ -1.31297, 53.31827 ] ] ] } },
{ "type": "Feature", "properties": { "small_area": "E01019638" }, "geometry": { "type": "Polygon", "coordinates": [ [ [ -1.31795, 52.98674 ], [ -1.31412, 52.98275 ], [ -1.31962, 52.98588 ], [ -1.31663, 52.98247 ], [ -1.32373, 52.98424 ], [ -1.32237, 52.99066 ], [ -1.31795, 52.98674 ] ] ] } },
{ "type": "Feature", "properties": { "small_area": "E01019806" }, "geometry": { "type": "Polygon", "coordinates": [ [ [ -1.3199, 53.32229 ], [ -1.32804, 53.31892 ], [ -1.32835, 53.32663 ], [ -1.32473, 53.32881 ], [ -1.3199, 53.32229 ] ] ] } },
{ "type": "Feature", "properties": { "small_area": "E01025899" }, "geometry": { "type": "Polygon", "coordinates": [ [ [ -0.88751, 52.76493 ], [ -0.89803, 52.76761 ], [ -0.89293, 52.76994 ], [ -0.89418, 52.77267 ], [ -0.88887, 52.77464 ], [ -0.88751, 52.76493 ] ] ] } },
{ "type": "Feature", "properties": { "small_area": "E01013496" }, "geometry": { "type": "Polygon", "coordinates": [ [ [ -1.40974, 52.88642 ], [ -1.41725, 52.88474 ], [ -1.42085, 52.89075 ], [ -1.40974, 52.88642 ] ] ] } },
{ "type": "Feature", "properties": { "small_area": "E01019831" }, "geometry": { "type": "Polygon", "coordinates": [ [ [ -1.41826, 53.20102 ], [ -1.42599, 53.20091 ], [ -1.42646, 53.20594 ], [ -1.42933, 53.20302 ], [ -1.43614, 53.21331 ], [ -1.42743, 53.21533 ], [ -1.41826, 53.20102 ] ] ] } },
{ "type": "Feature", "properties": { "small_area": "E01028310" }, "geometry": { "type": "Polygon", "coordinates": [ [ [ -0.80124, 53.0844 ], [ -0.80387, 53.07868 ], [ -0.8098, 53.07446 ], [ -0.81276, 53.07661 ], [ -0.80781, 53.08199 ], [ -0.82421, 53.07696 ], [ -0.82546, 53.07971 ], [ -0.81612, 53.08319 ], [ -0.82186, 53.0915 ], [ -0.80691, 53.09005 ], [ -0.80124, 53.0844 ] ] ] } },
{ "type": "Feature", "properties": { "small_area": "E01026396" }, "geometry": { "type": "Polygon", "coordinates": [ [ [ -0.66649, 53.27462 ], [ -0.66186, 53.27595 ], [ -0.64711, 53.27433 ], [ -0.6589, 53.2669 ], [ -0.65987, 53.26995 ], [ -0.66315, 53.26797 ], [ -0.66649, 53.27462 ] ] ] } },
{ "type": "Feature", "properties": { "small_area": "E01033402" }, "geometry": { "type": "Polygon", "coordinates": [ [ [ -1.14548, 52.94894 ], [ -1.13846, 52.95127 ], [ -1.13021, 52.94654 ], [ -1.13984, 52.94381 ], [ -1.14548, 52.94894 ] ] ] } },
{ "type": "Feature", "properties": { "small_area": "E01019740" }, "geometry": { "type": "Polygon", "coordinates": [ [ [ -1.95093, 53.44075 ], [ -1.95103, 53.43466 ], [ -1.9579, 53.43946 ], [ -1.95093, 53.44075 ] ] ] } },
{ "type": "Feature", "properties": { "small_area": "E01019742" }, "geometry": { "type": "Polygon", "coordinates": [ [ [ -1.81624, 53.28179 ], [ -1.80006, 53.27117 ], [ -1.79857, 53.26066 ], [ -1.79029, 53.2564 ], [ -1.81576, 53.2581 ], [ -1.81612, 53.25394 ], [ -1.84688, 53.24897 ], [ -1.86084, 53.24981 ], [ -1.87072, 53.24641 ], [ -1.87489, 53.24965 ], [ -1.87246, 53.25449 ], [ -1.88091, 53.26677 ], [ -1.88085, 53.27266 ], [ -1.88464, 53.27065 ], [ -1.89812, 53.27818 ], [ -1.89205, 53.28859 ], [ -1.87945, 53.2988 ], [ -1.86296, 53.28896 ], [ -1.8591, 53.29299 ], [ -1.82389, 53.29222 ], [ -1.81624, 53.28179 ] ] ] } },
{ "type": "Feature", "properties": { "small_area": "E01019743" }, "geometry": { "type": "Polygon", "coordinates": [ [ [ -1.99876, 53.36968 ], [ -1.98537, 53.37718 ], [ -1.99028, 53.36697 ], [ -1.99876, 53.36968 ] ] ] } },
{ "type": "Feature", "properties": { "small_area": "E01019745" }, "geometry": { "type": "Polygon", "coordinates": [ [ [ -1.99028, 53.36697 ], [ -1.99067, 53.35814 ], [ -1.99329, 53.35689 ], [ -1.99957, 53.36337 ], [ -1.99028, 53.36697 ] ] ] } },
{ "type": "Feature", "properties": { "small_area": "E01028407" }, "geometry": { "type": "Polygon", "coordinates": [ [ [ -1.15205, 52.90442 ], [ -1.14967, 52.89418 ], [ -1.15458, 52.89181 ], [ -1.16025, 52.89581 ], [ -1.17129, 52.89443 ], [ -1.16628, 52.89892 ], [ -1.15861, 52.90004 ], [ -1.1589, 52.91277 ], [ -1.1448, 52.90728 ], [ -1.15205, 52.90442 ] ] ] } },
{ "type": "Feature", "properties": { "small_area": "E01013919" }, "geometry": { "type": "Polygon", "coordinates": [ [ [ -1.12588, 52.9494 ], [ -1.13069, 52.94874 ], [ -1.12995, 52.95285 ], [ -1.12687, 52.95453 ], [ -1.12588, 52.9494 ] ] ] } },
{ "type": "Feature", "properties": { "small_area": "E01026400" }, "geometry": { "type": "Polygon", "coordinates": [ [ [ -0.54378, 53.33488 ], [ -0.54084, 53.29085 ], [ -0.61973, 53.29644 ], [ -0.63648, 53.30012 ], [ -0.6439, 53.29811 ], [ -0.63834, 53.31006 ], [ -0.64401, 53.318 ], [ -0.63693, 53.32548 ], [ -0.64412, 53.33064 ], [ -0.54378, 53.33488 ] ] ] } },
{ "type": "Feature", "properties": { "small_area": "E01013918" }, "geometry": { "type": "Polygon", "coordinates": [ [ [ -1.12195, 52.95224 ], [ -1.1252, 52.95105 ], [ -1.12687, 52.95453 ], [ -1.12122, 52.95524 ], [ -1.12195, 52.95224 ] ] ] } },
{ "type": "Feature", "properties": { "small_area": "E01013855" }, "geometry": { "type": "Polygon", "coordinates": [ [ [ -1.17732, 52.99432 ], [ -1.17883, 52.99597 ], [ -1.16937, 52.99912 ], [ -1.16868, 52.99642 ], [ -1.17732, 52.99432 ] ] ] } },
{ "type": "Feature", "properties": { "small_area": "E01013854" }, "geometry": { "type": "Polygon", "coordinates": [ [ [ -1.16011, 52.99623 ], [ -1.16868, 52.99642 ], [ -1.16686, 53.00238 ], [ -1.16144, 53.00201 ], [ -1.16011, 52.99623 ] ] ] } },
{ "type": "Feature", "properties": { "small_area": "E01013856" }, "geometry": { "type": "Polygon", "coordinates": [ [ [ -1.15356, 52.99624 ], [ -1.1523, 52.99377 ], [ -1.16267, 52.99313 ], [ -1.16759, 52.99632 ], [ -1.15356, 52.99624 ] ] ] } },
{ "type": "Feature", "properties": { "small_area": "E01019443" }, "geometry": { "type": "Polygon", "coordinates": [ [ [ -1.361, 53.07357 ], [ -1.36917, 53.0732 ], [ -1.37633, 53.06036 ], [ -1.38605, 53.06349 ], [ -1.37542, 53.06674 ], [ -1.37955, 53.07447 ], [ -1.361, 53.07357 ] ] ] } },
{ "type": "Feature", "properties": { "small_area": "E01019445" }, "geometry": { "type": "Polygon", "coordinates": [ [ [ -1.3603, 53.0705 ], [ -1.36559, 53.06699 ], [ -1.35865, 53.06096 ], [ -1.37326, 53.06307 ], [ -1.36917, 53.0732 ], [ -1.3603, 53.0705 ] ] ] } },
{ "type": "Feature", "properties": { "small_area": "E01019442" }, "geometry": { "type": "Polygon", "coordinates": [ [ [ -1.33574, 53.05069 ], [ -1.35747, 53.04778 ], [ -1.35888, 53.05209 ], [ -1.37952, 53.05005 ], [ -1.37761, 53.05486 ], [ -1.371, 53.05655 ], [ -1.37633, 53.06036 ], [ -1.37326, 53.06307 ], [ -1.34194, 53.06075 ], [ -1.33574, 53.05069 ] ] ] } },
{ "type": "Feature", "properties": { "small_area": "E01019444" }, "geometry": { "type": "Polygon", "coordinates": [ [ [ -1.34194, 53.06075 ], [ -1.35292, 53.06345 ], [ -1.35865, 53.06096 ], [ -1.36559, 53.06699 ], [ -1.3603, 53.0705 ], [ -1.361, 53.07357 ], [ -1.34869, 53.06785 ], [ -1.34384, 53.06871 ], [ -1.34194, 53.06075 ] ] ] } },
{ "type": "Feature", "properties": { "small_area": "E01013852" }, "geometry": { "type": "Polygon", "coordinates": [ [ [ -1.15257, 53.00329 ], [ -1.15552, 53.00272 ], [ -1.15992, 53.00861 ], [ -1.15203, 53.00768 ], [ -1.15257, 53.00329 ] ] ] } },
{ "type": "Feature", "properties": { "small_area": "E01026973" }, "geometry": { "type": "Polygon", "coordinates": [ [ [ -0.71653, 52.49274 ], [ -0.70926, 52.49115 ], [ -0.71383, 52.48855 ], [ -0.72377, 52.49189 ], [ -0.72, 52.4972 ], [ -0.71668, 52.49629 ], [ -0.71653, 52.49274 ] ] ] } },
{ "type": "Feature", "properties": { "small_area": "E01019508" }, "geometry": { "type": "Polygon", "coordinates": [ [ [ -1.20474, 53.20826 ], [ -1.21482, 53.20492 ], [ -1.22068, 53.2102 ], [ -1.2182, 53.21493 ], [ -1.20474, 53.20826 ] ] ] } },
{ "type": "Feature", "properties": { "small_area": "E01019589" }, "geometry": { "type": "Polygon", "coordinates": [ [ [ -1.4393, 53.21877 ], [ -1.44753, 53.2214 ], [ -1.45804, 53.22012 ], [ -1.44686, 53.22655 ], [ -1.4393, 53.21877 ] ] ] } },
{ "type": "Feature", "properties": { "small_area": "E01026972" }, "geometry": { "type": "Polygon", "coordinates": [ [ [ -0.70317, 52.49342 ], [ -0.70969, 52.49409 ], [ -0.69989, 52.49976 ], [ -0.69689, 52.4958 ], [ -0.70317, 52.49342 ] ] ] } },
{ "type": "Feature", "properties": { "small_area": "E01032991" }, "geometry": { "type": "Polygon", "coordinates": [ [ [ -0.58008, 53.19715 ], [ -0.59402, 53.18907 ], [ -0.59398, 53.19418 ], [ -0.59959, 53.18969 ], [ -0.61582, 53.1925 ], [ -0.62242, 53.20267 ], [ -0.61972, 53.20806 ], [ -0.61371, 53.20271 ], [ -0.60049, 53.20355 ], [ -0.58008, 53.19715 ] ] ] } },
{ "type": "Feature", "properties": { "small_area": "E01026975" }, "geometry": { "type": "Polygon", "coordinates": [ [ [ -0.7215, 52.49988 ], [ -0.71565, 52.49885 ], [ -0.72377, 52.49189 ], [ -0.72876, 52.49354 ], [ -0.7215, 52.49988 ] ] ] } },
{ "type": "Feature", "properties": { "small_area": "E01032992" }, "geometry": { "type": "Polygon", "coordinates": [ [ [ -0.61449, 53.18048 ], [ -0.61746, 53.18804 ], [ -0.61217, 53.18887 ], [ -0.61582, 53.1925 ], [ -0.59959, 53.18969 ], [ -0.59398, 53.19418 ], [ -0.59402, 53.18907 ], [ -0.61449, 53.18048 ] ] ] } },
{ "type": "Feature", "properties": { "small_area": "E01026276" }, "geometry": { "type": "MultiPolygon", "coordinates": [ [ [ [ -0.08331, 52.85262 ], [ -0.08464, 52.85485 ], [ -0.08183, 52.85583 ], [ -0.06896, 52.86415 ], [ -0.06564, 52.86287 ], [ -0.08331, 52.85262 ] ] ], [ [ [ -0.23212, 52.86438 ], [ -0.22023, 52.86247 ], [ -0.19535, 52.86359 ], [ -0.19322, 52.8733 ], [ -0.18109, 52.84307 ], [ -0.16559, 52.84105 ], [ -0.16622, 52.85282 ], [ -0.15143, 52.84904 ], [ -0.13892, 52.85412 ], [ -0.1315, 52.85283 ], [ -0.13077, 52.85587 ], [ -0.14721, 52.86279 ], [ -0.1256, 52.86795 ], [ -0.10843, 52.86012 ], [ -0.09994, 52.87058 ], [ -0.0848, 52.86452 ], [ -0.08049, 52.86694 ], [ -0.0699, 52.86437 ], [ -0.09061, 52.85365 ], [ -0.09785, 52.84559 ], [ -0.11214, 52.84304 ], [ -0.1111, 52.83906 ], [ -0.12702, 52.84007 ], [ -0.13891, 52.8334 ], [ -0.15188, 52.83101 ], [ -0.15816, 52.83134 ], [ -0.15161, 52.83339 ], [ -0.15385, 52.83659 ], [ -0.16309, 52.8339 ], [ -0.21187, 52.83844 ], [ -0.22686, 52.83571 ], [ -0.27504, 52.84084 ], [ -0.2763, 52.86167 ], [ -0.2709, 52.87209 ], [ -0.25656, 52.86834 ], [ -0.26953, 52.87694 ], [ -0.26752, 52.88134 ], [ -0.25766, 52.87446 ], [ -0.2374, 52.87363 ], [ -0.23212, 52.86438 ] ] ] ] } },
{ "type": "Feature", "properties": { "small_area": "E01026974" }, "geometry": { "type": "Polygon", "coordinates": [ [ [ -0.73076, 52.4942 ], [ -0.72315, 52.50372 ], [ -0.7198, 52.50179 ], [ -0.73076, 52.4942 ] ] ] } },
{ "type": "Feature", "properties": { "small_area": "E01026970" }, "geometry": { "type": "Polygon", "coordinates": [ [ [ -0.71114, 52.49944 ], [ -0.71036, 52.50198 ], [ -0.69916, 52.50317 ], [ -0.7044, 52.49761 ], [ -0.71114, 52.49944 ] ] ] } },
{ "type": "Feature", "properties": { "small_area": "E01019509" }, "geometry": { "type": "Polygon", "coordinates": [ [ [ -1.22068, 53.2102 ], [ -1.23319, 53.20882 ], [ -1.23214, 53.21621 ], [ -1.2182, 53.21493 ], [ -1.22068, 53.2102 ] ] ] } },
{ "type": "Feature", "properties": { "small_area": "E01013492" }, "geometry": { "type": "Polygon", "coordinates": [ [ [ -1.49764, 52.89046 ], [ -1.49858, 52.88819 ], [ -1.511, 52.89102 ], [ -1.5086, 52.89514 ], [ -1.49764, 52.89046 ] ] ] } },
{ "type": "Feature", "properties": { "small_area": "E01013893" }, "geometry": { "type": "Polygon", "coordinates": [ [ [ -1.16686, 53.00238 ], [ -1.16937, 52.99912 ], [ -1.17497, 52.99791 ], [ -1.18074, 53.00341 ], [ -1.16892, 53.00671 ], [ -1.16686, 53.00238 ] ] ] } },
{ "type": "Feature", "properties": { "small_area": "E01019788" }, "geometry": { "type": "Polygon", "coordinates": [ [ [ -1.50685, 53.30348 ], [ -1.50957, 53.30038 ], [ -1.5235, 53.30499 ], [ -1.52617, 53.3104 ], [ -1.51043, 53.31597 ], [ -1.50313, 53.31278 ], [ -1.50155, 53.30416 ], [ -1.49666, 53.3028 ], [ -1.5015, 53.29926 ], [ -1.50685, 53.30348 ] ] ] } },
{ "type": "Feature", "properties": { "small_area": "E01025945" }, "geometry": { "type": "Polygon", "coordinates": [ [ [ -1.28644, 52.83947 ], [ -1.27756, 52.83575 ], [ -1.28152, 52.83329 ], [ -1.27397, 52.83499 ], [ -1.27136, 52.83155 ], [ -1.27773, 52.8323 ], [ -1.27945, 52.82522 ], [ -1.28389, 52.82573 ], [ -1.29063, 52.83158 ], [ -1.28644, 52.83947 ] ] ] } },
{ "type": "Feature", "properties": { "small_area": "E01025942" }, "geometry": { "type": "Polygon", "coordinates": [ [ [ -1.40685, 52.68704 ], [ -1.40985, 52.69191 ], [ -1.40406, 52.6996 ], [ -1.38725, 52.69868 ], [ -1.39146, 52.69409 ], [ -1.39996, 52.69753 ], [ -1.39846, 52.69357 ], [ -1.40685, 52.68704 ] ] ] } },
{ "type": "Feature", "properties": { "small_area": "E01025944" }, "geometry": { "type": "Polygon", "coordinates": [ [ [ -1.29063, 52.83158 ], [ -1.28389, 52.82573 ], [ -1.27945, 52.82522 ], [ -1.27773, 52.8323 ], [ -1.27136, 52.83155 ], [ -1.27089, 52.82373 ], [ -1.26003, 52.81902 ], [ -1.26193, 52.81043 ], [ -1.27191, 52.80464 ], [ -1.27889, 52.79605 ], [ -1.27958, 52.78856 ], [ -1.27483, 52.78755 ], [ -1.27868, 52.78316 ], [ -1.31876, 52.78541 ], [ -1.3169, 52.79433 ], [ -1.33384, 52.79503 ], [ -1.30592, 52.81026 ], [ -1.30327, 52.82353 ], [ -1.31117, 52.83136 ], [ -1.30278, 52.84581 ], [ -1.29599, 52.84783 ], [ -1.28644, 52.83947 ], [ -1.29063, 52.83158 ] ] ] } },
{ "type": "Feature", "properties": { "small_area": "E01025947" }, "geometry": { "type": "Polygon", "coordinates": [ [ [ -1.51143, 52.70332 ], [ -1.50536, 52.70182 ], [ -1.50453, 52.70627 ], [ -1.49931, 52.70917 ], [ -1.49725, 52.70628 ], [ -1.50128, 52.70531 ], [ -1.49615, 52.70421 ], [ -1.50204, 52.69805 ], [ -1.49108, 52.70006 ], [ -1.48511, 52.70565 ], [ -1.47723, 52.70086 ], [ -1.50418, 52.6872 ], [ -1.5124, 52.69093 ], [ -1.51661, 52.70025 ], [ -1.51143, 52.70332 ] ] ] } },
{ "type": "Feature", "properties": { "small_area": "E01025946" }, "geometry": { "type": "Polygon", "coordinates": [ [ [ -1.26454, 52.85824 ], [ -1.27092, 52.85205 ], [ -1.27093, 52.84662 ], [ -1.26622, 52.84266 ], [ -1.27074, 52.83968 ], [ -1.26682, 52.83756 ], [ -1.28152, 52.83329 ], [ -1.27756, 52.83575 ], [ -1.2829, 52.83676 ], [ -1.29599, 52.84783 ], [ -1.28815, 52.84814 ], [ -1.28083, 52.85765 ], [ -1.26454, 52.85824 ] ] ] } },
{ "type": "Feature", "properties": { "small_area": "E01025943" }, "geometry": { "type": "Polygon", "coordinates": [ [ [ -1.40192, 52.67206 ], [ -1.4182, 52.67821 ], [ -1.42146, 52.68333 ], [ -1.41707, 52.68598 ], [ -1.40309, 52.68463 ], [ -1.39846, 52.69357 ], [ -1.39475, 52.69089 ], [ -1.39868, 52.68499 ], [ -1.38292, 52.67535 ], [ -1.40192, 52.67206 ] ] ] } },
{ "type": "Feature", "properties": { "small_area": "E01025940" }, "geometry": { "type": "Polygon", "coordinates": [ [ [ -1.36652, 52.69249 ], [ -1.35111, 52.69414 ], [ -1.34261, 52.69018 ], [ -1.34923, 52.68955 ], [ -1.34845, 52.68502 ], [ -1.35835, 52.6828 ], [ -1.3606, 52.67646 ], [ -1.36531, 52.68018 ], [ -1.38292, 52.67535 ], [ -1.39868, 52.68499 ], [ -1.39475, 52.69089 ], [ -1.39996, 52.69753 ], [ -1.39146, 52.69409 ], [ -1.38823, 52.69564 ], [ -1.38725, 52.69868 ], [ -1.39342, 52.70049 ], [ -1.37222, 52.6988 ], [ -1.37208, 52.69469 ], [ -1.36652, 52.69249 ] ] ] } },
{ "type": "Feature", "properties": { "small_area": "E01019409" }, "geometry": { "type": "Polygon", "coordinates": [ [ [ -1.47215, 53.03106 ], [ -1.46896, 53.0338 ], [ -1.46059, 53.0266 ], [ -1.47215, 53.03106 ] ] ] } },
{ "type": "Feature", "properties": { "small_area": "E01013915" }, "geometry": { "type": "Polygon", "coordinates": [ [ [ -1.09459, 52.9567 ], [ -1.09688, 52.9555 ], [ -1.08813, 52.95157 ], [ -1.10538, 52.95121 ], [ -1.10666, 52.96142 ], [ -1.09459, 52.9567 ] ] ] } },
{ "type": "Feature", "properties": { "small_area": "E01013914" }, "geometry": { "type": "Polygon", "coordinates": [ [ [ -1.10666, 52.96142 ], [ -1.10578, 52.95867 ], [ -1.11243, 52.95954 ], [ -1.11021, 52.96427 ], [ -1.1019, 52.9614 ], [ -1.10666, 52.96142 ] ] ] } },
{ "type": "Feature", "properties": { "small_area": "E01013912" }, "geometry": { "type": "Polygon", "coordinates": [ [ [ -1.21051, 52.91225 ], [ -1.19902, 52.90946 ], [ -1.19339, 52.91242 ], [ -1.18392, 52.90439 ], [ -1.19752, 52.90322 ], [ -1.21356, 52.90882 ], [ -1.21051, 52.91225 ] ] ] } },
{ "type": "Feature", "properties": { "small_area": "E01019571" }, "geometry": { "type": "Polygon", "coordinates": [ [ [ -1.42792, 53.2557 ], [ -1.44113, 53.25276 ], [ -1.44693, 53.25586 ], [ -1.42892, 53.2582 ], [ -1.42792, 53.2557 ] ] ] } },
{ "type": "Feature", "properties": { "small_area": "E01019570" }, "geometry": { "type": "Polygon", "coordinates": [ [ [ -1.43037, 53.25047 ], [ -1.44834, 53.2521 ], [ -1.44693, 53.25586 ], [ -1.44113, 53.25276 ], [ -1.43475, 53.25494 ], [ -1.43037, 53.25047 ] ] ] } },
{ "type": "Feature", "properties": { "small_area": "E01026231" }, "geometry": { "type": "Polygon", "coordinates": [ [ [ -0.38702, 52.97644 ], [ -0.39696, 52.979 ], [ -0.4265, 52.97849 ], [ -0.41588, 52.9939 ], [ -0.39424, 52.99404 ], [ -0.38702, 52.97644 ] ] ] } },
{ "type": "Feature", "properties": { "small_area": "E01028234" }, "geometry": { "type": "Polygon", "coordinates": [ [ [ -1.16858, 53.13906 ], [ -1.17435, 53.13756 ], [ -1.17161, 53.13559 ], [ -1.17716, 53.13778 ], [ -1.17845, 53.1417 ], [ -1.16822, 53.14544 ], [ -1.16858, 53.13906 ] ] ] } },
{ "type": "Feature", "properties": { "small_area": "E01026230" }, "geometry": { "type": "Polygon", "coordinates": [ [ [ -0.38898, 53.01146 ], [ -0.39315, 53.00833 ], [ -0.41465, 53.00533 ], [ -0.41736, 53.00793 ], [ -0.41165, 53.00861 ], [ -0.41829, 53.01079 ], [ -0.41625, 53.01825 ], [ -0.37805, 53.01882 ], [ -0.38362, 53.01023 ], [ -0.38898, 53.01146 ] ] ] } },
{ "type": "Feature", "properties": { "small_area": "E01028237" }, "geometry": { "type": "Polygon", "coordinates": [ [ [ -1.13837, 53.1542 ], [ -1.15958, 53.14745 ], [ -1.16075, 53.14933 ], [ -1.14714, 53.15245 ], [ -1.1542, 53.1557 ], [ -1.14716, 53.15823 ], [ -1.14971, 53.1675 ], [ -1.14626, 53.16927 ], [ -1.13616, 53.1646 ], [ -1.13837, 53.1542 ] ] ] } },
{ "type": "Feature", "properties": { "small_area": "E01026233" }, "geometry": { "type": "Polygon", "coordinates": [ [ [ -0.41588, 52.9939 ], [ -0.41951, 52.98894 ], [ -0.42597, 52.9906 ], [ -0.42894, 52.99267 ], [ -0.43264, 52.99112 ], [ -0.4354, 52.99416 ], [ -0.42749, 52.99646 ], [ -0.42618, 52.9915 ], [ -0.41588, 52.9939 ] ] ] } },
{ "type": "Feature", "properties": { "small_area": "E01028236" }, "geometry": { "type": "Polygon", "coordinates": [ [ [ -1.16322, 53.14359 ], [ -1.16786, 53.1431 ], [ -1.16822, 53.14544 ], [ -1.17845, 53.1417 ], [ -1.18051, 53.144 ], [ -1.16263, 53.14694 ], [ -1.16322, 53.14359 ] ] ] } },
{ "type": "Feature", "properties": { "small_area": "E01026235" }, "geometry": { "type": "Polygon", "coordinates": [ [ [ -0.40824, 53.00616 ], [ -0.405, 53.00137 ], [ -0.41525, 52.99915 ], [ -0.41375, 53.00226 ], [ -0.42137, 53.00349 ], [ -0.40824, 53.00616 ] ] ] } },
{ "type": "Feature", "properties": { "small_area": "E01026232" }, "geometry": { "type": "Polygon", "coordinates": [ [ [ -0.39687, 53.00138 ], [ -0.39424, 52.99404 ], [ -0.40812, 52.99528 ], [ -0.40894, 52.99942 ], [ -0.405, 53.00137 ], [ -0.40824, 53.00616 ], [ -0.38898, 53.01146 ], [ -0.38362, 53.01023 ], [ -0.39687, 53.00138 ] ] ] } },
{ "type": "Feature", "properties": { "small_area": "E01026259" }, "geometry": { "type": "Polygon", "coordinates": [ [ [ -0.17692, 52.82436 ], [ -0.17831, 52.82182 ], [ -0.17226, 52.82241 ], [ -0.17052, 52.81869 ], [ -0.16629, 52.82011 ], [ -0.16727, 52.81694 ], [ -0.19617, 52.81721 ], [ -0.19968, 52.81609 ], [ -0.19893, 52.81039 ], [ -0.18551, 52.80772 ], [ -0.17401, 52.81346 ], [ -0.17003, 52.80894 ], [ -0.18166, 52.80575 ], [ -0.17537, 52.80303 ], [ -0.18284, 52.80389 ], [ -0.17203, 52.80127 ], [ -0.16544, 52.80717 ], [ -0.15783, 52.80095 ], [ -0.20339, 52.78119 ], [ -0.20983, 52.77329 ], [ -0.20615, 52.7707 ], [ -0.22812, 52.75984 ], [ -0.22368, 52.76717 ], [ -0.26218, 52.78705 ], [ -0.26681, 52.79649 ], [ -0.27504, 52.84084 ], [ -0.18874, 52.83486 ], [ -0.17692, 52.82436 ] ] ] } },
{ "type": "Feature", "properties": { "small_area": "E01026258" }, "geometry": { "type": "Polygon", "coordinates": [ [ [ -0.12167, 52.82332 ], [ -0.13558, 52.80564 ], [ -0.14553, 52.80031 ], [ -0.15783, 52.80095 ], [ -0.16544, 52.80717 ], [ -0.17203, 52.80127 ], [ -0.18284, 52.80389 ], [ -0.17537, 52.80303 ], [ -0.18166, 52.80575 ], [ -0.17003, 52.80894 ], [ -0.17401, 52.81346 ], [ -0.18551, 52.80772 ], [ -0.19893, 52.81039 ], [ -0.19968, 52.81609 ], [ -0.19617, 52.81721 ], [ -0.16727, 52.81694 ], [ -0.1635, 52.81534 ], [ -0.16743, 52.80974 ], [ -0.1607, 52.81117 ], [ -0.15771, 52.81855 ], [ -0.14374, 52.82291 ], [ -0.15414, 52.82669 ], [ -0.15188, 52.83101 ], [ -0.13891, 52.8334 ], [ -0.12702, 52.84007 ], [ -0.1111, 52.83906 ], [ -0.11214, 52.84304 ], [ -0.09785, 52.84559 ], [ -0.11361, 52.82648 ], [ -0.12167, 52.82332 ] ] ] } },
{ "type": "Feature", "properties": { "small_area": "E01028251" }, "geometry": { "type": "Polygon", "coordinates": [ [ [ -1.18062, 53.17975 ], [ -1.17029, 53.17829 ], [ -1.16731, 53.17105 ], [ -1.17491, 53.17011 ], [ -1.17683, 53.17443 ], [ -1.18087, 53.17307 ], [ -1.18062, 53.17975 ] ] ] } },
{ "type": "Feature", "properties": { "small_area": "E01027318" }, "geometry": { "type": "Polygon", "coordinates": [ [ [ -0.70551, 52.28777 ], [ -0.70184, 52.29085 ], [ -0.70511, 52.29386 ], [ -0.70128, 52.29618 ], [ -0.69857, 52.28977 ], [ -0.70551, 52.28777 ] ] ] } },
{ "type": "Feature", "properties": { "small_area": "E01027319" }, "geometry": { "type": "Polygon", "coordinates": [ [ [ -0.70555, 52.28714 ], [ -0.70915, 52.29004 ], [ -0.71861, 52.29014 ], [ -0.70511, 52.29386 ], [ -0.70184, 52.29085 ], [ -0.70555, 52.28714 ] ] ] } },
{ "type": "Feature", "properties": { "small_area": "E01013583" }, "geometry": { "type": "Polygon", "coordinates": [ [ [ -1.4562, 52.88511 ], [ -1.46011, 52.88437 ], [ -1.46676, 52.88934 ], [ -1.46233, 52.89574 ], [ -1.45852, 52.89408 ], [ -1.45749, 52.89797 ], [ -1.45306, 52.8917 ], [ -1.4562, 52.88511 ] ] ] } },
{ "type": "Feature", "properties": { "small_area": "E01026296" }, "geometry": { "type": "Polygon", "coordinates": [ [ [ -0.26157, 52.76998 ], [ -0.30452, 52.74601 ], [ -0.34917, 52.75326 ], [ -0.35894, 52.76441 ], [ -0.34531, 52.76648 ], [ -0.33018, 52.78631 ], [ -0.3477, 52.7856 ], [ -0.34467, 52.77787 ], [ -0.35522, 52.77469 ], [ -0.36005, 52.76969 ], [ -0.3725, 52.7749 ], [ -0.36851, 52.77746 ], [ -0.37618, 52.77727 ], [ -0.3762, 52.79402 ], [ -0.27734, 52.78962 ], [ -0.26681, 52.79649 ], [ -0.26218, 52.78705 ], [ -0.26157, 52.76998 ] ] ] } },
{ "type": "Feature", "properties": { "small_area": "E01026297" }, "geometry": { "type": "Polygon", "coordinates": [ [ [ -0.37188, 52.76891 ], [ -0.37666, 52.7718 ], [ -0.37618, 52.77727 ], [ -0.36851, 52.77746 ], [ -0.3725, 52.7749 ], [ -0.36673, 52.77201 ], [ -0.37188, 52.76891 ] ] ] } },
{ "type": "Feature", "properties": { "small_area": "E01026214" }, "geometry": { "type": "Polygon", "coordinates": [ [ [ -0.58191, 53.19417 ], [ -0.57957, 53.18877 ], [ -0.58016, 53.1884 ], [ -0.58841, 53.19139 ], [ -0.58191, 53.19417 ] ] ] } },
{ "type": "Feature", "properties": { "small_area": "E01032969" }, "geometry": { "type": "Polygon", "coordinates": [ [ [ -0.7947, 52.45291 ], [ -0.7902, 52.45239 ], [ -0.81237, 52.4451 ], [ -0.82253, 52.4468 ], [ -0.82481, 52.44927 ], [ -0.81911, 52.44786 ], [ -0.81723, 52.45485 ], [ -0.7947, 52.45291 ] ] ] } },
{ "type": "Feature", "properties": { "small_area": "E01032963" }, "geometry": { "type": "Polygon", "coordinates": [ [ [ -0.72321, 52.47063 ], [ -0.71773, 52.473 ], [ -0.70559, 52.47001 ], [ -0.71363, 52.46542 ], [ -0.72321, 52.47063 ] ] ] } },
{ "type": "Feature", "properties": { "small_area": "E01032965" }, "geometry": { "type": "Polygon", "coordinates": [ [ [ -0.69405, 52.4747 ], [ -0.71068, 52.47738 ], [ -0.70401, 52.48066 ], [ -0.69198, 52.47905 ], [ -0.69405, 52.4747 ] ] ] } },
{ "type": "Feature", "properties": { "small_area": "E01025995" }, "geometry": { "type": "Polygon", "coordinates": [ [ [ -1.11833, 52.5899 ], [ -1.12607, 52.59037 ], [ -1.12649, 52.59566 ], [ -1.11733, 52.59695 ], [ -1.11812, 52.59436 ], [ -1.1144, 52.59428 ], [ -1.11833, 52.5899 ] ] ] } },
{ "type": "Feature", "properties": { "small_area": "E01025914" }, "geometry": { "type": "Polygon", "coordinates": [ [ [ -1.44443, 52.74141 ], [ -1.44401, 52.74075 ], [ -1.44933, 52.73715 ], [ -1.45639, 52.73993 ], [ -1.46392, 52.73394 ], [ -1.47238, 52.73683 ], [ -1.47279, 52.74098 ], [ -1.46563, 52.74176 ], [ -1.46453, 52.7389 ], [ -1.46362, 52.74432 ], [ -1.44443, 52.74141 ] ] ] } },
{ "type": "Feature", "properties": { "small_area": "E01025915" }, "geometry": { "type": "Polygon", "coordinates": [ [ [ -1.47348, 52.74661 ], [ -1.46814, 52.74823 ], [ -1.45903, 52.7458 ], [ -1.46362, 52.74432 ], [ -1.46453, 52.7389 ], [ -1.46563, 52.74176 ], [ -1.47424, 52.74279 ], [ -1.47348, 52.74661 ] ] ] } },
{ "type": "Feature", "properties": { "small_area": "E01025994" }, "geometry": { "type": "Polygon", "coordinates": [ [ [ -1.11127, 52.58651 ], [ -1.1142, 52.58298 ], [ -1.12294, 52.58136 ], [ -1.12607, 52.59037 ], [ -1.12221, 52.59173 ], [ -1.12085, 52.58661 ], [ -1.11127, 52.58651 ] ] ] } },
{ "type": "Feature", "properties": { "small_area": "E01019690" }, "geometry": { "type": "Polygon", "coordinates": [ [ [ -1.3005, 52.96416 ], [ -1.30807, 52.96758 ], [ -1.2991, 52.96801 ], [ -1.3005, 52.96416 ] ] ] } },
{ "type": "Feature", "properties": { "small_area": "E01013772" }, "geometry": { "type": "Polygon", "coordinates": [ [ [ -1.04824, 52.63808 ], [ -1.05683, 52.63787 ], [ -1.04755, 52.64048 ], [ -1.04697, 52.6346 ], [ -1.05294, 52.63451 ], [ -1.04824, 52.63808 ] ] ] } },
{ "type": "Feature", "properties": { "small_area": "E01013688" }, "geometry": { "type": "Polygon", "coordinates": [ [ [ -1.1425, 52.61327 ], [ -1.13716, 52.6198 ], [ -1.13059, 52.61458 ], [ -1.13073, 52.61183 ], [ -1.1425, 52.61327 ] ] ] } },
{ "type": "Feature", "properties": { "small_area": "E01032973" }, "geometry": { "type": "Polygon", "coordinates": [ [ [ -0.80556, 52.36638 ], [ -0.82458, 52.37303 ], [ -0.81584, 52.37948 ], [ -0.81143, 52.37866 ], [ -0.80851, 52.37429 ], [ -0.81266, 52.37306 ], [ -0.80145, 52.36847 ], [ -0.80556, 52.36638 ] ] ] } },
{ "type": "Feature", "properties": { "small_area": "E01013535" }, "geometry": { "type": "Polygon", "coordinates": [ [ [ -1.45438, 52.93447 ], [ -1.45259, 52.93115 ], [ -1.45502, 52.92698 ], [ -1.45806, 52.92854 ], [ -1.45507, 52.93511 ], [ -1.45023, 52.93492 ], [ -1.45438, 52.93447 ] ] ] } },
{ "type": "Feature", "properties": { "small_area": "E01013534" }, "geometry": { "type": "Polygon", "coordinates": [ [ [ -1.43727, 52.93478 ], [ -1.43975, 52.93221 ], [ -1.44485, 52.93478 ], [ -1.4452, 52.93855 ], [ -1.43876, 52.93855 ], [ -1.43727, 52.93478 ] ] ] } },
{ "type": "Feature", "properties": { "small_area": "E01013537" }, "geometry": { "type": "Polygon", "coordinates": [ [ [ -1.43975, 52.93221 ], [ -1.44531, 52.92699 ], [ -1.45312, 52.93079 ], [ -1.44339, 52.93437 ], [ -1.43975, 52.93221 ] ] ] } },
{ "type": "Feature", "properties": { "small_area": "E01025688" }, "geometry": { "type": "Polygon", "coordinates": [ [ [ -1.19419, 52.73906 ], [ -1.18703, 52.7374 ], [ -1.18104, 52.72265 ], [ -1.19892, 52.71955 ], [ -1.20538, 52.7159 ], [ -1.20396, 52.71269 ], [ -1.21174, 52.7117 ], [ -1.21029, 52.71542 ], [ -1.21797, 52.71617 ], [ -1.21832, 52.72007 ], [ -1.22653, 52.72154 ], [ -1.22463, 52.73147 ], [ -1.21838, 52.72932 ], [ -1.21678, 52.72311 ], [ -1.20778, 52.72466 ], [ -1.21177, 52.7295 ], [ -1.20751, 52.73176 ], [ -1.22272, 52.74085 ], [ -1.20272, 52.74603 ], [ -1.19419, 52.73906 ] ] ] } },
{ "type": "Feature", "properties": { "small_area": "E01013929" }, "geometry": { "type": "Polygon", "coordinates": [ [ [ -1.19828, 52.97101 ], [ -1.20056, 52.96145 ], [ -1.21082, 52.96892 ], [ -1.21592, 52.97383 ], [ -1.19828, 52.97101 ] ] ] } },
{ "type": "Feature", "properties": { "small_area": "E01028175" }, "geometry": { "type": "Polygon", "coordinates": [ [ [ -1.1254, 52.99699 ], [ -1.12957, 52.99994 ], [ -1.13384, 52.99871 ], [ -1.12986, 53.00207 ], [ -1.11711, 53.00155 ], [ -1.1254, 52.99699 ] ] ] } },
{ "type": "Feature", "properties": { "small_area": "E01027220" }, "geometry": { "type": "Polygon", "coordinates": [ [ [ -0.87617, 52.26318 ], [ -0.8844, 52.25786 ], [ -0.88302, 52.26432 ], [ -0.87095, 52.26695 ], [ -0.8694, 52.26114 ], [ -0.87617, 52.26318 ] ] ] } },
{ "type": "Feature", "properties": { "small_area": "E01019728" }, "geometry": { "type": "Polygon", "coordinates": [ [ [ -1.98164, 53.44575 ], [ -1.99153, 53.44412 ], [ -1.989, 53.44907 ], [ -1.98597, 53.44542 ], [ -1.98164, 53.44575 ] ] ] } },
{ "type": "Feature", "properties": { "small_area": "E01025907" }, "geometry": { "type": "Polygon", "coordinates": [ [ [ -0.87991, 52.74282 ], [ -0.88144, 52.73681 ], [ -0.88672, 52.7352 ], [ -0.89186, 52.74206 ], [ -0.88816, 52.75667 ], [ -0.89147, 52.76322 ], [ -0.88645, 52.76088 ], [ -0.88264, 52.7493 ], [ -0.87323, 52.74987 ], [ -0.87575, 52.74259 ], [ -0.87991, 52.74282 ] ] ] } },
{ "type": "Feature", "properties": { "small_area": "E01019599" }, "geometry": { "type": "Polygon", "coordinates": [ [ [ -1.66084, 53.21858 ], [ -1.63284, 53.20267 ], [ -1.6352, 53.19914 ], [ -1.62661, 53.19767 ], [ -1.62834, 53.18995 ], [ -1.64038, 53.18967 ], [ -1.64579, 53.18284 ], [ -1.65547, 53.17958 ], [ -1.67444, 53.18435 ], [ -1.69665, 53.18275 ], [ -1.68675, 53.18585 ], [ -1.68673, 53.19004 ], [ -1.69573, 53.19172 ], [ -1.74031, 53.18616 ], [ -1.7491, 53.18988 ], [ -1.75273, 53.20021 ], [ -1.73303, 53.20475 ], [ -1.72952, 53.19861 ], [ -1.69266, 53.20029 ], [ -1.69251, 53.20685 ], [ -1.68551, 53.21016 ], [ -1.68868, 53.21327 ], [ -1.67874, 53.21395 ], [ -1.68567, 53.20804 ], [ -1.67974, 53.20522 ], [ -1.67951, 53.19743 ], [ -1.67607, 53.19692 ], [ -1.66828, 53.20666 ], [ -1.67655, 53.20995 ], [ -1.67074, 53.21002 ], [ -1.67902, 53.22214 ], [ -1.67337, 53.2237 ], [ -1.67215, 53.22855 ], [ -1.66472, 53.22415 ], [ -1.65844, 53.22448 ], [ -1.66084, 53.21858 ] ] ] } },
{ "type": "Feature", "properties": { "small_area": "E01028361" }, "geometry": { "type": "Polygon", "coordinates": [ [ [ -0.9579, 52.94699 ], [ -0.95806, 52.94617 ], [ -0.97265, 52.94864 ], [ -0.97148, 52.95264 ], [ -0.9579, 52.94699 ] ] ] } },
{ "type": "Feature", "properties": { "small_area": "E01028336" }, "geometry": { "type": "Polygon", "coordinates": [ [ [ -0.80691, 53.09005 ], [ -0.82186, 53.0915 ], [ -0.83743, 53.07525 ], [ -0.82954, 53.07128 ], [ -0.84045, 53.06679 ], [ -0.84735, 53.07484 ], [ -0.86578, 53.06702 ], [ -0.89057, 53.07716 ], [ -0.89899, 53.07153 ], [ -0.94119, 53.0796 ], [ -0.93443, 53.08683 ], [ -0.93062, 53.084 ], [ -0.92044, 53.08401 ], [ -0.92004, 53.09362 ], [ -0.91408, 53.09341 ], [ -0.909, 53.09858 ], [ -0.91676, 53.10179 ], [ -0.91342, 53.10456 ], [ -0.91936, 53.10752 ], [ -0.90719, 53.11458 ], [ -0.90023, 53.1147 ], [ -0.89706, 53.10969 ], [ -0.86299, 53.10652 ], [ -0.83545, 53.09953 ], [ -0.82084, 53.10724 ], [ -0.80339, 53.09724 ], [ -0.80691, 53.09005 ] ] ] } },
{ "type": "Feature", "properties": { "small_area": "E01028368" }, "geometry": { "type": "Polygon", "coordinates": [ [ [ -1.04461, 52.90834 ], [ -1.03906, 52.90658 ], [ -1.0356, 52.89775 ], [ -1.04876, 52.90128 ], [ -1.05961, 52.91263 ], [ -1.05529, 52.9148 ], [ -1.04297, 52.91175 ], [ -1.04461, 52.90834 ] ] ] } },
{ "type": "Feature", "properties": { "small_area": "E01026393" }, "geometry": { "type": "Polygon", "coordinates": [ [ [ -0.45686, 53.25995 ], [ -0.48156, 53.2524 ], [ -0.49077, 53.25888 ], [ -0.49497, 53.25858 ], [ -0.49411, 53.25516 ], [ -0.50955, 53.25831 ], [ -0.50534, 53.26494 ], [ -0.48602, 53.26302 ], [ -0.48292, 53.26667 ], [ -0.48677, 53.26863 ], [ -0.48376, 53.27021 ], [ -0.47658, 53.26552 ], [ -0.47265, 53.27028 ], [ -0.4757, 53.27104 ], [ -0.46479, 53.27547 ], [ -0.45686, 53.25995 ] ] ] } },
{ "type": "Feature", "properties": { "small_area": "E01013844" }, "geometry": { "type": "Polygon", "coordinates": [ [ [ -1.16709, 52.97166 ], [ -1.1584, 52.97091 ], [ -1.16204, 52.97019 ], [ -1.16709, 52.97166 ] ] ] } },
{ "type": "Feature", "properties": { "small_area": "E01019834" }, "geometry": { "type": "Polygon", "coordinates": [ [ [ -1.44431, 52.86104 ], [ -1.42466, 52.86486 ], [ -1.42302, 52.86249 ], [ -1.39731, 52.86098 ], [ -1.39094, 52.85904 ], [ -1.39405, 52.85579 ], [ -1.38597, 52.8492 ], [ -1.36554, 52.85156 ], [ -1.38113, 52.84603 ], [ -1.38822, 52.83939 ], [ -1.42471, 52.84415 ], [ -1.43335, 52.84228 ], [ -1.44031, 52.84893 ], [ -1.45315, 52.85292 ], [ -1.45961, 52.84951 ], [ -1.46981, 52.85123 ], [ -1.47529, 52.84599 ], [ -1.47033, 52.84257 ], [ -1.47295, 52.83973 ], [ -1.4776, 52.84262 ], [ -1.49642, 52.84236 ], [ -1.49152, 52.8572 ], [ -1.50849, 52.86253 ], [ -1.50535, 52.87162 ], [ -1.46767, 52.87052 ], [ -1.46717, 52.87291 ], [ -1.45436, 52.86885 ], [ -1.44431, 52.86104 ] ] ] } },
{ "type": "Feature", "properties": { "small_area": "E01019763" }, "geometry": { "type": "Polygon", "coordinates": [ [ [ -1.81952, 53.51341 ], [ -1.80078, 53.51136 ], [ -1.81029, 53.50633 ], [ -1.79621, 53.5031 ], [ -1.79501, 53.49588 ], [ -1.82108, 53.49159 ], [ -1.8312, 53.49566 ], [ -1.86595, 53.49222 ], [ -1.87025, 53.49434 ], [ -1.9037, 53.4829 ], [ -1.9238, 53.48033 ], [ -1.93159, 53.4822 ], [ -1.93209, 53.47943 ], [ -1.95275, 53.4738 ], [ -1.95897, 53.46813 ], [ -1.96904, 53.46958 ], [ -1.96453, 53.46832 ], [ -1.97114, 53.466 ], [ -1.97527, 53.46856 ], [ -1.98153, 53.46449 ], [ -1.98839, 53.47028 ], [ -1.98697, 53.48156 ], [ -1.97463, 53.48792 ], [ -1.97272, 53.50247 ], [ -1.96339, 53.50981 ], [ -1.95134, 53.50418 ], [ -1.92197, 53.50994 ], [ -1.91677, 53.51448 ], [ -1.92678, 53.52093 ], [ -1.92245, 53.5308 ], [ -1.90962, 53.53838 ], [ -1.90083, 53.53854 ], [ -1.89411, 53.5336 ], [ -1.87349, 53.54041 ], [ -1.84182, 53.51989 ], [ -1.82715, 53.52349 ], [ -1.82223, 53.52108 ], [ -1.81952, 53.51341 ] ] ] } },
{ "type": "Feature", "properties": { "small_area": "E01019476" }, "geometry": { "type": "Polygon", "coordinates": [ [ [ -1.39031, 53.07367 ], [ -1.38311, 53.07702 ], [ -1.37542, 53.06674 ], [ -1.38605, 53.06349 ], [ -1.40273, 53.06362 ], [ -1.40715, 53.07158 ], [ -1.39352, 53.06704 ], [ -1.40546, 53.08361 ], [ -1.3961, 53.08333 ], [ -1.39031, 53.07367 ] ] ] } },
{ "type": "Feature", "properties": { "small_area": "E01028313" }, "geometry": { "type": "Polygon", "coordinates": [ [ [ -1.08107, 53.15849 ], [ -1.11897, 53.15443 ], [ -1.12802, 53.15904 ], [ -1.11571, 53.16263 ], [ -1.11542, 53.16686 ], [ -1.10757, 53.17063 ], [ -1.11321, 53.17324 ], [ -1.10833, 53.17741 ], [ -1.11379, 53.17832 ], [ -1.12067, 53.17409 ], [ -1.12335, 53.18813 ], [ -1.11957, 53.19063 ], [ -1.12779, 53.18987 ], [ -1.11696, 53.19389 ], [ -1.10236, 53.19186 ], [ -1.08917, 53.18547 ], [ -1.08209, 53.18613 ], [ -1.07384, 53.18087 ], [ -1.08288, 53.17389 ], [ -1.07272, 53.16702 ], [ -1.08107, 53.15849 ] ] ] } },
{ "type": "Feature", "properties": { "small_area": "E01025622" }, "geometry": { "type": "Polygon", "coordinates": [ [ [ -1.2012, 52.65626 ], [ -1.20166, 52.65169 ], [ -1.19655, 52.65072 ], [ -1.20342, 52.64581 ], [ -1.21095, 52.6476 ], [ -1.20793, 52.64914 ], [ -1.21273, 52.65428 ], [ -1.21001, 52.65697 ], [ -1.2012, 52.65626 ] ] ] } },
{ "type": "Feature", "properties": { "small_area": "E01025988" }, "geometry": { "type": "Polygon", "coordinates": [ [ [ -1.11572, 52.57501 ], [ -1.12932, 52.56216 ], [ -1.12973, 52.58015 ], [ -1.12294, 52.58136 ], [ -1.11572, 52.57501 ] ] ] } },
{ "type": "Feature", "properties": { "small_area": "E01026179" }, "geometry": { "type": "Polygon", "coordinates": [ [ [ -0.42918, 53.05209 ], [ -0.43742, 53.06785 ], [ -0.46438, 53.06526 ], [ -0.48156, 53.08874 ], [ -0.4687, 53.0917 ], [ -0.45331, 53.10905 ], [ -0.41912, 53.10649 ], [ -0.40743, 53.11091 ], [ -0.40114, 53.11014 ], [ -0.40004, 53.09916 ], [ -0.43172, 53.09567 ], [ -0.41946, 53.08627 ], [ -0.41313, 53.07235 ], [ -0.39308, 53.07735 ], [ -0.39639, 53.0529 ], [ -0.42918, 53.05209 ] ] ] } },
{ "type": "Feature", "properties": { "small_area": "E01025846" }, "geometry": { "type": "Polygon", "coordinates": [ [ [ -1.21621, 52.65643 ], [ -1.22643, 52.6573 ], [ -1.2234, 52.66082 ], [ -1.22577, 52.66428 ], [ -1.20599, 52.66192 ], [ -1.21621, 52.65643 ] ] ] } },
{ "type": "Feature", "properties": { "small_area": "E01026045" }, "geometry": { "type": "Polygon", "coordinates": [ [ [ 0.00207, 53.41718 ], [ 0.01407, 53.42025 ], [ 0.01765, 53.41075 ], [ 0.01168, 53.40801 ], [ 0.02044, 53.39778 ], [ 0.00158, 53.38959 ], [ -0.01812, 53.38804 ], [ -0.02536, 53.39546 ], [ -0.0472, 53.40143 ], [ -0.05632, 53.40068 ], [ -0.06354, 53.40967 ], [ -0.08169, 53.40654 ], [ -0.10203, 53.40007 ], [ -0.09478, 53.38969 ], [ -0.11213, 53.38571 ], [ -0.10653, 53.37849 ], [ -0.11277, 53.36388 ], [ -0.11862, 53.36316 ], [ -0.14596, 53.37489 ], [ -0.14789, 53.39088 ], [ -0.14085, 53.40338 ], [ -0.17448, 53.39693 ], [ -0.17734, 53.40565 ], [ -0.18402, 53.40916 ], [ -0.20815, 53.40939 ], [ -0.21706, 53.42408 ], [ -0.21485, 53.42823 ], [ -0.1987, 53.43103 ], [ -0.19737, 53.43401 ], [ -0.18052, 53.44068 ], [ -0.16096, 53.43655 ], [ -0.12263, 53.43723 ], [ -0.12034, 53.43358 ], [ -0.08221, 53.45113 ], [ -0.06324, 53.42953 ], [ -0.01338, 53.43812 ], [ 0.00207, 53.41718 ] ] ] } },
{ "type": "Feature", "properties": { "small_area": "E01028325" }, "geometry": { "type": "Polygon", "coordinates": [ [ [ -0.82512, 53.02057 ], [ -0.82537, 53.02463 ], [ -0.80267, 53.02489 ], [ -0.80291, 53.01738 ], [ -0.79909, 53.02128 ], [ -0.79022, 53.02211 ], [ -0.79583, 53.01058 ], [ -0.80423, 53.01204 ], [ -0.80407, 53.00636 ], [ -0.77756, 52.98378 ], [ -0.77828, 52.9769 ], [ -0.79733, 52.97615 ], [ -0.80982, 52.96596 ], [ -0.81371, 52.95697 ], [ -0.83608, 52.9679 ], [ -0.82545, 52.97331 ], [ -0.81519, 52.9856 ], [ -0.82033, 52.98767 ], [ -0.82232, 53.00037 ], [ -0.83336, 53.0077 ], [ -0.83576, 53.00567 ], [ -0.84897, 53.00964 ], [ -0.85508, 53.00665 ], [ -0.86456, 53.01132 ], [ -0.87979, 53.00633 ], [ -0.89696, 53.0166 ], [ -0.90996, 53.03021 ], [ -0.91013, 53.03591 ], [ -0.9021, 53.03846 ], [ -0.90505, 53.04866 ], [ -0.89463, 53.05481 ], [ -0.88723, 53.05427 ], [ -0.87631, 53.04354 ], [ -0.82512, 53.02057 ] ] ] } },
{ "type": "Feature", "properties": { "small_area": "E01028322" }, "geometry": { "type": "Polygon", "coordinates": [ [ [ -1.0276, 53.20123 ], [ -1.03484, 53.20376 ], [ -1.03672, 53.19887 ], [ -1.02734, 53.19804 ], [ -1.03315, 53.19324 ], [ -1.03301, 53.18343 ], [ -1.05146, 53.17764 ], [ -1.06266, 53.18369 ], [ -1.0589, 53.18507 ], [ -1.06314, 53.18559 ], [ -1.06389, 53.19518 ], [ -1.05577, 53.20217 ], [ -1.05416, 53.21098 ], [ -1.04608, 53.21457 ], [ -1.0237, 53.21246 ], [ -1.0276, 53.20123 ] ] ] } },
{ "type": "Feature", "properties": { "small_area": "E01026321" }, "geometry": { "type": "Polygon", "coordinates": [ [ [ -0.67124, 52.91205 ], [ -0.67322, 52.91811 ], [ -0.66347, 52.91861 ], [ -0.66473, 52.91206 ], [ -0.67124, 52.91205 ] ] ] } },
{ "type": "Feature", "properties": { "small_area": "E01028327" }, "geometry": { "type": "Polygon", "coordinates": [ [ [ -1.02033, 53.10805 ], [ -1.02674, 53.10364 ], [ -1.03256, 53.10703 ], [ -1.03686, 53.10419 ], [ -1.04185, 53.10766 ], [ -1.04718, 53.10313 ], [ -1.03222, 53.09584 ], [ -1.02845, 53.0894 ], [ -1.0513, 53.08541 ], [ -1.04059, 53.08402 ], [ -1.03029, 53.06989 ], [ -1.02484, 53.06816 ], [ -1.02749, 53.0652 ], [ -1.02125, 53.059 ], [ -1.03438, 53.05848 ], [ -1.04145, 53.04799 ], [ -1.04734, 53.04972 ], [ -1.06512, 53.04474 ], [ -1.08236, 53.05436 ], [ -1.09344, 53.06733 ], [ -1.08669, 53.07318 ], [ -1.08951, 53.078 ], [ -1.08328, 53.08757 ], [ -1.08361, 53.097 ], [ -1.08827, 53.09672 ], [ -1.10213, 53.11275 ], [ -1.09755, 53.11686 ], [ -1.07086, 53.11406 ], [ -1.06214, 53.12004 ], [ -1.02094, 53.1224 ], [ -0.99683, 53.11684 ], [ -0.99521, 53.11372 ], [ -0.99955, 53.10871 ], [ -1.00534, 53.10934 ], [ -1.00997, 53.10131 ], [ -1.02097, 53.09958 ], [ -1.02033, 53.10805 ] ] ] } },
{ "type": "Feature", "properties": { "small_area": "E01028323" }, "geometry": { "type": "Polygon", "coordinates": [ [ [ -1.06338, 53.19076 ], [ -1.07472, 53.18882 ], [ -1.07674, 53.19229 ], [ -1.06836, 53.19657 ], [ -1.06389, 53.19518 ], [ -1.06338, 53.19076 ] ] ] } },
{ "type": "Feature", "properties": { "small_area": "E01028320" }, "geometry": { "type": "Polygon", "coordinates": [ [ [ -0.80597, 53.05724 ], [ -0.81228, 53.05747 ], [ -0.81678, 53.06221 ], [ -0.80818, 53.06109 ], [ -0.80597, 53.05724 ] ] ] } },
{ "type": "Feature", "properties": { "small_area": "E01027239" }, "geometry": { "type": "Polygon", "coordinates": [ [ [ -0.91803, 52.2428 ], [ -0.92216, 52.24622 ], [ -0.91408, 52.25293 ], [ -0.91339, 52.24655 ], [ -0.91803, 52.2428 ] ] ] } },
{ "type": "Feature", "properties": { "small_area": "E01027238" }, "geometry": { "type": "Polygon", "coordinates": [ [ [ -0.91213, 52.23661 ], [ -0.91475, 52.23228 ], [ -0.91938, 52.2334 ], [ -0.91651, 52.23635 ], [ -0.92117, 52.23811 ], [ -0.91917, 52.24363 ], [ -0.91213, 52.23661 ] ] ] } },
{ "type": "Feature", "properties": { "small_area": "E01026992" }, "geometry": { "type": "Polygon", "coordinates": [ [ [ -1.16704, 52.25192 ], [ -1.17128, 52.26029 ], [ -1.1566, 52.26102 ], [ -1.16704, 52.25192 ] ] ] } },
{ "type": "Feature", "properties": { "small_area": "E01026993" }, "geometry": { "type": "Polygon", "coordinates": [ [ [ -1.19498, 52.24596 ], [ -1.17494, 52.24672 ], [ -1.15385, 52.24177 ], [ -1.14653, 52.24278 ], [ -1.14206, 52.24808 ], [ -1.12475, 52.25051 ], [ -1.11599, 52.23685 ], [ -1.11634, 52.22779 ], [ -1.15231, 52.22849 ], [ -1.1594, 52.21613 ], [ -1.18289, 52.21669 ], [ -1.18655, 52.21354 ], [ -1.19135, 52.2181 ], [ -1.20375, 52.21848 ], [ -1.2162, 52.20979 ], [ -1.22895, 52.20607 ], [ -1.23834, 52.21017 ], [ -1.25976, 52.21177 ], [ -1.26093, 52.21598 ], [ -1.2763, 52.22301 ], [ -1.27261, 52.2275 ], [ -1.27845, 52.22869 ], [ -1.28466, 52.23856 ], [ -1.26691, 52.23523 ], [ -1.26617, 52.24081 ], [ -1.25176, 52.24863 ], [ -1.23778, 52.24842 ], [ -1.21792, 52.26178 ], [ -1.21692, 52.2675 ], [ -1.19518, 52.26789 ], [ -1.19089, 52.25639 ], [ -1.19498, 52.24596 ] ] ] } },
{ "type": "Feature", "properties": { "small_area": "E01025813" }, "geometry": { "type": "Polygon", "coordinates": [ [ [ -1.01855, 52.62435 ], [ -1.02844, 52.61956 ], [ -1.04187, 52.61916 ], [ -1.03899, 52.63025 ], [ -1.0473, 52.63177 ], [ -1.04001, 52.63343 ], [ -1.04347, 52.63488 ], [ -1.04135, 52.63741 ], [ -1.02155, 52.63467 ], [ -1.01855, 52.62435 ] ] ] } },
{ "type": "Feature", "properties": { "small_area": "E01026369" }, "geometry": { "type": "Polygon", "coordinates": [ [ [ -0.44734, 53.24176 ], [ -0.46073, 53.2389 ], [ -0.45833, 53.24109 ], [ -0.46436, 53.24595 ], [ -0.47691, 53.2443 ], [ -0.47774, 53.25221 ], [ -0.44416, 53.26356 ], [ -0.44058, 53.26213 ], [ -0.45065, 53.25583 ], [ -0.44767, 53.25031 ], [ -0.44385, 53.25063 ], [ -0.45788, 53.24714 ], [ -0.45399, 53.24368 ], [ -0.44791, 53.24525 ], [ -0.44734, 53.24176 ] ] ] } },
{ "type": "Feature", "properties": { "small_area": "E01026368" }, "geometry": { "type": "Polygon", "coordinates": [ [ [ -0.37368, 53.49479 ], [ -0.37518, 53.50089 ], [ -0.38285, 53.50153 ], [ -0.34902, 53.49946 ], [ -0.34886, 53.50417 ], [ -0.33387, 53.50021 ], [ -0.33844, 53.50708 ], [ -0.33521, 53.51036 ], [ -0.32737, 53.50067 ], [ -0.31826, 53.49738 ], [ -0.32019, 53.49328 ], [ -0.30851, 53.4964 ], [ -0.30404, 53.49079 ], [ -0.37368, 53.49479 ] ] ] } },
{ "type": "Feature", "properties": { "small_area": "E01028139" }, "geometry": { "type": "Polygon", "coordinates": [ [ [ -1.25629, 52.90947 ], [ -1.2567, 52.90183 ], [ -1.26981, 52.90513 ], [ -1.26905, 52.90977 ], [ -1.26518, 52.90714 ], [ -1.25629, 52.90947 ] ] ] } },
{ "type": "Feature", "properties": { "small_area": "E01013565" }, "geometry": { "type": "Polygon", "coordinates": [ [ [ -1.48533, 52.90574 ], [ -1.4889, 52.90556 ], [ -1.49066, 52.90913 ], [ -1.48602, 52.90998 ], [ -1.48533, 52.90574 ] ] ] } },
{ "type": "Feature", "properties": { "small_area": "E01013564" }, "geometry": { "type": "Polygon", "coordinates": [ [ [ -1.55108, 52.91703 ], [ -1.55288, 52.92256 ], [ -1.53972, 52.92442 ], [ -1.53193, 52.92116 ], [ -1.53348, 52.91609 ], [ -1.55108, 52.91703 ] ] ] } },
{ "type": "Feature", "properties": { "small_area": "E01013562" }, "geometry": { "type": "Polygon", "coordinates": [ [ [ -1.54262, 52.90495 ], [ -1.54229, 52.90066 ], [ -1.55036, 52.90208 ], [ -1.54643, 52.90613 ], [ -1.549, 52.90972 ], [ -1.54262, 52.90495 ] ] ] } },
{ "type": "Feature", "properties": { "small_area": "E01027328" }, "geometry": { "type": "Polygon", "coordinates": [ [ [ -0.65505, 52.348 ], [ -0.64002, 52.34028 ], [ -0.64335, 52.3367 ], [ -0.65505, 52.348 ] ] ] } },
{ "type": "Feature", "properties": { "small_area": "E01026007" }, "geometry": { "type": "Polygon", "coordinates": [ [ [ 0.1019, 52.969 ], [ 0.10279, 52.9712 ], [ 0.09482, 52.97395 ], [ 0.06058, 52.97864 ], [ 0.0639, 52.98312 ], [ 0.05739, 52.98338 ], [ 0.04323, 53.0015 ], [ 0.03711, 53.02747 ], [ 0.04557, 53.02996 ], [ 0.05471, 53.00211 ], [ 0.06289, 52.99156 ], [ 0.08414, 52.9827 ], [ 0.09442, 52.98428 ], [ 0.11185, 52.97656 ], [ 0.1019, 52.969 ] ] ] } },
{ "type": "Feature", "properties": { "small_area": "E01026087" }, "geometry": { "type": "Polygon", "coordinates": [ [ [ 0.00323, 53.3742 ], [ 0.00038, 53.38124 ], [ 0.00402, 53.3823 ], [ 0.01071, 53.37806 ], [ 0.00323, 53.3742 ] ] ] } },
{ "type": "Feature", "properties": { "small_area": "E01026074" }, "geometry": { "type": "Polygon", "coordinates": [ [ [ 0.20571, 53.3371 ], [ 0.21528, 53.34071 ], [ 0.24008, 53.3587 ], [ 0.23178, 53.36719 ], [ 0.24367, 53.37219 ], [ 0.2633, 53.34517 ], [ 0.25159, 53.34482 ], [ 0.24705, 53.33868 ], [ 0.21894, 53.32695 ], [ 0.20571, 53.3371 ] ] ] } },
{ "type": "Feature", "properties": { "small_area": "E01026077" }, "geometry": { "type": "Polygon", "coordinates": [ [ [ 0.00038, 53.38124 ], [ 0.0034, 53.374 ], [ -0.01054, 53.37614 ], [ -0.00926, 53.36916 ], [ -0.01738, 53.36616 ], [ -0.02206, 53.37486 ], [ -0.02935, 53.3757 ], [ -0.02406, 53.38684 ], [ -0.01812, 53.38804 ], [ 0.00402, 53.3823 ], [ 0.00038, 53.38124 ] ] ] } },
{ "type": "Feature", "properties": { "small_area": "E01026076" }, "geometry": { "type": "MultiPolygon", "coordinates": [ [ [ [ 0.10823, 53.48807 ], [ 0.10541, 53.49039 ], [ 0.10966, 53.48908 ], [ 0.10823, 53.48807 ] ] ], [ [ [ 0.1099, 53.48923 ], [ 0.10419, 53.49174 ], [ 0.11002, 53.48932 ], [ 0.1099, 53.48923 ] ] ], [ [ [ 0.09576, 53.4947 ], [ 0.09655, 53.49129 ], [ 0.10178, 53.49275 ], [ 0.09931, 53.48968 ], [ 0.10284, 53.49153 ], [ 0.10514, 53.48818 ], [ 0.10083, 53.48457 ], [ 0.10786, 53.48779 ], [ 0.10269, 53.48429 ], [ 0.11149, 53.48232 ], [ 0.11328, 53.4709 ], [ 0.10575, 53.46416 ], [ 0.09939, 53.46329 ], [ 0.10835, 53.45133 ], [ 0.11613, 53.44773 ], [ 0.11195, 53.44497 ], [ 0.11573, 53.43494 ], [ 0.10347, 53.42867 ], [ 0.09348, 53.41629 ], [ 0.07219, 53.40568 ], [ 0.06543, 53.40635 ], [ 0.05874, 53.4029 ], [ 0.05538, 53.39552 ], [ 0.0376, 53.38905 ], [ 0.02044, 53.39778 ], [ 0.01168, 53.40801 ], [ 0.01765, 53.41075 ], [ 0.01407, 53.42025 ], [ 0.00207, 53.41718 ], [ -0.01338, 53.43812 ], [ 0.03629, 53.45272 ], [ 0.03246, 53.45756 ], [ 0.02412, 53.45812 ], [ 0.01934, 53.47265 ], [ 0.0519, 53.48221 ], [ 0.08492, 53.49697 ], [ 0.09576, 53.4947 ] ] ], [ [ [ 0.11785, 53.49467 ], [ 0.10817, 53.50404 ], [ 0.12452, 53.49926 ], [ 0.11785, 53.49467 ] ] ] ] } },
{ "type": "Feature", "properties": { "small_area": "E01027178" }, "geometry": { "type": "Polygon", "coordinates": [ [ [ -0.80972, 52.26834 ], [ -0.80994, 52.27174 ], [ -0.81548, 52.27068 ], [ -0.81509, 52.27499 ], [ -0.80915, 52.27533 ], [ -0.80556, 52.27047 ], [ -0.80972, 52.26834 ] ] ] } },
{ "type": "Feature", "properties": { "small_area": "E01013545" }, "geometry": { "type": "Polygon", "coordinates": [ [ [ -1.51055, 52.90159 ], [ -1.51948, 52.89963 ], [ -1.52184, 52.90138 ], [ -1.51678, 52.90475 ], [ -1.52594, 52.90619 ], [ -1.50719, 52.90563 ], [ -1.51055, 52.90159 ] ] ] } },
{ "type": "Feature", "properties": { "small_area": "E01013544" }, "geometry": { "type": "Polygon", "coordinates": [ [ [ -1.51678, 52.90475 ], [ -1.52184, 52.90138 ], [ -1.51536, 52.90089 ], [ -1.51926, 52.89461 ], [ -1.52367, 52.89427 ], [ -1.52141, 52.8983 ], [ -1.52913, 52.89796 ], [ -1.53437, 52.90314 ], [ -1.52598, 52.91148 ], [ -1.52242, 52.91075 ], [ -1.52594, 52.90619 ], [ -1.51678, 52.90475 ] ] ] } },
{ "type": "Feature", "properties": { "small_area": "E01013547" }, "geometry": { "type": "Polygon", "coordinates": [ [ [ -1.49591, 52.92654 ], [ -1.5086, 52.92634 ], [ -1.50164, 52.92746 ], [ -1.50406, 52.92908 ], [ -1.49591, 52.92654 ] ] ] } },
{ "type": "Feature", "properties": { "small_area": "E01013546" }, "geometry": { "type": "Polygon", "coordinates": [ [ [ -1.49831, 52.90499 ], [ -1.51055, 52.90159 ], [ -1.50726, 52.90818 ], [ -1.49831, 52.90499 ] ] ] } },
{ "type": "Feature", "properties": { "small_area": "E01013509" }, "geometry": { "type": "Polygon", "coordinates": [ [ [ -1.44728, 52.91807 ], [ -1.44085, 52.92506 ], [ -1.43285, 52.92191 ], [ -1.43475, 52.91798 ], [ -1.44728, 52.91807 ] ] ] } },
{ "type": "Feature", "properties": { "small_area": "E01026262" }, "geometry": { "type": "Polygon", "coordinates": [ [ [ -0.1734, 52.78655 ], [ -0.17172, 52.78292 ], [ -0.1786, 52.77855 ], [ -0.18947, 52.77832 ], [ -0.17735, 52.7636 ], [ -0.18449, 52.75521 ], [ -0.20983, 52.77329 ], [ -0.20339, 52.78119 ], [ -0.19026, 52.78764 ], [ -0.16694, 52.78761 ], [ -0.1734, 52.78655 ] ] ] } },
{ "type": "Feature", "properties": { "small_area": "E01026265" }, "geometry": { "type": "Polygon", "coordinates": [ [ [ -0.16133, 52.75524 ], [ -0.177, 52.74981 ], [ -0.18449, 52.75521 ], [ -0.17735, 52.7636 ], [ -0.18043, 52.77019 ], [ -0.16709, 52.77657 ], [ -0.15892, 52.77505 ], [ -0.16133, 52.75524 ] ] ] } },
{ "type": "Feature", "properties": { "small_area": "E01026264" }, "geometry": { "type": "Polygon", "coordinates": [ [ [ -0.16777, 52.78439 ], [ -0.16605, 52.78207 ], [ -0.17172, 52.78292 ], [ -0.1734, 52.78655 ], [ -0.16375, 52.78853 ], [ -0.16225, 52.78569 ], [ -0.16777, 52.78439 ] ] ] } },
{ "type": "Feature", "properties": { "small_area": "E01027106" }, "geometry": { "type": "Polygon", "coordinates": [ [ [ -0.71914, 52.40231 ], [ -0.72457, 52.40687 ], [ -0.71801, 52.40862 ], [ -0.71914, 52.40231 ] ] ] } },
{ "type": "Feature", "properties": { "small_area": "E01026271" }, "geometry": { "type": "Polygon", "coordinates": [ [ [ -0.13605, 52.78945 ], [ -0.14211, 52.79298 ], [ -0.13608, 52.79625 ], [ -0.13698, 52.79345 ], [ -0.13016, 52.79286 ], [ -0.13605, 52.78945 ] ] ] } },
{ "type": "Feature", "properties": { "small_area": "E01013673" }, "geometry": { "type": "Polygon", "coordinates": [ [ [ -1.14133, 52.59368 ], [ -1.15218, 52.59113 ], [ -1.15323, 52.5954 ], [ -1.14133, 52.59368 ] ] ] } },
{ "type": "Feature", "properties": { "small_area": "E01013672" }, "geometry": { "type": "Polygon", "coordinates": [ [ [ -1.06292, 52.6329 ], [ -1.06301, 52.62659 ], [ -1.077, 52.62624 ], [ -1.06755, 52.63571 ], [ -1.06292, 52.6329 ] ] ] } },
{ "type": "Feature", "properties": { "small_area": "E01013670" }, "geometry": { "type": "Polygon", "coordinates": [ [ [ -1.07038, 52.62271 ], [ -1.06646, 52.61953 ], [ -1.07437, 52.61341 ], [ -1.09324, 52.61615 ], [ -1.09028, 52.62172 ], [ -1.0767, 52.62057 ], [ -1.077, 52.62624 ], [ -1.06773, 52.62553 ], [ -1.07038, 52.62271 ] ] ] } },
{ "type": "Feature", "properties": { "small_area": "E01027993" }, "geometry": { "type": "Polygon", "coordinates": [ [ [ -1.28802, 53.04824 ], [ -1.30785, 53.04299 ], [ -1.30682, 53.04724 ], [ -1.319, 53.04731 ], [ -1.3258, 53.05171 ], [ -1.31882, 53.05443 ], [ -1.31498, 53.05264 ], [ -1.30218, 53.06446 ], [ -1.29441, 53.06426 ], [ -1.28819, 53.07144 ], [ -1.28813, 53.06315 ], [ -1.27442, 53.06559 ], [ -1.2683, 53.06311 ], [ -1.27746, 53.04622 ], [ -1.28802, 53.04824 ] ], [ [ -1.29891, 53.0496 ], [ -1.28673, 53.05349 ], [ -1.29091, 53.0586 ], [ -1.29429, 53.05538 ], [ -1.30277, 53.05566 ], [ -1.29891, 53.0496 ] ] ] } },
{ "type": "Feature", "properties": { "small_area": "E01013770" }, "geometry": { "type": "Polygon", "coordinates": [ [ [ -1.06136, 52.63945 ], [ -1.06869, 52.64216 ], [ -1.07158, 52.63765 ], [ -1.07809, 52.64274 ], [ -1.06463, 52.64335 ], [ -1.06136, 52.63945 ] ] ] } },
{ "type": "Feature", "properties": { "small_area": "E01013606" }, "geometry": { "type": "Polygon", "coordinates": [ [ [ -1.15397, 52.65675 ], [ -1.14023, 52.65781 ], [ -1.14062, 52.65554 ], [ -1.14846, 52.65318 ], [ -1.15397, 52.65675 ] ] ] } },
{ "type": "Feature", "properties": { "small_area": "E01019596" }, "geometry": { "type": "Polygon", "coordinates": [ [ [ -1.7247, 53.00884 ], [ -1.71797, 53.00623 ], [ -1.72843, 53.00858 ], [ -1.72706, 53.0035 ], [ -1.73765, 53.0068 ], [ -1.73389, 53.01097 ], [ -1.72891, 53.01004 ], [ -1.73248, 53.01651 ], [ -1.73045, 53.01739 ], [ -1.72426, 53.01208 ], [ -1.7247, 53.00884 ] ] ] } },
{ "type": "Feature", "properties": { "small_area": "E01027129" }, "geometry": { "type": "Polygon", "coordinates": [ [ [ -0.82034, 52.51561 ], [ -0.8117, 52.51624 ], [ -0.81088, 52.51935 ], [ -0.79617, 52.51635 ], [ -0.80795, 52.50655 ], [ -0.78221, 52.49137 ], [ -0.77713, 52.48213 ], [ -0.78145, 52.47907 ], [ -0.77481, 52.47717 ], [ -0.77165, 52.47203 ], [ -0.74158, 52.47012 ], [ -0.73798, 52.45951 ], [ -0.7529, 52.46265 ], [ -0.78259, 52.45805 ], [ -0.79517, 52.46045 ], [ -0.7947, 52.45291 ], [ -0.83643, 52.45841 ], [ -0.8375, 52.45211 ], [ -0.84927, 52.45161 ], [ -0.85072, 52.44209 ], [ -0.86523, 52.43458 ], [ -0.9044, 52.44215 ], [ -0.90626, 52.45364 ], [ -0.88495, 52.47132 ], [ -0.88455, 52.48129 ], [ -0.89789, 52.4874 ], [ -0.89561, 52.49203 ], [ -0.88373, 52.49225 ], [ -0.87898, 52.49792 ], [ -0.88342, 52.51379 ], [ -0.87262, 52.51838 ], [ -0.87101, 52.52474 ], [ -0.86336, 52.52831 ], [ -0.85013, 52.52165 ], [ -0.82034, 52.51561 ] ] ] } },
{ "type": "Feature", "properties": { "small_area": "E01013529" }, "geometry": { "type": "Polygon", "coordinates": [ [ [ -1.49391, 52.9276 ], [ -1.4987, 52.93252 ], [ -1.4894, 52.94203 ], [ -1.48456, 52.9383 ], [ -1.4939, 52.93613 ], [ -1.48924, 52.9352 ], [ -1.49391, 52.9276 ] ] ] } },
{ "type": "Feature", "properties": { "small_area": "E01026026" }, "geometry": { "type": "Polygon", "coordinates": [ [ [ -0.00347, 52.97017 ], [ -0.01223, 52.97315 ], [ -0.01381, 52.9706 ], [ -0.01382, 52.97704 ], [ -0.00436, 52.9766 ], [ -0.00347, 52.97017 ] ] ] } },
{ "type": "Feature", "properties": { "small_area": "E01027076" }, "geometry": { "type": "Polygon", "coordinates": [ [ [ -0.53985, 52.40607 ], [ -0.5279, 52.39981 ], [ -0.52971, 52.39558 ], [ -0.53661, 52.39385 ], [ -0.54526, 52.39672 ], [ -0.53985, 52.40607 ] ] ] } },
{ "type": "Feature", "properties": { "small_area": "E01013525" }, "geometry": { "type": "Polygon", "coordinates": [ [ [ -1.46846, 52.92919 ], [ -1.48174, 52.93032 ], [ -1.47914, 52.93999 ], [ -1.47581, 52.9382 ], [ -1.46574, 52.94179 ], [ -1.46846, 52.92919 ] ] ] } },
{ "type": "Feature", "properties": { "small_area": "E01027074" }, "geometry": { "type": "Polygon", "coordinates": [ [ [ -0.52833, 52.3297 ], [ -0.51788, 52.32156 ], [ -0.4991, 52.33484 ], [ -0.48896, 52.33577 ], [ -0.48329, 52.34094 ], [ -0.46667, 52.33891 ], [ -0.46538, 52.32294 ], [ -0.47628, 52.31805 ], [ -0.48749, 52.32106 ], [ -0.52005, 52.31679 ], [ -0.52844, 52.31287 ], [ -0.54116, 52.32028 ], [ -0.56655, 52.31806 ], [ -0.58664, 52.32175 ], [ -0.59252, 52.32643 ], [ -0.58924, 52.32996 ], [ -0.58041, 52.33057 ], [ -0.58205, 52.34063 ], [ -0.57859, 52.34223 ], [ -0.5781, 52.33889 ], [ -0.52833, 52.3297 ] ] ] } },
{ "type": "Feature", "properties": { "small_area": "E01025905" }, "geometry": { "type": "Polygon", "coordinates": [ [ [ -0.88744, 52.772 ], [ -0.88887, 52.77464 ], [ -0.89972, 52.77315 ], [ -0.89045, 52.7785 ], [ -0.88744, 52.772 ] ] ] } },
{ "type": "Feature", "properties": { "small_area": "E01026176" }, "geometry": { "type": "Polygon", "coordinates": [ [ [ -0.5023, 53.22577 ], [ -0.50127, 53.22104 ], [ -0.50892, 53.21816 ], [ -0.524, 53.22113 ], [ -0.53209, 53.21816 ], [ -0.53703, 53.21981 ], [ -0.53553, 53.22268 ], [ -0.54425, 53.22218 ], [ -0.54067, 53.22851 ], [ -0.5023, 53.22577 ] ] ] } },
{ "type": "Feature", "properties": { "small_area": "E01028014" }, "geometry": { "type": "Polygon", "coordinates": [ [ [ -0.95441, 53.33165 ], [ -0.9653, 53.3299 ], [ -0.96226, 53.3341 ], [ -0.9671, 53.33411 ], [ -0.965, 53.34173 ], [ -0.94887, 53.33921 ], [ -0.95441, 53.33165 ] ] ] } },
{ "type": "Feature", "properties": { "small_area": "E01028095" }, "geometry": { "type": "Polygon", "coordinates": [ [ [ -1.23632, 52.91908 ], [ -1.23674, 52.92146 ], [ -1.22914, 52.92275 ], [ -1.22496, 52.92194 ], [ -1.23632, 52.91908 ] ] ] } },
{ "type": "Feature", "properties": { "small_area": "E01026090" }, "geometry": { "type": "Polygon", "coordinates": [ [ [ 0.0052, 53.35983 ], [ 0.00242, 53.36168 ], [ 0.01193, 53.36575 ], [ 0.02549, 53.36563 ], [ 0.02906, 53.36166 ], [ 0.02664, 53.35696 ], [ 0.0052, 53.35983 ] ] ] } },
{ "type": "Feature", "properties": { "small_area": "E01028017" }, "geometry": { "type": "Polygon", "coordinates": [ [ [ -0.9422, 53.31219 ], [ -0.94469, 53.30935 ], [ -0.95377, 53.31162 ], [ -0.95507, 53.30553 ], [ -0.96626, 53.30641 ], [ -0.96895, 53.31095 ], [ -0.9422, 53.31219 ] ] ] } },
{ "type": "Feature", "properties": { "small_area": "E01028096" }, "geometry": { "type": "Polygon", "coordinates": [ [ [ -1.23632, 52.91908 ], [ -1.21956, 52.91984 ], [ -1.23579, 52.90904 ], [ -1.23632, 52.91908 ] ] ] } },
{ "type": "Feature", "properties": { "small_area": "E01026091" }, "geometry": { "type": "Polygon", "coordinates": [ [ [ 0.01297, 53.34789 ], [ 0.0052, 53.35983 ], [ 0.02664, 53.35696 ], [ 0.01297, 53.34789 ] ] ] } },
{ "type": "Feature", "properties": { "small_area": "E01026010" }, "geometry": { "type": "Polygon", "coordinates": [ [ [ -0.04415, 52.98309 ], [ -0.05152, 52.98501 ], [ -0.0484, 52.98919 ], [ -0.04207, 52.99 ], [ -0.03615, 52.98591 ], [ -0.04415, 52.98309 ] ] ] } },
{ "type": "Feature", "properties": { "small_area": "E01028015" }, "geometry": { "type": "Polygon", "coordinates": [ [ [ -0.95441, 53.33165 ], [ -0.94394, 53.34116 ], [ -0.93544, 53.32928 ], [ -0.94172, 53.3363 ], [ -0.94125, 53.32875 ], [ -0.94801, 53.32972 ], [ -0.94903, 53.32729 ], [ -0.95441, 53.33165 ] ] ] } },
{ "type": "Feature", "properties": { "small_area": "E01028094" }, "geometry": { "type": "Polygon", "coordinates": [ [ [ -1.22914, 52.92275 ], [ -1.23674, 52.92146 ], [ -1.2412, 52.9269 ], [ -1.22779, 52.92587 ], [ -1.22914, 52.92275 ] ] ] } },
{ "type": "Feature", "properties": { "small_area": "E01025757" }, "geometry": { "type": "Polygon", "coordinates": [ [ [ -1.09573, 52.69922 ], [ -1.08853, 52.70076 ], [ -1.08836, 52.69452 ], [ -1.09573, 52.69922 ] ] ] } },
{ "type": "Feature", "properties": { "small_area": "E01025629" }, "geometry": { "type": "Polygon", "coordinates": [ [ [ -1.20023, 52.64438 ], [ -1.20342, 52.64581 ], [ -1.19609, 52.65346 ], [ -1.18979, 52.64744 ], [ -1.20023, 52.64438 ] ] ] } },
{ "type": "Feature", "properties": { "small_area": "E01013903" }, "geometry": { "type": "Polygon", "coordinates": [ [ [ -1.1771, 52.91699 ], [ -1.17089, 52.91208 ], [ -1.1757, 52.91397 ], [ -1.17408, 52.91101 ], [ -1.17909, 52.91335 ], [ -1.18101, 52.91101 ], [ -1.18517, 52.91597 ], [ -1.16477, 52.92401 ], [ -1.1771, 52.91699 ] ] ] } },
{ "type": "Feature", "properties": { "small_area": "E01025841" }, "geometry": { "type": "Polygon", "coordinates": [ [ [ -1.26807, 52.57144 ], [ -1.2756, 52.56481 ], [ -1.30203, 52.56137 ], [ -1.31184, 52.56207 ], [ -1.31915, 52.56705 ], [ -1.32862, 52.56583 ], [ -1.33097, 52.56985 ], [ -1.31828, 52.56964 ], [ -1.31593, 52.57253 ], [ -1.3135, 52.56884 ], [ -1.3041, 52.56757 ], [ -1.30439, 52.57486 ], [ -1.28586, 52.56746 ], [ -1.2784, 52.5757 ], [ -1.26807, 52.57144 ] ] ] } },
{ "type": "Feature", "properties": { "small_area": "E01027096" }, "geometry": { "type": "Polygon", "coordinates": [ [ [ -0.70256, 52.38543 ], [ -0.70677, 52.38911 ], [ -0.70301, 52.40299 ], [ -0.70075, 52.39276 ], [ -0.70256, 52.38543 ] ] ] } },
{ "type": "Feature", "properties": { "small_area": "E01028042" }, "geometry": { "type": "Polygon", "coordinates": [ [ [ -1.12127, 53.31231 ], [ -1.11165, 53.31792 ], [ -1.10468, 53.3174 ], [ -1.1101, 53.31165 ], [ -1.11812, 53.31344 ], [ -1.11775, 53.3103 ], [ -1.12127, 53.31231 ] ] ] } },
{ "type": "Feature", "properties": { "small_area": "E01025759" }, "geometry": { "type": "Polygon", "coordinates": [ [ [ -1.0772, 52.69612 ], [ -1.08111, 52.70104 ], [ -1.07144, 52.70805 ], [ -1.06501, 52.7026 ], [ -1.0772, 52.69612 ] ] ] } },
{ "type": "Feature", "properties": { "small_area": "E01025896" }, "geometry": { "type": "Polygon", "coordinates": [ [ [ -0.90073, 52.75195 ], [ -0.89573, 52.75005 ], [ -0.89841, 52.74051 ], [ -0.91039, 52.73709 ], [ -0.91841, 52.7416 ], [ -0.91609, 52.75193 ], [ -0.92466, 52.75709 ], [ -0.91666, 52.75974 ], [ -0.91089, 52.75674 ], [ -0.88845, 52.75796 ], [ -0.90073, 52.75195 ] ] ] } },
{ "type": "Feature", "properties": { "small_area": "E01019473" }, "geometry": { "type": "Polygon", "coordinates": [ [ [ -1.38344, 53.07901 ], [ -1.38815, 53.08132 ], [ -1.38909, 53.07649 ], [ -1.39379, 53.0767 ], [ -1.3961, 53.08333 ], [ -1.40804, 53.08413 ], [ -1.40685, 53.08925 ], [ -1.38961, 53.08937 ], [ -1.38344, 53.07901 ] ] ] } },
{ "type": "Feature", "properties": { "small_area": "E01013751" }, "geometry": { "type": "Polygon", "coordinates": [ [ [ -1.10893, 52.62927 ], [ -1.11427, 52.63116 ], [ -1.11404, 52.6336 ], [ -1.10893, 52.62927 ] ] ] } },
{ "type": "Feature", "properties": { "small_area": "E01028396" }, "geometry": { "type": "Polygon", "coordinates": [ [ [ -1.12719, 52.92045 ], [ -1.13098, 52.9275 ], [ -1.12491, 52.92745 ], [ -1.12719, 52.92045 ] ] ] } },
{ "type": "Feature", "properties": { "small_area": "E01025821" }, "geometry": { "type": "Polygon", "coordinates": [ [ [ -1.34359, 52.56948 ], [ -1.34258, 52.56596 ], [ -1.35326, 52.56307 ], [ -1.34795, 52.56645 ], [ -1.35991, 52.57168 ], [ -1.34765, 52.57341 ], [ -1.35074, 52.57165 ], [ -1.34359, 52.56948 ] ] ] } },
{ "type": "Feature", "properties": { "small_area": "E01025820" }, "geometry": { "type": "Polygon", "coordinates": [ [ [ -1.34947, 52.64144 ], [ -1.35908, 52.64359 ], [ -1.37226, 52.63944 ], [ -1.38025, 52.6446 ], [ -1.375, 52.64921 ], [ -1.37451, 52.64684 ], [ -1.36372, 52.64593 ], [ -1.35959, 52.65021 ], [ -1.36827, 52.65468 ], [ -1.36084, 52.65677 ], [ -1.3636, 52.66142 ], [ -1.34541, 52.65467 ], [ -1.34947, 52.64144 ] ] ] } },
{ "type": "Feature", "properties": { "small_area": "E01025823" }, "geometry": { "type": "Polygon", "coordinates": [ [ [ -1.34359, 52.56948 ], [ -1.35074, 52.57165 ], [ -1.34765, 52.57341 ], [ -1.35235, 52.57295 ], [ -1.34823, 52.57986 ], [ -1.33885, 52.57802 ], [ -1.34446, 52.57443 ], [ -1.34194, 52.57292 ], [ -1.34359, 52.56948 ] ] ] } },
{ "type": "Feature", "properties": { "small_area": "E01025822" }, "geometry": { "type": "Polygon", "coordinates": [ [ [ -1.33276, 52.5732 ], [ -1.33121, 52.57009 ], [ -1.33869, 52.56865 ], [ -1.34403, 52.57177 ], [ -1.33276, 52.5732 ] ] ] } },
{ "type": "Feature", "properties": { "small_area": "E01025825" }, "geometry": { "type": "Polygon", "coordinates": [ [ [ -1.35235, 52.57295 ], [ -1.35991, 52.57168 ], [ -1.34795, 52.56645 ], [ -1.35326, 52.56307 ], [ -1.35032, 52.55952 ], [ -1.33784, 52.56136 ], [ -1.34119, 52.55676 ], [ -1.35409, 52.55766 ], [ -1.35344, 52.5605 ], [ -1.36022, 52.56318 ], [ -1.36733, 52.56251 ], [ -1.36512, 52.5651 ], [ -1.38552, 52.56596 ], [ -1.38852, 52.56995 ], [ -1.38391, 52.572 ], [ -1.38224, 52.57724 ], [ -1.36501, 52.5747 ], [ -1.35236, 52.58447 ], [ -1.34255, 52.5855 ], [ -1.35235, 52.57295 ] ] ] } },
{ "type": "Feature", "properties": { "small_area": "E01019521" }, "geometry": { "type": "Polygon", "coordinates": [ [ [ -1.3266, 53.13848 ], [ -1.33198, 53.13353 ], [ -1.33803, 53.13453 ], [ -1.33768, 53.13838 ], [ -1.35129, 53.1385 ], [ -1.34482, 53.14295 ], [ -1.33011, 53.13957 ], [ -1.32813, 53.14571 ], [ -1.3312, 53.14693 ], [ -1.33671, 53.14239 ], [ -1.33859, 53.14487 ], [ -1.33419, 53.14725 ], [ -1.3435, 53.15016 ], [ -1.32558, 53.15645 ], [ -1.31882, 53.1397 ], [ -1.3266, 53.13848 ] ] ] } },
{ "type": "Feature", "properties": { "small_area": "E01019523" }, "geometry": { "type": "Polygon", "coordinates": [ [ [ -1.20051, 53.27979 ], [ -1.20297, 53.2865 ], [ -1.19236, 53.2904 ], [ -1.18663, 53.28744 ], [ -1.20051, 53.27979 ] ] ] } },
{ "type": "Feature", "properties": { "small_area": "E01019520" }, "geometry": { "type": "Polygon", "coordinates": [ [ [ -1.30256, 53.19007 ], [ -1.29256, 53.1852 ], [ -1.26847, 53.18366 ], [ -1.26029, 53.16474 ], [ -1.29596, 53.17121 ], [ -1.30071, 53.1642 ], [ -1.3165, 53.16535 ], [ -1.32345, 53.16232 ], [ -1.32558, 53.15645 ], [ -1.3435, 53.15016 ], [ -1.35129, 53.1385 ], [ -1.33768, 53.13838 ], [ -1.33803, 53.13453 ], [ -1.33198, 53.13353 ], [ -1.3411, 53.13357 ], [ -1.3613, 53.12247 ], [ -1.37514, 53.12355 ], [ -1.37331, 53.12935 ], [ -1.37773, 53.13581 ], [ -1.3677, 53.14119 ], [ -1.35294, 53.15919 ], [ -1.35873, 53.16565 ], [ -1.37827, 53.17371 ], [ -1.35678, 53.18546 ], [ -1.34565, 53.18342 ], [ -1.34436, 53.18712 ], [ -1.3185, 53.1859 ], [ -1.31161, 53.19897 ], [ -1.3015, 53.19838 ], [ -1.30256, 53.19007 ] ] ] } },
{ "type": "Feature", "properties": { "small_area": "E01019525" }, "geometry": { "type": "Polygon", "coordinates": [ [ [ -1.2131, 53.27225 ], [ -1.21822, 53.2751 ], [ -1.22173, 53.27049 ], [ -1.24254, 53.27446 ], [ -1.2499, 53.27286 ], [ -1.23919, 53.28171 ], [ -1.21202, 53.28434 ], [ -1.20272, 53.2785 ], [ -1.2131, 53.27225 ] ] ] } },
{ "type": "Feature", "properties": { "small_area": "E01019522" }, "geometry": { "type": "Polygon", "coordinates": [ [ [ -1.3435, 53.15016 ], [ -1.33419, 53.14725 ], [ -1.33859, 53.14487 ], [ -1.33671, 53.14239 ], [ -1.3312, 53.14693 ], [ -1.32813, 53.14571 ], [ -1.33011, 53.13957 ], [ -1.33398, 53.13844 ], [ -1.34482, 53.14295 ], [ -1.3497, 53.14155 ], [ -1.3435, 53.15016 ] ] ] } },
{ "type": "Feature", "properties": { "small_area": "E01025957" }, "geometry": { "type": "Polygon", "coordinates": [ [ [ -1.37432, 52.72564 ], [ -1.37956, 52.72409 ], [ -1.3735, 52.72136 ], [ -1.37168, 52.71472 ], [ -1.37896, 52.71764 ], [ -1.37515, 52.72071 ], [ -1.38734, 52.72192 ], [ -1.38139, 52.73261 ], [ -1.37405, 52.73252 ], [ -1.37432, 52.72564 ] ] ] } },
{ "type": "Feature", "properties": { "small_area": "E01026353" }, "geometry": { "type": "Polygon", "coordinates": [ [ [ -0.63846, 52.914 ], [ -0.64505, 52.9156 ], [ -0.64729, 52.92459 ], [ -0.64143, 52.9238 ], [ -0.64426, 52.92022 ], [ -0.64, 52.92137 ], [ -0.63846, 52.914 ] ] ] } },
{ "type": "Feature", "properties": { "small_area": "E01028356" }, "geometry": { "type": "Polygon", "coordinates": [ [ [ -1.1081, 52.9225 ], [ -1.12237, 52.92503 ], [ -1.12362, 52.92755 ], [ -1.11708, 52.92499 ], [ -1.11052, 52.92918 ], [ -1.1081, 52.9225 ] ] ] } },
{ "type": "Feature", "properties": { "small_area": "E01026350" }, "geometry": { "type": "Polygon", "coordinates": [ [ [ -0.45305, 52.64923 ], [ -0.48433, 52.64611 ], [ -0.47286, 52.65127 ], [ -0.4731, 52.65454 ], [ -0.46199, 52.66144 ], [ -0.46329, 52.65885 ], [ -0.4529, 52.65792 ], [ -0.45049, 52.65411 ], [ -0.45305, 52.64923 ] ] ] } },
{ "type": "Feature", "properties": { "small_area": "E01028357" }, "geometry": { "type": "Polygon", "coordinates": [ [ [ -0.93294, 52.95805 ], [ -0.91605, 52.9501 ], [ -0.91784, 52.94634 ], [ -0.92222, 52.94627 ], [ -0.91724, 52.94069 ], [ -0.9214, 52.93455 ], [ -0.93033, 52.93418 ], [ -0.93245, 52.93734 ], [ -0.9541, 52.93151 ], [ -0.95818, 52.94484 ], [ -0.92493, 52.94641 ], [ -0.92725, 52.95114 ], [ -0.93502, 52.94782 ], [ -0.9564, 52.95441 ], [ -0.96222, 52.96369 ], [ -0.95891, 52.96673 ], [ -0.93975, 52.96088 ], [ -0.92922, 52.96179 ], [ -0.93294, 52.95805 ] ] ] } },
{ "type": "Feature", "properties": { "small_area": "E01026351" }, "geometry": { "type": "Polygon", "coordinates": [ [ [ -0.47286, 52.65127 ], [ -0.48677, 52.64765 ], [ -0.49332, 52.65136 ], [ -0.48793, 52.65014 ], [ -0.47842, 52.65547 ], [ -0.4731, 52.65454 ], [ -0.47286, 52.65127 ] ] ] } },
{ "type": "Feature", "properties": { "small_area": "E01028358" }, "geometry": { "type": "Polygon", "coordinates": [ [ [ -0.95519, 52.95133 ], [ -0.95394, 52.94703 ], [ -0.96443, 52.94955 ], [ -0.95774, 52.95089 ], [ -0.9564, 52.95441 ], [ -0.94547, 52.95094 ], [ -0.95519, 52.95133 ] ] ] } },
{ "type": "Feature", "properties": { "small_area": "E01028359" }, "geometry": { "type": "Polygon", "coordinates": [ [ [ -0.95394, 52.94703 ], [ -0.95519, 52.95133 ], [ -0.93502, 52.94782 ], [ -0.92725, 52.95114 ], [ -0.92493, 52.94641 ], [ -0.95818, 52.94484 ], [ -0.95394, 52.94703 ] ] ] } },
{ "type": "Feature", "properties": { "small_area": "E01013816" }, "geometry": { "type": "Polygon", "coordinates": [ [ [ -1.16059, 52.95563 ], [ -1.16561, 52.96096 ], [ -1.15747, 52.96138 ], [ -1.15119, 52.95628 ], [ -1.16059, 52.95563 ] ] ] } },
{ "type": "Feature", "properties": { "small_area": "E01025774" }, "geometry": { "type": "Polygon", "coordinates": [ [ [ -1.20899, 52.52883 ], [ -1.21309, 52.52596 ], [ -1.21944, 52.528 ], [ -1.21828, 52.52591 ], [ -1.2256, 52.52728 ], [ -1.22646, 52.53098 ], [ -1.20902, 52.53918 ], [ -1.20221, 52.52792 ], [ -1.20899, 52.52883 ] ] ] } },
{ "type": "Feature", "properties": { "small_area": "E01025682" }, "geometry": { "type": "Polygon", "coordinates": [ [ [ -1.10423, 52.67744 ], [ -1.11805, 52.67946 ], [ -1.1165, 52.68548 ], [ -1.10618, 52.68607 ], [ -1.10072, 52.68142 ], [ -1.10423, 52.67744 ] ] ] } },
{ "type": "Feature", "properties": { "small_area": "E01027105" }, "geometry": { "type": "Polygon", "coordinates": [ [ [ -0.72922, 52.40226 ], [ -0.73339, 52.40561 ], [ -0.72457, 52.40687 ], [ -0.71996, 52.40213 ], [ -0.72922, 52.40226 ] ] ] } },
{ "type": "Feature", "properties": { "small_area": "E01013506" }, "geometry": { "type": "Polygon", "coordinates": [ [ [ -1.41991, 52.93176 ], [ -1.42669, 52.93148 ], [ -1.43171, 52.92645 ], [ -1.43835, 52.92949 ], [ -1.4274, 52.93675 ], [ -1.41991, 52.93176 ] ] ] } },
{ "type": "Feature", "properties": { "small_area": "E01013628" }, "geometry": { "type": "Polygon", "coordinates": [ [ [ -1.12258, 52.65379 ], [ -1.12688, 52.65482 ], [ -1.12683, 52.66293 ], [ -1.12085, 52.66084 ], [ -1.12258, 52.65379 ] ] ] } },
{ "type": "Feature", "properties": { "small_area": "E01013605" }, "geometry": { "type": "Polygon", "coordinates": [ [ [ -1.14062, 52.65554 ], [ -1.14023, 52.65781 ], [ -1.13117, 52.6612 ], [ -1.13284, 52.65669 ], [ -1.12546, 52.65724 ], [ -1.13001, 52.65186 ], [ -1.14062, 52.65554 ] ] ] } },
{ "type": "Feature", "properties": { "small_area": "E01019513" }, "geometry": { "type": "Polygon", "coordinates": [ [ [ -1.32363, 53.10104 ], [ -1.32675, 53.10439 ], [ -1.33026, 53.10257 ], [ -1.33383, 53.11169 ], [ -1.33721, 53.10886 ], [ -1.34203, 53.11015 ], [ -1.34379, 53.11426 ], [ -1.31209, 53.11603 ], [ -1.31078, 53.1101 ], [ -1.32363, 53.10104 ] ] ] } },
{ "type": "Feature", "properties": { "small_area": "E01025865" }, "geometry": { "type": "Polygon", "coordinates": [ [ [ -1.37504, 52.54479 ], [ -1.37859, 52.54628 ], [ -1.37736, 52.54887 ], [ -1.3823, 52.54955 ], [ -1.37517, 52.55168 ], [ -1.37207, 52.54691 ], [ -1.37504, 52.54479 ] ] ] } },
{ "type": "Feature", "properties": { "small_area": "E01026021" }, "geometry": { "type": "Polygon", "coordinates": [ [ [ -0.02096, 52.99244 ], [ -0.02121, 52.99844 ], [ -0.00677, 52.99172 ], [ -0.00979, 52.98446 ], [ -0.01807, 52.98188 ], [ -0.02096, 52.99244 ] ] ] } },
{ "type": "Feature", "properties": { "small_area": "E01013881" }, "geometry": { "type": "Polygon", "coordinates": [ [ [ -1.19097, 53.0099 ], [ -1.19598, 53.00761 ], [ -1.19537, 53.012 ], [ -1.20087, 53.0138 ], [ -1.20235, 53.01814 ], [ -1.19235, 53.01636 ], [ -1.19097, 53.0099 ] ] ] } },
{ "type": "Feature", "properties": { "small_area": "E01013800" }, "geometry": { "type": "Polygon", "coordinates": [ [ [ -0.74754, 52.66899 ], [ -0.73858, 52.66748 ], [ -0.75972, 52.65768 ], [ -0.76536, 52.66215 ], [ -0.77739, 52.66391 ], [ -0.79292, 52.65967 ], [ -0.79162, 52.66475 ], [ -0.78338, 52.66786 ], [ -0.78323, 52.67245 ], [ -0.77428, 52.66982 ], [ -0.74326, 52.67255 ], [ -0.74006, 52.67058 ], [ -0.74754, 52.66899 ] ] ] } },
{ "type": "Feature", "properties": { "small_area": "E01027229" }, "geometry": { "type": "Polygon", "coordinates": [ [ [ -0.89354, 52.26454 ], [ -0.89522, 52.262 ], [ -0.89094, 52.26051 ], [ -0.89663, 52.25778 ], [ -0.89983, 52.26494 ], [ -0.89354, 52.26454 ] ] ] } },
{ "type": "Feature", "properties": { "small_area": "E01025982" }, "geometry": { "type": "Polygon", "coordinates": [ [ [ -1.0543, 52.58824 ], [ -1.05356, 52.592 ], [ -1.06173, 52.59174 ], [ -1.05652, 52.60289 ], [ -1.04218, 52.59827 ], [ -1.0543, 52.58824 ] ] ] } },
{ "type": "Feature", "properties": { "small_area": "E01013880" }, "geometry": { "type": "Polygon", "coordinates": [ [ [ -1.19913, 53.00547 ], [ -1.20677, 53.00181 ], [ -1.21389, 53.00588 ], [ -1.21018, 53.00794 ], [ -1.21704, 53.01063 ], [ -1.21016, 53.01803 ], [ -1.20235, 53.01814 ], [ -1.19913, 53.00547 ] ] ] } },
{ "type": "Feature", "properties": { "small_area": "E01026175" }, "geometry": { "type": "Polygon", "coordinates": [ [ [ -0.54918, 53.2011 ], [ -0.55505, 53.20196 ], [ -0.55177, 53.21107 ], [ -0.54642, 53.20554 ], [ -0.54918, 53.2011 ] ] ] } },
{ "type": "Feature", "properties": { "small_area": "E01025881" }, "geometry": { "type": "Polygon", "coordinates": [ [ [ -1.48885, 52.60051 ], [ -1.48049, 52.6016 ], [ -1.48124, 52.58991 ], [ -1.45634, 52.58003 ], [ -1.45277, 52.57287 ], [ -1.46749, 52.56992 ], [ -1.48304, 52.55867 ], [ -1.52288, 52.57058 ], [ -1.52558, 52.5812 ], [ -1.53722, 52.58887 ], [ -1.51089, 52.59706 ], [ -1.50979, 52.60358 ], [ -1.5051, 52.60537 ], [ -1.48885, 52.60051 ] ] ] } },
{ "type": "Feature", "properties": { "small_area": "E01025800" }, "geometry": { "type": "Polygon", "coordinates": [ [ [ -0.90248, 52.47466 ], [ -0.9055, 52.47262 ], [ -0.90542, 52.47553 ], [ -0.91366, 52.47828 ], [ -0.90464, 52.47914 ], [ -0.90248, 52.47466 ] ] ] } },
{ "type": "Feature", "properties": { "small_area": "E01025803" }, "geometry": { "type": "Polygon", "coordinates": [ [ [ -0.93768, 52.47946 ], [ -0.93238, 52.47904 ], [ -0.93124, 52.47555 ], [ -0.94655, 52.47462 ], [ -0.93768, 52.47946 ] ] ] } },
{ "type": "Feature", "properties": { "small_area": "E01019865" }, "geometry": { "type": "Polygon", "coordinates": [ [ [ -1.56928, 52.77826 ], [ -1.56653, 52.77646 ], [ -1.57434, 52.77309 ], [ -1.57896, 52.78045 ], [ -1.56586, 52.77959 ], [ -1.56928, 52.77826 ] ] ] } },
{ "type": "Feature", "properties": { "small_area": "E01019864" }, "geometry": { "type": "Polygon", "coordinates": [ [ [ -1.57434, 52.77309 ], [ -1.58379, 52.77165 ], [ -1.58773, 52.77823 ], [ -1.57861, 52.78197 ], [ -1.57434, 52.77309 ] ] ] } },
{ "type": "Feature", "properties": { "small_area": "E01025882" }, "geometry": { "type": "Polygon", "coordinates": [ [ [ -1.48024, 52.66326 ], [ -1.46989, 52.66346 ], [ -1.47143, 52.66119 ], [ -1.46468, 52.65888 ], [ -1.48703, 52.64818 ], [ -1.47123, 52.63111 ], [ -1.48982, 52.62032 ], [ -1.49649, 52.61997 ], [ -1.4933, 52.60689 ], [ -1.49633, 52.60373 ], [ -1.50979, 52.60358 ], [ -1.51089, 52.59706 ], [ -1.53722, 52.58887 ], [ -1.56076, 52.59613 ], [ -1.55447, 52.61472 ], [ -1.56759, 52.62262 ], [ -1.56462, 52.63122 ], [ -1.57129, 52.63558 ], [ -1.54712, 52.64218 ], [ -1.54281, 52.6476 ], [ -1.54243, 52.65361 ], [ -1.5473, 52.65596 ], [ -1.55178, 52.66744 ], [ -1.53683, 52.66572 ], [ -1.50237, 52.67762 ], [ -1.49402, 52.66903 ], [ -1.48024, 52.66326 ] ] ] } },
{ "type": "Feature", "properties": { "small_area": "E01025802" }, "geometry": { "type": "Polygon", "coordinates": [ [ [ -0.9248, 52.47868 ], [ -0.92845, 52.48107 ], [ -0.93768, 52.47946 ], [ -0.94023, 52.48349 ], [ -0.93617, 52.49244 ], [ -0.9248, 52.47868 ] ] ] } },
{ "type": "Feature", "properties": { "small_area": "E01013866" }, "geometry": { "type": "Polygon", "coordinates": [ [ [ -1.22138, 52.97011 ], [ -1.2266, 52.96776 ], [ -1.23454, 52.97093 ], [ -1.23393, 52.975 ], [ -1.22138, 52.97011 ] ] ] } },
{ "type": "Feature", "properties": { "small_area": "E01025665" }, "geometry": { "type": "Polygon", "coordinates": [ [ [ -1.2819, 52.53421 ], [ -1.28054, 52.53679 ], [ -1.28868, 52.54075 ], [ -1.28634, 52.54347 ], [ -1.27934, 52.54 ], [ -1.27463, 52.54136 ], [ -1.26376, 52.53426 ], [ -1.2819, 52.53421 ] ] ] } },
{ "type": "Feature", "properties": { "small_area": "E01025664" }, "geometry": { "type": "Polygon", "coordinates": [ [ [ -1.32184, 52.54097 ], [ -1.30512, 52.53295 ], [ -1.29184, 52.52699 ], [ -1.28797, 52.5286 ], [ -1.2755, 52.5179 ], [ -1.30596, 52.49338 ], [ -1.3251, 52.50102 ], [ -1.31798, 52.5151 ], [ -1.33042, 52.5246 ], [ -1.33456, 52.54377 ], [ -1.32264, 52.54443 ], [ -1.32184, 52.54097 ] ] ] } },
{ "type": "Feature", "properties": { "small_area": "E01025667" }, "geometry": { "type": "Polygon", "coordinates": [ [ [ -1.17741, 52.61807 ], [ -1.17613, 52.61804 ], [ -1.18916, 52.6155 ], [ -1.18846, 52.62282 ], [ -1.17741, 52.61807 ] ] ] } },
{ "type": "Feature", "properties": { "small_area": "E01019656" }, "geometry": { "type": "Polygon", "coordinates": [ [ [ -1.27916, 52.93681 ], [ -1.31073, 52.93086 ], [ -1.32323, 52.93254 ], [ -1.30116, 52.91484 ], [ -1.33773, 52.90738 ], [ -1.34052, 52.91412 ], [ -1.36217, 52.90711 ], [ -1.35527, 52.91964 ], [ -1.35792, 52.92737 ], [ -1.32898, 52.9335 ], [ -1.32532, 52.93877 ], [ -1.32941, 52.94089 ], [ -1.3347, 52.93746 ], [ -1.34184, 52.94194 ], [ -1.33638, 52.94505 ], [ -1.336, 52.94233 ], [ -1.3296, 52.94276 ], [ -1.33229, 52.94749 ], [ -1.3053, 52.9516 ], [ -1.28278, 52.94554 ], [ -1.27916, 52.93681 ] ] ] } },
{ "type": "Feature", "properties": { "small_area": "E01025632" }, "geometry": { "type": "Polygon", "coordinates": [ [ [ -1.21082, 52.61797 ], [ -1.22839, 52.61585 ], [ -1.22683, 52.61957 ], [ -1.21082, 52.61797 ] ] ] } },
{ "type": "Feature", "properties": { "small_area": "E01025633" }, "geometry": { "type": "Polygon", "coordinates": [ [ [ -1.21212, 52.62819 ], [ -1.20125, 52.62731 ], [ -1.20424, 52.61708 ], [ -1.2097, 52.6182 ], [ -1.20563, 52.62064 ], [ -1.21212, 52.62819 ] ] ] } },
{ "type": "Feature", "properties": { "small_area": "E01025634" }, "geometry": { "type": "Polygon", "coordinates": [ [ [ -1.2188, 52.61951 ], [ -1.24245, 52.61378 ], [ -1.24603, 52.60862 ], [ -1.25439, 52.61341 ], [ -1.22077, 52.6248 ], [ -1.22452, 52.62661 ], [ -1.21966, 52.62674 ], [ -1.2188, 52.61951 ] ] ] } },
{ "type": "Feature", "properties": { "small_area": "E01025635" }, "geometry": { "type": "Polygon", "coordinates": [ [ [ -1.21702, 52.62182 ], [ -1.21966, 52.62674 ], [ -1.21212, 52.62819 ], [ -1.20881, 52.62363 ], [ -1.21702, 52.62182 ] ] ] } },
{ "type": "Feature", "properties": { "small_area": "E01025637" }, "geometry": { "type": "Polygon", "coordinates": [ [ [ -1.18164, 52.59904 ], [ -1.18681, 52.60023 ], [ -1.18832, 52.60569 ], [ -1.17525, 52.60436 ], [ -1.18164, 52.59904 ] ] ] } },
{ "type": "Feature", "properties": { "small_area": "E01025636" }, "geometry": { "type": "Polygon", "coordinates": [ [ [ -1.17869, 52.60327 ], [ -1.18832, 52.60569 ], [ -1.18951, 52.61074 ], [ -1.18021, 52.60941 ], [ -1.17869, 52.60327 ] ] ] } },
{ "type": "Feature", "properties": { "small_area": "E01025630" }, "geometry": { "type": "Polygon", "coordinates": [ [ [ -1.18293, 52.653 ], [ -1.18979, 52.64744 ], [ -1.19609, 52.65346 ], [ -1.18957, 52.66066 ], [ -1.18521, 52.66062 ], [ -1.18293, 52.653 ] ] ] } },
{ "type": "Feature", "properties": { "small_area": "E01025631" }, "geometry": { "type": "Polygon", "coordinates": [ [ [ -1.2188, 52.61951 ], [ -1.22, 52.62368 ], [ -1.20881, 52.62363 ], [ -1.20563, 52.62064 ], [ -1.2097, 52.6182 ], [ -1.2188, 52.61951 ] ] ] } },
{ "type": "Feature", "properties": { "small_area": "E01025839" }, "geometry": { "type": "Polygon", "coordinates": [ [ [ -1.31379, 52.5698 ], [ -1.31593, 52.57253 ], [ -1.31828, 52.56964 ], [ -1.32549, 52.57324 ], [ -1.31586, 52.57542 ], [ -1.31005, 52.57134 ], [ -1.31379, 52.5698 ] ] ] } },
{ "type": "Feature", "properties": { "small_area": "E01025838" }, "geometry": { "type": "Polygon", "coordinates": [ [ [ -1.35471, 52.62079 ], [ -1.35177, 52.6226 ], [ -1.3602, 52.60524 ], [ -1.3793, 52.61153 ], [ -1.40359, 52.60949 ], [ -1.41763, 52.60259 ], [ -1.42042, 52.60523 ], [ -1.40528, 52.62036 ], [ -1.41368, 52.6208 ], [ -1.41413, 52.62345 ], [ -1.41267, 52.62154 ], [ -1.40639, 52.62639 ], [ -1.41585, 52.63371 ], [ -1.41375, 52.63965 ], [ -1.40771, 52.64101 ], [ -1.3771, 52.62561 ], [ -1.35471, 52.62079 ] ] ] } },
{ "type": "Feature", "properties": { "small_area": "E01028188" }, "geometry": { "type": "Polygon", "coordinates": [ [ [ -1.08626, 52.95637 ], [ -1.09353, 52.95712 ], [ -1.08742, 52.96041 ], [ -1.0814, 52.96019 ], [ -1.08626, 52.95637 ] ] ] } },
{ "type": "Feature", "properties": { "small_area": "E01028109" }, "geometry": { "type": "Polygon", "coordinates": [ [ [ -1.28883, 53.01243 ], [ -1.29398, 53.00901 ], [ -1.30001, 53.01018 ], [ -1.30141, 53.01365 ], [ -1.28883, 53.01243 ] ] ] } },
{ "type": "Feature", "properties": { "small_area": "E01028108" }, "geometry": { "type": "Polygon", "coordinates": [ [ [ -1.29621, 53.01851 ], [ -1.3068, 53.02306 ], [ -1.30179, 53.02277 ], [ -1.30362, 53.02482 ], [ -1.29901, 53.02605 ], [ -1.28999, 53.01895 ], [ -1.29621, 53.01851 ] ] ] } },
{ "type": "Feature", "properties": { "small_area": "E01028189" }, "geometry": { "type": "Polygon", "coordinates": [ [ [ -1.13035, 53.06382 ], [ -1.13363, 53.05163 ], [ -1.12606, 53.04936 ], [ -1.13179, 53.02254 ], [ -1.1461, 53.04522 ], [ -1.15644, 53.04708 ], [ -1.17013, 53.04405 ], [ -1.17713, 53.03713 ], [ -1.18159, 53.04787 ], [ -1.20212, 53.05107 ], [ -1.21743, 53.04901 ], [ -1.22812, 53.05455 ], [ -1.22631, 53.08102 ], [ -1.20251, 53.08689 ], [ -1.19293, 53.0926 ], [ -1.18788, 53.09286 ], [ -1.18614, 53.08521 ], [ -1.19047, 53.08124 ], [ -1.18451, 53.0727 ], [ -1.17435, 53.07068 ], [ -1.17654, 53.06758 ], [ -1.13035, 53.06382 ] ] ] } },
{ "type": "Feature", "properties": { "small_area": "E01025749" }, "geometry": { "type": "Polygon", "coordinates": [ [ [ -1.08132, 52.73547 ], [ -1.09738, 52.74003 ], [ -1.11123, 52.73259 ], [ -1.12278, 52.7419 ], [ -1.10894, 52.75363 ], [ -1.0987, 52.75677 ], [ -1.0909, 52.75243 ], [ -1.08862, 52.74367 ], [ -1.08001, 52.74789 ], [ -1.07061, 52.74335 ], [ -1.08132, 52.73547 ] ] ] } },
{ "type": "Feature", "properties": { "small_area": "E01013783" }, "geometry": { "type": "Polygon", "coordinates": [ [ [ -1.16024, 52.63303 ], [ -1.16058, 52.62692 ], [ -1.16751, 52.63045 ], [ -1.16492, 52.63468 ], [ -1.16024, 52.63303 ] ] ] } },
{ "type": "Feature", "properties": { "small_area": "E01028417" }, "geometry": { "type": "Polygon", "coordinates": [ [ [ -1.13846, 52.92999 ], [ -1.13925, 52.93325 ], [ -1.13643, 52.93841 ], [ -1.1355, 52.93483 ], [ -1.12845, 52.93343 ], [ -1.13846, 52.92999 ] ] ] } },
{ "type": "Feature", "properties": { "small_area": "E01019862" }, "geometry": { "type": "Polygon", "coordinates": [ [ [ -1.58291, 52.77814 ], [ -1.58773, 52.77823 ], [ -1.58347, 52.76957 ], [ -1.5906, 52.76736 ], [ -1.59528, 52.77048 ], [ -1.61845, 52.77065 ], [ -1.62166, 52.77477 ], [ -1.60082, 52.79109 ], [ -1.5762, 52.79129 ], [ -1.58291, 52.77814 ] ] ] } },
{ "type": "Feature", "properties": { "small_area": "E01025880" }, "geometry": { "type": "Polygon", "coordinates": [ [ [ -1.22417, 52.65048 ], [ -1.22863, 52.64905 ], [ -1.22315, 52.64624 ], [ -1.22597, 52.64372 ], [ -1.23428, 52.64411 ], [ -1.23753, 52.64759 ], [ -1.24126, 52.6455 ], [ -1.24279, 52.65063 ], [ -1.23863, 52.65653 ], [ -1.23157, 52.65611 ], [ -1.22417, 52.65048 ] ] ] } },
{ "type": "Feature", "properties": { "small_area": "E01028420" }, "geometry": { "type": "Polygon", "coordinates": [ [ [ -0.92329, 52.9307 ], [ -0.90733, 52.92517 ], [ -0.89688, 52.92725 ], [ -0.90058, 52.91716 ], [ -0.87432, 52.8982 ], [ -0.91693, 52.87891 ], [ -0.94026, 52.87564 ], [ -0.92813, 52.86606 ], [ -0.94083, 52.86154 ], [ -0.94718, 52.8631 ], [ -0.9477, 52.86886 ], [ -0.96685, 52.8779 ], [ -0.98057, 52.89136 ], [ -0.99362, 52.89452 ], [ -0.99423, 52.89912 ], [ -0.9636, 52.90669 ], [ -0.96794, 52.91179 ], [ -0.96059, 52.91744 ], [ -0.96933, 52.91978 ], [ -0.96762, 52.92934 ], [ -0.93245, 52.93734 ], [ -0.93033, 52.93418 ], [ -0.9214, 52.93455 ], [ -0.92329, 52.9307 ] ] ] } },
{ "type": "Feature", "properties": { "small_area": "E01027163" }, "geometry": { "type": "Polygon", "coordinates": [ [ [ -0.91215, 52.20852 ], [ -0.9096, 52.20615 ], [ -0.91423, 52.19794 ], [ -0.92583, 52.20424 ], [ -0.91405, 52.20787 ], [ -0.91351, 52.21402 ], [ -0.90432, 52.21243 ], [ -0.90286, 52.20826 ], [ -0.91215, 52.20852 ] ] ] } },
{ "type": "Feature", "properties": { "small_area": "E01027162" }, "geometry": { "type": "Polygon", "coordinates": [ [ [ -0.90171, 52.2144 ], [ -0.89873, 52.21457 ], [ -0.90286, 52.20826 ], [ -0.90432, 52.21243 ], [ -0.91708, 52.21569 ], [ -0.90171, 52.2144 ] ] ] } },
{ "type": "Feature", "properties": { "small_area": "E01027165" }, "geometry": { "type": "Polygon", "coordinates": [ [ [ -0.90143, 52.19983 ], [ -0.909, 52.20281 ], [ -0.91016, 52.19535 ], [ -0.91423, 52.19794 ], [ -0.9096, 52.20615 ], [ -0.91215, 52.20852 ], [ -0.90358, 52.20702 ], [ -0.90143, 52.19983 ] ] ] } },
{ "type": "Feature", "properties": { "small_area": "E01028421" }, "geometry": { "type": "Polygon", "coordinates": [ [ [ -1.02725, 52.87753 ], [ -1.03665, 52.81594 ], [ -1.04667, 52.81406 ], [ -1.05921, 52.81723 ], [ -1.07215, 52.81414 ], [ -1.06882, 52.82122 ], [ -1.07444, 52.82471 ], [ -1.09149, 52.82006 ], [ -1.11695, 52.81956 ], [ -1.11292, 52.83244 ], [ -1.12523, 52.83034 ], [ -1.11504, 52.85313 ], [ -1.10459, 52.85507 ], [ -1.08805, 52.85087 ], [ -1.06996, 52.85739 ], [ -1.07183, 52.87218 ], [ -1.06156, 52.8791 ], [ -1.08917, 52.88696 ], [ -1.09467, 52.88029 ], [ -1.10057, 52.8794 ], [ -1.10773, 52.88707 ], [ -1.11955, 52.88878 ], [ -1.12269, 52.89854 ], [ -1.12009, 52.90148 ], [ -1.10376, 52.90045 ], [ -1.08436, 52.8929 ], [ -1.07891, 52.90048 ], [ -1.06968, 52.90374 ], [ -1.04358, 52.87904 ], [ -1.03483, 52.88153 ], [ -1.02725, 52.87753 ] ] ] } },
{ "type": "Feature", "properties": { "small_area": "E01033103" }, "geometry": { "type": "Polygon", "coordinates": [ [ [ -1.34247, 52.71971 ], [ -1.35044, 52.71676 ], [ -1.3404, 52.70889 ], [ -1.35704, 52.71636 ], [ -1.35523, 52.722 ], [ -1.34669, 52.72328 ], [ -1.34247, 52.71971 ] ] ] } },
{ "type": "Feature", "properties": { "small_area": "E01019739" }, "geometry": { "type": "Polygon", "coordinates": [ [ [ -1.94217, 53.44439 ], [ -1.95093, 53.44075 ], [ -1.96166, 53.44385 ], [ -1.95417, 53.44274 ], [ -1.95202, 53.44541 ], [ -1.94217, 53.44439 ] ] ] } },
{ "type": "Feature", "properties": { "small_area": "E01019738" }, "geometry": { "type": "Polygon", "coordinates": [ [ [ -1.95417, 53.44274 ], [ -1.96166, 53.44385 ], [ -1.95371, 53.4413 ], [ -1.9579, 53.43946 ], [ -1.96686, 53.44421 ], [ -1.95202, 53.44541 ], [ -1.95417, 53.44274 ] ] ] } },
{ "type": "Feature", "properties": { "small_area": "E01013486" }, "geometry": { "type": "Polygon", "coordinates": [ [ [ -1.46674, 52.91038 ], [ -1.46838, 52.90789 ], [ -1.46387, 52.90727 ], [ -1.46674, 52.90274 ], [ -1.47329, 52.90478 ], [ -1.47198, 52.90879 ], [ -1.46674, 52.91038 ] ] ] } },
{ "type": "Feature", "properties": { "small_area": "E01027018" }, "geometry": { "type": "Polygon", "coordinates": [ [ [ -0.80591, 52.28824 ], [ -0.80915, 52.27533 ], [ -0.82099, 52.27498 ], [ -0.82718, 52.28089 ], [ -0.84463, 52.28057 ], [ -0.84395, 52.28987 ], [ -0.85098, 52.29113 ], [ -0.85271, 52.3069 ], [ -0.84657, 52.31344 ], [ -0.84316, 52.30429 ], [ -0.81797, 52.30958 ], [ -0.80591, 52.28824 ] ] ] } },
{ "type": "Feature", "properties": { "small_area": "E01013487" }, "geometry": { "type": "Polygon", "coordinates": [ [ [ -1.47519, 52.90152 ], [ -1.47481, 52.90778 ], [ -1.47198, 52.90879 ], [ -1.47329, 52.90478 ], [ -1.46674, 52.90274 ], [ -1.46933, 52.89996 ], [ -1.47519, 52.90152 ] ] ] } },
{ "type": "Feature", "properties": { "small_area": "E01013971" }, "geometry": { "type": "Polygon", "coordinates": [ [ [ -1.15416, 52.97919 ], [ -1.13978, 52.97982 ], [ -1.14763, 52.97807 ], [ -1.15032, 52.97541 ], [ -1.15416, 52.97919 ] ] ] } },
{ "type": "Feature", "properties": { "small_area": "E01013576" }, "geometry": { "type": "Polygon", "coordinates": [ [ [ -1.42284, 52.94795 ], [ -1.4163, 52.94651 ], [ -1.42231, 52.9393 ], [ -1.42517, 52.94252 ], [ -1.42284, 52.94795 ] ] ] } },
{ "type": "Feature", "properties": { "small_area": "E01027012" }, "geometry": { "type": "Polygon", "coordinates": [ [ [ -1.13546, 52.26251 ], [ -1.14625, 52.25565 ], [ -1.1495, 52.26074 ], [ -1.15604, 52.25954 ], [ -1.1589, 52.2697 ], [ -1.15577, 52.27591 ], [ -1.13546, 52.26251 ] ] ] } },
{ "type": "Feature", "properties": { "small_area": "E01013577" }, "geometry": { "type": "Polygon", "coordinates": [ [ [ -1.42474, 52.94335 ], [ -1.43542, 52.94685 ], [ -1.4317, 52.95062 ], [ -1.41812, 52.95062 ], [ -1.42679, 52.94694 ], [ -1.42284, 52.94795 ], [ -1.42474, 52.94335 ] ] ] } },
{ "type": "Feature", "properties": { "small_area": "E01033412" }, "geometry": { "type": "Polygon", "coordinates": [ [ [ -1.24683, 52.95308 ], [ -1.28114, 52.94079 ], [ -1.28242, 52.95122 ], [ -1.2925, 52.95555 ], [ -1.28772, 52.96768 ], [ -1.25262, 52.96703 ], [ -1.25104, 52.96459 ], [ -1.24447, 52.96775 ], [ -1.24076, 52.96303 ], [ -1.24683, 52.95308 ] ] ] } },
{ "type": "Feature", "properties": { "small_area": "E01026988" }, "geometry": { "type": "Polygon", "coordinates": [ [ [ -1.17128, 52.26029 ], [ -1.17656, 52.26462 ], [ -1.16837, 52.26498 ], [ -1.16425, 52.26002 ], [ -1.17128, 52.26029 ] ] ] } },
{ "type": "Feature", "properties": { "small_area": "E01028048" }, "geometry": { "type": "Polygon", "coordinates": [ [ [ -1.1318, 53.33233 ], [ -1.12689, 53.33434 ], [ -1.11915, 53.33165 ], [ -1.12119, 53.32686 ], [ -1.12911, 53.32761 ], [ -1.1318, 53.33233 ] ] ] } },
{ "type": "Feature", "properties": { "small_area": "E01027200" }, "geometry": { "type": "Polygon", "coordinates": [ [ [ -0.81541, 52.26863 ], [ -0.82493, 52.26618 ], [ -0.82888, 52.26878 ], [ -0.81543, 52.27223 ], [ -0.81541, 52.26863 ] ] ] } },
{ "type": "Feature", "properties": { "small_area": "E01013702" }, "geometry": { "type": "Polygon", "coordinates": [ [ [ -1.11572, 52.60914 ], [ -1.11944, 52.61096 ], [ -1.12164, 52.60797 ], [ -1.12386, 52.61223 ], [ -1.11587, 52.61282 ], [ -1.11472, 52.61604 ], [ -1.11054, 52.61193 ], [ -1.11572, 52.60914 ] ] ] } },
{ "type": "Feature", "properties": { "small_area": "E01025748" }, "geometry": { "type": "Polygon", "coordinates": [ [ [ -1.10414, 52.7203 ], [ -1.11997, 52.72009 ], [ -1.12546, 52.7283 ], [ -1.10796, 52.73302 ], [ -1.10681, 52.7266 ], [ -1.10147, 52.72536 ], [ -1.10422, 52.72833 ], [ -1.09881, 52.72888 ], [ -1.09611, 52.72372 ], [ -1.10414, 52.7203 ] ] ] } },
{ "type": "Feature", "properties": { "small_area": "E01013782" }, "geometry": { "type": "Polygon", "coordinates": [ [ [ -1.15407, 52.62901 ], [ -1.15902, 52.62885 ], [ -1.16024, 52.63303 ], [ -1.15733, 52.63536 ], [ -1.1527, 52.63192 ], [ -1.15407, 52.62901 ] ] ] } },
{ "type": "Feature", "properties": { "small_area": "E01019546" }, "geometry": { "type": "Polygon", "coordinates": [ [ [ -1.40472, 53.22464 ], [ -1.41477, 53.22062 ], [ -1.41657, 53.22456 ], [ -1.41181, 53.22391 ], [ -1.41063, 53.2265 ], [ -1.40472, 53.22464 ] ] ] } },
{ "type": "Feature", "properties": { "small_area": "E01019465" }, "geometry": { "type": "Polygon", "coordinates": [ [ [ -1.39509, 52.99775 ], [ -1.38852, 52.99895 ], [ -1.39034, 52.9953 ], [ -1.39838, 52.99588 ], [ -1.40932, 52.98682 ], [ -1.41546, 52.98729 ], [ -1.41295, 52.99109 ], [ -1.41915, 52.99375 ], [ -1.41757, 52.99748 ], [ -1.40979, 53.00015 ], [ -1.41738, 53.00107 ], [ -1.42089, 53.01033 ], [ -1.40384, 53.00621 ], [ -1.39509, 52.99775 ] ] ] } },
{ "type": "Feature", "properties": { "small_area": "E01019547" }, "geometry": { "type": "Polygon", "coordinates": [ [ [ -1.39559, 53.2227 ], [ -1.40141, 53.21775 ], [ -1.40393, 53.22159 ], [ -1.41192, 53.22265 ], [ -1.40472, 53.22464 ], [ -1.40862, 53.22637 ], [ -1.39559, 53.2227 ] ] ] } },
{ "type": "Feature", "properties": { "small_area": "E01025975" }, "geometry": { "type": "Polygon", "coordinates": [ [ [ -1.06926, 52.60156 ], [ -1.07761, 52.59878 ], [ -1.08107, 52.60172 ], [ -1.07716, 52.60386 ], [ -1.08528, 52.60584 ], [ -1.07741, 52.60703 ], [ -1.06956, 52.61268 ], [ -1.06229, 52.6101 ], [ -1.06926, 52.60156 ] ] ] } },
{ "type": "Feature", "properties": { "small_area": "E01019464" }, "geometry": { "type": "Polygon", "coordinates": [ [ [ -1.36884, 53.01329 ], [ -1.36168, 53.00949 ], [ -1.36168, 53.00628 ], [ -1.37499, 53.00142 ], [ -1.37305, 52.99101 ], [ -1.3809, 52.98906 ], [ -1.38199, 52.98389 ], [ -1.40143, 52.98212 ], [ -1.4025, 52.99301 ], [ -1.39838, 52.99588 ], [ -1.39034, 52.9953 ], [ -1.38852, 52.99895 ], [ -1.39509, 52.99775 ], [ -1.399, 53.00033 ], [ -1.38744, 53.00733 ], [ -1.38773, 53.01449 ], [ -1.37537, 53.01888 ], [ -1.36688, 53.01554 ], [ -1.36884, 53.01329 ] ] ] } },
{ "type": "Feature", "properties": { "small_area": "E01025974" }, "geometry": { "type": "Polygon", "coordinates": [ [ [ -1.08528, 52.60584 ], [ -1.07716, 52.60386 ], [ -1.08107, 52.60172 ], [ -1.07874, 52.59932 ], [ -1.09538, 52.60737 ], [ -1.0936, 52.6097 ], [ -1.08282, 52.60765 ], [ -1.08528, 52.60584 ] ] ] } },
{ "type": "Feature", "properties": { "small_area": "E01025977" }, "geometry": { "type": "Polygon", "coordinates": [ [ [ -1.09389, 52.5987 ], [ -1.09488, 52.59421 ], [ -1.09085, 52.59346 ], [ -1.09454, 52.59257 ], [ -1.10366, 52.59589 ], [ -1.09538, 52.60737 ], [ -1.0791, 52.59947 ], [ -1.09389, 52.5987 ] ] ] } },
{ "type": "Feature", "properties": { "small_area": "E01013497" }, "geometry": { "type": "Polygon", "coordinates": [ [ [ -1.4562, 52.88511 ], [ -1.45306, 52.8917 ], [ -1.4528, 52.89173 ], [ -1.44904, 52.8845 ], [ -1.4562, 52.88511 ] ] ] } },
{ "type": "Feature", "properties": { "small_area": "E01025780" }, "geometry": { "type": "Polygon", "coordinates": [ [ [ -1.05411, 52.53741 ], [ -1.05953, 52.54327 ], [ -1.03621, 52.54224 ], [ -1.05411, 52.53741 ] ] ] } },
{ "type": "Feature", "properties": { "small_area": "E01025701" }, "geometry": { "type": "Polygon", "coordinates": [ [ [ -1.1979, 52.76461 ], [ -1.20099, 52.76799 ], [ -1.19732, 52.77258 ], [ -1.19466, 52.76601 ], [ -1.1979, 52.76461 ] ] ] } },
{ "type": "Feature", "properties": { "small_area": "E01019762" }, "geometry": { "type": "Polygon", "coordinates": [ [ [ -1.91343, 53.25263 ], [ -1.90811, 53.24709 ], [ -1.91266, 53.24631 ], [ -1.91422, 53.23818 ], [ -1.92928, 53.24198 ], [ -1.92673, 53.24658 ], [ -1.93495, 53.2492 ], [ -1.92643, 53.25409 ], [ -1.91343, 53.25263 ] ] ] } },
{ "type": "Feature", "properties": { "small_area": "E01025781" }, "geometry": { "type": "Polygon", "coordinates": [ [ [ -1.03911, 52.57822 ], [ -1.03748, 52.57435 ], [ -1.02806, 52.57388 ], [ -1.02701, 52.57169 ], [ -1.03139, 52.57323 ], [ -1.0266, 52.56872 ], [ -1.0309, 52.56369 ], [ -1.03968, 52.56874 ], [ -1.03868, 52.57298 ], [ -1.04668, 52.57017 ], [ -1.04457, 52.56402 ], [ -1.04992, 52.5587 ], [ -1.04556, 52.55481 ], [ -1.03546, 52.55435 ], [ -1.02939, 52.54857 ], [ -1.03621, 52.54224 ], [ -1.05953, 52.54327 ], [ -1.0748, 52.54042 ], [ -1.0594, 52.55891 ], [ -1.07173, 52.56178 ], [ -1.07381, 52.55608 ], [ -1.0829, 52.55656 ], [ -1.07543, 52.57464 ], [ -1.04271, 52.59697 ], [ -1.02777, 52.59139 ], [ -1.03622, 52.57767 ], [ -1.03911, 52.57822 ] ] ] } },
{ "type": "Feature", "properties": { "small_area": "E01025700" }, "geometry": { "type": "Polygon", "coordinates": [ [ [ -1.17852, 52.7636 ], [ -1.19466, 52.76601 ], [ -1.20015, 52.77519 ], [ -1.19392, 52.78009 ], [ -1.17995, 52.78026 ], [ -1.18099, 52.77647 ], [ -1.17658, 52.77634 ], [ -1.16832, 52.76694 ], [ -1.17852, 52.7636 ] ] ] } },
{ "type": "Feature", "properties": { "small_area": "E01013470" }, "geometry": { "type": "Polygon", "coordinates": [ [ [ -1.42337, 52.89222 ], [ -1.42695, 52.89522 ], [ -1.42297, 52.89888 ], [ -1.43044, 52.90465 ], [ -1.40627, 52.90019 ], [ -1.42337, 52.89222 ] ] ] } },
{ "type": "Feature", "properties": { "small_area": "E01013473" }, "geometry": { "type": "Polygon", "coordinates": [ [ [ -1.43451, 52.89389 ], [ -1.43809, 52.89769 ], [ -1.42848, 52.89989 ], [ -1.42659, 52.89577 ], [ -1.43451, 52.89389 ] ] ] } },
{ "type": "Feature", "properties": { "small_area": "E01013754" }, "geometry": { "type": "Polygon", "coordinates": [ [ [ -1.1263, 52.63967 ], [ -1.12957, 52.64126 ], [ -1.12649, 52.64467 ], [ -1.12073, 52.64319 ], [ -1.1263, 52.63967 ] ] ] } },
{ "type": "Feature", "properties": { "small_area": "E01025879" }, "geometry": { "type": "Polygon", "coordinates": [ [ [ -1.26048, 52.65739 ], [ -1.24972, 52.66509 ], [ -1.23518, 52.66055 ], [ -1.24033, 52.65865 ], [ -1.23863, 52.65653 ], [ -1.24279, 52.65063 ], [ -1.27013, 52.65082 ], [ -1.27586, 52.65655 ], [ -1.28271, 52.65575 ], [ -1.28461, 52.6598 ], [ -1.27462, 52.66328 ], [ -1.28798, 52.66763 ], [ -1.27593, 52.67617 ], [ -1.26048, 52.65739 ] ] ] } },
{ "type": "Feature", "properties": { "small_area": "E01027988" }, "geometry": { "type": "Polygon", "coordinates": [ [ [ -1.28938, 53.1249 ], [ -1.29373, 53.12551 ], [ -1.29639, 53.13226 ], [ -1.27789, 53.12994 ], [ -1.28938, 53.1249 ] ] ] } },
{ "type": "Feature", "properties": { "small_area": "E01013953" }, "geometry": { "type": "Polygon", "coordinates": [ [ [ -1.18192, 52.95198 ], [ -1.17948, 52.95381 ], [ -1.17154, 52.95243 ], [ -1.17888, 52.94906 ], [ -1.18192, 52.95198 ] ] ] } },
{ "type": "Feature", "properties": { "small_area": "E01013954" }, "geometry": { "type": "Polygon", "coordinates": [ [ [ -1.12058, 52.95687 ], [ -1.13722, 52.9572 ], [ -1.13037, 52.96124 ], [ -1.12016, 52.95906 ], [ -1.12058, 52.95687 ] ] ] } },
{ "type": "Feature", "properties": { "small_area": "E01027989" }, "geometry": { "type": "Polygon", "coordinates": [ [ [ -1.28938, 53.1249 ], [ -1.27789, 53.12994 ], [ -1.27251, 53.12402 ], [ -1.28938, 53.1249 ] ] ] } },
{ "type": "Feature", "properties": { "small_area": "E01013957" }, "geometry": { "type": "Polygon", "coordinates": [ [ [ -1.12995, 52.95285 ], [ -1.13567, 52.9548 ], [ -1.13094, 52.95674 ], [ -1.12058, 52.95687 ], [ -1.12995, 52.95285 ] ] ] } },
{ "type": "Feature", "properties": { "small_area": "E01025642" }, "geometry": { "type": "Polygon", "coordinates": [ [ [ -1.20214, 52.57157 ], [ -1.21782, 52.56722 ], [ -1.19689, 52.57801 ], [ -1.1884, 52.57545 ], [ -1.19185, 52.57163 ], [ -1.20214, 52.57157 ] ] ] } },
{ "type": "Feature", "properties": { "small_area": "E01025643" }, "geometry": { "type": "Polygon", "coordinates": [ [ [ -1.22506, 52.5611 ], [ -1.22958, 52.56228 ], [ -1.22518, 52.56464 ], [ -1.22492, 52.5709 ], [ -1.21639, 52.57455 ], [ -1.20793, 52.57365 ], [ -1.22506, 52.5611 ] ] ] } },
{ "type": "Feature", "properties": { "small_area": "E01025644" }, "geometry": { "type": "Polygon", "coordinates": [ [ [ -1.22518, 52.56464 ], [ -1.22958, 52.56228 ], [ -1.24279, 52.56634 ], [ -1.23841, 52.57705 ], [ -1.23356, 52.57469 ], [ -1.229, 52.5788 ], [ -1.2234, 52.57803 ], [ -1.22518, 52.56464 ] ] ] } },
{ "type": "Feature", "properties": { "small_area": "E01025645" }, "geometry": { "type": "Polygon", "coordinates": [ [ [ -1.25845, 52.61118 ], [ -1.25439, 52.61341 ], [ -1.24603, 52.60862 ], [ -1.23599, 52.59301 ], [ -1.23012, 52.59543 ], [ -1.23013, 52.58644 ], [ -1.2234, 52.57803 ], [ -1.229, 52.5788 ], [ -1.23356, 52.57469 ], [ -1.23841, 52.57705 ], [ -1.24279, 52.56634 ], [ -1.24915, 52.56727 ], [ -1.24839, 52.57337 ], [ -1.25985, 52.57042 ], [ -1.2971, 52.57999 ], [ -1.29835, 52.58597 ], [ -1.29243, 52.59151 ], [ -1.27459, 52.60097 ], [ -1.27985, 52.60725 ], [ -1.2759, 52.60901 ], [ -1.28034, 52.60897 ], [ -1.27369, 52.61147 ], [ -1.27449, 52.61615 ], [ -1.25845, 52.61118 ] ] ] } },
{ "type": "Feature", "properties": { "small_area": "E01025647" }, "geometry": { "type": "Polygon", "coordinates": [ [ [ -1.17434, 52.56876 ], [ -1.18549, 52.56796 ], [ -1.18854, 52.56343 ], [ -1.19366, 52.57118 ], [ -1.18377, 52.56947 ], [ -1.18106, 52.57377 ], [ -1.17362, 52.5726 ], [ -1.17434, 52.56876 ] ] ] } },
{ "type": "Feature", "properties": { "small_area": "E01025646" }, "geometry": { "type": "Polygon", "coordinates": [ [ [ -1.17362, 52.5726 ], [ -1.18106, 52.57377 ], [ -1.18377, 52.56947 ], [ -1.19185, 52.57163 ], [ -1.1884, 52.57545 ], [ -1.1916, 52.57829 ], [ -1.18716, 52.58181 ], [ -1.1784, 52.57954 ], [ -1.1689, 52.58157 ], [ -1.17362, 52.5726 ] ] ] } },
{ "type": "Feature", "properties": { "small_area": "E01019639" }, "geometry": { "type": "Polygon", "coordinates": [ [ [ -1.31156, 52.98031 ], [ -1.31819, 52.97675 ], [ -1.32104, 52.98195 ], [ -1.31663, 52.98247 ], [ -1.31962, 52.98588 ], [ -1.31156, 52.98031 ] ] ] } },
{ "type": "Feature", "properties": { "small_area": "E01025640" }, "geometry": { "type": "Polygon", "coordinates": [ [ [ -1.23373, 52.62885 ], [ -1.23943, 52.63176 ], [ -1.24075, 52.62707 ], [ -1.25467, 52.62497 ], [ -1.24976, 52.61978 ], [ -1.24082, 52.62064 ], [ -1.23728, 52.61747 ], [ -1.25845, 52.61118 ], [ -1.26463, 52.6144 ], [ -1.25742, 52.61624 ], [ -1.26189, 52.62819 ], [ -1.2313, 52.63675 ], [ -1.23442, 52.63449 ], [ -1.23143, 52.63115 ], [ -1.23373, 52.62885 ] ] ] } },
{ "type": "Feature", "properties": { "small_area": "E01025641" }, "geometry": { "type": "Polygon", "coordinates": [ [ [ -1.18894, 52.56369 ], [ -1.19792, 52.55988 ], [ -1.20714, 52.56395 ], [ -1.21028, 52.56225 ], [ -1.21326, 52.56727 ], [ -1.20214, 52.57157 ], [ -1.19366, 52.57118 ], [ -1.18894, 52.56369 ] ] ] } },
{ "type": "Feature", "properties": { "small_area": "E01013899" }, "geometry": { "type": "Polygon", "coordinates": [ [ [ -1.16817, 52.90673 ], [ -1.17785, 52.9081 ], [ -1.17408, 52.90968 ], [ -1.16714, 52.91057 ], [ -1.16817, 52.90673 ] ] ] } },
{ "type": "Feature", "properties": { "small_area": "E01013815" }, "geometry": { "type": "Polygon", "coordinates": [ [ [ -1.16561, 52.96096 ], [ -1.16768, 52.96585 ], [ -1.15415, 52.96808 ], [ -1.15266, 52.96478 ], [ -1.16561, 52.96096 ] ] ] } },
{ "type": "Feature", "properties": { "small_area": "E01019800" }, "geometry": { "type": "Polygon", "coordinates": [ [ [ -1.37521, 53.1874 ], [ -1.36759, 53.19265 ], [ -1.36386, 53.18862 ], [ -1.35194, 53.18763 ], [ -1.34955, 53.1915 ], [ -1.34436, 53.18712 ], [ -1.34565, 53.18342 ], [ -1.35678, 53.18546 ], [ -1.36389, 53.18232 ], [ -1.37521, 53.1874 ] ] ] } },
{ "type": "Feature", "properties": { "small_area": "E01019803" }, "geometry": { "type": "Polygon", "coordinates": [ [ [ -1.31457, 53.32673 ], [ -1.30879, 53.33215 ], [ -1.31233, 53.33415 ], [ -1.29898, 53.33246 ], [ -1.28858, 53.32622 ], [ -1.30029, 53.32112 ], [ -1.30173, 53.32533 ], [ -1.31457, 53.32673 ] ] ] } },
{ "type": "Feature", "properties": { "small_area": "E01019882" }, "geometry": { "type": "Polygon", "coordinates": [ [ [ -1.53062, 52.86537 ], [ -1.52728, 52.85272 ], [ -1.53592, 52.85366 ], [ -1.53531, 52.84978 ], [ -1.54248, 52.85229 ], [ -1.54791, 52.84762 ], [ -1.54864, 52.85321 ], [ -1.55577, 52.85116 ], [ -1.56464, 52.8533 ], [ -1.57012, 52.84877 ], [ -1.57029, 52.85829 ], [ -1.57536, 52.86025 ], [ -1.56093, 52.87127 ], [ -1.55696, 52.87161 ], [ -1.55068, 52.85993 ], [ -1.54286, 52.86415 ], [ -1.54592, 52.87248 ], [ -1.5418, 52.87217 ], [ -1.53987, 52.86757 ], [ -1.52637, 52.87014 ], [ -1.53062, 52.86537 ] ] ] } },
{ "type": "Feature", "properties": { "small_area": "E01019801" }, "geometry": { "type": "Polygon", "coordinates": [ [ [ -1.29571, 53.31504 ], [ -1.282, 53.30946 ], [ -1.30747, 53.3125 ], [ -1.31547, 53.32238 ], [ -1.30901, 53.32271 ], [ -1.31, 53.32577 ], [ -1.30173, 53.32533 ], [ -1.30029, 53.32112 ], [ -1.29433, 53.32253 ], [ -1.29571, 53.31504 ] ] ] } },
{ "type": "Feature", "properties": { "small_area": "E01013493" }, "geometry": { "type": "Polygon", "coordinates": [ [ [ -1.49232, 52.88664 ], [ -1.49858, 52.88819 ], [ -1.49533, 52.89333 ], [ -1.48895, 52.8884 ], [ -1.49232, 52.88664 ] ] ] } },
{ "type": "Feature", "properties": { "small_area": "E01019783" }, "geometry": { "type": "Polygon", "coordinates": [ [ [ -1.46629, 53.29546 ], [ -1.47006, 53.29437 ], [ -1.46482, 53.29221 ], [ -1.4761, 53.29405 ], [ -1.47653, 53.29846 ], [ -1.46629, 53.29546 ] ] ] } },
{ "type": "Feature", "properties": { "small_area": "E01032999" }, "geometry": { "type": "Polygon", "coordinates": [ [ [ -0.36314, 52.76043 ], [ -0.37928, 52.75991 ], [ -0.37471, 52.76514 ], [ -0.3624, 52.76472 ], [ -0.36314, 52.76043 ] ] ] } },
{ "type": "Feature", "properties": { "small_area": "E01026971" }, "geometry": { "type": "Polygon", "coordinates": [ [ [ -0.69689, 52.4958 ], [ -0.69989, 52.49976 ], [ -0.69916, 52.50317 ], [ -0.6877, 52.50184 ], [ -0.69689, 52.4958 ] ] ] } },
{ "type": "Feature", "properties": { "small_area": "E01013750" }, "geometry": { "type": "Polygon", "coordinates": [ [ [ -1.10556, 52.63209 ], [ -1.10192, 52.63358 ], [ -1.10433, 52.62819 ], [ -1.10556, 52.63209 ] ] ] } },
{ "type": "Feature", "properties": { "small_area": "E01032998" }, "geometry": { "type": "Polygon", "coordinates": [ [ [ -0.38023, 52.75622 ], [ -0.37928, 52.75991 ], [ -0.37116, 52.76077 ], [ -0.37297, 52.75396 ], [ -0.38023, 52.75622 ] ] ] } },
{ "type": "Feature", "properties": { "small_area": "E01025956" }, "geometry": { "type": "Polygon", "coordinates": [ [ [ -1.42404, 52.7364 ], [ -1.39417, 52.73095 ], [ -1.39655, 52.7254 ], [ -1.39306, 52.72224 ], [ -1.39362, 52.7176 ], [ -1.43734, 52.72336 ], [ -1.43336, 52.73329 ], [ -1.42404, 52.7364 ] ] ] } },
{ "type": "Feature", "properties": { "small_area": "E01013851" }, "geometry": { "type": "Polygon", "coordinates": [ [ [ -1.15818, 53.01022 ], [ -1.16808, 53.00415 ], [ -1.16679, 53.0106 ], [ -1.15818, 53.01022 ] ] ] } },
{ "type": "Feature", "properties": { "small_area": "E01013850" }, "geometry": { "type": "Polygon", "coordinates": [ [ [ -1.15718, 52.99887 ], [ -1.16144, 53.00201 ], [ -1.15968, 53.00826 ], [ -1.15552, 53.00272 ], [ -1.15718, 52.99887 ] ] ] } },
{ "type": "Feature", "properties": { "small_area": "E01013853" }, "geometry": { "type": "Polygon", "coordinates": [ [ [ -1.15239, 52.99662 ], [ -1.16011, 52.99623 ], [ -1.1598, 53.00074 ], [ -1.15718, 52.99887 ], [ -1.15552, 53.00272 ], [ -1.14985, 53.00113 ], [ -1.1548, 52.99749 ], [ -1.14982, 53.00008 ], [ -1.15239, 52.99662 ] ] ] } },
{ "type": "Feature", "properties": { "small_area": "E01019441" }, "geometry": { "type": "Polygon", "coordinates": [ [ [ -1.35323, 53.00827 ], [ -1.35709, 53.00664 ], [ -1.36229, 53.00973 ], [ -1.36023, 53.01652 ], [ -1.35323, 53.00827 ] ] ] } },
{ "type": "Feature", "properties": { "small_area": "E01019440" }, "geometry": { "type": "Polygon", "coordinates": [ [ [ -1.34854, 53.0093 ], [ -1.35323, 53.00827 ], [ -1.3568, 53.01491 ], [ -1.35021, 53.01817 ], [ -1.34667, 53.01584 ], [ -1.3506, 53.01357 ], [ -1.34854, 53.0093 ] ] ] } },
{ "type": "Feature", "properties": { "small_area": "E01025856" }, "geometry": { "type": "Polygon", "coordinates": [ [ [ -1.38908, 52.53306 ], [ -1.38986, 52.53552 ], [ -1.38431, 52.53542 ], [ -1.39411, 52.53887 ], [ -1.38654, 52.53974 ], [ -1.38046, 52.53416 ], [ -1.38908, 52.53306 ] ] ] } },
{ "type": "Feature", "properties": { "small_area": "E01028400" }, "geometry": { "type": "Polygon", "coordinates": [ [ [ -1.1249, 52.9176 ], [ -1.13105, 52.91548 ], [ -1.13238, 52.91991 ], [ -1.13616, 52.91728 ], [ -1.13609, 52.92206 ], [ -1.13025, 52.92489 ], [ -1.1249, 52.9176 ] ] ] } },
{ "type": "Feature", "properties": { "small_area": "E01028403" }, "geometry": { "type": "Polygon", "coordinates": [ [ [ -0.91171, 52.97295 ], [ -0.92922, 52.96179 ], [ -0.93975, 52.96088 ], [ -0.95891, 52.96673 ], [ -0.98738, 52.9863 ], [ -0.97597, 52.9863 ], [ -0.96082, 53.00397 ], [ -0.93153, 53.01882 ], [ -0.91189, 53.00783 ], [ -0.91679, 53.00327 ], [ -0.89754, 52.99777 ], [ -0.88202, 52.98861 ], [ -0.89438, 52.97765 ], [ -0.91171, 52.97295 ] ] ] } },
{ "type": "Feature", "properties": { "small_area": "E01032597" }, "geometry": { "type": "Polygon", "coordinates": [ [ [ -1.05508, 52.64289 ], [ -1.05098, 52.64391 ], [ -1.04755, 52.64048 ], [ -1.05551, 52.63823 ], [ -1.05508, 52.64289 ] ] ] } },
{ "type": "Feature", "properties": { "small_area": "E01027100" }, "geometry": { "type": "Polygon", "coordinates": [ [ [ -0.72017, 52.39162 ], [ -0.72443, 52.39553 ], [ -0.71043, 52.39535 ], [ -0.71838, 52.39217 ], [ -0.71619, 52.38909 ], [ -0.72017, 52.39162 ] ] ] } },
{ "type": "Feature", "properties": { "small_area": "E01013584" }, "geometry": { "type": "Polygon", "coordinates": [ [ [ -1.46676, 52.88934 ], [ -1.46011, 52.88437 ], [ -1.46244, 52.88042 ], [ -1.47111, 52.87954 ], [ -1.48328, 52.88728 ], [ -1.47325, 52.89691 ], [ -1.46265, 52.89543 ], [ -1.46676, 52.88934 ] ] ] } },
{ "type": "Feature", "properties": { "small_area": "E01027930" }, "geometry": { "type": "Polygon", "coordinates": [ [ [ -1.20528, 53.03049 ], [ -1.19567, 53.02974 ], [ -1.19747, 53.02164 ], [ -1.20486, 53.02326 ], [ -1.20528, 53.03049 ] ] ] } },
{ "type": "Feature", "properties": { "small_area": "E01027933" }, "geometry": { "type": "Polygon", "coordinates": [ [ [ -1.20044, 53.03691 ], [ -1.20566, 53.03989 ], [ -1.20323, 53.04269 ], [ -1.19893, 53.03905 ], [ -1.19495, 53.04208 ], [ -1.20044, 53.03691 ] ] ] } },
{ "type": "Feature", "properties": { "small_area": "E01027932" }, "geometry": { "type": "Polygon", "coordinates": [ [ [ -1.19567, 53.02974 ], [ -1.20528, 53.03049 ], [ -1.19849, 53.03808 ], [ -1.18952, 53.03539 ], [ -1.19567, 53.02974 ] ] ] } },
{ "type": "Feature", "properties": { "small_area": "E01019579" }, "geometry": { "type": "Polygon", "coordinates": [ [ [ -1.42637, 53.23851 ], [ -1.43413, 53.24489 ], [ -1.42798, 53.2427 ], [ -1.42711, 53.2486 ], [ -1.41851, 53.24878 ], [ -1.41925, 53.23973 ], [ -1.42637, 53.23851 ] ] ] } },
{ "type": "Feature", "properties": { "small_area": "E01019578" }, "geometry": { "type": "Polygon", "coordinates": [ [ [ -1.42788, 53.22081 ], [ -1.43339, 53.21791 ], [ -1.43758, 53.2209 ], [ -1.4347, 53.22389 ], [ -1.42788, 53.22081 ] ] ] } },
{ "type": "Feature", "properties": { "small_area": "E01026292" }, "geometry": { "type": "Polygon", "coordinates": [ [ [ -0.60669, 52.92092 ], [ -0.60267, 52.91844 ], [ -0.60708, 52.91495 ], [ -0.61279, 52.9162 ], [ -0.60669, 52.92092 ] ] ] } },
{ "type": "Feature", "properties": { "small_area": "E01026213" }, "geometry": { "type": "Polygon", "coordinates": [ [ [ -0.41184, 53.1369 ], [ -0.40458, 53.14254 ], [ -0.39179, 53.13827 ], [ -0.4079, 53.13507 ], [ -0.41184, 53.1369 ] ] ] } },
{ "type": "Feature", "properties": { "small_area": "E01026293" }, "geometry": { "type": "Polygon", "coordinates": [ [ [ -0.59512, 52.88898 ], [ -0.6279, 52.88947 ], [ -0.63035, 52.89752 ], [ -0.62177, 52.90154 ], [ -0.62327, 52.90813 ], [ -0.61119, 52.91405 ], [ -0.61279, 52.9162 ], [ -0.60708, 52.91495 ], [ -0.60267, 52.91844 ], [ -0.60669, 52.92092 ], [ -0.6118, 52.91928 ], [ -0.61611, 52.92442 ], [ -0.61005, 52.92687 ], [ -0.62765, 52.9319 ], [ -0.62229, 52.94219 ], [ -0.59008, 52.93681 ], [ -0.56578, 52.93639 ], [ -0.59512, 52.88898 ] ] ] } },
{ "type": "Feature", "properties": { "small_area": "E01026212" }, "geometry": { "type": "Polygon", "coordinates": [ [ [ -0.27439, 53.17063 ], [ -0.33697, 53.14906 ], [ -0.34983, 53.14165 ], [ -0.39179, 53.13827 ], [ -0.40458, 53.14254 ], [ -0.41184, 53.1369 ], [ -0.41485, 53.14 ], [ -0.40804, 53.14495 ], [ -0.40388, 53.14446 ], [ -0.40607, 53.14639 ], [ -0.38457, 53.15007 ], [ -0.28965, 53.17934 ], [ -0.27439, 53.17063 ] ] ] } },
{ "type": "Feature", "properties": { "small_area": "E01026215" }, "geometry": { "type": "Polygon", "coordinates": [ [ [ -0.58191, 53.19417 ], [ -0.58468, 53.19642 ], [ -0.58008, 53.19715 ], [ -0.57448, 53.19156 ], [ -0.57993, 53.1883 ], [ -0.58191, 53.19417 ] ] ] } },
{ "type": "Feature", "properties": { "small_area": "E01019691" }, "geometry": { "type": "Polygon", "coordinates": [ [ [ -1.32323, 52.93254 ], [ -1.31073, 52.93086 ], [ -1.28629, 52.93583 ], [ -1.28535, 52.93116 ], [ -1.30017, 52.928 ], [ -1.29794, 52.92103 ], [ -1.30474, 52.91961 ], [ -1.32323, 52.93254 ] ] ] } },
{ "type": "Feature", "properties": { "small_area": "E01026294" }, "geometry": { "type": "Polygon", "coordinates": [ [ [ -0.62957, 52.92667 ], [ -0.62765, 52.9319 ], [ -0.61005, 52.92687 ], [ -0.61611, 52.92442 ], [ -0.62957, 52.92667 ] ] ] } },
{ "type": "Feature", "properties": { "small_area": "E01028216" }, "geometry": { "type": "Polygon", "coordinates": [ [ [ -1.11901, 52.98742 ], [ -1.12979, 52.99003 ], [ -1.12406, 52.99314 ], [ -1.12149, 52.99152 ], [ -1.12597, 52.99043 ], [ -1.12001, 52.99061 ], [ -1.11901, 52.98742 ] ] ] } },
{ "type": "Feature", "properties": { "small_area": "E01028297" }, "geometry": { "type": "Polygon", "coordinates": [ [ [ -1.03962, 53.13963 ], [ -1.03736, 53.14545 ], [ -1.02032, 53.15338 ], [ -1.02519, 53.13844 ], [ -1.03962, 53.13963 ] ] ] } },
{ "type": "Feature", "properties": { "small_area": "E01013911" }, "geometry": { "type": "Polygon", "coordinates": [ [ [ -1.17682, 52.88901 ], [ -1.18576, 52.89326 ], [ -1.18302, 52.8968 ], [ -1.17949, 52.89763 ], [ -1.17511, 52.89373 ], [ -1.16883, 52.8977 ], [ -1.17682, 52.88901 ] ] ] } },
{ "type": "Feature", "properties": { "small_area": "E01013608" }, "geometry": { "type": "Polygon", "coordinates": [ [ [ -1.14146, 52.60012 ], [ -1.14162, 52.59712 ], [ -1.14986, 52.5966 ], [ -1.15122, 52.60322 ], [ -1.14146, 52.60012 ] ] ] } },
{ "type": "Feature", "properties": { "small_area": "E01032974" }, "geometry": { "type": "Polygon", "coordinates": [ [ [ -0.83889, 52.42701 ], [ -0.82922, 52.41872 ], [ -0.84233, 52.41586 ], [ -0.84271, 52.40978 ], [ -0.83599, 52.40352 ], [ -0.80724, 52.41433 ], [ -0.78863, 52.40591 ], [ -0.79704, 52.40274 ], [ -0.79138, 52.39605 ], [ -0.78125, 52.39464 ], [ -0.79817, 52.38774 ], [ -0.80361, 52.38063 ], [ -0.80145, 52.36847 ], [ -0.81266, 52.37306 ], [ -0.80851, 52.37429 ], [ -0.81143, 52.37866 ], [ -0.81584, 52.37948 ], [ -0.82458, 52.37303 ], [ -0.84058, 52.39283 ], [ -0.85184, 52.39363 ], [ -0.87371, 52.40266 ], [ -0.89068, 52.39902 ], [ -0.88694, 52.42299 ], [ -0.8788, 52.42287 ], [ -0.86434, 52.43421 ], [ -0.85028, 52.43669 ], [ -0.85027, 52.43249 ], [ -0.85877, 52.43142 ], [ -0.85148, 52.42553 ], [ -0.83889, 52.42701 ] ] ] } },
{ "type": "Feature", "properties": { "small_area": "E01028238" }, "geometry": { "type": "Polygon", "coordinates": [ [ [ -1.11897, 53.15443 ], [ -1.14912, 53.14897 ], [ -1.14891, 53.15165 ], [ -1.13837, 53.1542 ], [ -1.13616, 53.1646 ], [ -1.11897, 53.15443 ] ] ] } },
{ "type": "Feature", "properties": { "small_area": "E01025689" }, "geometry": { "type": "Polygon", "coordinates": [ [ [ -1.2244, 52.76922 ], [ -1.2313, 52.76543 ], [ -1.24039, 52.76795 ], [ -1.2375, 52.77374 ], [ -1.22854, 52.77395 ], [ -1.2244, 52.76922 ] ] ] } },
{ "type": "Feature", "properties": { "small_area": "E01028239" }, "geometry": { "type": "Polygon", "coordinates": [ [ [ -1.16354, 53.15199 ], [ -1.1542, 53.1557 ], [ -1.14714, 53.15245 ], [ -1.16075, 53.14933 ], [ -1.16354, 53.15199 ] ] ] } },
{ "type": "Feature", "properties": { "small_area": "E01028259" }, "geometry": { "type": "Polygon", "coordinates": [ [ [ -1.17398, 53.20244 ], [ -1.20098, 53.20393 ], [ -1.2082, 53.2117 ], [ -1.20943, 53.21768 ], [ -1.20224, 53.2161 ], [ -1.162, 53.22142 ], [ -1.1568, 53.22053 ], [ -1.16412, 53.21425 ], [ -1.15275, 53.21554 ], [ -1.14831, 53.21171 ], [ -1.17398, 53.20244 ] ] ] } },
{ "type": "Feature", "properties": { "small_area": "E01013455" }, "geometry": { "type": "Polygon", "coordinates": [ [ [ -1.50343, 52.92157 ], [ -1.50173, 52.91486 ], [ -1.49667, 52.91153 ], [ -1.5053, 52.91027 ], [ -1.51266, 52.92137 ], [ -1.50343, 52.92157 ] ] ] } },
{ "type": "Feature", "properties": { "small_area": "E01025913" }, "geometry": { "type": "Polygon", "coordinates": [ [ [ -1.55865, 52.70766 ], [ -1.54858, 52.70956 ], [ -1.53526, 52.70414 ], [ -1.52647, 52.70406 ], [ -1.51661, 52.70025 ], [ -1.5124, 52.69093 ], [ -1.50418, 52.6872 ], [ -1.4668, 52.70705 ], [ -1.45584, 52.70291 ], [ -1.43517, 52.70398 ], [ -1.43247, 52.70191 ], [ -1.45062, 52.68785 ], [ -1.4304, 52.68062 ], [ -1.44575, 52.66394 ], [ -1.46718, 52.66805 ], [ -1.47703, 52.6777 ], [ -1.49402, 52.66903 ], [ -1.50237, 52.67762 ], [ -1.53683, 52.66572 ], [ -1.55178, 52.66744 ], [ -1.56971, 52.67564 ], [ -1.56937, 52.67929 ], [ -1.57786, 52.67866 ], [ -1.58965, 52.68724 ], [ -1.58629, 52.69448 ], [ -1.59755, 52.7004 ], [ -1.57746, 52.71164 ], [ -1.55865, 52.70766 ] ] ] } },
{ "type": "Feature", "properties": { "small_area": "E01027973" }, "geometry": { "type": "Polygon", "coordinates": [ [ [ -1.19605, 53.09448 ], [ -1.20724, 53.09524 ], [ -1.20514, 53.09703 ], [ -1.22795, 53.10714 ], [ -1.22608, 53.11155 ], [ -1.23865, 53.11613 ], [ -1.23777, 53.12087 ], [ -1.22154, 53.12979 ], [ -1.17789, 53.11479 ], [ -1.16425, 53.10325 ], [ -1.19605, 53.09448 ] ] ] } },
{ "type": "Feature", "properties": { "small_area": "E01027972" }, "geometry": { "type": "Polygon", "coordinates": [ [ [ -1.22154, 53.12979 ], [ -1.23777, 53.12087 ], [ -1.23865, 53.11613 ], [ -1.25777, 53.12017 ], [ -1.23841, 53.12603 ], [ -1.23476, 53.13208 ], [ -1.2293, 53.13415 ], [ -1.22154, 53.12979 ] ] ] } },
{ "type": "Feature", "properties": { "small_area": "E01027974" }, "geometry": { "type": "Polygon", "coordinates": [ [ [ -1.25688, 53.1146 ], [ -1.26762, 53.11349 ], [ -1.2647, 53.11822 ], [ -1.2575, 53.11959 ], [ -1.25688, 53.1146 ] ] ] } },
{ "type": "Feature", "properties": { "small_area": "E01025993" }, "geometry": { "type": "Polygon", "coordinates": [ [ [ -1.10027, 52.57554 ], [ -1.10702, 52.57502 ], [ -1.11083, 52.57895 ], [ -1.1029, 52.58152 ], [ -1.10027, 52.57554 ] ] ] } },
{ "type": "Feature", "properties": { "small_area": "E01027975" }, "geometry": { "type": "Polygon", "coordinates": [ [ [ -1.26295, 53.12111 ], [ -1.26762, 53.11349 ], [ -1.27192, 53.11367 ], [ -1.26947, 53.11993 ], [ -1.26295, 53.12111 ] ] ] } },
{ "type": "Feature", "properties": { "small_area": "E01025912" }, "geometry": { "type": "Polygon", "coordinates": [ [ [ -0.66411, 52.75669 ], [ -0.67889, 52.75721 ], [ -0.69698, 52.7492 ], [ -0.69625, 52.74647 ], [ -0.71821, 52.74478 ], [ -0.72022, 52.74094 ], [ -0.75333, 52.73655 ], [ -0.75799, 52.73972 ], [ -0.76266, 52.73827 ], [ -0.77147, 52.74418 ], [ -0.8012, 52.73672 ], [ -0.81741, 52.72509 ], [ -0.82945, 52.72922 ], [ -0.8257, 52.75951 ], [ -0.8406, 52.75925 ], [ -0.85218, 52.75384 ], [ -0.84798, 52.76947 ], [ -0.82954, 52.79029 ], [ -0.82498, 52.79212 ], [ -0.82238, 52.78928 ], [ -0.8206, 52.7943 ], [ -0.79992, 52.79092 ], [ -0.79411, 52.79591 ], [ -0.758, 52.80155 ], [ -0.76285, 52.81505 ], [ -0.73339, 52.82067 ], [ -0.71664, 52.81881 ], [ -0.717, 52.81493 ], [ -0.69241, 52.82176 ], [ -0.68205, 52.81178 ], [ -0.68324, 52.79515 ], [ -0.67412, 52.78775 ], [ -0.67697, 52.78567 ], [ -0.66411, 52.75669 ] ] ] } },
{ "type": "Feature", "properties": { "small_area": "E01027976" }, "geometry": { "type": "Polygon", "coordinates": [ [ [ -1.25777, 53.12017 ], [ -1.2538, 53.11873 ], [ -1.25534, 53.11697 ], [ -1.2575, 53.11959 ], [ -1.2647, 53.11822 ], [ -1.26295, 53.12111 ], [ -1.26841, 53.12261 ], [ -1.26017, 53.12527 ], [ -1.2547, 53.12282 ], [ -1.25777, 53.12017 ] ] ] } },
{ "type": "Feature", "properties": { "small_area": "E01027977" }, "geometry": { "type": "Polygon", "coordinates": [ [ [ -1.24451, 53.12822 ], [ -1.23476, 53.13208 ], [ -1.23841, 53.12603 ], [ -1.25059, 53.12165 ], [ -1.25738, 53.1261 ], [ -1.24852, 53.12702 ], [ -1.25269, 53.1314 ], [ -1.24451, 53.12822 ] ] ] } },
{ "type": "Feature", "properties": { "small_area": "E01025992" }, "geometry": { "type": "Polygon", "coordinates": [ [ [ -1.1032, 52.58551 ], [ -1.1029, 52.58152 ], [ -1.11083, 52.57895 ], [ -1.11155, 52.58298 ], [ -1.12294, 52.58136 ], [ -1.1142, 52.58298 ], [ -1.11127, 52.58651 ], [ -1.1032, 52.58551 ] ] ] } },
{ "type": "Feature", "properties": { "small_area": "E01013928" }, "geometry": { "type": "Polygon", "coordinates": [ [ [ -1.16743, 52.93073 ], [ -1.16143, 52.92871 ], [ -1.18231, 52.91732 ], [ -1.19264, 52.92868 ], [ -1.1821, 52.9363 ], [ -1.18446, 52.94121 ], [ -1.17218, 52.94093 ], [ -1.16743, 52.93073 ] ] ] } },
{ "type": "Feature", "properties": { "small_area": "E01028177" }, "geometry": { "type": "Polygon", "coordinates": [ [ [ -1.12179, 52.99388 ], [ -1.13034, 52.99411 ], [ -1.12062, 52.99908 ], [ -1.11361, 52.99478 ], [ -1.12179, 52.99388 ] ] ] } },
{ "type": "Feature", "properties": { "small_area": "E01032602" }, "geometry": { "type": "Polygon", "coordinates": [ [ [ -1.18548, 52.64361 ], [ -1.18317, 52.64219 ], [ -1.18799, 52.64041 ], [ -1.18732, 52.64723 ], [ -1.1799, 52.64691 ], [ -1.18548, 52.64361 ] ] ] } },
{ "type": "Feature", "properties": { "small_area": "E01013969" }, "geometry": { "type": "Polygon", "coordinates": [ [ [ -1.15115, 52.97966 ], [ -1.14887, 52.98308 ], [ -1.13709, 52.9847 ], [ -1.15115, 52.97966 ] ] ] } },
{ "type": "Feature", "properties": { "small_area": "E01025960" }, "geometry": { "type": "Polygon", "coordinates": [ [ [ -1.36779, 52.74961 ], [ -1.36369, 52.74471 ], [ -1.37061, 52.74614 ], [ -1.37595, 52.75708 ], [ -1.37247, 52.75715 ], [ -1.37242, 52.75348 ], [ -1.36536, 52.75617 ], [ -1.36828, 52.7513 ], [ -1.36592, 52.7533 ], [ -1.36172, 52.75074 ], [ -1.36779, 52.74961 ] ] ] } },
{ "type": "Feature", "properties": { "small_area": "E01013968" }, "geometry": { "type": "Polygon", "coordinates": [ [ [ -1.13731, 52.97952 ], [ -1.14763, 52.97807 ], [ -1.13978, 52.97982 ], [ -1.14233, 52.98119 ], [ -1.13709, 52.9847 ], [ -1.14072, 52.98245 ], [ -1.14415, 52.98414 ], [ -1.14245, 52.98625 ], [ -1.1312, 52.98606 ], [ -1.13731, 52.97952 ] ] ] } },
{ "type": "Feature", "properties": { "small_area": "E01025963" }, "geometry": { "type": "Polygon", "coordinates": [ [ [ -1.36071, 52.77996 ], [ -1.3524, 52.78415 ], [ -1.34395, 52.78306 ], [ -1.35212, 52.76686 ], [ -1.3625, 52.75923 ], [ -1.37281, 52.76027 ], [ -1.37518, 52.75626 ], [ -1.38384, 52.75702 ], [ -1.3879, 52.76817 ], [ -1.39581, 52.76479 ], [ -1.39467, 52.76165 ], [ -1.40238, 52.76129 ], [ -1.42577, 52.76863 ], [ -1.41356, 52.78423 ], [ -1.40819, 52.79765 ], [ -1.40499, 52.7927 ], [ -1.39406, 52.79056 ], [ -1.38993, 52.7852 ], [ -1.37476, 52.78251 ], [ -1.37168, 52.78471 ], [ -1.36071, 52.77996 ] ] ] } },
{ "type": "Feature", "properties": { "small_area": "E01013530" }, "geometry": { "type": "Polygon", "coordinates": [ [ [ -1.4536, 52.94527 ], [ -1.44597, 52.94371 ], [ -1.46285, 52.94061 ], [ -1.45142, 52.93808 ], [ -1.45511, 52.93503 ], [ -1.45586, 52.93742 ], [ -1.4639, 52.93596 ], [ -1.46878, 52.93186 ], [ -1.46257, 52.94982 ], [ -1.45275, 52.94744 ], [ -1.4536, 52.94527 ] ] ] } },
{ "type": "Feature", "properties": { "small_area": "E01025962" }, "geometry": { "type": "Polygon", "coordinates": [ [ [ -1.35875, 52.75205 ], [ -1.34989, 52.74938 ], [ -1.36193, 52.74875 ], [ -1.36592, 52.7533 ], [ -1.36828, 52.7513 ], [ -1.36536, 52.75617 ], [ -1.37242, 52.75348 ], [ -1.37247, 52.75715 ], [ -1.37595, 52.75708 ], [ -1.37281, 52.76027 ], [ -1.3625, 52.75923 ], [ -1.35875, 52.75205 ] ] ] } },
{ "type": "Feature", "properties": { "small_area": "E01013533" }, "geometry": { "type": "Polygon", "coordinates": [ [ [ -1.44774, 52.93717 ], [ -1.44339, 52.93437 ], [ -1.45259, 52.93115 ], [ -1.45438, 52.93447 ], [ -1.44774, 52.93717 ] ] ] } },
{ "type": "Feature", "properties": { "small_area": "E01013532" }, "geometry": { "type": "Polygon", "coordinates": [ [ [ -1.44485, 52.93478 ], [ -1.44774, 52.93717 ], [ -1.45507, 52.93511 ], [ -1.45142, 52.93808 ], [ -1.45291, 52.94317 ], [ -1.44401, 52.94216 ], [ -1.44485, 52.93478 ] ] ] } },
{ "type": "Feature", "properties": { "small_area": "E01025961" }, "geometry": { "type": "Polygon", "coordinates": [ [ [ -1.34133, 52.75037 ], [ -1.34518, 52.74695 ], [ -1.35963, 52.74647 ], [ -1.37347, 52.73251 ], [ -1.38409, 52.73244 ], [ -1.37061, 52.74614 ], [ -1.36369, 52.74471 ], [ -1.36779, 52.74961 ], [ -1.36172, 52.75074 ], [ -1.36193, 52.74875 ], [ -1.34133, 52.75037 ] ] ] } },
{ "type": "Feature", "properties": { "small_area": "E01019855" }, "geometry": { "type": "Polygon", "coordinates": [ [ [ -1.39433, 52.83675 ], [ -1.38794, 52.83308 ], [ -1.41771, 52.8016 ], [ -1.44357, 52.80273 ], [ -1.44537, 52.80824 ], [ -1.46159, 52.8113 ], [ -1.46365, 52.8169 ], [ -1.45111, 52.82016 ], [ -1.44766, 52.82886 ], [ -1.43535, 52.82961 ], [ -1.43073, 52.82332 ], [ -1.4372, 52.82603 ], [ -1.43891, 52.82407 ], [ -1.43004, 52.82158 ], [ -1.43001, 52.81834 ], [ -1.42284, 52.82176 ], [ -1.40577, 52.82132 ], [ -1.42116, 52.82798 ], [ -1.41562, 52.84146 ], [ -1.38822, 52.83939 ], [ -1.39433, 52.83675 ] ] ] } },
{ "type": "Feature", "properties": { "small_area": "E01025989" }, "geometry": { "type": "Polygon", "coordinates": [ [ [ -1.1344, 52.56576 ], [ -1.13268, 52.57356 ], [ -1.13699, 52.574 ], [ -1.14033, 52.57968 ], [ -1.12973, 52.58015 ], [ -1.12932, 52.56216 ], [ -1.1344, 52.56576 ] ] ] } },
{ "type": "Feature", "properties": { "small_area": "E01027011" }, "geometry": { "type": "Polygon", "coordinates": [ [ [ -1.05859, 52.26591 ], [ -1.02879, 52.25519 ], [ -1.03022, 52.25951 ], [ -1.01876, 52.25971 ], [ -1.02131, 52.25593 ], [ -1.01357, 52.24162 ], [ -1.04132, 52.23807 ], [ -1.04348, 52.23056 ], [ -1.05383, 52.23198 ], [ -1.05855, 52.22739 ], [ -1.0733, 52.23197 ], [ -1.07493, 52.23789 ], [ -1.08183, 52.23942 ], [ -1.07516, 52.24478 ], [ -1.08272, 52.24574 ], [ -1.09088, 52.25307 ], [ -1.14206, 52.24808 ], [ -1.1364, 52.25291 ], [ -1.13546, 52.26251 ], [ -1.14855, 52.27275 ], [ -1.13811, 52.28389 ], [ -1.12379, 52.28503 ], [ -1.1158, 52.28959 ], [ -1.10733, 52.27759 ], [ -1.05563, 52.28741 ], [ -1.05859, 52.26591 ] ] ] } },
{ "type": "Feature", "properties": { "small_area": "E01026046" }, "geometry": { "type": "Polygon", "coordinates": [ [ [ 0.30105, 53.17536 ], [ 0.2944, 53.17366 ], [ 0.2963, 53.16843 ], [ 0.28845, 53.16803 ], [ 0.29915, 53.16755 ], [ 0.30157, 53.15517 ], [ 0.30999, 53.14845 ], [ 0.30352, 53.14587 ], [ 0.30016, 53.13877 ], [ 0.28974, 53.1386 ], [ 0.27618, 53.14178 ], [ 0.27542, 53.14494 ], [ 0.27107, 53.1428 ], [ 0.26453, 53.14457 ], [ 0.26484, 53.14783 ], [ 0.25493, 53.14884 ], [ 0.24971, 53.15296 ], [ 0.25216, 53.1574 ], [ 0.24153, 53.15842 ], [ 0.24266, 53.16141 ], [ 0.23293, 53.16465 ], [ 0.22822, 53.17251 ], [ 0.22235, 53.16996 ], [ 0.22753, 53.16691 ], [ 0.22379, 53.16334 ], [ 0.23082, 53.15987 ], [ 0.23169, 53.15486 ], [ 0.22468, 53.15868 ], [ 0.21805, 53.15808 ], [ 0.22198, 53.16911 ], [ 0.20816, 53.17918 ], [ 0.2655, 53.17332 ], [ 0.28636, 53.17755 ], [ 0.30105, 53.17536 ] ] ] } },
{ "type": "Feature", "properties": { "small_area": "E01027287" }, "geometry": { "type": "Polygon", "coordinates": [ [ [ -1.01383, 52.22297 ], [ -1.02334, 52.22424 ], [ -1.02541, 52.21482 ], [ -1.0461, 52.20554 ], [ -1.06607, 52.22726 ], [ -1.05855, 52.22739 ], [ -1.05383, 52.23198 ], [ -1.04348, 52.23056 ], [ -1.04132, 52.23807 ], [ -1.01357, 52.24162 ], [ -1.0056, 52.22769 ], [ -1.01383, 52.22297 ] ] ] } },
{ "type": "Feature", "properties": { "small_area": "E01019874" }, "geometry": { "type": "Polygon", "coordinates": [ [ [ -1.4952, 52.87036 ], [ -1.50598, 52.87371 ], [ -1.49893, 52.8727 ], [ -1.49667, 52.87591 ], [ -1.49376, 52.87327 ], [ -1.4952, 52.87036 ] ] ] } },
{ "type": "Feature", "properties": { "small_area": "E01026335" }, "geometry": { "type": "Polygon", "coordinates": [ [ [ -0.30842, 52.67596 ], [ -0.30865, 52.67449 ], [ -0.3263, 52.67387 ], [ -0.324, 52.6761 ], [ -0.32839, 52.67926 ], [ -0.32286, 52.67695 ], [ -0.32373, 52.68002 ], [ -0.30842, 52.67596 ] ] ] } },
{ "type": "Feature", "properties": { "small_area": "E01026394" }, "geometry": { "type": "Polygon", "coordinates": [ [ [ -0.51091, 53.28473 ], [ -0.47598, 53.28304 ], [ -0.46479, 53.27547 ], [ -0.4757, 53.27104 ], [ -0.47265, 53.27028 ], [ -0.47658, 53.26552 ], [ -0.48376, 53.27021 ], [ -0.48875, 53.26687 ], [ -0.49142, 53.26987 ], [ -0.48562, 53.2711 ], [ -0.48988, 53.27444 ], [ -0.49172, 53.27077 ], [ -0.50239, 53.26962 ], [ -0.50955, 53.25831 ], [ -0.49411, 53.25516 ], [ -0.49497, 53.25858 ], [ -0.49077, 53.25888 ], [ -0.48156, 53.2524 ], [ -0.47401, 53.25431 ], [ -0.47774, 53.25221 ], [ -0.47569, 53.22714 ], [ -0.49508, 53.22528 ], [ -0.4976, 53.24918 ], [ -0.51409, 53.25378 ], [ -0.53858, 53.25454 ], [ -0.54084, 53.2909 ], [ -0.51097, 53.29361 ], [ -0.51091, 53.28473 ] ] ] } },
{ "type": "Feature", "properties": { "small_area": "E01013846" }, "geometry": { "type": "Polygon", "coordinates": [ [ [ -1.16768, 52.96585 ], [ -1.17265, 52.96823 ], [ -1.16713, 52.96971 ], [ -1.16518, 52.96851 ], [ -1.16768, 52.96585 ] ] ] } },
{ "type": "Feature", "properties": { "small_area": "E01026349" }, "geometry": { "type": "Polygon", "coordinates": [ [ [ -0.48793, 52.65014 ], [ -0.49634, 52.65315 ], [ -0.48643, 52.65341 ], [ -0.49017, 52.65499 ], [ -0.48772, 52.65731 ], [ -0.48537, 52.65493 ], [ -0.47929, 52.65654 ], [ -0.48793, 52.65014 ] ] ] } },
{ "type": "Feature", "properties": { "small_area": "E01026348" }, "geometry": { "type": "Polygon", "coordinates": [ [ [ -0.47361, 52.65661 ], [ -0.47752, 52.65737 ], [ -0.48389, 52.66543 ], [ -0.47489, 52.66747 ], [ -0.47084, 52.66249 ], [ -0.47361, 52.65661 ] ] ] } },
{ "type": "Feature", "properties": { "small_area": "E01028340" }, "geometry": { "type": "Polygon", "coordinates": [ [ [ -1.00978, 53.20638 ], [ -1.00711, 53.2048 ], [ -1.01474, 53.20245 ], [ -1.00938, 53.19845 ], [ -1.02429, 53.20155 ], [ -1.02583, 53.20599 ], [ -1.02419, 53.21006 ], [ -1.01278, 53.20628 ], [ -1.00585, 53.2092 ], [ -1.00978, 53.20638 ] ] ] } },
{ "type": "Feature", "properties": { "small_area": "E01028343" }, "geometry": { "type": "Polygon", "coordinates": [ [ [ -1.11705, 53.11905 ], [ -1.10231, 53.11281 ], [ -1.11396, 53.1046 ], [ -1.12457, 53.10553 ], [ -1.13164, 53.11485 ], [ -1.16425, 53.10325 ], [ -1.17789, 53.11479 ], [ -1.14713, 53.12194 ], [ -1.13551, 53.11872 ], [ -1.11705, 53.11905 ] ] ] } },
{ "type": "Feature", "properties": { "small_area": "E01028348" }, "geometry": { "type": "Polygon", "coordinates": [ [ [ -0.96182, 53.08215 ], [ -0.96838, 53.07581 ], [ -0.95844, 53.07534 ], [ -0.95959, 53.07132 ], [ -0.95177, 53.07 ], [ -0.94934, 53.05874 ], [ -0.94273, 53.05694 ], [ -0.98485, 53.04621 ], [ -1.00236, 53.05641 ], [ -1.02125, 53.059 ], [ -1.02749, 53.0652 ], [ -1.01426, 53.0707 ], [ -1.01504, 53.06509 ], [ -0.99842, 53.07532 ], [ -0.98474, 53.07857 ], [ -0.97074, 53.09093 ], [ -0.96182, 53.08215 ] ], [ [ -0.96877, 53.07582 ], [ -0.96841, 53.07577 ], [ -0.96838, 53.07581 ], [ -0.96877, 53.07582 ] ] ] } },
{ "type": "Feature", "properties": { "small_area": "E01027211" }, "geometry": { "type": "Polygon", "coordinates": [ [ [ -0.95901, 52.25052 ], [ -0.96053, 52.25389 ], [ -0.95394, 52.25712 ], [ -0.95169, 52.25312 ], [ -0.95901, 52.25052 ] ] ] } },
{ "type": "Feature", "properties": { "small_area": "E01027290" }, "geometry": { "type": "Polygon", "coordinates": [ [ [ -1.1181, 52.01542 ], [ -1.13127, 52.00487 ], [ -1.13435, 51.99729 ], [ -1.16384, 51.9934 ], [ -1.17607, 51.98204 ], [ -1.19202, 51.98078 ], [ -1.19628, 51.97742 ], [ -1.22586, 51.98092 ], [ -1.24163, 51.98628 ], [ -1.25973, 51.98117 ], [ -1.28107, 51.98155 ], [ -1.28274, 51.97922 ], [ -1.28888, 51.98972 ], [ -1.28301, 51.99149 ], [ -1.2834, 51.99941 ], [ -1.2788, 52.00437 ], [ -1.26105, 51.99762 ], [ -1.23833, 52.00795 ], [ -1.2157, 52.00653 ], [ -1.20795, 52.01472 ], [ -1.19688, 52.0177 ], [ -1.17108, 52.01754 ], [ -1.1551, 52.02387 ], [ -1.1181, 52.01542 ] ] ] } },
{ "type": "Feature", "properties": { "small_area": "E01033391" }, "geometry": { "type": "Polygon", "coordinates": [ [ [ -1.18066, 53.12438 ], [ -1.1851, 53.12213 ], [ -1.19271, 53.13168 ], [ -1.18802, 53.13574 ], [ -1.18066, 53.12438 ] ] ] } },
{ "type": "Feature", "properties": { "small_area": "E01013498" }, "geometry": { "type": "Polygon", "coordinates": [ [ [ -1.42038, 52.8819 ], [ -1.43154, 52.8795 ], [ -1.42118, 52.88965 ], [ -1.41725, 52.88474 ], [ -1.42038, 52.8819 ] ] ] } },
{ "type": "Feature", "properties": { "small_area": "E01019838" }, "geometry": { "type": "Polygon", "coordinates": [ [ [ -1.56704, 52.75675 ], [ -1.5677, 52.76172 ], [ -1.5643, 52.7629 ], [ -1.57042, 52.76551 ], [ -1.56506, 52.76672 ], [ -1.56007, 52.76319 ], [ -1.56541, 52.76133 ], [ -1.56195, 52.75488 ], [ -1.56704, 52.75675 ] ] ] } },
{ "type": "Feature", "properties": { "small_area": "E01027250" }, "geometry": { "type": "Polygon", "coordinates": [ [ [ -0.91405, 52.20787 ], [ -0.92583, 52.20424 ], [ -0.93381, 52.20723 ], [ -0.92659, 52.21407 ], [ -0.92137, 52.21161 ], [ -0.91708, 52.21569 ], [ -0.91351, 52.21402 ], [ -0.91405, 52.20787 ] ] ] } },
{ "type": "Feature", "properties": { "small_area": "E01027253" }, "geometry": { "type": "Polygon", "coordinates": [ [ [ -0.91313, 52.21648 ], [ -0.92137, 52.21161 ], [ -0.92659, 52.21407 ], [ -0.93381, 52.20723 ], [ -0.93675, 52.20816 ], [ -0.93199, 52.22055 ], [ -0.91313, 52.21648 ] ] ] } },
{ "type": "Feature", "properties": { "small_area": "E01027255" }, "geometry": { "type": "Polygon", "coordinates": [ [ [ -0.84532, 52.23971 ], [ -0.8486, 52.2423 ], [ -0.85705, 52.24031 ], [ -0.85251, 52.24233 ], [ -0.85615, 52.24652 ], [ -0.84942, 52.24731 ], [ -0.84269, 52.2416 ], [ -0.84532, 52.23971 ] ] ] } },
{ "type": "Feature", "properties": { "small_area": "E01027252" }, "geometry": { "type": "Polygon", "coordinates": [ [ [ -0.93199, 52.22055 ], [ -0.9363, 52.22295 ], [ -0.92136, 52.22325 ], [ -0.91663, 52.21939 ], [ -0.93199, 52.22055 ] ] ] } },
{ "type": "Feature", "properties": { "small_area": "E01033244" }, "geometry": { "type": "Polygon", "coordinates": [ [ [ -0.61031, 52.30688 ], [ -0.59822, 52.31611 ], [ -0.59482, 52.31101 ], [ -0.60129, 52.30923 ], [ -0.59808, 52.30764 ], [ -0.60197, 52.30211 ], [ -0.61031, 52.30688 ] ] ] } },
{ "type": "Feature", "properties": { "small_area": "E01033245" }, "geometry": { "type": "Polygon", "coordinates": [ [ [ -0.60197, 52.30211 ], [ -0.59808, 52.30764 ], [ -0.59407, 52.30576 ], [ -0.59289, 52.30845 ], [ -0.59257, 52.30543 ], [ -0.60197, 52.30211 ] ] ] } },
{ "type": "Feature", "properties": { "small_area": "E01013589" }, "geometry": { "type": "Polygon", "coordinates": [ [ [ -1.49376, 52.87327 ], [ -1.48647, 52.87442 ], [ -1.48431, 52.87121 ], [ -1.4952, 52.87036 ], [ -1.49376, 52.87327 ] ] ] } },
{ "type": "Feature", "properties": { "small_area": "E01025685" }, "geometry": { "type": "Polygon", "coordinates": [ [ [ -1.05429, 52.71667 ], [ -1.04978, 52.71533 ], [ -1.05131, 52.71191 ], [ -1.0599, 52.71163 ], [ -1.05429, 52.71667 ] ] ] } },
{ "type": "Feature", "properties": { "small_area": "E01026270" }, "geometry": { "type": "Polygon", "coordinates": [ [ [ -0.12629, 52.78734 ], [ -0.13543, 52.7894 ], [ -0.13016, 52.79286 ], [ -0.13958, 52.79505 ], [ -0.11771, 52.82176 ], [ -0.11777, 52.81943 ], [ -0.10866, 52.81808 ], [ -0.11157, 52.80086 ], [ -0.1038, 52.80162 ], [ -0.10664, 52.77946 ], [ -0.12075, 52.77813 ], [ -0.12629, 52.78734 ] ] ] } },
{ "type": "Feature", "properties": { "small_area": "E01026356" }, "geometry": { "type": "Polygon", "coordinates": [ [ [ -0.51095, 52.66182 ], [ -0.5126, 52.65661 ], [ -0.5236, 52.66521 ], [ -0.51903, 52.66651 ], [ -0.51095, 52.66182 ] ] ] } },
{ "type": "Feature", "properties": { "small_area": "E01026357" }, "geometry": { "type": "Polygon", "coordinates": [ [ [ -0.50312, 52.6583 ], [ -0.50718, 52.65743 ], [ -0.50624, 52.65435 ], [ -0.51201, 52.655 ], [ -0.51095, 52.66182 ], [ -0.50312, 52.6583 ] ] ] } },
{ "type": "Feature", "properties": { "small_area": "E01026354" }, "geometry": { "type": "Polygon", "coordinates": [ [ [ -0.63765, 52.92845 ], [ -0.64431, 52.92575 ], [ -0.64601, 52.93436 ], [ -0.63765, 52.92845 ] ] ] } },
{ "type": "Feature", "properties": { "small_area": "E01026355" }, "geometry": { "type": "Polygon", "coordinates": [ [ [ -0.68236, 53.02394 ], [ -0.68849, 53.01153 ], [ -0.71039, 52.99973 ], [ -0.7111, 52.99588 ], [ -0.73419, 52.98899 ], [ -0.75532, 52.95136 ], [ -0.77844, 52.95929 ], [ -0.77756, 52.98378 ], [ -0.80407, 53.00636 ], [ -0.80423, 53.01204 ], [ -0.79583, 53.01058 ], [ -0.78842, 53.02583 ], [ -0.77668, 53.02469 ], [ -0.76083, 53.02939 ], [ -0.74485, 53.02146 ], [ -0.68236, 53.02394 ] ] ] } },
{ "type": "Feature", "properties": { "small_area": "E01026226" }, "geometry": { "type": "Polygon", "coordinates": [ [ [ -0.62262, 53.21758 ], [ -0.63602, 53.22956 ], [ -0.62129, 53.22683 ], [ -0.62321, 53.23154 ], [ -0.61619, 53.23953 ], [ -0.59903, 53.23204 ], [ -0.60095, 53.22669 ], [ -0.62262, 53.21758 ] ] ] } },
{ "type": "Feature", "properties": { "small_area": "E01026352" }, "geometry": { "type": "Polygon", "coordinates": [ [ [ -0.63858, 52.91871 ], [ -0.64, 52.92137 ], [ -0.64426, 52.92022 ], [ -0.64143, 52.9238 ], [ -0.64729, 52.92459 ], [ -0.64681, 52.92822 ], [ -0.64431, 52.92575 ], [ -0.63765, 52.92845 ], [ -0.63002, 52.92616 ], [ -0.63858, 52.91871 ] ] ] } },
{ "type": "Feature", "properties": { "small_area": "E01026227" }, "geometry": { "type": "Polygon", "coordinates": [ [ [ -0.41908, 52.99305 ], [ -0.41949, 52.99597 ], [ -0.40894, 52.99942 ], [ -0.40812, 52.99528 ], [ -0.41908, 52.99305 ] ] ] } },
{ "type": "Feature", "properties": { "small_area": "E01027348" }, "geometry": { "type": "Polygon", "coordinates": [ [ [ -0.63735, 52.2273 ], [ -0.66265, 52.20656 ], [ -0.66815, 52.19502 ], [ -0.68467, 52.19632 ], [ -0.70547, 52.19156 ], [ -0.71173, 52.19734 ], [ -0.71697, 52.21328 ], [ -0.71435, 52.22111 ], [ -0.70109, 52.23246 ], [ -0.68871, 52.23765 ], [ -0.67321, 52.23455 ], [ -0.66164, 52.23531 ], [ -0.65954, 52.23823 ], [ -0.64277, 52.23343 ], [ -0.63735, 52.2273 ] ] ] } },
{ "type": "Feature", "properties": { "small_area": "E01013561" }, "geometry": { "type": "Polygon", "coordinates": [ [ [ -1.53543, 52.90851 ], [ -1.54262, 52.90495 ], [ -1.54567, 52.90877 ], [ -1.53378, 52.91392 ], [ -1.53543, 52.90851 ] ] ] } },
{ "type": "Feature", "properties": { "small_area": "E01027948" }, "geometry": { "type": "Polygon", "coordinates": [ [ [ -1.24361, 53.09864 ], [ -1.2485, 53.09632 ], [ -1.25219, 53.08923 ], [ -1.26693, 53.0958 ], [ -1.26128, 53.10062 ], [ -1.24361, 53.09864 ] ] ] } },
{ "type": "Feature", "properties": { "small_area": "E01013966" }, "geometry": { "type": "Polygon", "coordinates": [ [ [ -1.14568, 52.98396 ], [ -1.15685, 52.98525 ], [ -1.14917, 52.98867 ], [ -1.14568, 52.98396 ] ] ] } },
{ "type": "Feature", "properties": { "small_area": "E01013620" }, "geometry": { "type": "Polygon", "coordinates": [ [ [ -1.14554, 52.65931 ], [ -1.14558, 52.65925 ], [ -1.1524, 52.6579 ], [ -1.15768, 52.66228 ], [ -1.15119, 52.66525 ], [ -1.14554, 52.65931 ] ] ] } },
{ "type": "Feature", "properties": { "small_area": "E01026001" }, "geometry": { "type": "Polygon", "coordinates": [ [ [ -1.10039, 52.57707 ], [ -1.10299, 52.58181 ], [ -1.09323, 52.58296 ], [ -1.09232, 52.57995 ], [ -1.10039, 52.57707 ] ] ] } },
{ "type": "Feature", "properties": { "small_area": "E01028004" }, "geometry": { "type": "Polygon", "coordinates": [ [ [ -1.08924, 53.35061 ], [ -1.06461, 53.34092 ], [ -1.05867, 53.33455 ], [ -1.08466, 53.3262 ], [ -1.10143, 53.32663 ], [ -1.12689, 53.33434 ], [ -1.13444, 53.34047 ], [ -1.14863, 53.3385 ], [ -1.13869, 53.34138 ], [ -1.14033, 53.34656 ], [ -1.15401, 53.34458 ], [ -1.1623, 53.35308 ], [ -1.16195, 53.35789 ], [ -1.1491, 53.35433 ], [ -1.12982, 53.35765 ], [ -1.13097, 53.355 ], [ -1.11829, 53.35421 ], [ -1.12256, 53.35765 ], [ -1.11586, 53.35825 ], [ -1.10972, 53.3543 ], [ -1.10339, 53.35851 ], [ -1.09539, 53.35778 ], [ -1.08924, 53.35061 ] ] ] } },
{ "type": "Feature", "properties": { "small_area": "E01028086" }, "geometry": { "type": "Polygon", "coordinates": [ [ [ -1.21166, 52.92154 ], [ -1.22496, 52.92194 ], [ -1.22156, 52.92616 ], [ -1.21166, 52.92154 ] ] ] } },
{ "type": "Feature", "properties": { "small_area": "E01026080" }, "geometry": { "type": "Polygon", "coordinates": [ [ [ -0.03003, 53.48628 ], [ -0.02372, 53.47458 ], [ 0.00451, 53.48348 ], [ 0.00449, 53.47672 ], [ 0.01324, 53.47776 ], [ 0.01934, 53.47265 ], [ 0.02412, 53.45812 ], [ 0.03246, 53.45756 ], [ 0.03629, 53.45272 ], [ -0.01338, 53.43812 ], [ -0.06324, 53.42953 ], [ -0.0889, 53.45726 ], [ -0.10786, 53.46987 ], [ -0.0898, 53.47766 ], [ -0.09548, 53.48596 ], [ -0.07526, 53.48931 ], [ -0.03003, 53.48628 ] ] ] } },
{ "type": "Feature", "properties": { "small_area": "E01026000" }, "geometry": { "type": "Polygon", "coordinates": [ [ [ -1.07896, 52.58489 ], [ -1.08794, 52.58579 ], [ -1.08631, 52.57752 ], [ -1.09323, 52.58296 ], [ -1.09701, 52.58234 ], [ -1.08794, 52.588 ], [ -1.07896, 52.58489 ] ] ] } },
{ "type": "Feature", "properties": { "small_area": "E01028007" }, "geometry": { "type": "Polygon", "coordinates": [ [ [ -0.87372, 53.24118 ], [ -0.92301, 53.23692 ], [ -0.92251, 53.23309 ], [ -0.93687, 53.23116 ], [ -0.94248, 53.22524 ], [ -0.95019, 53.22617 ], [ -0.94324, 53.22682 ], [ -0.94217, 53.23049 ], [ -0.945, 53.24312 ], [ -0.9511, 53.24757 ], [ -0.93648, 53.24875 ], [ -0.93239, 53.25558 ], [ -0.92363, 53.25365 ], [ -0.92048, 53.2671 ], [ -0.90966, 53.26845 ], [ -0.89938, 53.26282 ], [ -0.89091, 53.26321 ], [ -0.89276, 53.254 ], [ -0.88685, 53.24832 ], [ -0.88012, 53.24755 ], [ -0.88553, 53.25042 ], [ -0.88341, 53.25215 ], [ -0.87183, 53.2502 ], [ -0.87372, 53.24118 ] ] ] } },
{ "type": "Feature", "properties": { "small_area": "E01028087" }, "geometry": { "type": "Polygon", "coordinates": [ [ [ -1.23069, 52.92752 ], [ -1.25858, 52.9245 ], [ -1.25787, 52.9337 ], [ -1.24971, 52.93614 ], [ -1.24496, 52.93266 ], [ -1.23807, 52.93795 ], [ -1.22555, 52.93319 ], [ -1.23069, 52.92752 ] ] ] } },
{ "type": "Feature", "properties": { "small_area": "E01026081" }, "geometry": { "type": "Polygon", "coordinates": [ [ [ 0.00242, 53.36168 ], [ -0.00755, 53.36652 ], [ 0.00783, 53.36976 ], [ 0.01193, 53.36575 ], [ 0.00242, 53.36168 ] ] ] } },
{ "type": "Feature", "properties": { "small_area": "E01028070" }, "geometry": { "type": "Polygon", "coordinates": [ [ [ -1.21051, 52.91225 ], [ -1.21392, 52.90439 ], [ -1.22017, 52.90234 ], [ -1.2205, 52.89554 ], [ -1.23971, 52.89227 ], [ -1.24743, 52.89868 ], [ -1.24713, 52.90383 ], [ -1.23697, 52.90605 ], [ -1.23523, 52.90984 ], [ -1.22582, 52.90967 ], [ -1.21389, 52.91684 ], [ -1.21051, 52.91225 ] ] ] } },
{ "type": "Feature", "properties": { "small_area": "E01028075" }, "geometry": { "type": "Polygon", "coordinates": [ [ [ -1.20804, 52.92798 ], [ -1.19974, 52.92545 ], [ -1.20993, 52.92277 ], [ -1.20804, 52.92798 ] ] ] } },
{ "type": "Feature", "properties": { "small_area": "E01028073" }, "geometry": { "type": "Polygon", "coordinates": [ [ [ -1.21166, 52.92154 ], [ -1.2155, 52.92395 ], [ -1.21263, 52.92857 ], [ -1.20613, 52.93044 ], [ -1.21166, 52.92154 ] ] ] } },
{ "type": "Feature", "properties": { "small_area": "E01028085" }, "geometry": { "type": "Polygon", "coordinates": [ [ [ -1.2155, 52.92395 ], [ -1.22156, 52.92616 ], [ -1.22496, 52.92194 ], [ -1.22914, 52.92275 ], [ -1.22015, 52.93086 ], [ -1.21263, 52.92857 ], [ -1.2155, 52.92395 ] ] ] } },
{ "type": "Feature", "properties": { "small_area": "E01026071" }, "geometry": { "type": "Polygon", "coordinates": [ [ [ -0.1086, 53.32936 ], [ -0.05629, 53.29493 ], [ -0.0549, 53.27852 ], [ -0.06341, 53.27392 ], [ -0.08338, 53.27364 ], [ -0.08197, 53.27066 ], [ -0.09341, 53.26697 ], [ -0.17889, 53.28329 ], [ -0.2101, 53.27768 ], [ -0.21005, 53.28605 ], [ -0.23253, 53.28863 ], [ -0.21197, 53.30068 ], [ -0.21295, 53.3095 ], [ -0.21906, 53.31194 ], [ -0.22885, 53.32651 ], [ -0.24216, 53.32683 ], [ -0.25126, 53.33279 ], [ -0.2559, 53.34412 ], [ -0.23163, 53.35138 ], [ -0.20487, 53.37186 ], [ -0.22344, 53.38585 ], [ -0.22939, 53.39803 ], [ -0.21856, 53.3998 ], [ -0.20815, 53.40939 ], [ -0.18402, 53.40916 ], [ -0.17734, 53.40565 ], [ -0.17448, 53.39693 ], [ -0.14085, 53.40338 ], [ -0.14789, 53.39088 ], [ -0.14596, 53.37489 ], [ -0.11862, 53.36316 ], [ -0.11277, 53.36388 ], [ -0.1086, 53.32936 ] ] ] } },
{ "type": "Feature", "properties": { "small_area": "E01028005" }, "geometry": { "type": "Polygon", "coordinates": [ [ [ -0.8666, 53.38706 ], [ -0.88862, 53.38509 ], [ -0.89137, 53.38176 ], [ -0.88222, 53.38104 ], [ -0.88712, 53.36145 ], [ -0.86718, 53.34059 ], [ -0.87138, 53.32808 ], [ -0.92213, 53.32497 ], [ -0.9211, 53.33281 ], [ -0.92946, 53.33645 ], [ -0.9263, 53.34221 ], [ -0.94887, 53.33921 ], [ -0.96157, 53.34268 ], [ -0.96416, 53.34616 ], [ -0.95686, 53.35235 ], [ -0.9457, 53.35022 ], [ -0.94027, 53.35536 ], [ -0.92394, 53.35623 ], [ -0.93278, 53.35881 ], [ -0.92665, 53.37446 ], [ -0.93185, 53.38343 ], [ -0.93271, 53.39387 ], [ -0.94545, 53.40207 ], [ -0.94486, 53.40709 ], [ -0.93859, 53.40629 ], [ -0.92079, 53.41203 ], [ -0.91046, 53.40667 ], [ -0.90608, 53.39937 ], [ -0.8704, 53.39431 ], [ -0.8666, 53.38706 ] ] ] } },
{ "type": "Feature", "properties": { "small_area": "E01028074" }, "geometry": { "type": "Polygon", "coordinates": [ [ [ -1.19578, 52.92784 ], [ -1.19974, 52.92545 ], [ -1.20804, 52.92798 ], [ -1.20613, 52.93044 ], [ -1.20954, 52.93014 ], [ -1.20511, 52.93338 ], [ -1.19578, 52.92784 ] ] ] } },
{ "type": "Feature", "properties": { "small_area": "E01026070" }, "geometry": { "type": "Polygon", "coordinates": [ [ [ -0.02406, 53.38684 ], [ -0.02935, 53.3757 ], [ -0.02206, 53.37486 ], [ -0.01653, 53.36551 ], [ -0.0249, 53.3629 ], [ -0.02682, 53.35484 ], [ -0.01187, 53.35522 ], [ -0.0041, 53.34752 ], [ 0.00892, 53.34594 ], [ 0.02664, 53.35696 ], [ 0.02906, 53.36166 ], [ 0.02549, 53.36563 ], [ 0.01722, 53.36649 ], [ 0.01597, 53.37066 ], [ 0.0229, 53.37358 ], [ 0.01583, 53.3738 ], [ 0.00402, 53.3823 ], [ -0.01508, 53.38813 ], [ 0.00158, 53.38959 ], [ 0.02044, 53.39778 ], [ 0.0376, 53.38905 ], [ 0.03684, 53.38573 ], [ 0.04947, 53.38276 ], [ 0.04985, 53.37196 ], [ 0.05682, 53.36842 ], [ 0.06142, 53.37018 ], [ 0.07305, 53.35597 ], [ 0.08227, 53.34204 ], [ 0.05993, 53.33251 ], [ 0.08044, 53.31749 ], [ 0.09107, 53.31607 ], [ 0.06726, 53.29624 ], [ 0.05962, 53.29429 ], [ 0.05396, 53.28406 ], [ 0.06401, 53.27473 ], [ 0.05853, 53.27647 ], [ 0.05009, 53.2712 ], [ 0.02618, 53.28005 ], [ 0.01886, 53.27777 ], [ 0.02163, 53.27019 ], [ -0.02431, 53.26555 ], [ -0.03837, 53.26857 ], [ -0.0549, 53.27852 ], [ -0.05629, 53.29493 ], [ -0.1086, 53.32936 ], [ -0.11277, 53.36388 ], [ -0.10653, 53.37849 ], [ -0.11213, 53.38571 ], [ -0.09478, 53.38969 ], [ -0.10203, 53.40007 ], [ -0.06354, 53.40967 ], [ -0.05632, 53.40068 ], [ -0.0472, 53.40143 ], [ -0.02536, 53.39546 ], [ -0.01812, 53.38804 ], [ -0.02406, 53.38684 ] ] ] } },
{ "type": "Feature", "properties": { "small_area": "E01028077" }, "geometry": { "type": "Polygon", "coordinates": [ [ [ -1.21483, 52.93614 ], [ -1.21528, 52.93403 ], [ -1.22694, 52.93772 ], [ -1.22197, 52.94108 ], [ -1.21483, 52.93614 ] ] ] } },
{ "type": "Feature", "properties": { "small_area": "E01025778" }, "geometry": { "type": "Polygon", "coordinates": [ [ [ -1.05128, 52.532 ], [ -1.0443, 52.53278 ], [ -1.04562, 52.52962 ], [ -1.04205, 52.52888 ], [ -1.03389, 52.53546 ], [ -1.03085, 52.5331 ], [ -1.04349, 52.52578 ], [ -1.06188, 52.52274 ], [ -1.07166, 52.52604 ], [ -1.0759, 52.53885 ], [ -1.05953, 52.54327 ], [ -1.05411, 52.53741 ], [ -1.03723, 52.54014 ], [ -1.05128, 52.532 ] ] ] } },
{ "type": "Feature", "properties": { "small_area": "E01028354" }, "geometry": { "type": "Polygon", "coordinates": [ [ [ -1.12129, 52.93464 ], [ -1.111, 52.93055 ], [ -1.11979, 52.92866 ], [ -1.12059, 52.93165 ], [ -1.12574, 52.93159 ], [ -1.12129, 52.93464 ] ] ] } },
{ "type": "Feature", "properties": { "small_area": "E01028355" }, "geometry": { "type": "Polygon", "coordinates": [ [ [ -1.11708, 52.92499 ], [ -1.12602, 52.93127 ], [ -1.12059, 52.93165 ], [ -1.11979, 52.92866 ], [ -1.111, 52.93055 ], [ -1.11708, 52.92499 ] ] ] } },
{ "type": "Feature", "properties": { "small_area": "E01013548" }, "geometry": { "type": "Polygon", "coordinates": [ [ [ -1.50164, 52.92746 ], [ -1.51844, 52.92475 ], [ -1.51218, 52.93032 ], [ -1.50164, 52.92746 ] ] ] } },
{ "type": "Feature", "properties": { "small_area": "E01026268" }, "geometry": { "type": "Polygon", "coordinates": [ [ [ -0.12075, 52.77813 ], [ -0.10664, 52.77946 ], [ -0.11843, 52.75495 ], [ -0.14543, 52.75955 ], [ -0.14574, 52.75295 ], [ -0.16133, 52.75524 ], [ -0.15892, 52.77505 ], [ -0.15371, 52.78064 ], [ -0.14787, 52.77927 ], [ -0.14542, 52.78474 ], [ -0.14097, 52.77812 ], [ -0.13505, 52.78178 ], [ -0.12075, 52.77813 ] ] ] } },
{ "type": "Feature", "properties": { "small_area": "E01026269" }, "geometry": { "type": "Polygon", "coordinates": [ [ [ -0.12629, 52.78734 ], [ -0.12283, 52.78026 ], [ -0.13505, 52.78178 ], [ -0.14097, 52.77812 ], [ -0.14542, 52.78474 ], [ -0.14787, 52.77927 ], [ -0.15371, 52.78064 ], [ -0.14997, 52.78601 ], [ -0.13543, 52.7894 ], [ -0.12629, 52.78734 ] ] ] } },
{ "type": "Feature", "properties": { "small_area": "E01028261" }, "geometry": { "type": "Polygon", "coordinates": [ [ [ -1.1288, 53.14332 ], [ -1.14937, 53.14485 ], [ -1.15723, 53.1375 ], [ -1.15865, 53.14511 ], [ -1.15037, 53.1488 ], [ -1.11106, 53.15341 ], [ -1.1288, 53.14332 ] ] ] } },
{ "type": "Feature", "properties": { "small_area": "E01027128" }, "geometry": { "type": "Polygon", "coordinates": [ [ [ -0.70383, 52.39564 ], [ -0.71481, 52.39696 ], [ -0.7061, 52.40265 ], [ -0.70893, 52.40543 ], [ -0.70573, 52.40727 ], [ -0.70126, 52.40354 ], [ -0.70383, 52.39564 ] ] ] } },
{ "type": "Feature", "properties": { "small_area": "E01013528" }, "geometry": { "type": "Polygon", "coordinates": [ [ [ -1.49013, 52.93229 ], [ -1.4801, 52.93502 ], [ -1.48174, 52.93032 ], [ -1.48701, 52.92899 ], [ -1.49013, 52.93229 ] ] ] } },
{ "type": "Feature", "properties": { "small_area": "E01028199" }, "geometry": { "type": "Polygon", "coordinates": [ [ [ -1.15637, 53.08283 ], [ -1.1638, 53.08426 ], [ -1.1601, 53.08584 ], [ -1.16843, 53.0865 ], [ -1.16151, 53.08903 ], [ -1.15568, 53.08695 ], [ -1.15859, 53.09182 ], [ -1.15206, 53.09254 ], [ -1.14581, 53.0868 ], [ -1.15044, 53.07763 ], [ -1.15527, 53.07633 ], [ -1.15637, 53.08283 ] ] ] } },
{ "type": "Feature", "properties": { "small_area": "E01026119" }, "geometry": { "type": "Polygon", "coordinates": [ [ [ -0.13844, 53.14292 ], [ -0.14851, 53.13302 ], [ -0.17196, 53.13798 ], [ -0.16536, 53.14576 ], [ -0.17342, 53.14033 ], [ -0.20586, 53.14338 ], [ -0.21399, 53.14033 ], [ -0.21861, 53.15095 ], [ -0.20502, 53.15136 ], [ -0.20151, 53.15446 ], [ -0.18898, 53.15155 ], [ -0.16759, 53.16223 ], [ -0.13775, 53.15824 ], [ -0.14645, 53.15204 ], [ -0.13838, 53.14782 ], [ -0.13844, 53.14292 ] ] ] } },
{ "type": "Feature", "properties": { "small_area": "E01026198" }, "geometry": { "type": "Polygon", "coordinates": [ [ [ -0.52641, 53.02677 ], [ -0.52278, 53.05026 ], [ -0.51657, 53.05058 ], [ -0.51759, 53.04474 ], [ -0.49972, 53.05335 ], [ -0.49916, 53.0475 ], [ -0.48247, 53.04483 ], [ -0.49018, 53.03365 ], [ -0.51479, 53.02959 ], [ -0.5146, 53.02735 ], [ -0.52641, 53.02677 ] ] ] } },
{ "type": "Feature", "properties": { "small_area": "E01028118" }, "geometry": { "type": "Polygon", "coordinates": [ [ [ -1.24787, 53.03092 ], [ -1.24677, 53.02751 ], [ -1.2564, 53.02313 ], [ -1.25779, 53.01665 ], [ -1.27058, 53.01197 ], [ -1.28054, 53.01093 ], [ -1.28475, 53.01401 ], [ -1.28515, 53.01108 ], [ -1.29135, 53.01433 ], [ -1.28999, 53.01895 ], [ -1.28481, 53.0184 ], [ -1.27793, 53.03241 ], [ -1.25126, 53.03801 ], [ -1.23878, 53.03261 ], [ -1.24787, 53.03092 ] ] ] } },
{ "type": "Feature", "properties": { "small_area": "E01013678" }, "geometry": { "type": "Polygon", "coordinates": [ [ [ -1.14161, 52.58782 ], [ -1.146, 52.58812 ], [ -1.14133, 52.59368 ], [ -1.14559, 52.59581 ], [ -1.14157, 52.59686 ], [ -1.13563, 52.59742 ], [ -1.13638, 52.59516 ], [ -1.12647, 52.59287 ], [ -1.14161, 52.58782 ] ] ] } },
{ "type": "Feature", "properties": { "small_area": "E01025985" }, "geometry": { "type": "Polygon", "coordinates": [ [ [ -1.12463, 52.583 ], [ -1.13308, 52.58229 ], [ -1.13079, 52.58395 ], [ -1.13708, 52.58937 ], [ -1.12645, 52.59291 ], [ -1.12463, 52.583 ] ] ] } },
{ "type": "Feature", "properties": { "small_area": "E01027241" }, "geometry": { "type": "Polygon", "coordinates": [ [ [ -0.90801, 52.2425 ], [ -0.91803, 52.2428 ], [ -0.91339, 52.24655 ], [ -0.90782, 52.24662 ], [ -0.90801, 52.2425 ] ] ] } },
{ "type": "Feature", "properties": { "small_area": "E01027240" }, "geometry": { "type": "Polygon", "coordinates": [ [ [ -0.9298, 52.25222 ], [ -0.9147, 52.24984 ], [ -0.91987, 52.2504 ], [ -0.92216, 52.24622 ], [ -0.93249, 52.25125 ], [ -0.93021, 52.25492 ], [ -0.93697, 52.2578 ], [ -0.94046, 52.25548 ], [ -0.95505, 52.26194 ], [ -0.933, 52.26901 ], [ -0.92446, 52.26588 ], [ -0.93666, 52.26201 ], [ -0.92595, 52.25544 ], [ -0.9298, 52.25222 ] ] ] } },
{ "type": "Feature", "properties": { "small_area": "E01027242" }, "geometry": { "type": "Polygon", "coordinates": [ [ [ -0.90785, 52.24923 ], [ -0.90782, 52.24662 ], [ -0.91339, 52.24655 ], [ -0.91408, 52.25293 ], [ -0.91792, 52.25055 ], [ -0.92134, 52.25226 ], [ -0.91828, 52.25718 ], [ -0.91197, 52.25683 ], [ -0.90785, 52.24923 ] ] ] } },
{ "type": "Feature", "properties": { "small_area": "E01032601" }, "geometry": { "type": "Polygon", "coordinates": [ [ [ -1.11289, 52.59693 ], [ -1.0996, 52.59341 ], [ -1.10484, 52.59432 ], [ -1.10712, 52.59142 ], [ -1.11289, 52.59693 ] ] ] } },
{ "type": "Feature", "properties": { "small_area": "E01027243" }, "geometry": { "type": "Polygon", "coordinates": [ [ [ -0.91197, 52.25683 ], [ -0.92595, 52.25544 ], [ -0.93666, 52.26201 ], [ -0.92446, 52.26588 ], [ -0.93244, 52.27076 ], [ -0.91496, 52.2634 ], [ -0.91197, 52.25683 ] ] ] } },
{ "type": "Feature", "properties": { "small_area": "E01027963" }, "geometry": { "type": "Polygon", "coordinates": [ [ [ -1.28819, 53.07144 ], [ -1.29352, 53.06663 ], [ -1.306, 53.06785 ], [ -1.29635, 53.07386 ], [ -1.30029, 53.07517 ], [ -1.29787, 53.07815 ], [ -1.29177, 53.07043 ], [ -1.28819, 53.07144 ] ] ] } },
{ "type": "Feature", "properties": { "small_area": "E01028352" }, "geometry": { "type": "Polygon", "coordinates": [ [ [ -0.85416, 53.0626 ], [ -0.86257, 53.06031 ], [ -0.86198, 53.0516 ], [ -0.87248, 53.04933 ], [ -0.87631, 53.04354 ], [ -0.88723, 53.05427 ], [ -0.89463, 53.05481 ], [ -0.90505, 53.04866 ], [ -0.9021, 53.03846 ], [ -0.91347, 53.03617 ], [ -0.94513, 53.05586 ], [ -0.92716, 53.06366 ], [ -0.91262, 53.06369 ], [ -0.91443, 53.06612 ], [ -0.90643, 53.07202 ], [ -0.89899, 53.07153 ], [ -0.89057, 53.07716 ], [ -0.86578, 53.06702 ], [ -0.85969, 53.0679 ], [ -0.85416, 53.0626 ] ] ] } },
{ "type": "Feature", "properties": { "small_area": "E01028353" }, "geometry": { "type": "Polygon", "coordinates": [ [ [ -0.75954, 53.12111 ], [ -0.75773, 53.11213 ], [ -0.74858, 53.10349 ], [ -0.72959, 53.0978 ], [ -0.70615, 53.08336 ], [ -0.71036, 53.07936 ], [ -0.69849, 53.07545 ], [ -0.69881, 53.06773 ], [ -0.6953, 53.06702 ], [ -0.70154, 53.06364 ], [ -0.71347, 53.06603 ], [ -0.71621, 53.05904 ], [ -0.7226, 53.0599 ], [ -0.72871, 53.0555 ], [ -0.7525, 53.05582 ], [ -0.75244, 53.06292 ], [ -0.76166, 53.06598 ], [ -0.76647, 53.07224 ], [ -0.76993, 53.07132 ], [ -0.77465, 53.08365 ], [ -0.7989, 53.1014 ], [ -0.79302, 53.10793 ], [ -0.80422, 53.11046 ], [ -0.80182, 53.11693 ], [ -0.80834, 53.12274 ], [ -0.80192, 53.13372 ], [ -0.79189, 53.13589 ], [ -0.79188, 53.1458 ], [ -0.77413, 53.1353 ], [ -0.7742, 53.13071 ], [ -0.75954, 53.12111 ] ] ] } },
{ "type": "Feature", "properties": { "small_area": "E01028350" }, "geometry": { "type": "Polygon", "coordinates": [ [ [ -0.77793, 53.1865 ], [ -0.79444, 53.18049 ], [ -0.78777, 53.17863 ], [ -0.8121, 53.17909 ], [ -0.81543, 53.17597 ], [ -0.81683, 53.18402 ], [ -0.82669, 53.19352 ], [ -0.79707, 53.19589 ], [ -0.78171, 53.19266 ], [ -0.77793, 53.1865 ] ] ] } },
{ "type": "Feature", "properties": { "small_area": "E01028351" }, "geometry": { "type": "Polygon", "coordinates": [ [ [ -0.91347, 53.03617 ], [ -0.9021, 53.03846 ], [ -0.92703, 53.02379 ], [ -0.93541, 53.02476 ], [ -0.95056, 53.01881 ], [ -0.999, 53.03529 ], [ -0.99783, 53.0397 ], [ -1.00793, 53.04264 ], [ -1.01227, 53.049 ], [ -1.0257, 53.0551 ], [ -1.0209, 53.05898 ], [ -1.00236, 53.05641 ], [ -0.98485, 53.04621 ], [ -0.94513, 53.05586 ], [ -0.91347, 53.03617 ] ] ] } },
{ "type": "Feature", "properties": { "small_area": "E01026358" }, "geometry": { "type": "Polygon", "coordinates": [ [ [ -0.48643, 52.65341 ], [ -0.49634, 52.65315 ], [ -0.50185, 52.65629 ], [ -0.50624, 52.65435 ], [ -0.50718, 52.65743 ], [ -0.48643, 52.65341 ] ] ] } },
{ "type": "Feature", "properties": { "small_area": "E01026359" }, "geometry": { "type": "Polygon", "coordinates": [ [ [ -0.48677, 52.64765 ], [ -0.47841, 52.65038 ], [ -0.49504, 52.64022 ], [ -0.51201, 52.655 ], [ -0.50185, 52.65629 ], [ -0.48677, 52.64765 ] ] ] } },
{ "type": "Feature", "properties": { "small_area": "E01026151" }, "geometry": { "type": "Polygon", "coordinates": [ [ [ -0.53813, 53.24061 ], [ -0.54598, 53.2405 ], [ -0.54955, 53.24521 ], [ -0.53833, 53.25032 ], [ -0.53813, 53.24061 ] ] ] } },
{ "type": "Feature", "properties": { "small_area": "E01028154" }, "geometry": { "type": "Polygon", "coordinates": [ [ [ -1.07206, 53.04703 ], [ -1.07969, 53.0441 ], [ -1.07549, 53.03936 ], [ -1.08049, 53.03695 ], [ -1.08309, 53.03783 ], [ -1.0887, 53.05502 ], [ -1.08236, 53.05436 ], [ -1.07206, 53.04703 ] ] ] } },
{ "type": "Feature", "properties": { "small_area": "E01028155" }, "geometry": { "type": "Polygon", "coordinates": [ [ [ -1.09377, 52.96271 ], [ -1.09989, 52.96278 ], [ -1.10095, 52.96635 ], [ -1.09177, 52.96746 ], [ -1.09377, 52.96271 ] ] ] } },
{ "type": "Feature", "properties": { "small_area": "E01028157" }, "geometry": { "type": "Polygon", "coordinates": [ [ [ -1.0913, 52.95832 ], [ -1.09459, 52.9567 ], [ -1.10178, 52.96064 ], [ -1.09377, 52.96271 ], [ -1.0913, 52.95832 ] ] ] } },
{ "type": "Feature", "properties": { "small_area": "E01028156" }, "geometry": { "type": "Polygon", "coordinates": [ [ [ -1.0913, 52.95832 ], [ -1.09377, 52.96271 ], [ -1.09167, 52.96624 ], [ -1.08322, 52.96267 ], [ -1.0913, 52.95832 ] ] ] } },
{ "type": "Feature", "properties": { "small_area": "E01026150" }, "geometry": { "type": "Polygon", "coordinates": [ [ [ -0.53833, 53.25032 ], [ -0.54463, 53.24821 ], [ -0.54835, 53.25323 ], [ -0.53858, 53.25454 ], [ -0.53833, 53.25032 ] ] ] } },
{ "type": "Feature", "properties": { "small_area": "E01026152" }, "geometry": { "type": "Polygon", "coordinates": [ [ [ -0.51128, 53.24776 ], [ -0.51088, 53.24276 ], [ -0.51781, 53.2444 ], [ -0.52143, 53.24736 ], [ -0.51128, 53.24776 ] ] ] } },
{ "type": "Feature", "properties": { "small_area": "E01025756" }, "geometry": { "type": "Polygon", "coordinates": [ [ [ -1.07144, 52.70805 ], [ -1.08111, 52.70104 ], [ -1.0772, 52.69612 ], [ -1.0824, 52.69324 ], [ -1.08836, 52.69452 ], [ -1.08853, 52.70076 ], [ -1.08036, 52.71042 ], [ -1.07144, 52.70805 ] ] ] } },
{ "type": "Feature", "properties": { "small_area": "E01026153" }, "geometry": { "type": "Polygon", "coordinates": [ [ [ -0.5051, 53.24618 ], [ -0.50014, 53.24704 ], [ -0.4998, 53.24249 ], [ -0.51082, 53.24241 ], [ -0.51184, 53.2503 ], [ -0.5051, 53.24618 ] ] ] } },
{ "type": "Feature", "properties": { "small_area": "E01028152" }, "geometry": { "type": "Polygon", "coordinates": [ [ [ -1.0887, 53.05502 ], [ -1.08567, 53.04914 ], [ -1.09195, 53.04803 ], [ -1.0912, 53.03999 ], [ -1.09802, 53.04157 ], [ -1.08799, 53.03846 ], [ -1.10233, 53.03477 ], [ -1.10473, 53.0294 ], [ -1.10968, 53.02953 ], [ -1.1124, 53.02092 ], [ -1.13039, 53.02809 ], [ -1.12606, 53.04936 ], [ -1.13363, 53.05163 ], [ -1.13018, 53.07359 ], [ -1.11396, 53.07699 ], [ -1.09432, 53.07413 ], [ -1.08951, 53.078 ], [ -1.08669, 53.07318 ], [ -1.09344, 53.06733 ], [ -1.08236, 53.05436 ], [ -1.0887, 53.05502 ] ] ] } },
{ "type": "Feature", "properties": { "small_area": "E01028153" }, "geometry": { "type": "Polygon", "coordinates": [ [ [ -1.09802, 53.04157 ], [ -1.0912, 53.03999 ], [ -1.09195, 53.04803 ], [ -1.08567, 53.04914 ], [ -1.08309, 53.03783 ], [ -1.09802, 53.04157 ] ] ] } },
{ "type": "Feature", "properties": { "small_area": "E01025674" }, "geometry": { "type": "Polygon", "coordinates": [ [ [ -1.12278, 52.7419 ], [ -1.11123, 52.73259 ], [ -1.12546, 52.7283 ], [ -1.14433, 52.73365 ], [ -1.14218, 52.73994 ], [ -1.13475, 52.74337 ], [ -1.14225, 52.74602 ], [ -1.14319, 52.75087 ], [ -1.13636, 52.75349 ], [ -1.11873, 52.74513 ], [ -1.12278, 52.7419 ] ] ] } },
{ "type": "Feature", "properties": { "small_area": "E01025677" }, "geometry": { "type": "Polygon", "coordinates": [ [ [ -1.14319, 52.75087 ], [ -1.14261, 52.75434 ], [ -1.14866, 52.75254 ], [ -1.14317, 52.75685 ], [ -1.1472, 52.75988 ], [ -1.1332, 52.75959 ], [ -1.14065, 52.75666 ], [ -1.13636, 52.75349 ], [ -1.14319, 52.75087 ] ] ] } },
{ "type": "Feature", "properties": { "small_area": "E01013860" }, "geometry": { "type": "Polygon", "coordinates": [ [ [ -1.2323, 52.95549 ], [ -1.23796, 52.96308 ], [ -1.22411, 52.96329 ], [ -1.21841, 52.96017 ], [ -1.2323, 52.95549 ] ] ] } },
{ "type": "Feature", "properties": { "small_area": "E01025675" }, "geometry": { "type": "Polygon", "coordinates": [ [ [ -1.14225, 52.74602 ], [ -1.15157, 52.74128 ], [ -1.16206, 52.74111 ], [ -1.15854, 52.74833 ], [ -1.15473, 52.74615 ], [ -1.14261, 52.75434 ], [ -1.14225, 52.74602 ] ] ] } },
{ "type": "Feature", "properties": { "small_area": "E01026066" }, "geometry": { "type": "Polygon", "coordinates": [ [ [ -0.11999, 53.21881 ], [ -0.1159, 53.21246 ], [ -0.12027, 53.21206 ], [ -0.12324, 53.20292 ], [ -0.12734, 53.20479 ], [ -0.13771, 53.20198 ], [ -0.13673, 53.21053 ], [ -0.169, 53.20002 ], [ -0.18127, 53.20838 ], [ -0.1301, 53.22953 ], [ -0.11406, 53.2201 ], [ -0.11999, 53.21881 ] ] ] } },
{ "type": "Feature", "properties": { "small_area": "E01026067" }, "geometry": { "type": "Polygon", "coordinates": [ [ [ -0.11379, 53.20514 ], [ -0.1132, 53.20305 ], [ -0.12324, 53.20292 ], [ -0.12027, 53.21206 ], [ -0.1159, 53.21246 ], [ -0.11453, 53.20899 ], [ -0.10685, 53.20909 ], [ -0.10669, 53.20341 ], [ -0.11379, 53.20514 ] ] ] } },
{ "type": "Feature", "properties": { "small_area": "E01026376" }, "geometry": { "type": "Polygon", "coordinates": [ [ [ -0.75472, 53.39217 ], [ -0.75502, 53.3899 ], [ -0.76981, 53.39301 ], [ -0.77076, 53.40213 ], [ -0.76215, 53.40483 ], [ -0.76076, 53.39611 ], [ -0.75472, 53.39217 ] ] ] } },
{ "type": "Feature", "properties": { "small_area": "E01028038" }, "geometry": { "type": "Polygon", "coordinates": [ [ [ -0.9011, 53.22144 ], [ -0.90171, 53.22598 ], [ -0.90994, 53.22682 ], [ -0.89443, 53.23261 ], [ -0.88398, 53.23315 ], [ -0.88783, 53.23253 ], [ -0.8854, 53.22963 ], [ -0.8928, 53.22946 ], [ -0.88918, 53.22593 ], [ -0.9011, 53.22144 ] ] ] } },
{ "type": "Feature", "properties": { "small_area": "E01028039" }, "geometry": { "type": "Polygon", "coordinates": [ [ [ -0.77883, 53.28334 ], [ -0.76491, 53.27279 ], [ -0.7743, 53.26109 ], [ -0.77079, 53.2533 ], [ -0.77898, 53.25209 ], [ -0.77705, 53.23867 ], [ -0.78038, 53.23297 ], [ -0.86904, 53.2331 ], [ -0.87372, 53.24118 ], [ -0.87066, 53.24631 ], [ -0.84781, 53.25506 ], [ -0.85772, 53.26685 ], [ -0.86129, 53.27906 ], [ -0.83974, 53.28208 ], [ -0.83766, 53.27906 ], [ -0.81589, 53.27838 ], [ -0.81275, 53.2868 ], [ -0.80579, 53.28884 ], [ -0.77358, 53.29432 ], [ -0.76897, 53.29112 ], [ -0.77883, 53.28334 ] ] ] } },
{ "type": "Feature", "properties": { "small_area": "E01027262" }, "geometry": { "type": "Polygon", "coordinates": [ [ [ -1.02548, 52.17926 ], [ -1.0306, 52.17206 ], [ -1.023, 52.16781 ], [ -1.02268, 52.16172 ], [ -1.04557, 52.16282 ], [ -1.05144, 52.16002 ], [ -1.05308, 52.14234 ], [ -1.06903, 52.13417 ], [ -1.06703, 52.12695 ], [ -1.04899, 52.11743 ], [ -1.07544, 52.11196 ], [ -1.08009, 52.11993 ], [ -1.11439, 52.12865 ], [ -1.11134, 52.13298 ], [ -1.11976, 52.13517 ], [ -1.11193, 52.13988 ], [ -1.11056, 52.15016 ], [ -1.13256, 52.14132 ], [ -1.14556, 52.15404 ], [ -1.14397, 52.15869 ], [ -1.15663, 52.16359 ], [ -1.15753, 52.16949 ], [ -1.14415, 52.16604 ], [ -1.13725, 52.17326 ], [ -1.1286, 52.16788 ], [ -1.12091, 52.17401 ], [ -1.12802, 52.181 ], [ -1.12691, 52.18569 ], [ -1.11276, 52.17882 ], [ -1.0956, 52.1789 ], [ -1.08935, 52.18221 ], [ -1.09046, 52.18992 ], [ -1.08578, 52.1925 ], [ -1.06336, 52.19598 ], [ -1.04452, 52.19319 ], [ -1.03844, 52.19566 ], [ -1.02548, 52.17926 ] ] ] } },
{ "type": "Feature", "properties": { "small_area": "E01027265" }, "geometry": { "type": "Polygon", "coordinates": [ [ [ -1.13127, 52.03286 ], [ -1.13271, 52.02901 ], [ -1.14221, 52.02855 ], [ -1.13949, 52.03233 ], [ -1.14375, 52.0326 ], [ -1.14835, 52.03796 ], [ -1.14242, 52.03781 ], [ -1.14448, 52.03504 ], [ -1.14173, 52.03716 ], [ -1.13127, 52.03286 ] ] ] } },
{ "type": "Feature", "properties": { "small_area": "E01026387" }, "geometry": { "type": "Polygon", "coordinates": [ [ [ -0.32579, 53.53924 ], [ -0.31837, 53.5392 ], [ -0.31335, 53.53336 ], [ -0.34844, 53.51191 ], [ -0.34902, 53.49946 ], [ -0.38285, 53.50153 ], [ -0.37518, 53.50089 ], [ -0.37368, 53.49479 ], [ -0.36673, 53.49523 ], [ -0.35992, 53.47904 ], [ -0.39673, 53.47113 ], [ -0.4022, 53.46643 ], [ -0.44871, 53.45415 ], [ -0.46509, 53.45389 ], [ -0.47175, 53.47485 ], [ -0.48774, 53.48285 ], [ -0.48154, 53.49527 ], [ -0.48839, 53.50481 ], [ -0.47587, 53.50891 ], [ -0.44403, 53.50935 ], [ -0.40505, 53.51768 ], [ -0.40825, 53.53232 ], [ -0.41458, 53.53586 ], [ -0.42187, 53.53441 ], [ -0.4307, 53.5463 ], [ -0.50123, 53.53744 ], [ -0.4909, 53.54584 ], [ -0.46702, 53.54894 ], [ -0.46563, 53.556 ], [ -0.45685, 53.55928 ], [ -0.4507, 53.55798 ], [ -0.4394, 53.57027 ], [ -0.42877, 53.57439 ], [ -0.41938, 53.56368 ], [ -0.34932, 53.55583 ], [ -0.32579, 53.53924 ] ] ] } },
{ "type": "Feature", "properties": { "small_area": "E01027264" }, "geometry": { "type": "Polygon", "coordinates": [ [ [ -1.13618, 52.02002 ], [ -1.15014, 52.02305 ], [ -1.14375, 52.0326 ], [ -1.13949, 52.03233 ], [ -1.14221, 52.02855 ], [ -1.13271, 52.02901 ], [ -1.13618, 52.02002 ] ] ] } },
{ "type": "Feature", "properties": { "small_area": "E01026306" }, "geometry": { "type": "Polygon", "coordinates": [ [ [ -0.28185, 52.67316 ], [ -0.30307, 52.67196 ], [ -0.2978, 52.67567 ], [ -0.30025, 52.67929 ], [ -0.28738, 52.68423 ], [ -0.28388, 52.67897 ], [ -0.29053, 52.67659 ], [ -0.28185, 52.67316 ] ] ] } },
{ "type": "Feature", "properties": { "small_area": "E01013983" }, "geometry": { "type": "Polygon", "coordinates": [ [ [ -1.24346, 52.94886 ], [ -1.24507, 52.95037 ], [ -1.23033, 52.9541 ], [ -1.229, 52.95102 ], [ -1.24346, 52.94886 ] ] ] } },
{ "type": "Feature", "properties": { "small_area": "E01026307" }, "geometry": { "type": "Polygon", "coordinates": [ [ [ -0.30307, 52.67196 ], [ -0.28932, 52.67327 ], [ -0.28828, 52.67099 ], [ -0.29481, 52.66939 ], [ -0.30998, 52.67346 ], [ -0.2978, 52.67567 ], [ -0.30307, 52.67196 ] ] ] } },
{ "type": "Feature", "properties": { "small_area": "E01026386" }, "geometry": { "type": "Polygon", "coordinates": [ [ [ -0.55362, 53.39472 ], [ -0.57256, 53.39215 ], [ -0.59085, 53.39861 ], [ -0.59629, 53.40499 ], [ -0.59663, 53.41485 ], [ -0.64975, 53.41275 ], [ -0.64151, 53.42148 ], [ -0.63703, 53.44138 ], [ -0.63946, 53.44387 ], [ -0.62975, 53.4582 ], [ -0.59948, 53.45638 ], [ -0.55179, 53.45957 ], [ -0.54751, 53.39284 ], [ -0.55362, 53.39472 ] ] ] } },
{ "type": "Feature", "properties": { "small_area": "E01027071" }, "geometry": { "type": "Polygon", "coordinates": [ [ [ -0.61255, 52.28114 ], [ -0.60553, 52.28458 ], [ -0.60573, 52.27881 ], [ -0.61255, 52.28114 ] ] ] } },
{ "type": "Feature", "properties": { "small_area": "E01027070" }, "geometry": { "type": "Polygon", "coordinates": [ [ [ -0.61255, 52.28114 ], [ -0.61542, 52.28507 ], [ -0.61135, 52.28736 ], [ -0.60462, 52.28641 ], [ -0.61255, 52.28114 ] ] ] } },
{ "type": "Feature", "properties": { "small_area": "E01019605" }, "geometry": { "type": "Polygon", "coordinates": [ [ [ -1.63391, 53.12596 ], [ -1.60581, 53.10525 ], [ -1.61189, 53.1028 ], [ -1.6119, 53.09797 ], [ -1.60243, 53.09118 ], [ -1.60461, 53.08773 ], [ -1.59746, 53.07651 ], [ -1.60176, 53.07383 ], [ -1.60948, 53.07524 ], [ -1.62537, 53.06586 ], [ -1.6294, 53.05392 ], [ -1.6416, 53.04716 ], [ -1.62807, 53.0365 ], [ -1.63972, 53.02869 ], [ -1.65958, 53.02302 ], [ -1.66566, 53.02732 ], [ -1.68001, 53.02334 ], [ -1.68477, 53.03145 ], [ -1.71185, 53.03644 ], [ -1.7175, 53.0422 ], [ -1.71401, 53.0516 ], [ -1.70764, 53.05538 ], [ -1.70787, 53.06394 ], [ -1.70189, 53.06712 ], [ -1.71024, 53.07372 ], [ -1.70621, 53.07791 ], [ -1.7097, 53.08646 ], [ -1.70685, 53.09125 ], [ -1.71412, 53.11317 ], [ -1.71441, 53.1318 ], [ -1.70803, 53.13505 ], [ -1.70095, 53.13387 ], [ -1.69679, 53.12877 ], [ -1.66095, 53.13385 ], [ -1.65391, 53.12563 ], [ -1.63391, 53.12596 ] ] ] } },
{ "type": "Feature", "properties": { "small_area": "E01019684" }, "geometry": { "type": "Polygon", "coordinates": [ [ [ -1.37083, 52.89473 ], [ -1.3828, 52.90367 ], [ -1.37855, 52.90292 ], [ -1.3769, 52.90606 ], [ -1.36529, 52.90488 ], [ -1.37083, 52.89473 ] ] ] } },
{ "type": "Feature", "properties": { "small_area": "E01019604" }, "geometry": { "type": "Polygon", "coordinates": [ [ [ -1.61827, 53.28935 ], [ -1.62721, 53.28715 ], [ -1.62331, 53.28252 ], [ -1.6304, 53.28199 ], [ -1.61922, 53.27385 ], [ -1.60847, 53.2775 ], [ -1.59649, 53.26962 ], [ -1.60006, 53.26645 ], [ -1.5849, 53.2623 ], [ -1.60058, 53.25747 ], [ -1.61907, 53.26017 ], [ -1.62672, 53.25667 ], [ -1.62995, 53.2618 ], [ -1.63829, 53.26244 ], [ -1.64496, 53.25746 ], [ -1.66293, 53.25775 ], [ -1.66723, 53.26602 ], [ -1.67691, 53.26262 ], [ -1.69235, 53.26433 ], [ -1.70512, 53.27452 ], [ -1.697, 53.27827 ], [ -1.70137, 53.28101 ], [ -1.66379, 53.27731 ], [ -1.65754, 53.28175 ], [ -1.65085, 53.27826 ], [ -1.63625, 53.28097 ], [ -1.64111, 53.2866 ], [ -1.6284, 53.297 ], [ -1.61687, 53.29432 ], [ -1.61827, 53.28935 ] ] ] } },
{ "type": "Feature", "properties": { "small_area": "E01019685" }, "geometry": { "type": "Polygon", "coordinates": [ [ [ -1.37875, 52.91059 ], [ -1.37855, 52.90292 ], [ -1.38827, 52.90145 ], [ -1.39177, 52.90739 ], [ -1.38792, 52.91258 ], [ -1.37875, 52.91059 ] ] ] } },
{ "type": "Feature", "properties": { "small_area": "E01019819" }, "geometry": { "type": "Polygon", "coordinates": [ [ [ -1.42966, 53.12878 ], [ -1.42451, 53.11938 ], [ -1.41662, 53.12028 ], [ -1.41864, 53.12334 ], [ -1.41496, 53.12411 ], [ -1.41113, 53.12242 ], [ -1.41393, 53.12036 ], [ -1.40984, 53.12078 ], [ -1.40699, 53.12513 ], [ -1.40191, 53.12462 ], [ -1.40522, 53.12289 ], [ -1.39972, 53.11845 ], [ -1.3872, 53.1198 ], [ -1.38717, 53.12882 ], [ -1.37331, 53.12935 ], [ -1.37549, 53.11629 ], [ -1.37171, 53.11094 ], [ -1.37365, 53.10784 ], [ -1.39491, 53.10474 ], [ -1.41967, 53.10655 ], [ -1.42374, 53.10334 ], [ -1.43255, 53.10588 ], [ -1.44821, 53.10365 ], [ -1.45555, 53.1096 ], [ -1.46537, 53.11078 ], [ -1.46302, 53.11418 ], [ -1.46982, 53.11972 ], [ -1.46589, 53.13721 ], [ -1.45817, 53.13685 ], [ -1.45666, 53.14595 ], [ -1.44733, 53.14198 ], [ -1.4397, 53.14308 ], [ -1.43638, 53.13488 ], [ -1.42756, 53.13321 ], [ -1.42966, 53.12878 ] ] ] } },
{ "type": "Feature", "properties": { "small_area": "E01019603" }, "geometry": { "type": "Polygon", "coordinates": [ [ [ -1.57147, 52.97399 ], [ -1.57107, 52.96659 ], [ -1.57636, 52.96628 ], [ -1.58119, 52.96098 ], [ -1.59936, 52.96255 ], [ -1.60799, 52.95643 ], [ -1.60294, 52.95076 ], [ -1.61297, 52.94424 ], [ -1.62088, 52.94775 ], [ -1.64125, 52.94813 ], [ -1.65024, 52.94455 ], [ -1.65635, 52.91828 ], [ -1.65092, 52.90851 ], [ -1.6613, 52.90207 ], [ -1.67804, 52.92156 ], [ -1.68376, 52.9183 ], [ -1.69969, 52.92216 ], [ -1.69411, 52.9301 ], [ -1.71083, 52.94675 ], [ -1.6968, 52.94497 ], [ -1.70188, 52.95193 ], [ -1.6949, 52.95013 ], [ -1.69605, 52.95357 ], [ -1.67401, 52.95422 ], [ -1.66036, 52.97283 ], [ -1.6691, 52.98706 ], [ -1.65697, 52.98784 ], [ -1.65256, 52.99302 ], [ -1.638, 52.98713 ], [ -1.63306, 53.00288 ], [ -1.62425, 52.99603 ], [ -1.61407, 52.99442 ], [ -1.6107, 52.98723 ], [ -1.57147, 52.97399 ] ] ] } },
{ "type": "Feature", "properties": { "small_area": "E01019682" }, "geometry": { "type": "Polygon", "coordinates": [ [ [ -1.27159, 52.89973 ], [ -1.26581, 52.90001 ], [ -1.26021, 52.89585 ], [ -1.26522, 52.89351 ], [ -1.27253, 52.89517 ], [ -1.27159, 52.89973 ] ] ] } },
{ "type": "Feature", "properties": { "small_area": "E01013719" }, "geometry": { "type": "Polygon", "coordinates": [ [ [ -1.12641, 52.65002 ], [ -1.12112, 52.64866 ], [ -1.12363, 52.64779 ], [ -1.12641, 52.65002 ] ] ] } },
{ "type": "Feature", "properties": { "small_area": "E01025842" }, "geometry": { "type": "Polygon", "coordinates": [ [ [ -1.28586, 52.56746 ], [ -1.30822, 52.57522 ], [ -1.30391, 52.57621 ], [ -1.30533, 52.5799 ], [ -1.309, 52.57969 ], [ -1.31684, 52.58824 ], [ -1.30708, 52.58724 ], [ -1.30637, 52.59043 ], [ -1.29916, 52.58741 ], [ -1.29243, 52.59151 ], [ -1.29835, 52.58597 ], [ -1.2971, 52.57999 ], [ -1.2784, 52.5757 ], [ -1.28586, 52.56746 ] ] ] } },
{ "type": "Feature", "properties": { "small_area": "E01027097" }, "geometry": { "type": "Polygon", "coordinates": [ [ [ -0.68984, 52.39653 ], [ -0.69457, 52.39625 ], [ -0.69214, 52.39381 ], [ -0.69859, 52.39435 ], [ -0.69904, 52.3907 ], [ -0.70301, 52.40299 ], [ -0.69626, 52.40839 ], [ -0.68795, 52.40391 ], [ -0.68984, 52.39653 ] ] ] } },
{ "type": "Feature", "properties": { "small_area": "E01026098" }, "geometry": { "type": "Polygon", "coordinates": [ [ [ -0.01985, 53.00738 ], [ 0.00068, 53.03737 ], [ -0.00609, 53.03646 ], [ -0.00566, 53.04023 ], [ -0.01204, 53.04017 ], [ -0.00386, 53.06079 ], [ -0.0285, 53.06244 ], [ -0.0321, 53.07782 ], [ -0.01943, 53.07828 ], [ -0.02135, 53.06709 ], [ 0.03621, 53.06939 ], [ 0.04557, 53.02996 ], [ 0.0005, 53.00883 ], [ -0.00707, 53.0011 ], [ -0.01985, 53.00738 ] ] ] } },
{ "type": "Feature", "properties": { "small_area": "E01026019" }, "geometry": { "type": "MultiPolygon", "coordinates": [ [ [ [ 0.03347, 52.92149 ], [ 0.03356, 52.9217 ], [ 0.03673, 52.92196 ], [ 0.03347, 52.92149 ] ] ], [ [ [ 0.04875, 52.91775 ], [ 0.04169, 52.92239 ], [ 0.04496, 52.92267 ], [ 0.04875, 52.91775 ] ] ], [ [ [ -0.05046, 52.93077 ], [ -0.04055, 52.93191 ], [ -0.04332, 52.92831 ], [ -0.03757, 52.92396 ], [ -0.03296, 52.92547 ], [ -0.02868, 52.92162 ], [ -0.01971, 52.92423 ], [ -0.01766, 52.91881 ], [ -0.00885, 52.91879 ], [ 0.00555, 52.91118 ], [ 0.01232, 52.91685 ], [ 0.02991, 52.91658 ], [ 0.03753, 52.92203 ], [ 0.04557, 52.91568 ], [ 0.03868, 52.90965 ], [ 0.03582, 52.91333 ], [ 0.03553, 52.90612 ], [ 0.02085, 52.9041 ], [ 0.03228, 52.9036 ], [ 0.02189, 52.90086 ], [ 0.02666, 52.89896 ], [ 0.01159, 52.89399 ], [ -0.00488, 52.8958 ], [ -0.01476, 52.89349 ], [ -0.02839, 52.90192 ], [ -0.0377, 52.90294 ], [ -0.03575, 52.90681 ], [ -0.05075, 52.909 ], [ -0.04931, 52.91803 ], [ -0.0622, 52.91623 ], [ -0.05806, 52.92151 ], [ -0.06699, 52.92327 ], [ -0.05981, 52.9278 ], [ -0.05141, 52.92591 ], [ -0.05094, 52.92903 ], [ -0.05378, 52.92734 ], [ -0.05824, 52.93087 ], [ -0.05878, 52.93421 ], [ -0.05046, 52.93077 ] ] ] ] } },
{ "type": "Feature", "properties": { "small_area": "E01026018" }, "geometry": { "type": "Polygon", "coordinates": [ [ [ -0.0846, 52.96753 ], [ -0.07215, 52.96822 ], [ -0.03867, 52.94531 ], [ -0.00101, 52.93347 ], [ 0.01321, 52.93517 ], [ 0.02275, 52.92756 ], [ 0.03241, 52.92665 ], [ 0.03347, 52.92149 ], [ 0.02961, 52.9214 ], [ 0.03338, 52.92129 ], [ 0.02991, 52.91658 ], [ 0.01232, 52.91685 ], [ 0.00555, 52.91118 ], [ -0.00885, 52.91879 ], [ -0.01766, 52.91881 ], [ -0.01971, 52.92423 ], [ -0.02868, 52.92162 ], [ -0.03296, 52.92547 ], [ -0.03757, 52.92396 ], [ -0.04332, 52.92831 ], [ -0.04055, 52.93191 ], [ -0.05046, 52.93077 ], [ -0.06628, 52.94114 ], [ -0.07558, 52.94135 ], [ -0.08504, 52.94596 ], [ -0.09051, 52.94167 ], [ -0.11286, 52.94003 ], [ -0.12711, 52.9578 ], [ -0.12521, 52.96176 ], [ -0.13924, 52.96322 ], [ -0.13738, 52.97014 ], [ -0.14342, 52.96978 ], [ -0.14492, 52.97471 ], [ -0.1108, 52.97519 ], [ -0.10877, 52.98703 ], [ -0.08238, 52.9846 ], [ -0.0846, 52.96753 ] ] ] } },
{ "type": "Feature", "properties": { "small_area": "E01026099" }, "geometry": { "type": "Polygon", "coordinates": [ [ [ 0.23178, 53.36719 ], [ 0.24008, 53.3587 ], [ 0.21528, 53.34071 ], [ 0.21013, 53.34547 ], [ 0.18818, 53.34207 ], [ 0.18045, 53.34902 ], [ 0.17649, 53.35596 ], [ 0.18921, 53.36219 ], [ 0.18826, 53.36947 ], [ 0.14635, 53.35299 ], [ 0.12004, 53.33439 ], [ 0.11404, 53.33336 ], [ 0.10233, 53.34161 ], [ 0.08696, 53.33486 ], [ 0.07305, 53.35597 ], [ 0.10548, 53.35624 ], [ 0.1109, 53.35239 ], [ 0.12329, 53.36211 ], [ 0.13449, 53.35989 ], [ 0.12531, 53.38182 ], [ 0.15097, 53.39769 ], [ 0.13318, 53.40718 ], [ 0.1435, 53.41404 ], [ 0.17527, 53.4219 ], [ 0.14516, 53.42563 ], [ 0.1437, 53.42931 ], [ 0.18464, 53.44437 ], [ 0.19707, 53.44083 ], [ 0.20065, 53.43611 ], [ 0.19086, 53.44019 ], [ 0.18781, 53.43768 ], [ 0.19478, 53.42997 ], [ 0.20437, 53.42994 ], [ 0.21251, 53.42126 ], [ 0.20483, 53.41826 ], [ 0.21059, 53.4173 ], [ 0.18954, 53.41729 ], [ 0.21058, 53.41694 ], [ 0.20812, 53.41048 ], [ 0.2147, 53.40966 ], [ 0.2163, 53.41342 ], [ 0.22235, 53.41155 ], [ 0.23284, 53.39813 ], [ 0.22844, 53.40142 ], [ 0.22704, 53.39664 ], [ 0.23128, 53.3906 ], [ 0.23461, 53.3922 ], [ 0.24367, 53.37219 ], [ 0.23178, 53.36719 ] ] ] } },
{ "type": "Feature", "properties": { "small_area": "E01026041" }, "geometry": { "type": "Polygon", "coordinates": [ [ [ -0.03867, 52.94531 ], [ -0.05354, 52.95354 ], [ -0.03442, 52.95234 ], [ -0.03013, 52.94527 ], [ -0.00472, 52.94276 ], [ -0.00859, 52.93646 ], [ -0.03867, 52.94531 ] ] ] } },
{ "type": "Feature", "properties": { "small_area": "E01028090" }, "geometry": { "type": "Polygon", "coordinates": [ [ [ -1.2526, 52.93949 ], [ -1.24139, 52.93432 ], [ -1.24496, 52.93266 ], [ -1.24971, 52.93614 ], [ -1.25787, 52.9337 ], [ -1.26028, 52.93923 ], [ -1.25502, 52.94445 ], [ -1.2526, 52.93949 ] ] ] } },
{ "type": "Feature", "properties": { "small_area": "E01026064" }, "geometry": { "type": "Polygon", "coordinates": [ [ [ -0.09565, 53.20018 ], [ -0.10256, 53.18912 ], [ -0.11393, 53.1886 ], [ -0.12055, 53.20192 ], [ -0.1132, 53.20305 ], [ -0.11379, 53.20514 ], [ -0.09565, 53.20018 ] ] ] } },
{ "type": "Feature", "properties": { "small_area": "E01026065" }, "geometry": { "type": "Polygon", "coordinates": [ [ [ -0.10669, 53.20341 ], [ -0.10685, 53.20909 ], [ -0.11453, 53.20899 ], [ -0.11999, 53.21881 ], [ -0.10701, 53.22186 ], [ -0.09565, 53.20018 ], [ -0.10669, 53.20341 ] ] ] } },
{ "type": "Feature", "properties": { "small_area": "E01026062" }, "geometry": { "type": "Polygon", "coordinates": [ [ [ -0.06132, 53.5024 ], [ -0.05127, 53.50255 ], [ -0.04713, 53.49836 ], [ -0.04536, 53.48603 ], [ -0.07526, 53.48931 ], [ -0.06851, 53.51274 ], [ -0.06674, 53.50128 ], [ -0.06232, 53.5024 ], [ -0.06305, 53.50768 ], [ -0.05817, 53.50585 ], [ -0.06132, 53.5024 ] ] ] } },
{ "type": "Feature", "properties": { "small_area": "E01026142" }, "geometry": { "type": "Polygon", "coordinates": [ [ [ -0.54918, 53.2011 ], [ -0.54948, 53.19743 ], [ -0.55378, 53.19952 ], [ -0.55229, 53.19582 ], [ -0.55974, 53.19521 ], [ -0.55505, 53.20196 ], [ -0.54918, 53.2011 ] ] ] } },
{ "type": "Feature", "properties": { "small_area": "E01026144" }, "geometry": { "type": "Polygon", "coordinates": [ [ [ -0.55524, 53.23544 ], [ -0.55191, 53.23295 ], [ -0.55676, 53.23113 ], [ -0.57084, 53.23564 ], [ -0.55064, 53.23695 ], [ -0.55524, 53.23544 ] ] ] } },
{ "type": "Feature", "properties": { "small_area": "E01026145" }, "geometry": { "type": "Polygon", "coordinates": [ [ [ -0.55191, 53.23295 ], [ -0.55524, 53.23544 ], [ -0.54389, 53.23772 ], [ -0.54306, 53.23408 ], [ -0.55191, 53.23295 ] ] ] } },
{ "type": "Feature", "properties": { "small_area": "E01026146" }, "geometry": { "type": "Polygon", "coordinates": [ [ [ -0.55676, 53.23113 ], [ -0.55014, 53.23359 ], [ -0.54819, 53.22958 ], [ -0.55676, 53.23113 ] ] ] } },
{ "type": "Feature", "properties": { "small_area": "E01026147" }, "geometry": { "type": "Polygon", "coordinates": [ [ [ -0.54389, 53.23772 ], [ -0.57084, 53.23564 ], [ -0.59511, 53.24515 ], [ -0.55466, 53.25213 ], [ -0.54389, 53.23772 ] ] ] } },
{ "type": "Feature", "properties": { "small_area": "E01028146" }, "geometry": { "type": "Polygon", "coordinates": [ [ [ -1.16309, 53.01126 ], [ -1.16282, 53.016 ], [ -1.15875, 53.01718 ], [ -1.15326, 53.01229 ], [ -1.16309, 53.01126 ] ] ] } },
{ "type": "Feature", "properties": { "small_area": "E01026140" }, "geometry": { "type": "Polygon", "coordinates": [ [ [ -0.55861, 53.18643 ], [ -0.55662, 53.19047 ], [ -0.55141, 53.191 ], [ -0.55286, 53.18625 ], [ -0.55861, 53.18643 ] ] ] } },
{ "type": "Feature", "properties": { "small_area": "E01019602" }, "geometry": { "type": "Polygon", "coordinates": [ [ [ -1.72931, 53.3111 ], [ -1.72359, 53.30144 ], [ -1.69461, 53.30591 ], [ -1.69275, 53.30054 ], [ -1.68591, 53.3051 ], [ -1.68221, 53.3017 ], [ -1.69394, 53.29689 ], [ -1.70835, 53.29745 ], [ -1.70991, 53.28751 ], [ -1.70248, 53.28963 ], [ -1.7082, 53.28454 ], [ -1.70406, 53.28232 ], [ -1.71234, 53.28276 ], [ -1.70257, 53.2722 ], [ -1.72141, 53.27462 ], [ -1.7622, 53.29461 ], [ -1.76095, 53.29823 ], [ -1.77025, 53.30239 ], [ -1.77678, 53.30144 ], [ -1.79218, 53.31557 ], [ -1.80818, 53.31425 ], [ -1.76007, 53.3383 ], [ -1.74936, 53.33496 ], [ -1.73021, 53.33861 ], [ -1.73529, 53.33475 ], [ -1.72494, 53.33148 ], [ -1.72535, 53.31893 ], [ -1.72931, 53.3111 ] ] ] } },
{ "type": "Feature", "properties": { "small_area": "E01019683" }, "geometry": { "type": "Polygon", "coordinates": [ [ [ -1.36529, 52.90488 ], [ -1.37134, 52.90609 ], [ -1.36899, 52.91187 ], [ -1.38789, 52.9128 ], [ -1.38817, 52.91695 ], [ -1.36908, 52.91786 ], [ -1.35971, 52.91282 ], [ -1.36529, 52.90488 ] ] ] } },
{ "type": "Feature", "properties": { "small_area": "E01013696" }, "geometry": { "type": "Polygon", "coordinates": [ [ [ -1.06444, 52.65329 ], [ -1.06986, 52.64581 ], [ -1.07485, 52.65806 ], [ -1.06678, 52.65668 ], [ -1.06444, 52.65329 ] ] ] } },
{ "type": "Feature", "properties": { "small_area": "E01013521" }, "geometry": { "type": "Polygon", "coordinates": [ [ [ -1.45143, 52.87521 ], [ -1.45453, 52.87995 ], [ -1.44746, 52.88084 ], [ -1.44994, 52.87798 ], [ -1.44518, 52.87712 ], [ -1.45143, 52.87521 ] ] ] } },
{ "type": "Feature", "properties": { "small_area": "E01028060" }, "geometry": { "type": "Polygon", "coordinates": [ [ [ -1.11437, 53.28651 ], [ -1.12681, 53.27943 ], [ -1.13322, 53.28829 ], [ -1.14553, 53.28709 ], [ -1.14346, 53.29169 ], [ -1.13478, 53.2931 ], [ -1.12654, 53.29984 ], [ -1.11678, 53.30059 ], [ -1.11437, 53.28651 ] ] ] } },
{ "type": "Feature", "properties": { "small_area": "E01028061" }, "geometry": { "type": "Polygon", "coordinates": [ [ [ -1.1513, 53.30142 ], [ -1.15458, 53.30823 ], [ -1.13439, 53.31026 ], [ -1.13059, 53.30714 ], [ -1.1513, 53.30142 ] ] ] } },
{ "type": "Feature", "properties": { "small_area": "E01026068" }, "geometry": { "type": "Polygon", "coordinates": [ [ [ 0.12735, 53.26296 ], [ 0.13002, 53.25578 ], [ 0.12637, 53.25098 ], [ 0.14446, 53.24139 ], [ 0.14809, 53.2334 ], [ 0.15528, 53.23468 ], [ 0.16058, 53.22746 ], [ 0.15688, 53.22359 ], [ 0.14884, 53.22401 ], [ 0.1527, 53.21531 ], [ 0.15768, 53.21503 ], [ 0.16045, 53.21031 ], [ 0.1725, 53.21314 ], [ 0.17204, 53.20774 ], [ 0.16063, 53.20324 ], [ 0.17294, 53.19676 ], [ 0.16811, 53.19533 ], [ 0.16962, 53.18357 ], [ 0.16295, 53.1751 ], [ 0.13456, 53.16341 ], [ 0.12857, 53.16977 ], [ 0.13085, 53.17345 ], [ 0.11078, 53.18872 ], [ 0.10292, 53.18593 ], [ 0.09264, 53.18734 ], [ 0.08323, 53.16754 ], [ 0.07455, 53.16739 ], [ 0.07572, 53.16484 ], [ 0.07045, 53.16292 ], [ 0.06318, 53.16985 ], [ 0.04478, 53.16975 ], [ 0.03773, 53.16527 ], [ 0.01684, 53.1809 ], [ 0.03075, 53.19619 ], [ 0.04088, 53.19357 ], [ 0.05876, 53.19738 ], [ 0.05393, 53.20472 ], [ 0.03455, 53.21132 ], [ 0.03435, 53.21646 ], [ 0.02966, 53.21803 ], [ 0.03591, 53.23844 ], [ 0.02745, 53.24127 ], [ 0.01549, 53.26961 ], [ 0.02163, 53.27019 ], [ 0.01886, 53.27777 ], [ 0.02618, 53.28005 ], [ 0.05009, 53.2712 ], [ 0.05853, 53.27647 ], [ 0.06401, 53.27473 ], [ 0.05396, 53.28406 ], [ 0.05962, 53.29429 ], [ 0.06726, 53.29624 ], [ 0.09258, 53.28753 ], [ 0.09025, 53.28318 ], [ 0.09533, 53.27715 ], [ 0.09923, 53.27911 ], [ 0.11989, 53.27471 ], [ 0.13101, 53.27701 ], [ 0.13204, 53.27335 ], [ 0.14026, 53.2723 ], [ 0.12735, 53.26296 ] ] ] } },
{ "type": "Feature", "properties": { "small_area": "E01026069" }, "geometry": { "type": "Polygon", "coordinates": [ [ [ 0.35563, 53.19203 ], [ 0.35256, 53.17185 ], [ 0.33341, 53.18004 ], [ 0.32436, 53.17364 ], [ 0.31546, 53.17344 ], [ 0.31441, 53.16529 ], [ 0.30867, 53.17149 ], [ 0.29915, 53.16755 ], [ 0.28845, 53.16803 ], [ 0.2963, 53.16843 ], [ 0.2944, 53.17366 ], [ 0.30105, 53.17536 ], [ 0.28636, 53.17755 ], [ 0.29427, 53.17872 ], [ 0.2927, 53.18148 ], [ 0.30112, 53.18476 ], [ 0.29712, 53.19146 ], [ 0.28473, 53.18776 ], [ 0.28018, 53.19031 ], [ 0.27978, 53.18626 ], [ 0.27213, 53.18387 ], [ 0.27056, 53.18679 ], [ 0.27802, 53.19487 ], [ 0.29035, 53.1939 ], [ 0.30022, 53.1979 ], [ 0.30551, 53.20826 ], [ 0.31623, 53.21345 ], [ 0.33123, 53.20921 ], [ 0.33998, 53.21172 ], [ 0.3474, 53.20833 ], [ 0.35563, 53.19203 ] ] ] } },
{ "type": "Feature", "properties": { "small_area": "E01013623" }, "geometry": { "type": "Polygon", "coordinates": [ [ [ -1.16853, 52.65781 ], [ -1.15966, 52.65828 ], [ -1.1604, 52.64783 ], [ -1.17686, 52.65225 ], [ -1.16811, 52.66193 ], [ -1.16426, 52.66113 ], [ -1.16853, 52.65781 ] ] ] } },
{ "type": "Feature", "properties": { "small_area": "E01013483" }, "geometry": { "type": "Polygon", "coordinates": [ [ [ -1.48416, 52.90982 ], [ -1.48637, 52.91213 ], [ -1.49066, 52.90913 ], [ -1.48905, 52.91139 ], [ -1.48356, 52.9137 ], [ -1.4786, 52.91242 ], [ -1.48416, 52.90982 ] ] ] } },
{ "type": "Feature", "properties": { "small_area": "E01026998" }, "geometry": { "type": "Polygon", "coordinates": [ [ [ -0.92355, 52.30197 ], [ -0.92784, 52.29649 ], [ -0.92743, 52.29173 ], [ -0.92047, 52.28781 ], [ -0.92501, 52.28347 ], [ -0.92416, 52.27363 ], [ -0.96177, 52.25946 ], [ -0.98911, 52.25753 ], [ -0.99742, 52.24766 ], [ -1.00883, 52.24834 ], [ -1.01381, 52.24486 ], [ -1.02131, 52.25593 ], [ -1.01876, 52.25971 ], [ -1.03022, 52.25951 ], [ -1.02879, 52.25519 ], [ -1.05859, 52.26591 ], [ -1.05387, 52.29199 ], [ -1.0236, 52.28699 ], [ -0.9984, 52.29155 ], [ -0.9869, 52.28822 ], [ -0.96898, 52.28853 ], [ -0.96516, 52.30037 ], [ -0.97115, 52.30323 ], [ -0.96046, 52.31239 ], [ -0.95163, 52.30731 ], [ -0.92923, 52.30724 ], [ -0.92355, 52.30197 ] ] ] } },
{ "type": "Feature", "properties": { "small_area": "E01019837" }, "geometry": { "type": "Polygon", "coordinates": [ [ [ -1.55485, 52.762 ], [ -1.55994, 52.75287 ], [ -1.56541, 52.76133 ], [ -1.56007, 52.76319 ], [ -1.56506, 52.76672 ], [ -1.55077, 52.77083 ], [ -1.54552, 52.76948 ], [ -1.54591, 52.76581 ], [ -1.55485, 52.762 ] ] ] } },
{ "type": "Feature", "properties": { "small_area": "E01026056" }, "geometry": { "type": "Polygon", "coordinates": [ [ [ 0.26484, 53.14783 ], [ 0.26453, 53.14457 ], [ 0.27107, 53.1428 ], [ 0.27542, 53.14494 ], [ 0.27618, 53.14178 ], [ 0.28974, 53.1386 ], [ 0.30016, 53.13877 ], [ 0.32424, 53.12627 ], [ 0.34244, 53.12145 ], [ 0.34288, 53.10877 ], [ 0.34059, 53.11249 ], [ 0.33688, 53.11125 ], [ 0.34286, 53.10833 ], [ 0.34279, 53.10334 ], [ 0.3354, 53.09501 ], [ 0.31998, 53.09825 ], [ 0.30375, 53.1114 ], [ 0.27672, 53.11492 ], [ 0.27066, 53.11198 ], [ 0.27212, 53.10968 ], [ 0.24965, 53.10477 ], [ 0.23803, 53.1093 ], [ 0.23991, 53.11585 ], [ 0.20171, 53.12065 ], [ 0.14025, 53.11667 ], [ 0.13707, 53.11268 ], [ 0.12118, 53.11006 ], [ 0.1187, 53.12349 ], [ 0.1414, 53.12868 ], [ 0.15505, 53.12478 ], [ 0.16819, 53.14011 ], [ 0.18374, 53.13081 ], [ 0.20437, 53.13395 ], [ 0.21977, 53.13127 ], [ 0.24345, 53.13248 ], [ 0.24701, 53.13528 ], [ 0.24344, 53.14182 ], [ 0.237, 53.14075 ], [ 0.22893, 53.14609 ], [ 0.2335, 53.15398 ], [ 0.23858, 53.15452 ], [ 0.24888, 53.1475 ], [ 0.26484, 53.14783 ] ] ] } },
{ "type": "Feature", "properties": { "small_area": "E01026057" }, "geometry": { "type": "Polygon", "coordinates": [ [ [ -0.00623, 53.08845 ], [ -0.0133, 53.08805 ], [ -0.01296, 53.08017 ], [ -0.0321, 53.07782 ], [ -0.0285, 53.06244 ], [ -0.00386, 53.06079 ], [ -0.01204, 53.04017 ], [ -0.00566, 53.04023 ], [ -0.00609, 53.03646 ], [ 0.00068, 53.03737 ], [ -0.01985, 53.00738 ], [ -0.015, 53.00471 ], [ -0.11475, 53.01023 ], [ -0.13805, 53.03002 ], [ -0.1364, 53.0385 ], [ -0.14226, 53.04081 ], [ -0.13848, 53.04558 ], [ -0.11871, 53.04881 ], [ -0.10786, 53.0412 ], [ -0.09983, 53.04527 ], [ -0.11473, 53.06831 ], [ -0.10282, 53.06891 ], [ -0.10018, 53.07863 ], [ -0.09525, 53.08088 ], [ -0.0764, 53.08152 ], [ -0.07697, 53.08637 ], [ -0.06763, 53.08674 ], [ -0.06968, 53.10399 ], [ -0.05919, 53.11381 ], [ -0.04035, 53.11222 ], [ -0.04979, 53.12424 ], [ -0.03689, 53.12553 ], [ -0.03423, 53.11757 ], [ -0.02254, 53.11921 ], [ -0.02144, 53.1144 ], [ 0.00011, 53.11741 ], [ -0.00623, 53.08845 ] ] ] } },
{ "type": "Feature", "properties": { "small_area": "E01019692" }, "geometry": { "type": "Polygon", "coordinates": [ [ [ -1.28573, 52.92553 ], [ -1.30024, 52.92552 ], [ -1.30017, 52.928 ], [ -1.28535, 52.93116 ], [ -1.28629, 52.93583 ], [ -1.27916, 52.93681 ], [ -1.27816, 52.93366 ], [ -1.28573, 52.92553 ] ] ] } },
{ "type": "Feature", "properties": { "small_area": "E01026054" }, "geometry": { "type": "Polygon", "coordinates": [ [ [ -0.1669, 53.10095 ], [ -0.17309, 53.10236 ], [ -0.17524, 53.09695 ], [ -0.1782, 53.09833 ], [ -0.1738, 53.10222 ], [ -0.18909, 53.10164 ], [ -0.19022, 53.09068 ], [ -0.20247, 53.09731 ], [ -0.18968, 53.10637 ], [ -0.19138, 53.11221 ], [ -0.1851, 53.11127 ], [ -0.1851, 53.10678 ], [ -0.18134, 53.11 ], [ -0.17732, 53.10616 ], [ -0.17353, 53.10697 ], [ -0.1669, 53.10095 ] ] ] } },
{ "type": "Feature", "properties": { "small_area": "E01028332" }, "geometry": { "type": "Polygon", "coordinates": [ [ [ -0.93153, 53.01882 ], [ -0.96082, 53.00397 ], [ -0.97597, 52.9863 ], [ -0.9953, 52.98637 ], [ -0.98985, 52.99675 ], [ -0.98197, 52.99864 ], [ -0.97915, 53.00278 ], [ -0.99738, 53.00627 ], [ -1.00031, 53.0084 ], [ -0.99673, 53.0135 ], [ -0.99071, 53.01664 ], [ -0.98855, 53.01211 ], [ -0.97016, 53.02351 ], [ -0.95056, 53.01881 ], [ -0.93541, 53.02476 ], [ -0.92703, 53.02379 ], [ -0.93153, 53.01882 ] ] ] } },
{ "type": "Feature", "properties": { "small_area": "E01027941" }, "geometry": { "type": "Polygon", "coordinates": [ [ [ -1.22239, 53.02313 ], [ -1.22826, 53.0196 ], [ -1.23369, 53.02605 ], [ -1.22855, 53.027 ], [ -1.22239, 53.02313 ] ] ] } },
{ "type": "Feature", "properties": { "small_area": "E01026055" }, "geometry": { "type": "Polygon", "coordinates": [ [ [ 0.21805, 53.15808 ], [ 0.22468, 53.15868 ], [ 0.2335, 53.15398 ], [ 0.22893, 53.14609 ], [ 0.237, 53.14075 ], [ 0.24344, 53.14182 ], [ 0.24701, 53.13528 ], [ 0.24345, 53.13248 ], [ 0.21977, 53.13127 ], [ 0.20437, 53.13395 ], [ 0.18374, 53.13081 ], [ 0.16819, 53.14011 ], [ 0.15505, 53.12478 ], [ 0.1414, 53.12868 ], [ 0.13248, 53.14205 ], [ 0.13226, 53.15617 ], [ 0.12536, 53.15917 ], [ 0.16295, 53.1751 ], [ 0.18613, 53.1666 ], [ 0.18524, 53.16421 ], [ 0.20963, 53.16764 ], [ 0.21777, 53.163 ], [ 0.21805, 53.15808 ] ] ] } },
{ "type": "Feature", "properties": { "small_area": "E01027116" }, "geometry": { "type": "Polygon", "coordinates": [ [ [ -0.72964, 52.3859 ], [ -0.73257, 52.38347 ], [ -0.74861, 52.38977 ], [ -0.7414, 52.39336 ], [ -0.73812, 52.39027 ], [ -0.73345, 52.39572 ], [ -0.72964, 52.3859 ] ] ] } },
{ "type": "Feature", "properties": { "small_area": "E01026063" }, "geometry": { "type": "Polygon", "coordinates": [ [ [ -0.06305, 53.50768 ], [ -0.06232, 53.5024 ], [ -0.06674, 53.50128 ], [ -0.06709, 53.51681 ], [ -0.06179, 53.51947 ], [ -0.05817, 53.50585 ], [ -0.06305, 53.50768 ] ] ] } },
{ "type": "Feature", "properties": { "small_area": "E01028066" }, "geometry": { "type": "Polygon", "coordinates": [ [ [ -1.09506, 53.29902 ], [ -1.10281, 53.30237 ], [ -1.10199, 53.29932 ], [ -1.11256, 53.30162 ], [ -1.10736, 53.30551 ], [ -1.09513, 53.30249 ], [ -1.09506, 53.29902 ] ] ] } },
{ "type": "Feature", "properties": { "small_area": "E01026060" }, "geometry": { "type": "Polygon", "coordinates": [ [ [ 0.03773, 53.16527 ], [ 0.04478, 53.16975 ], [ 0.06318, 53.16985 ], [ 0.07525, 53.15838 ], [ 0.0657, 53.13381 ], [ 0.06725, 53.128 ], [ 0.07737, 53.1278 ], [ 0.07591, 53.12361 ], [ 0.04266, 53.12441 ], [ 0.03505, 53.12172 ], [ 0.01372, 53.13238 ], [ 0.00011, 53.11741 ], [ -0.02144, 53.1144 ], [ -0.02254, 53.11921 ], [ -0.03423, 53.11757 ], [ -0.03689, 53.12553 ], [ -0.02585, 53.12682 ], [ -0.03012, 53.14367 ], [ -0.00789, 53.16377 ], [ -0.01726, 53.16573 ], [ -0.01462, 53.16993 ], [ -0.01847, 53.17059 ], [ 0.00668, 53.18235 ], [ 0.01684, 53.1809 ], [ 0.03773, 53.16527 ] ] ] } },
{ "type": "Feature", "properties": { "small_area": "E01026310" }, "geometry": { "type": "Polygon", "coordinates": [ [ [ -0.66481, 52.91205 ], [ -0.66331, 52.90975 ], [ -0.67392, 52.90732 ], [ -0.67622, 52.90975 ], [ -0.66481, 52.91205 ] ] ] } },
{ "type": "Feature", "properties": { "small_area": "E01028067" }, "geometry": { "type": "Polygon", "coordinates": [ [ [ -1.11509, 53.29694 ], [ -1.10658, 53.29642 ], [ -1.10835, 53.29895 ], [ -1.10122, 53.29479 ], [ -1.10481, 53.29008 ], [ -1.1145, 53.29164 ], [ -1.11509, 53.29694 ] ] ] } },
{ "type": "Feature", "properties": { "small_area": "E01026061" }, "geometry": { "type": "Polygon", "coordinates": [ [ [ -0.03968, 53.51308 ], [ -0.04845, 53.50209 ], [ -0.04713, 53.49836 ], [ -0.05127, 53.50255 ], [ -0.06132, 53.5024 ], [ -0.05817, 53.50585 ], [ -0.06179, 53.51947 ], [ -0.04661, 53.52007 ], [ -0.03968, 53.51308 ] ] ] } },
{ "type": "Feature", "properties": { "small_area": "E01028064" }, "geometry": { "type": "Polygon", "coordinates": [ [ [ -1.05845, 53.29106 ], [ -1.06746, 53.28497 ], [ -1.09495, 53.27636 ], [ -1.10868, 53.2793 ], [ -1.11437, 53.28651 ], [ -1.1145, 53.29164 ], [ -1.10481, 53.29008 ], [ -1.10122, 53.29479 ], [ -1.10604, 53.29896 ], [ -1.10199, 53.29932 ], [ -1.10281, 53.30237 ], [ -1.09506, 53.29902 ], [ -1.09513, 53.30249 ], [ -1.07967, 53.30195 ], [ -1.02827, 53.3161 ], [ -1.03259, 53.29633 ], [ -1.05845, 53.29106 ] ] ] } },
{ "type": "Feature", "properties": { "small_area": "E01028065" }, "geometry": { "type": "Polygon", "coordinates": [ [ [ -1.11256, 53.30162 ], [ -1.10658, 53.29642 ], [ -1.11509, 53.29694 ], [ -1.1193, 53.30094 ], [ -1.11256, 53.30162 ] ] ] } },
{ "type": "Feature", "properties": { "small_area": "E01028062" }, "geometry": { "type": "Polygon", "coordinates": [ [ [ -1.12292, 53.30691 ], [ -1.11678, 53.30059 ], [ -1.12913, 53.30162 ], [ -1.13167, 53.29789 ], [ -1.1352, 53.30394 ], [ -1.13059, 53.30714 ], [ -1.12292, 53.30691 ] ] ] } },
{ "type": "Feature", "properties": { "small_area": "E01028063" }, "geometry": { "type": "Polygon", "coordinates": [ [ [ -1.1513, 53.30142 ], [ -1.14803, 53.30398 ], [ -1.14255, 53.30199 ], [ -1.14093, 53.30485 ], [ -1.1352, 53.30394 ], [ -1.13167, 53.29789 ], [ -1.12913, 53.30162 ], [ -1.12654, 53.29984 ], [ -1.13478, 53.2931 ], [ -1.14346, 53.29169 ], [ -1.14553, 53.28709 ], [ -1.13322, 53.28829 ], [ -1.12681, 53.27943 ], [ -1.11437, 53.28651 ], [ -1.10411, 53.27361 ], [ -1.13993, 53.26887 ], [ -1.1527, 53.2708 ], [ -1.15174, 53.27368 ], [ -1.16061, 53.27258 ], [ -1.16176, 53.27677 ], [ -1.18012, 53.28711 ], [ -1.17156, 53.29462 ], [ -1.17431, 53.29832 ], [ -1.1718, 53.31009 ], [ -1.16414, 53.3116 ], [ -1.15458, 53.30823 ], [ -1.1513, 53.30142 ] ] ] } },
{ "type": "Feature", "properties": { "small_area": "E01025929" }, "geometry": { "type": "Polygon", "coordinates": [ [ [ -1.35709, 52.72498 ], [ -1.35539, 52.71696 ], [ -1.36836, 52.72498 ], [ -1.36664, 52.73091 ], [ -1.35709, 52.72498 ] ] ] } },
{ "type": "Feature", "properties": { "small_area": "E01013626" }, "geometry": { "type": "Polygon", "coordinates": [ [ [ -1.11936, 52.65307 ], [ -1.11776, 52.656 ], [ -1.1149, 52.65377 ], [ -1.11936, 52.65307 ] ] ] } },
{ "type": "Feature", "properties": { "small_area": "E01025732" }, "geometry": { "type": "Polygon", "coordinates": [ [ [ -1.16016, 52.74721 ], [ -1.16569, 52.75132 ], [ -1.17045, 52.74371 ], [ -1.18339, 52.74896 ], [ -1.19135, 52.74697 ], [ -1.19196, 52.75772 ], [ -1.16832, 52.76694 ], [ -1.16294, 52.75687 ], [ -1.15313, 52.75081 ], [ -1.16016, 52.74721 ] ] ] } },
{ "type": "Feature", "properties": { "small_area": "E01013731" }, "geometry": { "type": "Polygon", "coordinates": [ [ [ -1.19162, 52.6332 ], [ -1.20728, 52.63518 ], [ -1.2084, 52.63039 ], [ -1.21568, 52.63467 ], [ -1.20901, 52.64207 ], [ -1.19162, 52.6332 ] ] ] } },
{ "type": "Feature", "properties": { "small_area": "E01025735" }, "geometry": { "type": "Polygon", "coordinates": [ [ [ -1.13387, 52.72751 ], [ -1.1643, 52.72722 ], [ -1.17352, 52.73277 ], [ -1.17294, 52.74443 ], [ -1.17006, 52.74086 ], [ -1.1589, 52.73806 ], [ -1.16166, 52.73468 ], [ -1.15742, 52.73205 ], [ -1.15157, 52.74128 ], [ -1.14225, 52.74602 ], [ -1.13475, 52.74337 ], [ -1.14218, 52.73994 ], [ -1.14433, 52.73365 ], [ -1.13447, 52.73223 ], [ -1.13387, 52.72751 ] ] ] } },
{ "type": "Feature", "properties": { "small_area": "E01013730" }, "geometry": { "type": "Polygon", "coordinates": [ [ [ -1.19138, 52.63624 ], [ -1.18985, 52.63331 ], [ -1.2008, 52.63985 ], [ -1.19138, 52.63624 ] ] ] } },
{ "type": "Feature", "properties": { "small_area": "E01025861" }, "geometry": { "type": "Polygon", "coordinates": [ [ [ -1.36449, 52.55003 ], [ -1.3721, 52.5556 ], [ -1.37704, 52.55149 ], [ -1.38066, 52.55535 ], [ -1.37445, 52.55749 ], [ -1.36297, 52.55285 ], [ -1.362, 52.55669 ], [ -1.35291, 52.5576 ], [ -1.36449, 52.55003 ] ] ] } },
{ "type": "Feature", "properties": { "small_area": "E01028021" }, "geometry": { "type": "Polygon", "coordinates": [ [ [ -0.94759, 53.32099 ], [ -0.95398, 53.31897 ], [ -0.9457, 53.3137 ], [ -0.96895, 53.31095 ], [ -0.97125, 53.31568 ], [ -0.96468, 53.32334 ], [ -0.97017, 53.32852 ], [ -0.94759, 53.32099 ] ] ] } },
{ "type": "Feature", "properties": { "small_area": "E01027121" }, "geometry": { "type": "Polygon", "coordinates": [ [ [ -0.69629, 52.38635 ], [ -0.6964, 52.38837 ], [ -0.68889, 52.38739 ], [ -0.69317, 52.39176 ], [ -0.68617, 52.39327 ], [ -0.68484, 52.40162 ], [ -0.67886, 52.40065 ], [ -0.67734, 52.38941 ], [ -0.68138, 52.38532 ], [ -0.69629, 52.38635 ] ] ] } },
{ "type": "Feature", "properties": { "small_area": "E01025733" }, "geometry": { "type": "Polygon", "coordinates": [ [ [ -1.16206, 52.74111 ], [ -1.15157, 52.74128 ], [ -1.15742, 52.73205 ], [ -1.16166, 52.73468 ], [ -1.1589, 52.73806 ], [ -1.17006, 52.74086 ], [ -1.16569, 52.75132 ], [ -1.16016, 52.74721 ], [ -1.16206, 52.74111 ] ] ] } },
{ "type": "Feature", "properties": { "small_area": "E01019816" }, "geometry": { "type": "Polygon", "coordinates": [ [ [ -1.39204, 53.32257 ], [ -1.38512, 53.31774 ], [ -1.38834, 53.31461 ], [ -1.37888, 53.30611 ], [ -1.38157, 53.29998 ], [ -1.39639, 53.29847 ], [ -1.41239, 53.30195 ], [ -1.42323, 53.30904 ], [ -1.44171, 53.30852 ], [ -1.44151, 53.3124 ], [ -1.46121, 53.3278 ], [ -1.44222, 53.33728 ], [ -1.42087, 53.33455 ], [ -1.4119, 53.34135 ], [ -1.38896, 53.33642 ], [ -1.39204, 53.32257 ] ] ] } },
{ "type": "Feature", "properties": { "small_area": "E01019817" }, "geometry": { "type": "Polygon", "coordinates": [ [ [ -1.39766, 53.12873 ], [ -1.38717, 53.12882 ], [ -1.3872, 53.1198 ], [ -1.39972, 53.11845 ], [ -1.40522, 53.12289 ], [ -1.39766, 53.12873 ] ] ] } },
{ "type": "Feature", "properties": { "small_area": "E01027148" }, "geometry": { "type": "Polygon", "coordinates": [ [ [ -0.90021, 52.27242 ], [ -0.90508, 52.27821 ], [ -0.89823, 52.28031 ], [ -0.89038, 52.27483 ], [ -0.90021, 52.27242 ] ] ] } },
{ "type": "Feature", "properties": { "small_area": "E01027141" }, "geometry": { "type": "Polygon", "coordinates": [ [ [ -0.81939, 52.25433 ], [ -0.83004, 52.25662 ], [ -0.82013, 52.26101 ], [ -0.81113, 52.26152 ], [ -0.81939, 52.25433 ] ] ] } },
{ "type": "Feature", "properties": { "small_area": "E01013617" }, "geometry": { "type": "Polygon", "coordinates": [ [ [ -1.16346, 52.66385 ], [ -1.17686, 52.65225 ], [ -1.18293, 52.653 ], [ -1.18521, 52.66062 ], [ -1.17666, 52.66428 ], [ -1.18022, 52.66934 ], [ -1.17909, 52.67638 ], [ -1.17439, 52.67853 ], [ -1.16987, 52.67548 ], [ -1.17374, 52.67506 ], [ -1.17431, 52.6695 ], [ -1.16346, 52.66385 ] ] ] } },
{ "type": "Feature", "properties": { "small_area": "E01013616" }, "geometry": { "type": "Polygon", "coordinates": [ [ [ -1.15313, 52.66906 ], [ -1.16839, 52.66753 ], [ -1.17048, 52.66967 ], [ -1.16761, 52.67484 ], [ -1.15957, 52.67387 ], [ -1.15597, 52.67787 ], [ -1.14946, 52.67493 ], [ -1.15313, 52.66906 ] ] ] } },
{ "type": "Feature", "properties": { "small_area": "E01013865" }, "geometry": { "type": "Polygon", "coordinates": [ [ [ -1.21948, 52.97375 ], [ -1.23393, 52.975 ], [ -1.22637, 52.97801 ], [ -1.21948, 52.97375 ] ] ] } },
{ "type": "Feature", "properties": { "small_area": "E01025926" }, "geometry": { "type": "Polygon", "coordinates": [ [ [ -1.35182, 52.84746 ], [ -1.35025, 52.8435 ], [ -1.34095, 52.84124 ], [ -1.33861, 52.83749 ], [ -1.3527, 52.84141 ], [ -1.36465, 52.83581 ], [ -1.36427, 52.82442 ], [ -1.38422, 52.82611 ], [ -1.3978, 52.8235 ], [ -1.38794, 52.83308 ], [ -1.39433, 52.83675 ], [ -1.38113, 52.84603 ], [ -1.35912, 52.85586 ], [ -1.35635, 52.85079 ], [ -1.34722, 52.84949 ], [ -1.35182, 52.84746 ] ] ] } },
{ "type": "Feature", "properties": { "small_area": "E01025927" }, "geometry": { "type": "Polygon", "coordinates": [ [ [ -1.36427, 52.82442 ], [ -1.36465, 52.83581 ], [ -1.3527, 52.84141 ], [ -1.33861, 52.83749 ], [ -1.33885, 52.83971 ], [ -1.33048, 52.84265 ], [ -1.33295, 52.83746 ], [ -1.33217, 52.82237 ], [ -1.36427, 52.82442 ] ] ] } },
{ "type": "Feature", "properties": { "small_area": "E01033386" }, "geometry": { "type": "Polygon", "coordinates": [ [ [ -1.22726, 52.78203 ], [ -1.23905, 52.77937 ], [ -1.24072, 52.78524 ], [ -1.22726, 52.78203 ] ] ] } },
{ "type": "Feature", "properties": { "small_area": "E01027189" }, "geometry": { "type": "Polygon", "coordinates": [ [ [ -0.8844, 52.25786 ], [ -0.87573, 52.25446 ], [ -0.88166, 52.25405 ], [ -0.89132, 52.25603 ], [ -0.8844, 52.25786 ] ] ] } },
{ "type": "Feature", "properties": { "small_area": "E01013823" }, "geometry": { "type": "Polygon", "coordinates": [ [ [ -1.19828, 52.97101 ], [ -1.20443, 52.97214 ], [ -1.20003, 52.97592 ], [ -1.19132, 52.97786 ], [ -1.19828, 52.97101 ] ] ] } },
{ "type": "Feature", "properties": { "small_area": "E01013822" }, "geometry": { "type": "Polygon", "coordinates": [ [ [ -1.22397, 52.97628 ], [ -1.21174, 52.97822 ], [ -1.21809, 52.97381 ], [ -1.22397, 52.97628 ] ] ] } },
{ "type": "Feature", "properties": { "small_area": "E01013825" }, "geometry": { "type": "Polygon", "coordinates": [ [ [ -1.19548, 52.98224 ], [ -1.20682, 52.98042 ], [ -1.20707, 52.98693 ], [ -1.19548, 52.98224 ] ] ] } },
{ "type": "Feature", "properties": { "small_area": "E01013820" }, "geometry": { "type": "Polygon", "coordinates": [ [ [ -1.2003, 52.97399 ], [ -1.2053, 52.97624 ], [ -1.20699, 52.98018 ], [ -1.19826, 52.98169 ], [ -1.2003, 52.97399 ] ] ] } },
{ "type": "Feature", "properties": { "small_area": "E01019854" }, "geometry": { "type": "Polygon", "coordinates": [ [ [ -1.42116, 52.82798 ], [ -1.40577, 52.82132 ], [ -1.42284, 52.82176 ], [ -1.43001, 52.81834 ], [ -1.43004, 52.82158 ], [ -1.43891, 52.82407 ], [ -1.4372, 52.82603 ], [ -1.43073, 52.82332 ], [ -1.43034, 52.82612 ], [ -1.42116, 52.82798 ] ] ] } },
{ "type": "Feature", "properties": { "small_area": "E01027104" }, "geometry": { "type": "Polygon", "coordinates": [ [ [ -0.72732, 52.40675 ], [ -0.73339, 52.40561 ], [ -0.72922, 52.40226 ], [ -0.73711, 52.40223 ], [ -0.7355, 52.41167 ], [ -0.73016, 52.41089 ], [ -0.72732, 52.40675 ] ] ] } },
{ "type": "Feature", "properties": { "small_area": "E01028068" }, "geometry": { "type": "Polygon", "coordinates": [ [ [ -1.1193, 53.30094 ], [ -1.12292, 53.30691 ], [ -1.11691, 53.31013 ], [ -1.10736, 53.30551 ], [ -1.1193, 53.30094 ] ] ] } },
{ "type": "Feature", "properties": { "small_area": "E01028069" }, "geometry": { "type": "Polygon", "coordinates": [ [ [ -1.21389, 52.91684 ], [ -1.22582, 52.90967 ], [ -1.23523, 52.90984 ], [ -1.21777, 52.92007 ], [ -1.21389, 52.91684 ] ] ] } },
{ "type": "Feature", "properties": { "small_area": "E01013685" }, "geometry": { "type": "Polygon", "coordinates": [ [ [ -1.1575, 52.64551 ], [ -1.1604, 52.64783 ], [ -1.15861, 52.65397 ], [ -1.15199, 52.65249 ], [ -1.1575, 52.64551 ] ] ] } },
{ "type": "Feature", "properties": { "small_area": "E01013900" }, "geometry": { "type": "Polygon", "coordinates": [ [ [ -1.15861, 52.90004 ], [ -1.16628, 52.89892 ], [ -1.17434, 52.90365 ], [ -1.17476, 52.90686 ], [ -1.16001, 52.90967 ], [ -1.15861, 52.90004 ] ] ] } },
{ "type": "Feature", "properties": { "small_area": "E01013892" }, "geometry": { "type": "Polygon", "coordinates": [ [ [ -1.17302, 53.01088 ], [ -1.18611, 53.01173 ], [ -1.18449, 53.01443 ], [ -1.17352, 53.01407 ], [ -1.17302, 53.01088 ] ] ] } },
{ "type": "Feature", "properties": { "small_area": "E01025767" }, "geometry": { "type": "Polygon", "coordinates": [ [ [ -1.09099, 52.67724 ], [ -1.08722, 52.68724 ], [ -1.06973, 52.68022 ], [ -1.07415, 52.67427 ], [ -1.09099, 52.67724 ] ] ] } },
{ "type": "Feature", "properties": { "small_area": "E01025898" }, "geometry": { "type": "Polygon", "coordinates": [ [ [ -0.89563, 52.76647 ], [ -0.90438, 52.76427 ], [ -0.91089, 52.75674 ], [ -0.91666, 52.75974 ], [ -0.92709, 52.75697 ], [ -0.92399, 52.76988 ], [ -0.918, 52.7751 ], [ -0.90443, 52.76836 ], [ -0.89736, 52.77057 ], [ -0.89563, 52.76647 ] ] ] } },
{ "type": "Feature", "properties": { "small_area": "E01013494" }, "geometry": { "type": "Polygon", "coordinates": [ [ [ -1.50094, 52.88782 ], [ -1.50309, 52.88455 ], [ -1.5232, 52.88732 ], [ -1.51568, 52.89187 ], [ -1.50094, 52.88782 ] ] ] } },
{ "type": "Feature", "properties": { "small_area": "E01027228" }, "geometry": { "type": "Polygon", "coordinates": [ [ [ -0.88106, 52.23811 ], [ -0.89209, 52.24072 ], [ -0.88562, 52.24232 ], [ -0.88106, 52.23811 ] ] ] } },
{ "type": "Feature", "properties": { "small_area": "E01026174" }, "geometry": { "type": "Polygon", "coordinates": [ [ [ -0.53965, 53.2039 ], [ -0.54642, 53.20554 ], [ -0.55177, 53.21107 ], [ -0.54577, 53.21667 ], [ -0.54054, 53.21728 ], [ -0.54489, 53.21287 ], [ -0.53685, 53.21115 ], [ -0.53965, 53.2039 ] ] ] } },
{ "type": "Feature", "properties": { "small_area": "E01025812" }, "geometry": { "type": "Polygon", "coordinates": [ [ [ -1.04001, 52.63343 ], [ -1.0473, 52.63177 ], [ -1.03899, 52.63025 ], [ -1.04187, 52.61916 ], [ -1.02844, 52.61956 ], [ -1.01915, 52.60771 ], [ -1.02395, 52.60111 ], [ -1.04218, 52.59827 ], [ -1.06249, 52.60423 ], [ -1.05898, 52.60903 ], [ -1.06956, 52.61268 ], [ -1.06676, 52.617 ], [ -1.0705, 52.61805 ], [ -1.05328, 52.6275 ], [ -1.05619, 52.63217 ], [ -1.04697, 52.6346 ], [ -1.04624, 52.63779 ], [ -1.04001, 52.63343 ] ] ] } },
{ "type": "Feature", "properties": { "small_area": "E01028339" }, "geometry": { "type": "Polygon", "coordinates": [ [ [ -1.0131, 53.23799 ], [ -1.00665, 53.23601 ], [ -1.00254, 53.2125 ], [ -1.01278, 53.20628 ], [ -1.02419, 53.21006 ], [ -1.0237, 53.21246 ], [ -1.04608, 53.21457 ], [ -1.05416, 53.21098 ], [ -1.10424, 53.20884 ], [ -1.10394, 53.21923 ], [ -1.09732, 53.21952 ], [ -1.09525, 53.22769 ], [ -1.09544, 53.2324 ], [ -1.10334, 53.23576 ], [ -1.07249, 53.24089 ], [ -1.05215, 53.25218 ], [ -1.02745, 53.26082 ], [ -1.02355, 53.24778 ], [ -1.01292, 53.24162 ], [ -1.0131, 53.23799 ] ] ] } },
{ "type": "Feature", "properties": { "small_area": "E01026337" }, "geometry": { "type": "Polygon", "coordinates": [ [ [ -0.31331, 52.6857 ], [ -0.30782, 52.68143 ], [ -0.30842, 52.67596 ], [ -0.31925, 52.67971 ], [ -0.31331, 52.6857 ] ] ] } },
{ "type": "Feature", "properties": { "small_area": "E01013755" }, "geometry": { "type": "Polygon", "coordinates": [ [ [ -1.12392, 52.63825 ], [ -1.1263, 52.63967 ], [ -1.12073, 52.64319 ], [ -1.11832, 52.64086 ], [ -1.12392, 52.63825 ] ] ] } },
{ "type": "Feature", "properties": { "small_area": "E01025924" }, "geometry": { "type": "Polygon", "coordinates": [ [ [ -1.33331, 52.82171 ], [ -1.34543, 52.81098 ], [ -1.35412, 52.79525 ], [ -1.37476, 52.78251 ], [ -1.38993, 52.7852 ], [ -1.39406, 52.79056 ], [ -1.40499, 52.7927 ], [ -1.40819, 52.79765 ], [ -1.41198, 52.79337 ], [ -1.42016, 52.79515 ], [ -1.42397, 52.80124 ], [ -1.41771, 52.8016 ], [ -1.40233, 52.82011 ], [ -1.38422, 52.82611 ], [ -1.33331, 52.82171 ] ] ] } },
{ "type": "Feature", "properties": { "small_area": "E01025923" }, "geometry": { "type": "Polygon", "coordinates": [ [ [ -1.33505, 52.76175 ], [ -1.33239, 52.753 ], [ -1.35875, 52.75205 ], [ -1.3625, 52.75923 ], [ -1.35212, 52.76686 ], [ -1.34395, 52.78306 ], [ -1.3524, 52.78415 ], [ -1.36071, 52.77996 ], [ -1.37168, 52.78471 ], [ -1.35412, 52.79525 ], [ -1.34543, 52.81098 ], [ -1.33331, 52.82171 ], [ -1.31546, 52.83009 ], [ -1.30879, 52.83727 ], [ -1.31117, 52.83136 ], [ -1.30327, 52.82353 ], [ -1.30592, 52.81026 ], [ -1.33384, 52.79503 ], [ -1.3169, 52.79433 ], [ -1.31876, 52.78541 ], [ -1.33505, 52.76175 ] ] ] } },
{ "type": "Feature", "properties": { "small_area": "E01025920" }, "geometry": { "type": "Polygon", "coordinates": [ [ [ -1.48889, 52.75531 ], [ -1.47311, 52.74668 ], [ -1.48981, 52.74519 ], [ -1.4876, 52.74871 ], [ -1.503, 52.75577 ], [ -1.49576, 52.75987 ], [ -1.48889, 52.75531 ] ] ] } },
{ "type": "Feature", "properties": { "small_area": "E01013819" }, "geometry": { "type": "Polygon", "coordinates": [ [ [ -1.20003, 52.97592 ], [ -1.19826, 52.98169 ], [ -1.19141, 52.97792 ], [ -1.20003, 52.97592 ] ] ] } },
{ "type": "Feature", "properties": { "small_area": "E01019563" }, "geometry": { "type": "Polygon", "coordinates": [ [ [ -1.30539, 53.27156 ], [ -1.33337, 53.27287 ], [ -1.32652, 53.27555 ], [ -1.32942, 53.27842 ], [ -1.34245, 53.27774 ], [ -1.34565, 53.28572 ], [ -1.33364, 53.28974 ], [ -1.32259, 53.28136 ], [ -1.3167, 53.28164 ], [ -1.30539, 53.27156 ] ] ] } },
{ "type": "Feature", "properties": { "small_area": "E01025669" }, "geometry": { "type": "Polygon", "coordinates": [ [ [ -1.18681, 52.60023 ], [ -1.19502, 52.60047 ], [ -1.20424, 52.61708 ], [ -1.19011, 52.61996 ], [ -1.18681, 52.60023 ] ] ] } },
{ "type": "Feature", "properties": { "small_area": "E01025668" }, "geometry": { "type": "Polygon", "coordinates": [ [ [ -1.19534, 52.61711 ], [ -1.20319, 52.61879 ], [ -1.20185, 52.62299 ], [ -1.19439, 52.62064 ], [ -1.18908, 52.62239 ], [ -1.19534, 52.61711 ] ] ] } },
{ "type": "Feature", "properties": { "small_area": "E01013635" }, "geometry": { "type": "Polygon", "coordinates": [ [ [ -1.1528, 52.61231 ], [ -1.16122, 52.61695 ], [ -1.16145, 52.62029 ], [ -1.15175, 52.61923 ], [ -1.1528, 52.61231 ] ] ] } },
{ "type": "Feature", "properties": { "small_area": "E01013632" }, "geometry": { "type": "Polygon", "coordinates": [ [ [ -1.18846, 52.62282 ], [ -1.18251, 52.62752 ], [ -1.17741, 52.61807 ], [ -1.18846, 52.62282 ] ] ] } },
{ "type": "Feature", "properties": { "small_area": "E01013637" }, "geometry": { "type": "Polygon", "coordinates": [ [ [ -1.16998, 52.63143 ], [ -1.17105, 52.6252 ], [ -1.17995, 52.6314 ], [ -1.16998, 52.63143 ] ] ] } },
{ "type": "Feature", "properties": { "small_area": "E01013634" }, "geometry": { "type": "Polygon", "coordinates": [ [ [ -1.1748, 52.61794 ], [ -1.16832, 52.61797 ], [ -1.16864, 52.62057 ], [ -1.16259, 52.61606 ], [ -1.16585, 52.61322 ], [ -1.1748, 52.61794 ] ] ] } },
{ "type": "Feature", "properties": { "small_area": "E01013636" }, "geometry": { "type": "Polygon", "coordinates": [ [ [ -1.16122, 52.61695 ], [ -1.1528, 52.61231 ], [ -1.1611, 52.60872 ], [ -1.16585, 52.61322 ], [ -1.16122, 52.61695 ] ] ] } },
{ "type": "Feature", "properties": { "small_area": "E01013633" }, "geometry": { "type": "Polygon", "coordinates": [ [ [ -1.16145, 52.62029 ], [ -1.16259, 52.61606 ], [ -1.16621, 52.62264 ], [ -1.16541, 52.62548 ], [ -1.15558, 52.62211 ], [ -1.16145, 52.62029 ] ] ] } },
{ "type": "Feature", "properties": { "small_area": "E01019528" }, "geometry": { "type": "Polygon", "coordinates": [ [ [ -1.40083, 53.27654 ], [ -1.41219, 53.2792 ], [ -1.41209, 53.27415 ], [ -1.41715, 53.27094 ], [ -1.42217, 53.27385 ], [ -1.42324, 53.2827 ], [ -1.41544, 53.28762 ], [ -1.40174, 53.28156 ], [ -1.40083, 53.27654 ] ] ] } },
{ "type": "Feature", "properties": { "small_area": "E01025809" }, "geometry": { "type": "Polygon", "coordinates": [ [ [ -0.7618, 52.56909 ], [ -0.73888, 52.54887 ], [ -0.74222, 52.53947 ], [ -0.72855, 52.5358 ], [ -0.72997, 52.53296 ], [ -0.72257, 52.52676 ], [ -0.71367, 52.52495 ], [ -0.71577, 52.52233 ], [ -0.72685, 52.52315 ], [ -0.75617, 52.51098 ], [ -0.77488, 52.51826 ], [ -0.7878, 52.51369 ], [ -0.81088, 52.51935 ], [ -0.8117, 52.51624 ], [ -0.82034, 52.51561 ], [ -0.85013, 52.52165 ], [ -0.83843, 52.53663 ], [ -0.84165, 52.5387 ], [ -0.83941, 52.5465 ], [ -0.85422, 52.54796 ], [ -0.86682, 52.55935 ], [ -0.87082, 52.56925 ], [ -0.8763, 52.57053 ], [ -0.87327, 52.57407 ], [ -0.84965, 52.57592 ], [ -0.84659, 52.58903 ], [ -0.81593, 52.58283 ], [ -0.81697, 52.59369 ], [ -0.79245, 52.5976 ], [ -0.7648, 52.58118 ], [ -0.7618, 52.56909 ] ] ] } },
{ "type": "Feature", "properties": { "small_area": "E01019529" }, "geometry": { "type": "Polygon", "coordinates": [ [ [ -1.40625, 53.27571 ], [ -1.39956, 53.27501 ], [ -1.39947, 53.27261 ], [ -1.41074, 53.27196 ], [ -1.41209, 53.27415 ], [ -1.41219, 53.2792 ], [ -1.40409, 53.27749 ], [ -1.40625, 53.27571 ] ] ] } },
{ "type": "Feature", "properties": { "small_area": "E01028276" }, "geometry": { "type": "Polygon", "coordinates": [ [ [ -1.17392, 53.15094 ], [ -1.18084, 53.1479 ], [ -1.17618, 53.14508 ], [ -1.19075, 53.14342 ], [ -1.18297, 53.15152 ], [ -1.17392, 53.15094 ] ] ] } },
{ "type": "Feature", "properties": { "small_area": "E01025888" }, "geometry": { "type": "Polygon", "coordinates": [ [ [ -0.94907, 52.78079 ], [ -0.95999, 52.77481 ], [ -0.98665, 52.7648 ], [ -0.98626, 52.75426 ], [ -0.9699, 52.75513 ], [ -0.96536, 52.76036 ], [ -0.95784, 52.7588 ], [ -0.9442, 52.7633 ], [ -0.93606, 52.76208 ], [ -0.93584, 52.75533 ], [ -0.92466, 52.75709 ], [ -0.91609, 52.75193 ], [ -0.91841, 52.7416 ], [ -0.91039, 52.73709 ], [ -0.9086, 52.73242 ], [ -0.93119, 52.71702 ], [ -0.97344, 52.72876 ], [ -1.00106, 52.72364 ], [ -1.01725, 52.72445 ], [ -1.02597, 52.73347 ], [ -1.01943, 52.73711 ], [ -1.03306, 52.74977 ], [ -1.03039, 52.75617 ], [ -1.03685, 52.75835 ], [ -1.04143, 52.76604 ], [ -1.04591, 52.76601 ], [ -1.03796, 52.77501 ], [ -1.04663, 52.78093 ], [ -0.96626, 52.80404 ], [ -0.94669, 52.78636 ], [ -0.94907, 52.78079 ] ] ] } },
{ "type": "Feature", "properties": { "small_area": "E01025889" }, "geometry": { "type": "Polygon", "coordinates": [ [ [ -0.83604, 52.7266 ], [ -0.84345, 52.70542 ], [ -0.85645, 52.70145 ], [ -0.87639, 52.70074 ], [ -0.9258, 52.71434 ], [ -0.94725, 52.68271 ], [ -0.95618, 52.68265 ], [ -0.97755, 52.69225 ], [ -1.00609, 52.69836 ], [ -1.00798, 52.69637 ], [ -1.00485, 52.7045 ], [ -1.01548, 52.71095 ], [ -1.00766, 52.71737 ], [ -1.00328, 52.71723 ], [ -1.00106, 52.72364 ], [ -0.97344, 52.72876 ], [ -0.93119, 52.71702 ], [ -0.91367, 52.7274 ], [ -0.9086, 52.73242 ], [ -0.91039, 52.73709 ], [ -0.89841, 52.74051 ], [ -0.88672, 52.7352 ], [ -0.88144, 52.73681 ], [ -0.87991, 52.74282 ], [ -0.86638, 52.74624 ], [ -0.8659, 52.7512 ], [ -0.8406, 52.75925 ], [ -0.8257, 52.75951 ], [ -0.82945, 52.72922 ], [ -0.83604, 52.7266 ] ] ] } },
{ "type": "Feature", "properties": { "small_area": "E01025808" }, "geometry": { "type": "Polygon", "coordinates": [ [ [ -1.13339, 52.49099 ], [ -1.15143, 52.46631 ], [ -1.14211, 52.46676 ], [ -1.11726, 52.45628 ], [ -1.12113, 52.44906 ], [ -1.14447, 52.43648 ], [ -1.13765, 52.43405 ], [ -1.12572, 52.41768 ], [ -1.1344, 52.41228 ], [ -1.13855, 52.40203 ], [ -1.14959, 52.39698 ], [ -1.16423, 52.39919 ], [ -1.18395, 52.39216 ], [ -1.18939, 52.39637 ], [ -1.20163, 52.39672 ], [ -1.23646, 52.43571 ], [ -1.20596, 52.44705 ], [ -1.19358, 52.44082 ], [ -1.1915, 52.45292 ], [ -1.18129, 52.46193 ], [ -1.18682, 52.47766 ], [ -1.19837, 52.48292 ], [ -1.19326, 52.48573 ], [ -1.19462, 52.49678 ], [ -1.13339, 52.49099 ] ] ] } },
{ "type": "Feature", "properties": { "small_area": "E01019868" }, "geometry": { "type": "Polygon", "coordinates": [ [ [ -1.51704, 52.85267 ], [ -1.51202, 52.84766 ], [ -1.5004, 52.84905 ], [ -1.49642, 52.84236 ], [ -1.4776, 52.84262 ], [ -1.47295, 52.83973 ], [ -1.47033, 52.84257 ], [ -1.47529, 52.84599 ], [ -1.46981, 52.85123 ], [ -1.45961, 52.84951 ], [ -1.45315, 52.85292 ], [ -1.44031, 52.84893 ], [ -1.43865, 52.84506 ], [ -1.44547, 52.8419 ], [ -1.44322, 52.83686 ], [ -1.45111, 52.82016 ], [ -1.46365, 52.8169 ], [ -1.47864, 52.82495 ], [ -1.47983, 52.82903 ], [ -1.50137, 52.82012 ], [ -1.49543, 52.81315 ], [ -1.50096, 52.80602 ], [ -1.50939, 52.80518 ], [ -1.51209, 52.80068 ], [ -1.52177, 52.80063 ], [ -1.52227, 52.80434 ], [ -1.52831, 52.8027 ], [ -1.5335, 52.80549 ], [ -1.53546, 52.81034 ], [ -1.54175, 52.80855 ], [ -1.54328, 52.81636 ], [ -1.54915, 52.81948 ], [ -1.55509, 52.81639 ], [ -1.56053, 52.82175 ], [ -1.546, 52.83544 ], [ -1.54175, 52.83418 ], [ -1.54943, 52.83867 ], [ -1.5472, 52.84084 ], [ -1.54073, 52.83926 ], [ -1.53293, 52.84656 ], [ -1.53592, 52.85366 ], [ -1.51704, 52.85267 ] ] ] } },
{ "type": "Feature", "properties": { "small_area": "E01019829" }, "geometry": { "type": "MultiPolygon", "coordinates": [ [ [ [ -1.44235, 53.20397 ], [ -1.44264, 53.2039 ], [ -1.44147, 53.20721 ], [ -1.44235, 53.20397 ] ] ], [ [ [ -1.43905, 53.20482 ], [ -1.44136, 53.20754 ], [ -1.44259, 53.20832 ], [ -1.43994, 53.21356 ], [ -1.43614, 53.21331 ], [ -1.42933, 53.20302 ], [ -1.43662, 53.20011 ], [ -1.42819, 53.19928 ], [ -1.43189, 53.19572 ], [ -1.4484, 53.19961 ], [ -1.43905, 53.20482 ] ] ] ] } },
{ "type": "Feature", "properties": { "small_area": "E01027999" }, "geometry": { "type": "Polygon", "coordinates": [ [ [ -0.82003, 53.43705 ], [ -0.8183, 53.42596 ], [ -0.7947, 53.41494 ], [ -0.78891, 53.41565 ], [ -0.7909, 53.41139 ], [ -0.78833, 53.40562 ], [ -0.77649, 53.39649 ], [ -0.77728, 53.38926 ], [ -0.78974, 53.38587 ], [ -0.78717, 53.38388 ], [ -0.82436, 53.3817 ], [ -0.84937, 53.38411 ], [ -0.85986, 53.38997 ], [ -0.8674, 53.38939 ], [ -0.8704, 53.39431 ], [ -0.86373, 53.40393 ], [ -0.8667, 53.41462 ], [ -0.87525, 53.42229 ], [ -0.86948, 53.42349 ], [ -0.86914, 53.42739 ], [ -0.88429, 53.42964 ], [ -0.89401, 53.43656 ], [ -0.8925, 53.43871 ], [ -0.85176, 53.43347 ], [ -0.82003, 53.43705 ] ] ] } },
{ "type": "Feature", "properties": { "small_area": "E01013484" }, "geometry": { "type": "Polygon", "coordinates": [ [ [ -1.47481, 52.90778 ], [ -1.47651, 52.90437 ], [ -1.48058, 52.91131 ], [ -1.47678, 52.91218 ], [ -1.47481, 52.90778 ] ] ] } },
{ "type": "Feature", "properties": { "small_area": "E01013773" }, "geometry": { "type": "Polygon", "coordinates": [ [ [ -1.06498, 52.63434 ], [ -1.07172, 52.63721 ], [ -1.06869, 52.64216 ], [ -1.06272, 52.6389 ], [ -1.06498, 52.63434 ] ] ] } },
{ "type": "Feature", "properties": { "small_area": "E01013573" }, "geometry": { "type": "Polygon", "coordinates": [ [ [ -1.47979, 52.89321 ], [ -1.48614, 52.88988 ], [ -1.49293, 52.89442 ], [ -1.48762, 52.89563 ], [ -1.48774, 52.899 ], [ -1.47979, 52.89321 ] ] ] } },
{ "type": "Feature", "properties": { "small_area": "E01013572" }, "geometry": { "type": "Polygon", "coordinates": [ [ [ -1.48895, 52.8884 ], [ -1.49533, 52.89333 ], [ -1.49145, 52.89848 ], [ -1.48774, 52.899 ], [ -1.48762, 52.89563 ], [ -1.49293, 52.89442 ], [ -1.48614, 52.88988 ], [ -1.48895, 52.8884 ] ] ] } },
{ "type": "Feature", "properties": { "small_area": "E01013570" }, "geometry": { "type": "Polygon", "coordinates": [ [ [ -1.49145, 52.89848 ], [ -1.47821, 52.90203 ], [ -1.48721, 52.89839 ], [ -1.49145, 52.89848 ] ] ] } },
{ "type": "Feature", "properties": { "small_area": "E01032979" }, "geometry": { "type": "Polygon", "coordinates": [ [ [ -0.89645, 52.23077 ], [ -0.91394, 52.2303 ], [ -0.91213, 52.23661 ], [ -0.89547, 52.23963 ], [ -0.89645, 52.23077 ] ] ] } },
{ "type": "Feature", "properties": { "small_area": "E01013601" }, "geometry": { "type": "Polygon", "coordinates": [ [ [ -1.14137, 52.664 ], [ -1.14685, 52.66106 ], [ -1.15248, 52.6678 ], [ -1.14137, 52.664 ] ] ] } },
{ "type": "Feature", "properties": { "small_area": "E01019669" }, "geometry": { "type": "Polygon", "coordinates": [ [ [ -1.32367, 52.95902 ], [ -1.3376, 52.95536 ], [ -1.34058, 52.9627 ], [ -1.33534, 52.96663 ], [ -1.32766, 52.96521 ], [ -1.32367, 52.95902 ] ] ] } },
{ "type": "Feature", "properties": { "small_area": "E01013879" }, "geometry": { "type": "Polygon", "coordinates": [ [ [ -1.18864, 53.00808 ], [ -1.19235, 53.01636 ], [ -1.18275, 53.01855 ], [ -1.18864, 53.00808 ] ] ] } },
{ "type": "Feature", "properties": { "small_area": "E01013878" }, "geometry": { "type": "Polygon", "coordinates": [ [ [ -1.20438, 52.9915 ], [ -1.21587, 52.99584 ], [ -1.20683, 53.00029 ], [ -1.20438, 52.9915 ] ] ] } },
{ "type": "Feature", "properties": { "small_area": "E01019516" }, "geometry": { "type": "Polygon", "coordinates": [ [ [ -1.33848, 53.10097 ], [ -1.35264, 53.10194 ], [ -1.36333, 53.0925 ], [ -1.37365, 53.10784 ], [ -1.37171, 53.11094 ], [ -1.34379, 53.11426 ], [ -1.33848, 53.10097 ] ] ] } },
{ "type": "Feature", "properties": { "small_area": "E01025869" }, "geometry": { "type": "Polygon", "coordinates": [ [ [ -1.27251, 52.68136 ], [ -1.27676, 52.68337 ], [ -1.27279, 52.68714 ], [ -1.2774, 52.68767 ], [ -1.27719, 52.6904 ], [ -1.26558, 52.68615 ], [ -1.27251, 52.68136 ] ] ] } },
{ "type": "Feature", "properties": { "small_area": "E01013524" }, "geometry": { "type": "Polygon", "coordinates": [ [ [ -1.48526, 52.9239 ], [ -1.49106, 52.92529 ], [ -1.48348, 52.9294 ], [ -1.48526, 52.9239 ] ] ] } },
{ "type": "Feature", "properties": { "small_area": "E01019549" }, "geometry": { "type": "Polygon", "coordinates": [ [ [ -1.3192, 53.23956 ], [ -1.32636, 53.23608 ], [ -1.33212, 53.23668 ], [ -1.33197, 53.24157 ], [ -1.34707, 53.23952 ], [ -1.35171, 53.24615 ], [ -1.35832, 53.24514 ], [ -1.36043, 53.2504 ], [ -1.36697, 53.25083 ], [ -1.36464, 53.25416 ], [ -1.34447, 53.25471 ], [ -1.34394, 53.25055 ], [ -1.34205, 53.2538 ], [ -1.32607, 53.25433 ], [ -1.3192, 53.23956 ] ] ] } },
{ "type": "Feature", "properties": { "small_area": "E01019548" }, "geometry": { "type": "Polygon", "coordinates": [ [ [ -1.42033, 53.22036 ], [ -1.40827, 53.22064 ], [ -1.40912, 53.21541 ], [ -1.42084, 53.21242 ], [ -1.42743, 53.21533 ], [ -1.42658, 53.22428 ], [ -1.42033, 53.22036 ] ] ] } },
{ "type": "Feature", "properties": { "small_area": "E01019461" }, "geometry": { "type": "Polygon", "coordinates": [ [ [ -1.40635, 53.04801 ], [ -1.41595, 53.04718 ], [ -1.41689, 53.05189 ], [ -1.40729, 53.0507 ], [ -1.40635, 53.04801 ] ] ] } },
{ "type": "Feature", "properties": { "small_area": "E01027926" }, "geometry": { "type": "Polygon", "coordinates": [ [ [ -1.21523, 53.02894 ], [ -1.20529, 53.02851 ], [ -1.20486, 53.02328 ], [ -1.21523, 53.02894 ] ] ] } },
{ "type": "Feature", "properties": { "small_area": "E01027927" }, "geometry": { "type": "Polygon", "coordinates": [ [ [ -1.20529, 53.02851 ], [ -1.21407, 53.02921 ], [ -1.20937, 53.03224 ], [ -1.21101, 53.03671 ], [ -1.20227, 53.03485 ], [ -1.20529, 53.02851 ] ] ] } },
{ "type": "Feature", "properties": { "small_area": "E01025978" }, "geometry": { "type": "Polygon", "coordinates": [ [ [ -1.07761, 52.59878 ], [ -1.07156, 52.59555 ], [ -1.0796, 52.5928 ], [ -1.08173, 52.59778 ], [ -1.07761, 52.59878 ] ] ] } },
{ "type": "Feature", "properties": { "small_area": "E01025979" }, "geometry": { "type": "Polygon", "coordinates": [ [ [ -1.07479, 52.5992 ], [ -1.06501, 52.59831 ], [ -1.07111, 52.59527 ], [ -1.07761, 52.59878 ], [ -1.06926, 52.60156 ], [ -1.06923, 52.59895 ], [ -1.07479, 52.5992 ] ] ] } },
{ "type": "Feature", "properties": { "small_area": "E01027925" }, "geometry": { "type": "Polygon", "coordinates": [ [ [ -1.20937, 53.03224 ], [ -1.21523, 53.02894 ], [ -1.21935, 53.03463 ], [ -1.21217, 53.04244 ], [ -1.20937, 53.03224 ] ] ] } },
{ "type": "Feature", "properties": { "small_area": "E01027221" }, "geometry": { "type": "Polygon", "coordinates": [ [ [ -0.85715, 52.28039 ], [ -0.85589, 52.27611 ], [ -0.84681, 52.27594 ], [ -0.85882, 52.26821 ], [ -0.86545, 52.2781 ], [ -0.87552, 52.28231 ], [ -0.85715, 52.28039 ] ] ] } },
{ "type": "Feature", "properties": { "small_area": "E01019729" }, "geometry": { "type": "Polygon", "coordinates": [ [ [ -1.98037, 53.45102 ], [ -1.98249, 53.4464 ], [ -1.98597, 53.44542 ], [ -1.989, 53.44907 ], [ -1.99153, 53.44412 ], [ -1.99822, 53.44578 ], [ -1.98687, 53.45429 ], [ -1.98037, 53.45102 ] ] ] } },
{ "type": "Feature", "properties": { "small_area": "E01027965" }, "geometry": { "type": "Polygon", "coordinates": [ [ [ -1.25818, 53.12696 ], [ -1.26239, 53.12451 ], [ -1.26897, 53.12949 ], [ -1.2617, 53.13196 ], [ -1.25818, 53.12696 ] ] ] } },
{ "type": "Feature", "properties": { "small_area": "E01025859" }, "geometry": { "type": "Polygon", "coordinates": [ [ [ -1.35667, 52.53987 ], [ -1.36049, 52.54142 ], [ -1.36429, 52.5501 ], [ -1.34513, 52.54505 ], [ -1.35667, 52.53987 ] ] ] } },
{ "type": "Feature", "properties": { "small_area": "E01013958" }, "geometry": { "type": "Polygon", "coordinates": [ [ [ -1.14475, 52.95961 ], [ -1.14717, 52.96455 ], [ -1.14297, 52.96823 ], [ -1.13862, 52.96565 ], [ -1.14475, 52.95961 ] ] ] } },
{ "type": "Feature", "properties": { "small_area": "E01028419" }, "geometry": { "type": "Polygon", "coordinates": [ [ [ -0.96762, 52.92934 ], [ -0.96933, 52.91978 ], [ -0.96059, 52.91744 ], [ -0.96794, 52.91179 ], [ -0.9636, 52.90669 ], [ -0.99423, 52.89912 ], [ -1.02209, 52.90122 ], [ -1.00168, 52.92555 ], [ -1.01678, 52.93179 ], [ -0.99941, 52.94518 ], [ -1.00258, 52.95184 ], [ -0.97818, 52.95001 ], [ -0.98591, 52.94255 ], [ -0.97181, 52.92857 ], [ -0.96762, 52.92934 ] ] ] } },
{ "type": "Feature", "properties": { "small_area": "E01019598" }, "geometry": { "type": "Polygon", "coordinates": [ [ [ -1.74507, 53.01042 ], [ -1.7487, 53.01225 ], [ -1.73248, 53.01651 ], [ -1.72891, 53.01004 ], [ -1.73389, 53.01097 ], [ -1.73765, 53.0068 ], [ -1.74507, 53.01042 ] ] ] } },
{ "type": "Feature", "properties": { "small_area": "E01028410" }, "geometry": { "type": "Polygon", "coordinates": [ [ [ -1.11292, 52.83244 ], [ -1.11695, 52.81956 ], [ -1.1309, 52.80581 ], [ -1.14397, 52.80386 ], [ -1.16328, 52.8065 ], [ -1.18675, 52.79768 ], [ -1.19614, 52.79014 ], [ -1.20029, 52.79377 ], [ -1.21125, 52.79491 ], [ -1.22196, 52.79175 ], [ -1.22842, 52.79309 ], [ -1.23188, 52.80062 ], [ -1.24537, 52.80614 ], [ -1.22884, 52.8167 ], [ -1.21658, 52.81883 ], [ -1.21653, 52.82709 ], [ -1.18263, 52.81747 ], [ -1.18231, 52.81416 ], [ -1.16784, 52.81508 ], [ -1.16382, 52.81849 ], [ -1.16568, 52.83418 ], [ -1.15676, 52.83638 ], [ -1.15191, 52.83182 ], [ -1.14856, 52.83394 ], [ -1.14675, 52.82817 ], [ -1.14079, 52.82843 ], [ -1.13658, 52.82487 ], [ -1.12539, 52.82673 ], [ -1.12523, 52.83034 ], [ -1.11292, 52.83244 ] ] ] } },
{ "type": "Feature", "properties": { "small_area": "E01026040" }, "geometry": { "type": "MultiPolygon", "coordinates": [ [ [ [ 0.03356, 52.9217 ], [ 0.03321, 52.92362 ], [ 0.03699, 52.92417 ], [ 0.03356, 52.9217 ] ] ], [ [ [ 0.03722, 52.93432 ], [ 0.04496, 52.92267 ], [ 0.02275, 52.92756 ], [ 0.01321, 52.93517 ], [ -0.00101, 52.93347 ], [ -0.00859, 52.93646 ], [ -0.00472, 52.94276 ], [ -0.03013, 52.94527 ], [ -0.03442, 52.95234 ], [ -0.04268, 52.95534 ], [ -0.03597, 52.95549 ], [ -0.03721, 52.9605 ], [ 0.00264, 52.95609 ], [ 0.02304, 52.93956 ], [ 0.03722, 52.93432 ] ] ] ] } },
{ "type": "Feature", "properties": { "small_area": "E01027285" }, "geometry": { "type": "Polygon", "coordinates": [ [ [ -0.96767, 52.21867 ], [ -0.9366, 52.20811 ], [ -0.94259, 52.19548 ], [ -0.96596, 52.19353 ], [ -0.98194, 52.20461 ], [ -0.98249, 52.21453 ], [ -0.99363, 52.21367 ], [ -1.00319, 52.21825 ], [ -1.00829, 52.22573 ], [ -0.98555, 52.22895 ], [ -0.98059, 52.23331 ], [ -0.96942, 52.23119 ], [ -0.96767, 52.21867 ] ] ] } },
{ "type": "Feature", "properties": { "small_area": "E01025858" }, "geometry": { "type": "Polygon", "coordinates": [ [ [ -1.36628, 52.54417 ], [ -1.37343, 52.54213 ], [ -1.37504, 52.54479 ], [ -1.36429, 52.5501 ], [ -1.36049, 52.54142 ], [ -1.36628, 52.54417 ] ] ] } },
{ "type": "Feature", "properties": { "small_area": "E01026409" }, "geometry": { "type": "Polygon", "coordinates": [ [ [ -0.75767, 53.29308 ], [ -0.72162, 53.29105 ], [ -0.69476, 53.25838 ], [ -0.73415, 53.25398 ], [ -0.73509, 53.24385 ], [ -0.77651, 53.24675 ], [ -0.77898, 53.25209 ], [ -0.77079, 53.2533 ], [ -0.7743, 53.26109 ], [ -0.76491, 53.27279 ], [ -0.77883, 53.28334 ], [ -0.76897, 53.29112 ], [ -0.76374, 53.2999 ], [ -0.7589, 53.29858 ], [ -0.75767, 53.29308 ] ] ] } },
{ "type": "Feature", "properties": { "small_area": "E01026408" }, "geometry": { "type": "Polygon", "coordinates": [ [ [ -0.79404, 53.43102 ], [ -0.78079, 53.42888 ], [ -0.77399, 53.42049 ], [ -0.76601, 53.42198 ], [ -0.77329, 53.41972 ], [ -0.77852, 53.41316 ], [ -0.7947, 53.41494 ], [ -0.80804, 53.42036 ], [ -0.79956, 53.43002 ], [ -0.81074, 53.43286 ], [ -0.81058, 53.43549 ], [ -0.79327, 53.43502 ], [ -0.79404, 53.43102 ] ] ] } },
{ "type": "Feature", "properties": { "small_area": "E01013941" }, "geometry": { "type": "Polygon", "coordinates": [ [ [ -1.15186, 52.97314 ], [ -1.15202, 52.97062 ], [ -1.14475, 52.96984 ], [ -1.15266, 52.96478 ], [ -1.15186, 52.97314 ] ] ] } },
{ "type": "Feature", "properties": { "small_area": "E01013940" }, "geometry": { "type": "Polygon", "coordinates": [ [ [ -1.13067, 52.96982 ], [ -1.12729, 52.97591 ], [ -1.12351, 52.96925 ], [ -1.13067, 52.96982 ] ] ] } },
{ "type": "Feature", "properties": { "small_area": "E01025810" }, "geometry": { "type": "Polygon", "coordinates": [ [ [ -1.07166, 52.52604 ], [ -1.06188, 52.52274 ], [ -1.05994, 52.50698 ], [ -1.07551, 52.50727 ], [ -1.09415, 52.50236 ], [ -1.08729, 52.49117 ], [ -1.08658, 52.48487 ], [ -1.09086, 52.4819 ], [ -1.0833, 52.4762 ], [ -1.08405, 52.46919 ], [ -1.09502, 52.45984 ], [ -1.10229, 52.46197 ], [ -1.11726, 52.45628 ], [ -1.14211, 52.46676 ], [ -1.15143, 52.46631 ], [ -1.13339, 52.49099 ], [ -1.14805, 52.49331 ], [ -1.14668, 52.51041 ], [ -1.1567, 52.51116 ], [ -1.16109, 52.52238 ], [ -1.17507, 52.52757 ], [ -1.17201, 52.53438 ], [ -1.14286, 52.53495 ], [ -1.13946, 52.54315 ], [ -1.12127, 52.54517 ], [ -1.10228, 52.53834 ], [ -1.09745, 52.54239 ], [ -1.0759, 52.53885 ], [ -1.07166, 52.52604 ] ] ] } },
{ "type": "Feature", "properties": { "small_area": "E01028291" }, "geometry": { "type": "Polygon", "coordinates": [ [ [ -0.78515, 53.0567 ], [ -0.79185, 53.05038 ], [ -0.79088, 53.04459 ], [ -0.7972, 53.04278 ], [ -0.80352, 53.04866 ], [ -0.80567, 53.05785 ], [ -0.78515, 53.0567 ] ] ] } },
{ "type": "Feature", "properties": { "small_area": "E01028210" }, "geometry": { "type": "Polygon", "coordinates": [ [ [ -1.08297, 52.96998 ], [ -1.08193, 52.96859 ], [ -1.09776, 52.96917 ], [ -1.08297, 52.96998 ] ] ] } },
{ "type": "Feature", "properties": { "small_area": "E01028292" }, "geometry": { "type": "Polygon", "coordinates": [ [ [ -0.77465, 53.08365 ], [ -0.76993, 53.07132 ], [ -0.79114, 53.06585 ], [ -0.79477, 53.0713 ], [ -0.78249, 53.07128 ], [ -0.77944, 53.0743 ], [ -0.79177, 53.07631 ], [ -0.77465, 53.08365 ] ] ] } },
{ "type": "Feature", "properties": { "small_area": "E01028213" }, "geometry": { "type": "Polygon", "coordinates": [ [ [ -1.06496, 53.01264 ], [ -1.06676, 53.01567 ], [ -1.07789, 53.01713 ], [ -1.07836, 53.02078 ], [ -1.09928, 53.01845 ], [ -1.1124, 53.02092 ], [ -1.10968, 53.02953 ], [ -1.0673, 53.03061 ], [ -1.05677, 53.03553 ], [ -1.04188, 53.03139 ], [ -1.0294, 53.02318 ], [ -1.04849, 53.01705 ], [ -1.0525, 53.01202 ], [ -1.06496, 53.01264 ] ] ] } },
{ "type": "Feature", "properties": { "small_area": "E01028293" }, "geometry": { "type": "Polygon", "coordinates": [ [ [ -0.79175, 53.07627 ], [ -0.77944, 53.0743 ], [ -0.78249, 53.07128 ], [ -0.79477, 53.0713 ], [ -0.79114, 53.06585 ], [ -0.79923, 53.06966 ], [ -0.79175, 53.07627 ] ] ] } },
{ "type": "Feature", "properties": { "small_area": "E01028212" }, "geometry": { "type": "Polygon", "coordinates": [ [ [ -1.10986, 52.97402 ], [ -1.10301, 52.97974 ], [ -1.09947, 52.97373 ], [ -1.10986, 52.97402 ] ] ] } },
{ "type": "Feature", "properties": { "small_area": "E01028211" }, "geometry": { "type": "Polygon", "coordinates": [ [ [ -1.08978, 52.97158 ], [ -1.09776, 52.96917 ], [ -1.10986, 52.97402 ], [ -1.09455, 52.97471 ], [ -1.08978, 52.97158 ] ] ] } },
{ "type": "Feature", "properties": { "small_area": "E01028334" }, "geometry": { "type": "Polygon", "coordinates": [ [ [ -0.80836, 53.06772 ], [ -0.80009, 53.06622 ], [ -0.80083, 53.06113 ], [ -0.79624, 53.06211 ], [ -0.79778, 53.05767 ], [ -0.80567, 53.05785 ], [ -0.80836, 53.06772 ] ] ] } },
{ "type": "Feature", "properties": { "small_area": "E01027273" }, "geometry": { "type": "Polygon", "coordinates": [ [ [ -0.78936, 52.21273 ], [ -0.79261, 52.1963 ], [ -0.81816, 52.19988 ], [ -0.82529, 52.19231 ], [ -0.82027, 52.18895 ], [ -0.82686, 52.18172 ], [ -0.83038, 52.18286 ], [ -0.82789, 52.18719 ], [ -0.83511, 52.18643 ], [ -0.8404, 52.18053 ], [ -0.84024, 52.17273 ], [ -0.85535, 52.17811 ], [ -0.85403, 52.18367 ], [ -0.86588, 52.19223 ], [ -0.85783, 52.20234 ], [ -0.86562, 52.20479 ], [ -0.83702, 52.21167 ], [ -0.83835, 52.21786 ], [ -0.83015, 52.22345 ], [ -0.84008, 52.23737 ], [ -0.80285, 52.24052 ], [ -0.79954, 52.2343 ], [ -0.77924, 52.2297 ], [ -0.78529, 52.22569 ], [ -0.78116, 52.22261 ], [ -0.78936, 52.21273 ] ] ] } },
{ "type": "Feature", "properties": { "small_area": "E01027272" }, "geometry": { "type": "Polygon", "coordinates": [ [ [ -1.14539, 52.03446 ], [ -1.15559, 52.03519 ], [ -1.15606, 52.03796 ], [ -1.14889, 52.03952 ], [ -1.14539, 52.03446 ] ] ] } },
{ "type": "Feature", "properties": { "small_area": "E01027275" }, "geometry": { "type": "Polygon", "coordinates": [ [ [ -0.74835, 52.23358 ], [ -0.75965, 52.22657 ], [ -0.76024, 52.22006 ], [ -0.7667, 52.21777 ], [ -0.77337, 52.22781 ], [ -0.78116, 52.22261 ], [ -0.78529, 52.22569 ], [ -0.77924, 52.2297 ], [ -0.79954, 52.2343 ], [ -0.80285, 52.24052 ], [ -0.75603, 52.24757 ], [ -0.74835, 52.23358 ] ] ] } },
{ "type": "Feature", "properties": { "small_area": "E01027270" }, "geometry": { "type": "Polygon", "coordinates": [ [ [ -1.16806, 52.03927 ], [ -1.16359, 52.04406 ], [ -1.15507, 52.04466 ], [ -1.14889, 52.03952 ], [ -1.16806, 52.03927 ] ] ] } },
{ "type": "Feature", "properties": { "small_area": "E01025844" }, "geometry": { "type": "Polygon", "coordinates": [ [ [ -1.3041, 52.56757 ], [ -1.31402, 52.56906 ], [ -1.31005, 52.57134 ], [ -1.31586, 52.57542 ], [ -1.30533, 52.5799 ], [ -1.30391, 52.57621 ], [ -1.30822, 52.57522 ], [ -1.30439, 52.57486 ], [ -1.3041, 52.56757 ] ] ] } },
{ "type": "Feature", "properties": { "small_area": "E01027331" }, "geometry": { "type": "Polygon", "coordinates": [ [ [ -0.69454, 52.31096 ], [ -0.69663, 52.31575 ], [ -0.69516, 52.31745 ], [ -0.6882, 52.31525 ], [ -0.69454, 52.31096 ] ] ] } },
{ "type": "Feature", "properties": { "small_area": "E01027330" }, "geometry": { "type": "Polygon", "coordinates": [ [ [ -0.68609, 52.30875 ], [ -0.69028, 52.3118 ], [ -0.6882, 52.31525 ], [ -0.67502, 52.31975 ], [ -0.66919, 52.31755 ], [ -0.68609, 52.30875 ] ] ] } },
{ "type": "Feature", "properties": { "small_area": "E01027333" }, "geometry": { "type": "Polygon", "coordinates": [ [ [ -0.7039, 52.31493 ], [ -0.70902, 52.32483 ], [ -0.69693, 52.32691 ], [ -0.69516, 52.31745 ], [ -0.7039, 52.31493 ] ] ] } },
{ "type": "Feature", "properties": { "small_area": "E01027335" }, "geometry": { "type": "Polygon", "coordinates": [ [ [ -0.64093, 52.27224 ], [ -0.65367, 52.26828 ], [ -0.677, 52.27541 ], [ -0.67689, 52.28248 ], [ -0.65371, 52.28113 ], [ -0.65437, 52.27911 ], [ -0.64526, 52.28095 ], [ -0.64093, 52.27224 ] ] ] } },
{ "type": "Feature", "properties": { "small_area": "E01027332" }, "geometry": { "type": "Polygon", "coordinates": [ [ [ -0.68833, 52.31015 ], [ -0.69919, 52.3057 ], [ -0.7039, 52.31493 ], [ -0.69663, 52.31575 ], [ -0.69454, 52.31096 ], [ -0.68833, 52.31015 ] ] ] } },
{ "type": "Feature", "properties": { "small_area": "E01019485" }, "geometry": { "type": "Polygon", "coordinates": [ [ [ -1.27351, 53.24275 ], [ -1.2673, 53.24195 ], [ -1.23214, 53.242 ], [ -1.22099, 53.2447 ], [ -1.22527, 53.23819 ], [ -1.2558, 53.23338 ], [ -1.26491, 53.22743 ], [ -1.27461, 53.22735 ], [ -1.2718, 53.23145 ], [ -1.28091, 53.23529 ], [ -1.28931, 53.22867 ], [ -1.29557, 53.23372 ], [ -1.29391, 53.23683 ], [ -1.28811, 53.23706 ], [ -1.28222, 53.24907 ], [ -1.27153, 53.24764 ], [ -1.27351, 53.24275 ] ] ] } },
{ "type": "Feature", "properties": { "small_area": "E01019404" }, "geometry": { "type": "Polygon", "coordinates": [ [ [ -1.38961, 53.08937 ], [ -1.40685, 53.08925 ], [ -1.40561, 53.09306 ], [ -1.39778, 53.09498 ], [ -1.39566, 53.09267 ], [ -1.3842, 53.09754 ], [ -1.38043, 53.09668 ], [ -1.3816, 53.09278 ], [ -1.38961, 53.08937 ] ] ] } },
{ "type": "Feature", "properties": { "small_area": "E01019486" }, "geometry": { "type": "Polygon", "coordinates": [ [ [ -1.27861, 53.22519 ], [ -1.27827, 53.22762 ], [ -1.28513, 53.22862 ], [ -1.27989, 53.22987 ], [ -1.2843, 53.23025 ], [ -1.28091, 53.23529 ], [ -1.2718, 53.23145 ], [ -1.27861, 53.22519 ] ] ] } },
{ "type": "Feature", "properties": { "small_area": "E01019407" }, "geometry": { "type": "Polygon", "coordinates": [ [ [ -1.48862, 53.02014 ], [ -1.49223, 53.02309 ], [ -1.48636, 53.02758 ], [ -1.47848, 53.02457 ], [ -1.476, 53.02778 ], [ -1.47244, 53.02337 ], [ -1.48862, 53.02014 ] ] ] } },
{ "type": "Feature", "properties": { "small_area": "E01028290" }, "geometry": { "type": "Polygon", "coordinates": [ [ [ -0.77855, 53.05027 ], [ -0.79088, 53.04459 ], [ -0.79185, 53.05038 ], [ -0.78515, 53.0567 ], [ -0.77855, 53.05027 ] ] ] } },
{ "type": "Feature", "properties": { "small_area": "E01028316" }, "geometry": { "type": "Polygon", "coordinates": [ [ [ -0.72323, 53.15508 ], [ -0.71538, 53.13686 ], [ -0.73241, 53.12778 ], [ -0.7311, 53.12398 ], [ -0.71689, 53.11942 ], [ -0.72125, 53.10425 ], [ -0.72959, 53.0978 ], [ -0.74858, 53.10349 ], [ -0.75773, 53.11213 ], [ -0.75954, 53.12111 ], [ -0.76838, 53.12731 ], [ -0.76288, 53.1406 ], [ -0.74972, 53.13696 ], [ -0.74518, 53.14245 ], [ -0.76002, 53.14411 ], [ -0.76197, 53.14724 ], [ -0.7571, 53.1523 ], [ -0.75485, 53.14827 ], [ -0.75017, 53.14853 ], [ -0.74988, 53.1519 ], [ -0.74816, 53.14782 ], [ -0.73946, 53.14795 ], [ -0.73792, 53.15491 ], [ -0.75516, 53.15723 ], [ -0.73459, 53.17949 ], [ -0.71816, 53.17727 ], [ -0.71603, 53.17039 ], [ -0.72323, 53.15508 ] ] ] } },
{ "type": "Feature", "properties": { "small_area": "E01013842" }, "geometry": { "type": "Polygon", "coordinates": [ [ [ -1.16713, 52.96971 ], [ -1.17265, 52.96823 ], [ -1.17464, 52.97151 ], [ -1.17119, 52.97435 ], [ -1.16713, 52.96971 ] ] ] } },
{ "type": "Feature", "properties": { "small_area": "E01027979" }, "geometry": { "type": "Polygon", "coordinates": [ [ [ -1.23991, 53.1396 ], [ -1.24357, 53.13947 ], [ -1.24502, 53.14306 ], [ -1.25069, 53.13991 ], [ -1.27062, 53.14294 ], [ -1.26714, 53.14405 ], [ -1.26535, 53.15001 ], [ -1.26006, 53.14629 ], [ -1.25507, 53.14936 ], [ -1.25063, 53.14556 ], [ -1.23714, 53.14624 ], [ -1.23991, 53.1396 ] ] ] } },
{ "type": "Feature", "properties": { "small_area": "E01027978" }, "geometry": { "type": "Polygon", "coordinates": [ [ [ -1.26017, 53.12527 ], [ -1.25269, 53.1314 ], [ -1.24852, 53.12702 ], [ -1.25738, 53.1261 ], [ -1.25309, 53.12327 ], [ -1.26017, 53.12527 ] ] ] } },
{ "type": "Feature", "properties": { "small_area": "E01027950" }, "geometry": { "type": "Polygon", "coordinates": [ [ [ -1.19605, 53.09448 ], [ -1.19293, 53.0926 ], [ -1.20251, 53.08689 ], [ -1.22631, 53.08102 ], [ -1.25219, 53.08923 ], [ -1.2485, 53.09632 ], [ -1.23257, 53.09257 ], [ -1.2325, 53.09698 ], [ -1.19605, 53.09448 ] ] ] } },
{ "type": "Feature", "properties": { "small_area": "E01027952" }, "geometry": { "type": "Polygon", "coordinates": [ [ [ -1.24003, 53.10382 ], [ -1.24028, 53.09809 ], [ -1.25374, 53.09961 ], [ -1.25109, 53.10647 ], [ -1.24418, 53.10529 ], [ -1.24265, 53.10203 ], [ -1.23676, 53.10667 ], [ -1.23573, 53.1031 ], [ -1.24003, 53.10382 ] ] ] } },
{ "type": "Feature", "properties": { "small_area": "E01027953" }, "geometry": { "type": "Polygon", "coordinates": [ [ [ -1.22665, 53.10891 ], [ -1.22795, 53.10714 ], [ -1.20514, 53.09703 ], [ -1.24028, 53.09809 ], [ -1.24003, 53.10382 ], [ -1.22331, 53.09896 ], [ -1.23021, 53.10184 ], [ -1.23002, 53.10646 ], [ -1.22665, 53.10891 ] ] ] } },
{ "type": "Feature", "properties": { "small_area": "E01033171" }, "geometry": { "type": "Polygon", "coordinates": [ [ [ -1.43044, 52.90465 ], [ -1.42909, 52.9027 ], [ -1.44215, 52.90385 ], [ -1.44427, 52.89747 ], [ -1.44701, 52.89907 ], [ -1.4435, 52.90693 ], [ -1.45065, 52.90675 ], [ -1.44975, 52.91502 ], [ -1.44308, 52.9176 ], [ -1.44071, 52.91102 ], [ -1.43044, 52.90465 ] ] ] } },
{ "type": "Feature", "properties": { "small_area": "E01033532" }, "geometry": { "type": "Polygon", "coordinates": [ [ [ -1.62269, 52.87776 ], [ -1.63813, 52.87865 ], [ -1.63887, 52.87039 ], [ -1.6458, 52.86965 ], [ -1.64228, 52.86565 ], [ -1.63507, 52.86951 ], [ -1.63548, 52.8666 ], [ -1.62497, 52.86308 ], [ -1.63156, 52.85982 ], [ -1.62693, 52.85678 ], [ -1.63516, 52.85297 ], [ -1.66496, 52.85844 ], [ -1.66125, 52.87587 ], [ -1.64573, 52.88264 ], [ -1.64619, 52.88955 ], [ -1.63108, 52.89284 ], [ -1.62022, 52.88648 ], [ -1.62269, 52.87776 ] ] ] } },
{ "type": "Feature", "properties": { "small_area": "E01027955" }, "geometry": { "type": "Polygon", "coordinates": [ [ [ -1.26428, 53.10112 ], [ -1.25148, 53.10351 ], [ -1.25374, 53.09961 ], [ -1.26428, 53.10112 ] ] ] } },
{ "type": "Feature", "properties": { "small_area": "E01033533" }, "geometry": { "type": "Polygon", "coordinates": [ [ [ -1.63043, 52.8668 ], [ -1.63548, 52.8666 ], [ -1.63788, 52.87256 ], [ -1.6292, 52.87166 ], [ -1.63043, 52.8668 ] ] ] } },
{ "type": "Feature", "properties": { "small_area": "E01033534" }, "geometry": { "type": "Polygon", "coordinates": [ [ [ -1.63537, 52.86936 ], [ -1.64228, 52.86565 ], [ -1.6458, 52.86965 ], [ -1.63537, 52.86936 ] ] ] } },
{ "type": "Feature", "properties": { "small_area": "E01033535" }, "geometry": { "type": "Polygon", "coordinates": [ [ [ -1.53719, 52.77457 ], [ -1.53188, 52.77467 ], [ -1.53682, 52.77154 ], [ -1.54341, 52.77283 ], [ -1.54032, 52.77782 ], [ -1.53719, 52.77457 ] ] ] } },
{ "type": "Feature", "properties": { "small_area": "E01033536" }, "geometry": { "type": "Polygon", "coordinates": [ [ [ -1.53653, 52.77099 ], [ -1.54591, 52.76581 ], [ -1.54552, 52.76948 ], [ -1.55077, 52.77083 ], [ -1.55167, 52.7766 ], [ -1.5419, 52.77807 ], [ -1.54341, 52.77283 ], [ -1.53653, 52.77099 ] ] ] } },
{ "type": "Feature", "properties": { "small_area": "E01033537" }, "geometry": { "type": "Polygon", "coordinates": [ [ [ -1.56704, 52.75675 ], [ -1.55994, 52.75287 ], [ -1.56381, 52.74989 ], [ -1.57716, 52.75657 ], [ -1.5749, 52.76397 ], [ -1.5643, 52.7629 ], [ -1.56764, 52.7617 ], [ -1.56704, 52.75675 ] ] ] } },
{ "type": "Feature", "properties": { "small_area": "E01027951" }, "geometry": { "type": "Polygon", "coordinates": [ [ [ -1.22608, 53.11155 ], [ -1.23021, 53.10184 ], [ -1.22331, 53.09896 ], [ -1.23573, 53.1031 ], [ -1.23993, 53.11189 ], [ -1.24451, 53.11052 ], [ -1.24207, 53.11667 ], [ -1.22608, 53.11155 ] ] ] } },
{ "type": "Feature", "properties": { "small_area": "E01025777" }, "geometry": { "type": "Polygon", "coordinates": [ [ [ -1.21213, 52.51583 ], [ -1.20214, 52.52742 ], [ -1.18174, 52.52967 ], [ -1.17507, 52.52757 ], [ -1.16109, 52.52238 ], [ -1.1567, 52.51116 ], [ -1.14668, 52.51041 ], [ -1.14805, 52.49331 ], [ -1.19462, 52.49678 ], [ -1.19393, 52.48978 ], [ -1.21339, 52.48602 ], [ -1.23595, 52.47711 ], [ -1.24514, 52.49899 ], [ -1.26776, 52.49922 ], [ -1.27395, 52.50623 ], [ -1.27303, 52.51214 ], [ -1.27958, 52.5143 ], [ -1.26118, 52.5303 ], [ -1.24026, 52.52097 ], [ -1.21213, 52.51583 ] ] ] } },
{ "type": "Feature", "properties": { "small_area": "E01013501" }, "geometry": { "type": "Polygon", "coordinates": [ [ [ -1.42085, 52.89075 ], [ -1.42118, 52.88965 ], [ -1.43313, 52.89025 ], [ -1.42748, 52.89562 ], [ -1.42085, 52.89075 ] ] ] } },
{ "type": "Feature", "properties": { "small_area": "E01027186" }, "geometry": { "type": "Polygon", "coordinates": [ [ [ -0.86953, 52.25133 ], [ -0.87455, 52.25018 ], [ -0.87542, 52.25431 ], [ -0.87129, 52.25818 ], [ -0.86953, 52.25133 ] ] ] } },
{ "type": "Feature", "properties": { "small_area": "E01019569" }, "geometry": { "type": "Polygon", "coordinates": [ [ [ -1.41851, 53.24878 ], [ -1.42711, 53.2486 ], [ -1.43475, 53.25494 ], [ -1.42584, 53.25871 ], [ -1.42251, 53.25343 ], [ -1.42031, 53.25512 ], [ -1.41851, 53.24878 ] ] ] } },
{ "type": "Feature", "properties": { "small_area": "E01028273" }, "geometry": { "type": "Polygon", "coordinates": [ [ [ -1.17727, 53.16137 ], [ -1.18235, 53.15779 ], [ -1.17894, 53.15085 ], [ -1.18729, 53.1567 ], [ -1.19314, 53.15594 ], [ -1.19328, 53.15966 ], [ -1.18943, 53.15854 ], [ -1.18486, 53.16319 ], [ -1.17727, 53.16137 ] ] ] } },
{ "type": "Feature", "properties": { "small_area": "E01013920" }, "geometry": { "type": "Polygon", "coordinates": [ [ [ -1.12995, 52.95285 ], [ -1.13069, 52.94874 ], [ -1.08813, 52.95157 ], [ -1.08612, 52.94855 ], [ -1.10036, 52.94189 ], [ -1.13185, 52.94276 ], [ -1.13021, 52.94654 ], [ -1.13855, 52.95295 ], [ -1.12995, 52.95285 ] ] ] } },
{ "type": "Feature", "properties": { "small_area": "E01027353" }, "geometry": { "type": "Polygon", "coordinates": [ [ [ -0.76073, 52.29596 ], [ -0.75385, 52.29339 ], [ -0.7546, 52.29038 ], [ -0.74715, 52.2903 ], [ -0.75109, 52.28536 ], [ -0.74527, 52.27974 ], [ -0.75868, 52.27493 ], [ -0.76627, 52.28084 ], [ -0.77913, 52.27636 ], [ -0.76383, 52.26417 ], [ -0.76449, 52.24816 ], [ -0.79143, 52.24223 ], [ -0.7951, 52.25407 ], [ -0.80134, 52.2535 ], [ -0.80915, 52.27533 ], [ -0.80591, 52.28824 ], [ -0.81797, 52.30958 ], [ -0.79286, 52.32378 ], [ -0.77583, 52.31219 ], [ -0.7594, 52.30904 ], [ -0.76073, 52.29596 ] ] ] } },
{ "type": "Feature", "properties": { "small_area": "E01027946" }, "geometry": { "type": "Polygon", "coordinates": [ [ [ -1.30218, 53.06446 ], [ -1.31498, 53.05264 ], [ -1.3253, 53.05807 ], [ -1.33295, 53.05697 ], [ -1.33443, 53.06992 ], [ -1.32625, 53.0724 ], [ -1.32596, 53.06739 ], [ -1.30218, 53.06446 ] ] ] } },
{ "type": "Feature", "properties": { "small_area": "E01019455" }, "geometry": { "type": "Polygon", "coordinates": [ [ [ -1.40757, 53.06019 ], [ -1.40273, 53.06362 ], [ -1.39378, 53.06309 ], [ -1.40383, 53.06075 ], [ -1.40041, 53.05669 ], [ -1.40434, 53.05077 ], [ -1.40709, 53.05075 ], [ -1.41281, 53.06146 ], [ -1.40757, 53.06019 ] ] ] } },
{ "type": "Feature", "properties": { "small_area": "E01013771" }, "geometry": { "type": "Polygon", "coordinates": [ [ [ -1.07172, 52.63721 ], [ -1.08455, 52.64197 ], [ -1.07809, 52.64274 ], [ -1.07172, 52.63721 ] ] ] } },
{ "type": "Feature", "properties": { "small_area": "E01013686" }, "geometry": { "type": "Polygon", "coordinates": [ [ [ -1.1464, 52.64933 ], [ -1.14911, 52.6467 ], [ -1.1531, 52.64824 ], [ -1.15082, 52.6538 ], [ -1.1464, 52.64933 ] ] ] } },
{ "type": "Feature", "properties": { "small_area": "E01019595" }, "geometry": { "type": "Polygon", "coordinates": [ [ [ -1.6921, 53.02115 ], [ -1.68745, 53.01389 ], [ -1.70782, 53.01385 ], [ -1.72412, 53.01735 ], [ -1.72583, 53.02193 ], [ -1.73236, 53.02086 ], [ -1.73045, 53.01739 ], [ -1.73248, 53.01651 ], [ -1.7487, 53.01225 ], [ -1.74507, 53.01042 ], [ -1.75155, 53.00677 ], [ -1.76349, 53.01135 ], [ -1.74553, 53.01831 ], [ -1.7379, 53.02673 ], [ -1.73888, 53.03438 ], [ -1.724, 53.03518 ], [ -1.72346, 53.04002 ], [ -1.7175, 53.0422 ], [ -1.71185, 53.03644 ], [ -1.68477, 53.03145 ], [ -1.68001, 53.02334 ], [ -1.6921, 53.02115 ] ] ] } },
{ "type": "Feature", "properties": { "small_area": "E01026022" }, "geometry": { "type": "Polygon", "coordinates": [ [ [ 0.00691, 52.99804 ], [ 0.0082, 52.98638 ], [ -0.00394, 52.98506 ], [ -0.00544, 52.97997 ], [ -0.01693, 52.98083 ], [ -0.00979, 52.98446 ], [ -0.00677, 52.99172 ], [ -0.02121, 52.99844 ], [ -0.02096, 52.99244 ], [ -0.03267, 52.99171 ], [ -0.03402, 52.99983 ], [ -0.04673, 53.00164 ], [ -0.047, 52.99346 ], [ -0.06393, 53.0082 ], [ -0.05151, 53.00488 ], [ -0.015, 53.00471 ], [ 0.00691, 52.99804 ] ] ] } },
{ "type": "Feature", "properties": { "small_area": "E01025902" }, "geometry": { "type": "Polygon", "coordinates": [ [ [ -0.87301, 52.76887 ], [ -0.87578, 52.77206 ], [ -0.88227, 52.77094 ], [ -0.88107, 52.77616 ], [ -0.87419, 52.77615 ], [ -0.87449, 52.78751 ], [ -0.87165, 52.79199 ], [ -0.86276, 52.79428 ], [ -0.86591, 52.77512 ], [ -0.87301, 52.76887 ] ] ] } },
{ "type": "Feature", "properties": { "small_area": "E01028329" }, "geometry": { "type": "Polygon", "coordinates": [ [ [ -0.95308, 53.15317 ], [ -0.96668, 53.1393 ], [ -0.98788, 53.13363 ], [ -0.97597, 53.12707 ], [ -0.97745, 53.12028 ], [ -0.95875, 53.10655 ], [ -0.96782, 53.09713 ], [ -0.96513, 53.09546 ], [ -0.98474, 53.07857 ], [ -0.99842, 53.07532 ], [ -1.01504, 53.06509 ], [ -1.01426, 53.0707 ], [ -1.02484, 53.06816 ], [ -1.03029, 53.06989 ], [ -1.04059, 53.08402 ], [ -1.0513, 53.08541 ], [ -1.02845, 53.0894 ], [ -1.03222, 53.09584 ], [ -1.00997, 53.10131 ], [ -1.00534, 53.10934 ], [ -0.99955, 53.10871 ], [ -0.99521, 53.11372 ], [ -0.99683, 53.11684 ], [ -1.02094, 53.1224 ], [ -1.00449, 53.13773 ], [ -1.02519, 53.13844 ], [ -1.01598, 53.15918 ], [ -0.97464, 53.16097 ], [ -0.95308, 53.15317 ] ] ] } },
{ "type": "Feature", "properties": { "small_area": "E01028328" }, "geometry": { "type": "Polygon", "coordinates": [ [ [ -1.04241, 53.09928 ], [ -1.04718, 53.10313 ], [ -1.04185, 53.10766 ], [ -1.03686, 53.10419 ], [ -1.03256, 53.10703 ], [ -1.02674, 53.10364 ], [ -1.02033, 53.10805 ], [ -1.02097, 53.09958 ], [ -1.03222, 53.09584 ], [ -1.04017, 53.10075 ], [ -1.04241, 53.09928 ] ] ] } },
{ "type": "Feature", "properties": { "small_area": "E01026999" }, "geometry": { "type": "Polygon", "coordinates": [ [ [ -1.18516, 52.30387 ], [ -1.17563, 52.30073 ], [ -1.17374, 52.2893 ], [ -1.18421, 52.28473 ], [ -1.18395, 52.28002 ], [ -1.19936, 52.26863 ], [ -1.21692, 52.2675 ], [ -1.22358, 52.28681 ], [ -1.2338, 52.29031 ], [ -1.20928, 52.3147 ], [ -1.19892, 52.31195 ], [ -1.19449, 52.31395 ], [ -1.18516, 52.30387 ] ] ] } },
{ "type": "Feature", "properties": { "small_area": "E01026220" }, "geometry": { "type": "Polygon", "coordinates": [ [ [ -0.58128, 53.17979 ], [ -0.57373, 53.17492 ], [ -0.5751, 53.17284 ], [ -0.58686, 53.1775 ], [ -0.58403, 53.18034 ], [ -0.58768, 53.18256 ], [ -0.57448, 53.19156 ], [ -0.56501, 53.18712 ], [ -0.58128, 53.17979 ] ] ] } },
{ "type": "Feature", "properties": { "small_area": "E01028227" }, "geometry": { "type": "Polygon", "coordinates": [ [ [ -1.21264, 53.14663 ], [ -1.2157, 53.15046 ], [ -1.20652, 53.15323 ], [ -1.2026, 53.15078 ], [ -1.21264, 53.14663 ] ] ] } },
{ "type": "Feature", "properties": { "small_area": "E01028226" }, "geometry": { "type": "Polygon", "coordinates": [ [ [ -1.14813, 53.19895 ], [ -1.15912, 53.20105 ], [ -1.15011, 53.20332 ], [ -1.1506, 53.20672 ], [ -1.14813, 53.19895 ] ] ] } },
{ "type": "Feature", "properties": { "small_area": "E01026222" }, "geometry": { "type": "Polygon", "coordinates": [ [ [ -0.38803, 53.02891 ], [ -0.39892, 53.03319 ], [ -0.40934, 53.03184 ], [ -0.40858, 53.03909 ], [ -0.39416, 53.0391 ], [ -0.39476, 53.04311 ], [ -0.3861, 53.04441 ], [ -0.39277, 53.0446 ], [ -0.38553, 53.04789 ], [ -0.38222, 53.04347 ], [ -0.3765, 53.04623 ], [ -0.3699, 53.03815 ], [ -0.35218, 53.03265 ], [ -0.38803, 53.02891 ] ] ] } },
{ "type": "Feature", "properties": { "small_area": "E01026223" }, "geometry": { "type": "Polygon", "coordinates": [ [ [ -0.3893, 53.04668 ], [ -0.39277, 53.0446 ], [ -0.3861, 53.04441 ], [ -0.39476, 53.04311 ], [ -0.39416, 53.0391 ], [ -0.40858, 53.03909 ], [ -0.43317, 53.05154 ], [ -0.39381, 53.05219 ], [ -0.3893, 53.04668 ] ] ] } },
{ "type": "Feature", "properties": { "small_area": "E01026224" }, "geometry": { "type": "Polygon", "coordinates": [ [ [ -0.3699, 53.03815 ], [ -0.3765, 53.04623 ], [ -0.38222, 53.04347 ], [ -0.39381, 53.05219 ], [ -0.37528, 53.05362 ], [ -0.37046, 53.06346 ], [ -0.34996, 53.06195 ], [ -0.31404, 53.06533 ], [ -0.30356, 53.05697 ], [ -0.3326, 53.0501 ], [ -0.337, 53.05415 ], [ -0.35607, 53.05066 ], [ -0.34901, 53.0335 ], [ -0.3699, 53.03815 ] ] ] } },
{ "type": "Feature", "properties": { "small_area": "E01026225" }, "geometry": { "type": "Polygon", "coordinates": [ [ [ -0.59511, 53.24515 ], [ -0.5722, 53.23643 ], [ -0.57073, 53.22959 ], [ -0.57547, 53.23161 ], [ -0.60095, 53.22669 ], [ -0.59903, 53.23204 ], [ -0.61619, 53.23953 ], [ -0.62321, 53.23154 ], [ -0.62129, 53.22683 ], [ -0.63602, 53.22956 ], [ -0.6393, 53.23572 ], [ -0.65411, 53.23651 ], [ -0.65362, 53.24229 ], [ -0.64695, 53.24588 ], [ -0.64848, 53.25308 ], [ -0.62248, 53.25811 ], [ -0.61147, 53.2564 ], [ -0.59511, 53.24515 ] ] ] } },
{ "type": "Feature", "properties": { "small_area": "E01028369" }, "geometry": { "type": "Polygon", "coordinates": [ [ [ -1.02685, 52.90471 ], [ -1.03535, 52.90165 ], [ -1.03906, 52.90658 ], [ -1.02685, 52.90471 ] ] ] } },
{ "type": "Feature", "properties": { "small_area": "E01025849" }, "geometry": { "type": "Polygon", "coordinates": [ [ [ -1.37861, 52.53728 ], [ -1.36905, 52.53831 ], [ -1.36702, 52.53597 ], [ -1.38046, 52.53416 ], [ -1.3869, 52.54143 ], [ -1.37757, 52.54072 ], [ -1.37861, 52.53728 ] ] ] } },
{ "type": "Feature", "properties": { "small_area": "E01026048" }, "geometry": { "type": "Polygon", "coordinates": [ [ [ 0.33998, 53.21172 ], [ 0.33123, 53.20921 ], [ 0.31623, 53.21345 ], [ 0.31727, 53.22082 ], [ 0.33074, 53.22485 ], [ 0.33348, 53.22218 ], [ 0.33829, 53.22335 ], [ 0.33303, 53.22796 ], [ 0.33911, 53.23185 ], [ 0.3474, 53.20833 ], [ 0.33998, 53.21172 ] ] ] } },
{ "type": "Feature", "properties": { "small_area": "E01027282" }, "geometry": { "type": "Polygon", "coordinates": [ [ [ -0.99591, 52.20323 ], [ -1.00929, 52.20762 ], [ -1.00944, 52.21293 ], [ -1.00404, 52.21368 ], [ -1.00319, 52.21825 ], [ -0.99363, 52.21367 ], [ -0.98249, 52.21453 ], [ -0.98194, 52.20461 ], [ -0.99591, 52.20323 ] ] ] } },
{ "type": "Feature", "properties": { "small_area": "E01019625" }, "geometry": { "type": "Polygon", "coordinates": [ [ [ -1.53497, 53.13658 ], [ -1.55225, 53.13663 ], [ -1.54148, 53.14144 ], [ -1.534, 53.14016 ], [ -1.53497, 53.13658 ] ] ] } },
{ "type": "Feature", "properties": { "small_area": "E01019622" }, "geometry": { "type": "Polygon", "coordinates": [ [ [ -1.56061, 53.14052 ], [ -1.5592, 53.14464 ], [ -1.56166, 53.14328 ], [ -1.56329, 53.14685 ], [ -1.55898, 53.14714 ], [ -1.55098, 53.15623 ], [ -1.54632, 53.1497 ], [ -1.54927, 53.14639 ], [ -1.55495, 53.14652 ], [ -1.55015, 53.14376 ], [ -1.56061, 53.14052 ] ] ] } },
{ "type": "Feature", "properties": { "small_area": "E01026375" }, "geometry": { "type": "Polygon", "coordinates": [ [ [ -0.75208, 53.38745 ], [ -0.76173, 53.38745 ], [ -0.76208, 53.39103 ], [ -0.75502, 53.3899 ], [ -0.74597, 53.40008 ], [ -0.73791, 53.39277 ], [ -0.75208, 53.38745 ] ] ] } },
{ "type": "Feature", "properties": { "small_area": "E01026374" }, "geometry": { "type": "Polygon", "coordinates": [ [ [ -0.75472, 53.39217 ], [ -0.76076, 53.39611 ], [ -0.7574, 53.3967 ], [ -0.76023, 53.39974 ], [ -0.74958, 53.40184 ], [ -0.75015, 53.40477 ], [ -0.74717, 53.40549 ], [ -0.74597, 53.40008 ], [ -0.75472, 53.39217 ] ] ] } },
{ "type": "Feature", "properties": { "small_area": "E01026377" }, "geometry": { "type": "Polygon", "coordinates": [ [ [ -0.76215, 53.40483 ], [ -0.75015, 53.40477 ], [ -0.74958, 53.40184 ], [ -0.76023, 53.39974 ], [ -0.7574, 53.3967 ], [ -0.76076, 53.39611 ], [ -0.76215, 53.40483 ] ] ] } },
{ "type": "Feature", "properties": { "small_area": "E01026372" }, "geometry": { "type": "Polygon", "coordinates": [ [ [ -0.34162, 53.3126 ], [ -0.36122, 53.31033 ], [ -0.35979, 53.3058 ], [ -0.38532, 53.30075 ], [ -0.39757, 53.30903 ], [ -0.42411, 53.30471 ], [ -0.42306, 53.3008 ], [ -0.41527, 53.29823 ], [ -0.51066, 53.28853 ], [ -0.51097, 53.29361 ], [ -0.44277, 53.3154 ], [ -0.42435, 53.31534 ], [ -0.42801, 53.32516 ], [ -0.4419, 53.3353 ], [ -0.44181, 53.34004 ], [ -0.38752, 53.34066 ], [ -0.3845, 53.33766 ], [ -0.35998, 53.34107 ], [ -0.34554, 53.32284 ], [ -0.34162, 53.3126 ] ] ] } },
{ "type": "Feature", "properties": { "small_area": "E01028023" }, "geometry": { "type": "Polygon", "coordinates": [ [ [ -0.92211, 53.45649 ], [ -0.90652, 53.45949 ], [ -0.91342, 53.44955 ], [ -0.91141, 53.43645 ], [ -0.90439, 53.4342 ], [ -0.89401, 53.43656 ], [ -0.88429, 53.42964 ], [ -0.86914, 53.42739 ], [ -0.86948, 53.42349 ], [ -0.87525, 53.42229 ], [ -0.8667, 53.41462 ], [ -0.86373, 53.40393 ], [ -0.8704, 53.39431 ], [ -0.90608, 53.39937 ], [ -0.91046, 53.40667 ], [ -0.92079, 53.41203 ], [ -0.93859, 53.40629 ], [ -0.94486, 53.40709 ], [ -0.94545, 53.40207 ], [ -0.95111, 53.4026 ], [ -0.95972, 53.39643 ], [ -0.98324, 53.40735 ], [ -0.99515, 53.40237 ], [ -1.00274, 53.40664 ], [ -0.99984, 53.4094 ], [ -1.00977, 53.4116 ], [ -1.00345, 53.42049 ], [ -1.0117, 53.42167 ], [ -1.01428, 53.42626 ], [ -1.01238, 53.43278 ], [ -0.99591, 53.43683 ], [ -0.99734, 53.44424 ], [ -0.98345, 53.4676 ], [ -0.98602, 53.47162 ], [ -0.95333, 53.48439 ], [ -0.93558, 53.50248 ], [ -0.90053, 53.47513 ], [ -0.91797, 53.46681 ], [ -0.91626, 53.46028 ], [ -0.92211, 53.45649 ] ] ] } },
{ "type": "Feature", "properties": { "small_area": "E01025716" }, "geometry": { "type": "Polygon", "coordinates": [ [ [ -1.20485, 52.75673 ], [ -1.21067, 52.75092 ], [ -1.2139, 52.75577 ], [ -1.21197, 52.76164 ], [ -1.2056, 52.76 ], [ -1.20485, 52.75673 ] ] ] } },
{ "type": "Feature", "properties": { "small_area": "E01026965" }, "geometry": { "type": "Polygon", "coordinates": [ [ [ -0.7186, 52.47652 ], [ -0.72171, 52.47848 ], [ -0.71808, 52.48159 ], [ -0.71343, 52.48065 ], [ -0.7186, 52.47652 ] ] ] } },
{ "type": "Feature", "properties": { "small_area": "E01013463" }, "geometry": { "type": "Polygon", "coordinates": [ [ [ -1.4778, 52.96442 ], [ -1.46765, 52.9648 ], [ -1.4676, 52.95567 ], [ -1.48124, 52.95675 ], [ -1.48356, 52.96049 ], [ -1.49447, 52.96017 ], [ -1.49541, 52.96586 ], [ -1.47966, 52.96752 ], [ -1.4778, 52.96442 ] ] ] } },
{ "type": "Feature", "properties": { "small_area": "E01013906" }, "geometry": { "type": "Polygon", "coordinates": [ [ [ -1.17434, 52.90365 ], [ -1.16628, 52.89892 ], [ -1.16883, 52.8977 ], [ -1.17889, 52.90017 ], [ -1.17434, 52.90365 ] ] ] } },
{ "type": "Feature", "properties": { "small_area": "E01013821" }, "geometry": { "type": "Polygon", "coordinates": [ [ [ -1.2053, 52.97624 ], [ -1.20945, 52.97597 ], [ -1.20906, 52.97304 ], [ -1.21579, 52.97381 ], [ -1.20714, 52.98005 ], [ -1.2053, 52.97624 ] ] ] } },
{ "type": "Feature", "properties": { "small_area": "E01019497" }, "geometry": { "type": "Polygon", "coordinates": [ [ [ -1.21303, 53.2476 ], [ -1.21578, 53.25859 ], [ -1.21192, 53.25375 ], [ -1.20827, 53.26095 ], [ -1.21402, 53.26135 ], [ -1.21289, 53.26345 ], [ -1.22328, 53.26105 ], [ -1.2222, 53.26686 ], [ -1.20808, 53.26774 ], [ -1.20234, 53.26125 ], [ -1.21303, 53.2476 ] ] ] } },
{ "type": "Feature", "properties": { "small_area": "E01019416" }, "geometry": { "type": "Polygon", "coordinates": [ [ [ -1.47613, 53.02742 ], [ -1.48289, 53.03096 ], [ -1.47929, 53.03623 ], [ -1.47351, 53.03635 ], [ -1.47394, 53.0446 ], [ -1.45581, 53.04062 ], [ -1.47613, 53.02742 ] ] ] } },
{ "type": "Feature", "properties": { "small_area": "E01019879" }, "geometry": { "type": "Polygon", "coordinates": [ [ [ -1.56912, 52.76991 ], [ -1.56788, 52.76663 ], [ -1.5749, 52.76397 ], [ -1.58347, 52.76957 ], [ -1.58379, 52.77165 ], [ -1.56653, 52.77646 ], [ -1.56215, 52.77414 ], [ -1.56912, 52.76991 ] ] ] } },
{ "type": "Feature", "properties": { "small_area": "E01013765" }, "geometry": { "type": "Polygon", "coordinates": [ [ [ -1.11395, 52.62388 ], [ -1.11045, 52.62608 ], [ -1.10707, 52.62511 ], [ -1.11395, 52.62388 ] ] ] } },
{ "type": "Feature", "properties": { "small_area": "E01025770" }, "geometry": { "type": "Polygon", "coordinates": [ [ [ -0.8763, 52.57053 ], [ -0.87082, 52.56925 ], [ -0.86682, 52.55935 ], [ -0.85422, 52.54796 ], [ -0.83941, 52.5465 ], [ -0.84165, 52.5387 ], [ -0.83843, 52.53663 ], [ -0.85013, 52.52165 ], [ -0.86336, 52.52831 ], [ -0.87101, 52.52474 ], [ -0.87262, 52.51838 ], [ -0.88578, 52.51275 ], [ -0.88898, 52.51402 ], [ -0.88115, 52.51984 ], [ -0.88576, 52.52369 ], [ -0.91376, 52.53051 ], [ -0.91772, 52.53477 ], [ -0.91648, 52.54448 ], [ -0.92109, 52.54716 ], [ -0.92105, 52.55346 ], [ -0.92959, 52.55871 ], [ -0.92213, 52.56683 ], [ -0.94144, 52.57962 ], [ -0.95534, 52.57199 ], [ -1.00821, 52.59071 ], [ -1.00074, 52.60457 ], [ -1.00313, 52.60952 ], [ -0.98468, 52.61798 ], [ -0.97469, 52.61416 ], [ -0.96772, 52.61702 ], [ -0.96485, 52.61913 ], [ -0.96884, 52.62277 ], [ -0.95963, 52.63326 ], [ -0.91252, 52.64183 ], [ -0.92459, 52.61633 ], [ -0.91876, 52.60665 ], [ -0.89581, 52.59188 ], [ -0.87971, 52.58957 ], [ -0.87327, 52.57407 ], [ -0.8763, 52.57053 ] ] ] } },
{ "type": "Feature", "properties": { "small_area": "E01032982" }, "geometry": { "type": "Polygon", "coordinates": [ [ [ -0.88909, 52.18275 ], [ -0.89434, 52.18609 ], [ -0.89231, 52.19694 ], [ -0.8799, 52.19509 ], [ -0.88909, 52.18275 ] ] ] } },
{ "type": "Feature", "properties": { "small_area": "E01026967" }, "geometry": { "type": "Polygon", "coordinates": [ [ [ -0.70999, 52.47766 ], [ -0.7147, 52.48243 ], [ -0.69939, 52.4836 ], [ -0.70999, 52.47766 ] ] ] } },
{ "type": "Feature", "properties": { "small_area": "E01032983" }, "geometry": { "type": "Polygon", "coordinates": [ [ [ -0.87505, 52.18522 ], [ -0.88098, 52.18503 ], [ -0.88202, 52.18905 ], [ -0.8786, 52.19375 ], [ -0.87505, 52.18522 ] ] ] } },
{ "type": "Feature", "properties": { "small_area": "E01032984" }, "geometry": { "type": "Polygon", "coordinates": [ [ [ -0.87106, 52.1794 ], [ -0.87885, 52.17711 ], [ -0.88909, 52.18275 ], [ -0.88841, 52.18659 ], [ -0.88202, 52.18905 ], [ -0.88098, 52.18503 ], [ -0.87505, 52.18522 ], [ -0.87106, 52.1794 ] ] ] } },
{ "type": "Feature", "properties": { "small_area": "E01026247" }, "geometry": { "type": "Polygon", "coordinates": [ [ [ -0.10363, 52.87687 ], [ -0.09994, 52.87058 ], [ -0.10843, 52.86012 ], [ -0.1256, 52.86795 ], [ -0.14721, 52.86279 ], [ -0.13077, 52.85587 ], [ -0.1315, 52.85283 ], [ -0.13892, 52.85412 ], [ -0.15143, 52.84904 ], [ -0.16622, 52.85282 ], [ -0.16559, 52.84105 ], [ -0.18109, 52.84307 ], [ -0.19322, 52.8733 ], [ -0.17293, 52.8741 ], [ -0.16942, 52.8814 ], [ -0.15257, 52.87594 ], [ -0.1474, 52.88195 ], [ -0.13065, 52.88307 ], [ -0.12598, 52.87965 ], [ -0.11964, 52.88255 ], [ -0.10363, 52.87687 ] ] ] } },
{ "type": "Feature", "properties": { "small_area": "E01026244" }, "geometry": { "type": "Polygon", "coordinates": [ [ [ -0.15164, 52.89422 ], [ -0.14475, 52.89075 ], [ -0.14515, 52.88688 ], [ -0.13065, 52.88307 ], [ -0.1474, 52.88195 ], [ -0.15257, 52.87594 ], [ -0.16942, 52.8814 ], [ -0.17293, 52.8741 ], [ -0.19322, 52.8733 ], [ -0.19535, 52.86359 ], [ -0.23212, 52.86438 ], [ -0.2374, 52.87363 ], [ -0.25766, 52.87446 ], [ -0.26752, 52.88134 ], [ -0.26337, 52.89055 ], [ -0.20218, 52.88501 ], [ -0.18416, 52.89439 ], [ -0.15735, 52.89397 ], [ -0.15488, 52.89823 ], [ -0.14894, 52.89793 ], [ -0.15164, 52.89422 ] ] ] } },
{ "type": "Feature", "properties": { "small_area": "E01026246" }, "geometry": { "type": "Polygon", "coordinates": [ [ [ 0.18562, 52.82999 ], [ 0.18178, 52.82542 ], [ 0.16575, 52.82692 ], [ 0.16445, 52.82443 ], [ 0.13707, 52.8244 ], [ 0.12801, 52.82139 ], [ 0.11394, 52.79833 ], [ 0.11876, 52.79693 ], [ 0.11018, 52.79042 ], [ 0.09816, 52.79007 ], [ 0.09803, 52.78564 ], [ 0.09333, 52.78587 ], [ 0.08975, 52.78027 ], [ 0.09893, 52.77955 ], [ 0.0958, 52.77452 ], [ 0.06093, 52.75635 ], [ 0.03894, 52.74967 ], [ 0.01958, 52.73566 ], [ 0.02147, 52.7451 ], [ 0.01531, 52.7529 ], [ 0.02645, 52.76186 ], [ 0.0374, 52.76356 ], [ 0.06341, 52.77497 ], [ 0.07177, 52.80321 ], [ 0.07923, 52.80607 ], [ 0.08109, 52.81063 ], [ 0.08795, 52.80736 ], [ 0.09084, 52.81534 ], [ 0.09728, 52.81751 ], [ 0.10346, 52.82518 ], [ 0.09693, 52.83271 ], [ 0.10443, 52.83952 ], [ 0.09735, 52.85016 ], [ 0.10505, 52.85512 ], [ 0.11077, 52.85334 ], [ 0.12446, 52.85704 ], [ 0.12252, 52.8641 ], [ 0.14956, 52.88221 ], [ 0.15611, 52.87619 ], [ 0.17471, 52.87354 ], [ 0.17546, 52.86397 ], [ 0.196, 52.84927 ], [ 0.19634, 52.84092 ], [ 0.20935, 52.82925 ], [ 0.18562, 52.82999 ] ] ] } },
{ "type": "Feature", "properties": { "small_area": "E01032981" }, "geometry": { "type": "Polygon", "coordinates": [ [ [ -0.87042, 52.2285 ], [ -0.87799, 52.21989 ], [ -0.88643, 52.21699 ], [ -0.8932, 52.2256 ], [ -0.89704, 52.22427 ], [ -0.90223, 52.22747 ], [ -0.88454, 52.23184 ], [ -0.87042, 52.2285 ] ] ] } },
{ "type": "Feature", "properties": { "small_area": "E01026245" }, "geometry": { "type": "Polygon", "coordinates": [ [ [ 0.09084, 52.81534 ], [ 0.08795, 52.80736 ], [ 0.08109, 52.81063 ], [ 0.07923, 52.80607 ], [ 0.07177, 52.80321 ], [ 0.06341, 52.77497 ], [ 0.0374, 52.76356 ], [ 0.02645, 52.76186 ], [ 0.01531, 52.7529 ], [ 0.02147, 52.7451 ], [ 0.01958, 52.73566 ], [ -0.04494, 52.66917 ], [ -0.05804, 52.67407 ], [ -0.02919, 52.69756 ], [ -0.00426, 52.72756 ], [ -0.00622, 52.74447 ], [ 0.00445, 52.74721 ], [ 0.01683, 52.77369 ], [ 0.02216, 52.77389 ], [ 0.0194, 52.78254 ], [ 0.02317, 52.78329 ], [ 0.02613, 52.79891 ], [ 0.02915, 52.80127 ], [ 0.0259, 52.8036 ], [ 0.05286, 52.80934 ], [ 0.05189, 52.81244 ], [ 0.06931, 52.81457 ], [ 0.07684, 52.81933 ], [ 0.09728, 52.81751 ], [ 0.09084, 52.81534 ] ] ] } },
{ "type": "Feature", "properties": { "small_area": "E01026242" }, "geometry": { "type": "Polygon", "coordinates": [ [ [ -0.22137, 52.91439 ], [ -0.22078, 52.90852 ], [ -0.20852, 52.90881 ], [ -0.21762, 52.90187 ], [ -0.21422, 52.89912 ], [ -0.21013, 52.90408 ], [ -0.20737, 52.90192 ], [ -0.20402, 52.90543 ], [ -0.19395, 52.9051 ], [ -0.19294, 52.91711 ], [ -0.19209, 52.91462 ], [ -0.18165, 52.91489 ], [ -0.17788, 52.91901 ], [ -0.16738, 52.9123 ], [ -0.15698, 52.91218 ], [ -0.14894, 52.89793 ], [ -0.15488, 52.89823 ], [ -0.15735, 52.89397 ], [ -0.18416, 52.89439 ], [ -0.20218, 52.88501 ], [ -0.26337, 52.89055 ], [ -0.24671, 52.92881 ], [ -0.20973, 52.92275 ], [ -0.22137, 52.91439 ] ] ] } },
{ "type": "Feature", "properties": { "small_area": "E01019871" }, "geometry": { "type": "Polygon", "coordinates": [ [ [ -1.62716, 52.72367 ], [ -1.65661, 52.72173 ], [ -1.67795, 52.72749 ], [ -1.69696, 52.72718 ], [ -1.70416, 52.73206 ], [ -1.69789, 52.73536 ], [ -1.69763, 52.74375 ], [ -1.69224, 52.74411 ], [ -1.69693, 52.7526 ], [ -1.68597, 52.759 ], [ -1.68253, 52.76946 ], [ -1.67005, 52.77358 ], [ -1.65251, 52.76084 ], [ -1.6551, 52.7536 ], [ -1.64633, 52.74595 ], [ -1.65068, 52.74249 ], [ -1.64546, 52.74324 ], [ -1.6416, 52.73939 ], [ -1.61576, 52.73371 ], [ -1.61275, 52.73013 ], [ -1.62716, 52.72367 ] ] ] } },
{ "type": "Feature", "properties": { "small_area": "E01019707" }, "geometry": { "type": "Polygon", "coordinates": [ [ [ -1.30594, 52.88848 ], [ -1.30027, 52.89441 ], [ -1.2957, 52.89145 ], [ -1.29949, 52.88654 ], [ -1.30594, 52.88848 ] ] ] } },
{ "type": "Feature", "properties": { "small_area": "E01026338" }, "geometry": { "type": "Polygon", "coordinates": [ [ [ -0.5429, 52.78046 ], [ -0.53165, 52.76627 ], [ -0.51826, 52.76125 ], [ -0.52138, 52.75754 ], [ -0.51709, 52.7441 ], [ -0.52063, 52.7389 ], [ -0.53998, 52.73838 ], [ -0.57146, 52.74785 ], [ -0.57265, 52.75309 ], [ -0.58958, 52.75375 ], [ -0.60545, 52.75047 ], [ -0.6102, 52.76425 ], [ -0.63352, 52.76405 ], [ -0.62772, 52.76688 ], [ -0.62833, 52.77495 ], [ -0.6458, 52.77257 ], [ -0.64629, 52.77671 ], [ -0.64153, 52.77736 ], [ -0.63834, 52.78485 ], [ -0.62889, 52.78999 ], [ -0.59992, 52.78427 ], [ -0.56715, 52.79061 ], [ -0.5625, 52.78327 ], [ -0.5429, 52.78046 ] ] ] } },
{ "type": "Feature", "properties": { "small_area": "E01028078" }, "geometry": { "type": "Polygon", "coordinates": [ [ [ -1.2249, 52.93545 ], [ -1.21076, 52.93355 ], [ -1.21606, 52.9315 ], [ -1.22015, 52.93086 ], [ -1.2249, 52.93545 ] ] ] } },
{ "type": "Feature", "properties": { "small_area": "E01026079" }, "geometry": { "type": "MultiPolygon", "coordinates": [ [ [ [ 0.19227, 53.4483 ], [ 0.19156, 53.44903 ], [ 0.19192, 53.44897 ], [ 0.19227, 53.4483 ] ] ], [ [ [ 0.13645, 53.49541 ], [ 0.13215, 53.4965 ], [ 0.12767, 53.49065 ], [ 0.12858, 53.48457 ], [ 0.14384, 53.48194 ], [ 0.14748, 53.4941 ], [ 0.16358, 53.48211 ], [ 0.16816, 53.47664 ], [ 0.16002, 53.47608 ], [ 0.16692, 53.47096 ], [ 0.17209, 53.4719 ], [ 0.17862, 53.46481 ], [ 0.17292, 53.46702 ], [ 0.18503, 53.45701 ], [ 0.17953, 53.45841 ], [ 0.18206, 53.45248 ], [ 0.19142, 53.44937 ], [ 0.18519, 53.44909 ], [ 0.18464, 53.44437 ], [ 0.1437, 53.42931 ], [ 0.14516, 53.42563 ], [ 0.17527, 53.4219 ], [ 0.1435, 53.41404 ], [ 0.10429, 53.39208 ], [ 0.09836, 53.39969 ], [ 0.10447, 53.40256 ], [ 0.09582, 53.41018 ], [ 0.09276, 53.40796 ], [ 0.0847, 53.41362 ], [ 0.09348, 53.41629 ], [ 0.10347, 53.42867 ], [ 0.11573, 53.43494 ], [ 0.11195, 53.44497 ], [ 0.11613, 53.44773 ], [ 0.10835, 53.45133 ], [ 0.09939, 53.46329 ], [ 0.10575, 53.46416 ], [ 0.11328, 53.4709 ], [ 0.11149, 53.48232 ], [ 0.10269, 53.48429 ], [ 0.11106, 53.49003 ], [ 0.11585, 53.48973 ], [ 0.11253, 53.49101 ], [ 0.12452, 53.49926 ], [ 0.13645, 53.49541 ] ] ] ] } },
{ "type": "Feature", "properties": { "small_area": "E01026078" }, "geometry": { "type": "Polygon", "coordinates": [ [ [ -0.01054, 53.37614 ], [ 0.00017, 53.3729 ], [ -0.0037, 53.37147 ], [ -0.00926, 53.36916 ], [ -0.01054, 53.37614 ] ] ] } },
{ "type": "Feature", "properties": { "small_area": "E01028079" }, "geometry": { "type": "Polygon", "coordinates": [ [ [ -1.21263, 52.92857 ], [ -1.21606, 52.9315 ], [ -1.21076, 52.93355 ], [ -1.20511, 52.93338 ], [ -1.21263, 52.92857 ] ] ] } },
{ "type": "Feature", "properties": { "small_area": "E01026088" }, "geometry": { "type": "Polygon", "coordinates": [ [ [ 0.00652, 53.37087 ], [ 0.00323, 53.3742 ], [ 0.01071, 53.37806 ], [ 0.01583, 53.3738 ], [ 0.00652, 53.37087 ] ] ] } },
{ "type": "Feature", "properties": { "small_area": "E01026009" }, "geometry": { "type": "Polygon", "coordinates": [ [ [ 0.14914, 53.00765 ], [ 0.14804, 53.00275 ], [ 0.13686, 52.9983 ], [ 0.11185, 52.97656 ], [ 0.09442, 52.98428 ], [ 0.08414, 52.9827 ], [ 0.06289, 52.99156 ], [ 0.05471, 53.00211 ], [ 0.04557, 53.02996 ], [ 0.04604, 53.03217 ], [ 0.06166, 53.03108 ], [ 0.07516, 53.0231 ], [ 0.09218, 53.01889 ], [ 0.11134, 53.01678 ], [ 0.12867, 53.02049 ], [ 0.16243, 53.01349 ], [ 0.14914, 53.00765 ] ] ] } },
{ "type": "Feature", "properties": { "small_area": "E01026008" }, "geometry": { "type": "Polygon", "coordinates": [ [ [ 0.09405, 52.96034 ], [ 0.0857, 52.95736 ], [ 0.0935, 52.95691 ], [ 0.0866, 52.9538 ], [ 0.07578, 52.93831 ], [ 0.07902, 52.93396 ], [ 0.0741, 52.93247 ], [ 0.0634, 52.93702 ], [ 0.05744, 52.94447 ], [ 0.0442, 52.94518 ], [ 0.04067, 52.94896 ], [ 0.04938, 52.9513 ], [ 0.0391, 52.95475 ], [ 0.044, 52.95742 ], [ 0.0408, 52.96023 ], [ 0.0336, 52.96005 ], [ 0.03692, 52.96999 ], [ 0.01769, 53.016 ], [ 0.03711, 53.02747 ], [ 0.04323, 53.0015 ], [ 0.05739, 52.98338 ], [ 0.0639, 52.98312 ], [ 0.06058, 52.97864 ], [ 0.09482, 52.97395 ], [ 0.10066, 52.96989 ], [ 0.09405, 52.96034 ] ] ] } },
{ "type": "Feature", "properties": { "small_area": "E01026089" }, "geometry": { "type": "Polygon", "coordinates": [ [ [ 0.0052, 53.35983 ], [ 0.01297, 53.34789 ], [ -0.0041, 53.34752 ], [ -0.01187, 53.35522 ], [ -0.02682, 53.35484 ], [ -0.0249, 53.3629 ], [ -0.00755, 53.36652 ], [ 0.0052, 53.35983 ] ] ] } },
{ "type": "Feature", "properties": { "small_area": "E01013549" }, "geometry": { "type": "Polygon", "coordinates": [ [ [ -1.53193, 52.92116 ], [ -1.53972, 52.92442 ], [ -1.53118, 52.92951 ], [ -1.52544, 52.92462 ], [ -1.53193, 52.92116 ] ] ] } },
{ "type": "Feature", "properties": { "small_area": "E01028269" }, "geometry": { "type": "Polygon", "coordinates": [ [ [ -1.18893, 53.14273 ], [ -1.18177, 53.1404 ], [ -1.18844, 53.13706 ], [ -1.19553, 53.14062 ], [ -1.19357, 53.14367 ], [ -1.18893, 53.14273 ] ] ] } },
{ "type": "Feature", "properties": { "small_area": "E01028268" }, "geometry": { "type": "Polygon", "coordinates": [ [ [ -1.21058, 53.14052 ], [ -1.19357, 53.14367 ], [ -1.19967, 53.13579 ], [ -1.21199, 53.13524 ], [ -1.21058, 53.14052 ] ] ] } },
{ "type": "Feature", "properties": { "small_area": "E01025670" }, "geometry": { "type": "Polygon", "coordinates": [ [ [ -1.19098, 52.67524 ], [ -1.19398, 52.6821 ], [ -1.18626, 52.68296 ], [ -1.18411, 52.67584 ], [ -1.19098, 52.67524 ] ] ] } },
{ "type": "Feature", "properties": { "small_area": "E01025673" }, "geometry": { "type": "Polygon", "coordinates": [ [ [ -1.18639, 52.67047 ], [ -1.18022, 52.66934 ], [ -1.17666, 52.66428 ], [ -1.18957, 52.66066 ], [ -1.2023, 52.6667 ], [ -1.18757, 52.67501 ], [ -1.18639, 52.67047 ] ] ] } },
{ "type": "Feature", "properties": { "small_area": "E01025672" }, "geometry": { "type": "Polygon", "coordinates": [ [ [ -1.19218, 52.67039 ], [ -1.2023, 52.6667 ], [ -1.21377, 52.67466 ], [ -1.21373, 52.68085 ], [ -1.20758, 52.68335 ], [ -1.19398, 52.6821 ], [ -1.19218, 52.67039 ] ] ] } },
{ "type": "Feature", "properties": { "small_area": "E01025775" }, "geometry": { "type": "Polygon", "coordinates": [ [ [ -1.2256, 52.52728 ], [ -1.23018, 52.51996 ], [ -1.24026, 52.52097 ], [ -1.26118, 52.5303 ], [ -1.24912, 52.54062 ], [ -1.22919, 52.5349 ], [ -1.2256, 52.52728 ] ] ] } },
{ "type": "Feature", "properties": { "small_area": "E01025671" }, "geometry": { "type": "Polygon", "coordinates": [ [ [ -1.17909, 52.67638 ], [ -1.18022, 52.66934 ], [ -1.18639, 52.67047 ], [ -1.18757, 52.67501 ], [ -1.18411, 52.67584 ], [ -1.18626, 52.68296 ], [ -1.17392, 52.68602 ], [ -1.17074, 52.68354 ], [ -1.17909, 52.67638 ] ] ] } },
{ "type": "Feature", "properties": { "small_area": "E01019662" }, "geometry": { "type": "Polygon", "coordinates": [ [ [ -1.30881, 52.9777 ], [ -1.30226, 52.97968 ], [ -1.29803, 52.97309 ], [ -1.30295, 52.97277 ], [ -1.30881, 52.9777 ] ] ] } },
{ "type": "Feature", "properties": { "small_area": "E01027009" }, "geometry": { "type": "Polygon", "coordinates": [ [ [ -1.18009, 52.26641 ], [ -1.18259, 52.26301 ], [ -1.17585, 52.26131 ], [ -1.17847, 52.25933 ], [ -1.17299, 52.25704 ], [ -1.18363, 52.25313 ], [ -1.19089, 52.25639 ], [ -1.19518, 52.26789 ], [ -1.19936, 52.26863 ], [ -1.19287, 52.27338 ], [ -1.18009, 52.26641 ] ] ] } },
{ "type": "Feature", "properties": { "small_area": "E01027088" }, "geometry": { "type": "Polygon", "coordinates": [ [ [ -0.71486, 52.41288 ], [ -0.71898, 52.41302 ], [ -0.72388, 52.4216 ], [ -0.71163, 52.41747 ], [ -0.71486, 52.41288 ] ] ] } },
{ "type": "Feature", "properties": { "small_area": "E01033387" }, "geometry": { "type": "Polygon", "coordinates": [ [ [ -1.42073, 53.23398 ], [ -1.41478, 53.23072 ], [ -1.42037, 53.22648 ], [ -1.42855, 53.22766 ], [ -1.42793, 53.2312 ], [ -1.43494, 53.23564 ], [ -1.41607, 53.2386 ], [ -1.42073, 53.23398 ] ] ] } },
{ "type": "Feature", "properties": { "small_area": "E01013896" }, "geometry": { "type": "Polygon", "coordinates": [ [ [ -1.16714, 52.91057 ], [ -1.17408, 52.90968 ], [ -1.1757, 52.91397 ], [ -1.17089, 52.91208 ], [ -1.1771, 52.91699 ], [ -1.16752, 52.92033 ], [ -1.16538, 52.91706 ], [ -1.16714, 52.91057 ] ] ] } },
{ "type": "Feature", "properties": { "small_area": "E01019624" }, "geometry": { "type": "Polygon", "coordinates": [ [ [ -1.55903, 53.13602 ], [ -1.57219, 53.13956 ], [ -1.56329, 53.14685 ], [ -1.56166, 53.14328 ], [ -1.5592, 53.14464 ], [ -1.56061, 53.14052 ], [ -1.55451, 53.14232 ], [ -1.55903, 53.13602 ] ] ] } },
{ "type": "Feature", "properties": { "small_area": "E01019627" }, "geometry": { "type": "Polygon", "coordinates": [ [ [ -1.5001, 53.12827 ], [ -1.51437, 53.12654 ], [ -1.52779, 53.1323 ], [ -1.53419, 53.13132 ], [ -1.53497, 53.13658 ], [ -1.52337, 53.15212 ], [ -1.51567, 53.154 ], [ -1.49544, 53.13389 ], [ -1.5001, 53.12827 ] ] ] } },
{ "type": "Feature", "properties": { "small_area": "E01019626" }, "geometry": { "type": "Polygon", "coordinates": [ [ [ -1.53497, 53.13658 ], [ -1.53419, 53.13132 ], [ -1.52779, 53.1323 ], [ -1.51437, 53.12654 ], [ -1.52351, 53.12041 ], [ -1.5206, 53.11447 ], [ -1.53355, 53.11244 ], [ -1.55475, 53.11878 ], [ -1.55981, 53.12584 ], [ -1.55225, 53.13663 ], [ -1.53497, 53.13658 ] ] ] } },
{ "type": "Feature", "properties": { "small_area": "E01026116" }, "geometry": { "type": "Polygon", "coordinates": [ [ [ 0.34956, 53.15162 ], [ 0.34469, 53.1522 ], [ 0.34212, 53.14905 ], [ 0.3425, 53.15487 ], [ 0.33636, 53.15816 ], [ 0.34272, 53.16473 ], [ 0.35133, 53.16425 ], [ 0.34956, 53.15162 ] ] ] } },
{ "type": "Feature", "properties": { "small_area": "E01026197" }, "geometry": { "type": "Polygon", "coordinates": [ [ [ -0.4687, 53.0917 ], [ -0.48156, 53.08874 ], [ -0.46438, 53.06526 ], [ -0.43742, 53.06785 ], [ -0.42918, 53.05209 ], [ -0.44181, 53.05148 ], [ -0.44533, 53.04135 ], [ -0.43973, 53.03133 ], [ -0.47825, 53.0249 ], [ -0.5146, 53.02735 ], [ -0.51479, 53.02959 ], [ -0.49018, 53.03365 ], [ -0.48247, 53.04483 ], [ -0.49916, 53.0475 ], [ -0.49972, 53.05335 ], [ -0.51759, 53.04474 ], [ -0.51657, 53.05058 ], [ -0.52278, 53.05026 ], [ -0.51727, 53.08252 ], [ -0.49082, 53.08759 ], [ -0.48584, 53.09903 ], [ -0.48942, 53.11391 ], [ -0.45441, 53.11784 ], [ -0.45331, 53.10905 ], [ -0.4687, 53.0917 ] ] ] } },
{ "type": "Feature", "properties": { "small_area": "E01027183" }, "geometry": { "type": "Polygon", "coordinates": [ [ [ -0.84376, 52.26777 ], [ -0.85094, 52.26464 ], [ -0.85357, 52.27139 ], [ -0.84587, 52.27588 ], [ -0.84376, 52.26777 ] ] ] } },
{ "type": "Feature", "properties": { "small_area": "E01013586" }, "geometry": { "type": "Polygon", "coordinates": [ [ [ -1.49763, 52.8769 ], [ -1.4995, 52.88269 ], [ -1.50196, 52.88159 ], [ -1.49809, 52.88362 ], [ -1.49184, 52.8827 ], [ -1.49763, 52.8769 ] ] ] } },
{ "type": "Feature", "properties": { "small_area": "E01027079" }, "geometry": { "type": "Polygon", "coordinates": [ [ [ -0.71801, 52.40862 ], [ -0.72732, 52.40675 ], [ -0.73016, 52.41089 ], [ -0.72536, 52.41305 ], [ -0.72597, 52.40966 ], [ -0.71857, 52.4108 ], [ -0.71801, 52.40862 ] ] ] } },
{ "type": "Feature", "properties": { "small_area": "E01027078" }, "geometry": { "type": "Polygon", "coordinates": [ [ [ -0.53984, 52.38273 ], [ -0.54325, 52.38474 ], [ -0.54996, 52.38258 ], [ -0.5536, 52.37795 ], [ -0.56586, 52.3822 ], [ -0.57714, 52.37839 ], [ -0.56355, 52.36959 ], [ -0.58058, 52.3617 ], [ -0.57442, 52.34562 ], [ -0.57859, 52.34223 ], [ -0.58205, 52.34063 ], [ -0.59883, 52.34794 ], [ -0.60732, 52.34257 ], [ -0.62705, 52.34426 ], [ -0.62271, 52.35336 ], [ -0.63238, 52.36156 ], [ -0.62112, 52.36936 ], [ -0.62427, 52.38086 ], [ -0.59452, 52.39221 ], [ -0.57282, 52.39119 ], [ -0.5666, 52.38785 ], [ -0.54349, 52.38979 ], [ -0.54214, 52.39266 ], [ -0.53984, 52.38273 ] ] ] } },
{ "type": "Feature", "properties": { "small_area": "E01027268" }, "geometry": { "type": "Polygon", "coordinates": [ [ [ -1.15701, 52.0292 ], [ -1.15239, 52.0265 ], [ -1.15668, 52.02531 ], [ -1.16326, 52.02975 ], [ -1.15777, 52.03434 ], [ -1.15509, 52.03188 ], [ -1.15701, 52.0292 ] ] ] } },
{ "type": "Feature", "properties": { "small_area": "E01028307" }, "geometry": { "type": "Polygon", "coordinates": [ [ [ -0.78583, 53.08568 ], [ -0.79364, 53.08793 ], [ -0.79632, 53.09033 ], [ -0.79152, 53.09095 ], [ -0.79894, 53.09528 ], [ -0.7892, 53.09312 ], [ -0.78583, 53.08568 ] ] ] } },
{ "type": "Feature", "properties": { "small_area": "E01028386" }, "geometry": { "type": "Polygon", "coordinates": [ [ [ -1.1209, 52.93617 ], [ -1.12909, 52.93852 ], [ -1.13159, 52.94284 ], [ -1.115, 52.94389 ], [ -1.11344, 52.93813 ], [ -1.1209, 52.93617 ] ] ] } },
{ "type": "Feature", "properties": { "small_area": "E01026300" }, "geometry": { "type": "Polygon", "coordinates": [ [ [ -0.37615, 52.77817 ], [ -0.38398, 52.77905 ], [ -0.38021, 52.77801 ], [ -0.38083, 52.77356 ], [ -0.38744, 52.77247 ], [ -0.39279, 52.76639 ], [ -0.40112, 52.77127 ], [ -0.40711, 52.76768 ], [ -0.40413, 52.78159 ], [ -0.40828, 52.7914 ], [ -0.39472, 52.79479 ], [ -0.3762, 52.79402 ], [ -0.37615, 52.77817 ] ] ] } },
{ "type": "Feature", "properties": { "small_area": "E01026381" }, "geometry": { "type": "Polygon", "coordinates": [ [ [ -0.77933, 53.40834 ], [ -0.78833, 53.40562 ], [ -0.7909, 53.41139 ], [ -0.78787, 53.41426 ], [ -0.77856, 53.41316 ], [ -0.77933, 53.40834 ] ] ] } },
{ "type": "Feature", "properties": { "small_area": "E01028387" }, "geometry": { "type": "Polygon", "coordinates": [ [ [ -1.17068, 52.83709 ], [ -1.17728, 52.8315 ], [ -1.18037, 52.83943 ], [ -1.19485, 52.838 ], [ -1.1793, 52.85099 ], [ -1.17961, 52.85952 ], [ -1.16715, 52.85978 ], [ -1.15579, 52.85018 ], [ -1.15357, 52.83899 ], [ -1.17068, 52.83709 ] ] ] } },
{ "type": "Feature", "properties": { "small_area": "E01028306" }, "geometry": { "type": "Polygon", "coordinates": [ [ [ -0.79894, 53.09528 ], [ -0.79152, 53.09095 ], [ -0.79632, 53.09033 ], [ -0.79364, 53.08793 ], [ -0.80124, 53.0844 ], [ -0.80691, 53.09005 ], [ -0.7989, 53.1014 ], [ -0.78672, 53.09371 ], [ -0.79894, 53.09528 ] ] ] } },
{ "type": "Feature", "properties": { "small_area": "E01026303" }, "geometry": { "type": "Polygon", "coordinates": [ [ [ -0.2978, 52.67567 ], [ -0.30586, 52.67605 ], [ -0.30535, 52.68088 ], [ -0.2978, 52.67567 ] ] ] } },
{ "type": "Feature", "properties": { "small_area": "E01026382" }, "geometry": { "type": "Polygon", "coordinates": [ [ [ -0.76173, 53.38745 ], [ -0.75208, 53.38745 ], [ -0.73791, 53.39277 ], [ -0.73384, 53.38957 ], [ -0.73574, 53.38243 ], [ -0.77515, 53.37708 ], [ -0.78066, 53.38334 ], [ -0.78974, 53.38587 ], [ -0.76198, 53.39317 ], [ -0.76173, 53.38745 ] ] ] } },
{ "type": "Feature", "properties": { "small_area": "E01027269" }, "geometry": { "type": "Polygon", "coordinates": [ [ [ -1.15014, 52.02305 ], [ -1.15668, 52.02531 ], [ -1.15239, 52.0265 ], [ -1.15701, 52.0292 ], [ -1.15509, 52.03188 ], [ -1.14723, 52.02894 ], [ -1.15014, 52.02305 ] ] ] } },
{ "type": "Feature", "properties": { "small_area": "E01026380" }, "geometry": { "type": "Polygon", "coordinates": [ [ [ -0.74717, 53.40549 ], [ -0.76997, 53.40287 ], [ -0.77247, 53.40556 ], [ -0.76744, 53.40689 ], [ -0.77049, 53.40827 ], [ -0.76697, 53.41198 ], [ -0.74717, 53.40549 ] ] ] } },
{ "type": "Feature", "properties": { "small_area": "E01019615" }, "geometry": { "type": "Polygon", "coordinates": [ [ [ -1.66396, 53.36687 ], [ -1.66113, 53.36551 ], [ -1.63059, 53.35614 ], [ -1.62561, 53.35204 ], [ -1.59059, 53.34594 ], [ -1.61219, 53.34322 ], [ -1.62218, 53.33317 ], [ -1.62465, 53.33577 ], [ -1.63192, 53.33534 ], [ -1.6336, 53.33828 ], [ -1.62644, 53.34026 ], [ -1.63002, 53.34284 ], [ -1.65089, 53.33701 ], [ -1.6571, 53.33857 ], [ -1.66308, 53.33477 ], [ -1.66121, 53.33241 ], [ -1.66886, 53.33588 ], [ -1.67127, 53.33412 ], [ -1.66234, 53.33081 ], [ -1.66132, 53.32729 ], [ -1.65764, 53.33244 ], [ -1.65035, 53.3313 ], [ -1.65562, 53.32957 ], [ -1.65323, 53.32586 ], [ -1.65848, 53.32245 ], [ -1.64543, 53.32175 ], [ -1.64626, 53.31705 ], [ -1.63995, 53.31111 ], [ -1.64107, 53.2951 ], [ -1.63568, 53.29584 ], [ -1.64055, 53.29245 ], [ -1.63345, 53.2933 ], [ -1.64111, 53.2866 ], [ -1.63625, 53.28097 ], [ -1.65085, 53.27826 ], [ -1.65754, 53.28175 ], [ -1.66379, 53.27731 ], [ -1.70137, 53.28101 ], [ -1.697, 53.27827 ], [ -1.70512, 53.27452 ], [ -1.71234, 53.28276 ], [ -1.70406, 53.28232 ], [ -1.7082, 53.28454 ], [ -1.70248, 53.28963 ], [ -1.70991, 53.28751 ], [ -1.70835, 53.29745 ], [ -1.69394, 53.29689 ], [ -1.68221, 53.3017 ], [ -1.68591, 53.3051 ], [ -1.69275, 53.30054 ], [ -1.69461, 53.30591 ], [ -1.72359, 53.30144 ], [ -1.72931, 53.3111 ], [ -1.72535, 53.31893 ], [ -1.71172, 53.32444 ], [ -1.70045, 53.32361 ], [ -1.69687, 53.33479 ], [ -1.68554, 53.33556 ], [ -1.67705, 53.34221 ], [ -1.67094, 53.34958 ], [ -1.67331, 53.36938 ], [ -1.66376, 53.38084 ], [ -1.66186, 53.39143 ], [ -1.65388, 53.39189 ], [ -1.65368, 53.38475 ], [ -1.66095, 53.37694 ], [ -1.66396, 53.36687 ] ] ] } },
{ "type": "Feature", "properties": { "small_area": "E01027940" }, "geometry": { "type": "Polygon", "coordinates": [ [ [ -1.23369, 53.02605 ], [ -1.23628, 53.02829 ], [ -1.2296, 53.03159 ], [ -1.22607, 53.02992 ], [ -1.23369, 53.02605 ] ] ] } },
{ "type": "Feature", "properties": { "small_area": "E01019601" }, "geometry": { "type": "Polygon", "coordinates": [ [ [ -1.67074, 53.21002 ], [ -1.67655, 53.20995 ], [ -1.66828, 53.20666 ], [ -1.67607, 53.19692 ], [ -1.67951, 53.19743 ], [ -1.67974, 53.20522 ], [ -1.68567, 53.20804 ], [ -1.67994, 53.21224 ], [ -1.67074, 53.21002 ] ] ] } },
{ "type": "Feature", "properties": { "small_area": "E01019680" }, "geometry": { "type": "Polygon", "coordinates": [ [ [ -1.24911, 52.90291 ], [ -1.26021, 52.89585 ], [ -1.26581, 52.90001 ], [ -1.26233, 52.90417 ], [ -1.24911, 52.90291 ] ] ] } },
{ "type": "Feature", "properties": { "small_area": "E01019600" }, "geometry": { "type": "Polygon", "coordinates": [ [ [ -1.67205, 53.21202 ], [ -1.68868, 53.21327 ], [ -1.68551, 53.21016 ], [ -1.69251, 53.20685 ], [ -1.69266, 53.20029 ], [ -1.72952, 53.19861 ], [ -1.73303, 53.20475 ], [ -1.75273, 53.20021 ], [ -1.78092, 53.21092 ], [ -1.78047, 53.21432 ], [ -1.76134, 53.21792 ], [ -1.75104, 53.22945 ], [ -1.74394, 53.2297 ], [ -1.74692, 53.23639 ], [ -1.72657, 53.24214 ], [ -1.7192, 53.23719 ], [ -1.70908, 53.23887 ], [ -1.70183, 53.23326 ], [ -1.69387, 53.23563 ], [ -1.68788, 53.23353 ], [ -1.68805, 53.22002 ], [ -1.68258, 53.21886 ], [ -1.67902, 53.22214 ], [ -1.67205, 53.21202 ] ] ] } },
{ "type": "Feature", "properties": { "small_area": "E01019681" }, "geometry": { "type": "Polygon", "coordinates": [ [ [ -1.24641, 52.88896 ], [ -1.23899, 52.88351 ], [ -1.24006, 52.88009 ], [ -1.25362, 52.87927 ], [ -1.26611, 52.87329 ], [ -1.26748, 52.87674 ], [ -1.26229, 52.88982 ], [ -1.26522, 52.89351 ], [ -1.24662, 52.90308 ], [ -1.24743, 52.89868 ], [ -1.23971, 52.89227 ], [ -1.24641, 52.88896 ] ] ] } },
{ "type": "Feature", "properties": { "small_area": "E01019779" }, "geometry": { "type": "Polygon", "coordinates": [ [ [ -1.46456, 53.3063 ], [ -1.46125, 53.31108 ], [ -1.46883, 53.31391 ], [ -1.46791, 53.31713 ], [ -1.4637, 53.31959 ], [ -1.45913, 53.31209 ], [ -1.45123, 53.31116 ], [ -1.4524, 53.30653 ], [ -1.46456, 53.3063 ] ] ] } },
{ "type": "Feature", "properties": { "small_area": "E01013797" }, "geometry": { "type": "Polygon", "coordinates": [ [ [ -0.62411, 52.64295 ], [ -0.63125, 52.63977 ], [ -0.62582, 52.63319 ], [ -0.59422, 52.62772 ], [ -0.58455, 52.63268 ], [ -0.57577, 52.6311 ], [ -0.57852, 52.618 ], [ -0.57509, 52.61377 ], [ -0.58155, 52.60548 ], [ -0.62615, 52.59246 ], [ -0.63283, 52.59583 ], [ -0.62887, 52.59886 ], [ -0.62909, 52.61048 ], [ -0.64378, 52.61309 ], [ -0.63791, 52.62081 ], [ -0.63755, 52.63287 ], [ -0.64276, 52.63254 ], [ -0.64482, 52.6357 ], [ -0.66946, 52.63623 ], [ -0.66257, 52.64751 ], [ -0.64353, 52.64437 ], [ -0.63035, 52.64701 ], [ -0.62411, 52.64295 ] ] ] } },
{ "type": "Feature", "properties": { "small_area": "E01013615" }, "geometry": { "type": "Polygon", "coordinates": [ [ [ -1.1368, 52.67988 ], [ -1.13772, 52.67535 ], [ -1.14946, 52.67493 ], [ -1.15597, 52.67787 ], [ -1.15957, 52.67387 ], [ -1.16761, 52.67484 ], [ -1.17069, 52.68359 ], [ -1.15726, 52.6915 ], [ -1.15238, 52.68842 ], [ -1.14753, 52.69064 ], [ -1.1368, 52.67988 ] ] ] } },
{ "type": "Feature", "properties": { "small_area": "E01013614" }, "geometry": { "type": "Polygon", "coordinates": [ [ [ -1.14468, 52.60643 ], [ -1.13854, 52.60463 ], [ -1.14146, 52.60012 ], [ -1.14647, 52.60266 ], [ -1.14468, 52.60643 ] ] ] } },
{ "type": "Feature", "properties": { "small_area": "E01027306" }, "geometry": { "type": "Polygon", "coordinates": [ [ [ -1.03261, 52.12575 ], [ -1.02739, 52.1322 ], [ -1.02534, 52.12417 ], [ -1.03533, 52.11367 ], [ -1.02188, 52.10475 ], [ -1.02482, 52.09803 ], [ -1.0537, 52.08989 ], [ -1.0582, 52.08391 ], [ -1.07731, 52.08489 ], [ -1.08593, 52.09374 ], [ -1.10538, 52.09361 ], [ -1.11446, 52.09862 ], [ -1.11409, 52.10154 ], [ -1.12191, 52.09978 ], [ -1.14497, 52.11045 ], [ -1.14995, 52.10947 ], [ -1.15703, 52.09581 ], [ -1.20201, 52.09513 ], [ -1.20485, 52.09917 ], [ -1.19261, 52.1186 ], [ -1.19585, 52.11836 ], [ -1.19467, 52.12395 ], [ -1.20189, 52.13394 ], [ -1.20862, 52.13667 ], [ -1.18839, 52.1454 ], [ -1.17691, 52.14312 ], [ -1.13742, 52.14642 ], [ -1.13256, 52.14132 ], [ -1.11056, 52.15016 ], [ -1.11193, 52.13988 ], [ -1.11976, 52.13517 ], [ -1.11134, 52.13298 ], [ -1.11439, 52.12865 ], [ -1.08009, 52.11993 ], [ -1.07544, 52.11196 ], [ -1.04899, 52.11743 ], [ -1.03261, 52.12575 ] ] ] } },
{ "type": "Feature", "properties": { "small_area": "E01026059" }, "geometry": { "type": "Polygon", "coordinates": [ [ [ 0.12536, 53.15917 ], [ 0.13226, 53.15617 ], [ 0.13248, 53.14205 ], [ 0.1414, 53.12868 ], [ 0.10525, 53.12047 ], [ 0.10398, 53.12738 ], [ 0.08889, 53.12636 ], [ 0.09001, 53.12093 ], [ 0.07503, 53.12114 ], [ 0.07737, 53.1278 ], [ 0.06725, 53.128 ], [ 0.0657, 53.13381 ], [ 0.07525, 53.15838 ], [ 0.07045, 53.16292 ], [ 0.08154, 53.1648 ], [ 0.09577, 53.15709 ], [ 0.09867, 53.15972 ], [ 0.1031, 53.15852 ], [ 0.10595, 53.16818 ], [ 0.11795, 53.18318 ], [ 0.13085, 53.17345 ], [ 0.12857, 53.16977 ], [ 0.13456, 53.16341 ], [ 0.12536, 53.15917 ] ] ] } },
{ "type": "Feature", "properties": { "small_area": "E01027227" }, "geometry": { "type": "Polygon", "coordinates": [ [ [ -0.88562, 52.24232 ], [ -0.89231, 52.24079 ], [ -0.89037, 52.24484 ], [ -0.88408, 52.24434 ], [ -0.88562, 52.24232 ] ] ] } },
{ "type": "Feature", "properties": { "small_area": "E01026058" }, "geometry": { "type": "Polygon", "coordinates": [ [ [ 0.15097, 53.39769 ], [ 0.12531, 53.38182 ], [ 0.13449, 53.35989 ], [ 0.12329, 53.36211 ], [ 0.1109, 53.35239 ], [ 0.10548, 53.35624 ], [ 0.07305, 53.35597 ], [ 0.06142, 53.37018 ], [ 0.05682, 53.36842 ], [ 0.04985, 53.37196 ], [ 0.04947, 53.38276 ], [ 0.03684, 53.38573 ], [ 0.0376, 53.38905 ], [ 0.05538, 53.39552 ], [ 0.05874, 53.4029 ], [ 0.06543, 53.40635 ], [ 0.07219, 53.40568 ], [ 0.0847, 53.41362 ], [ 0.09276, 53.40796 ], [ 0.09582, 53.41018 ], [ 0.10447, 53.40256 ], [ 0.09836, 53.39969 ], [ 0.10429, 53.39208 ], [ 0.13318, 53.40718 ], [ 0.15097, 53.39769 ] ] ] } },
{ "type": "Feature", "properties": { "small_area": "E01028051" }, "geometry": { "type": "Polygon", "coordinates": [ [ [ -1.10444, 53.32383 ], [ -1.11747, 53.32605 ], [ -1.11041, 53.32865 ], [ -1.10143, 53.32663 ], [ -1.10444, 53.32383 ] ] ] } },
{ "type": "Feature", "properties": { "small_area": "E01028050" }, "geometry": { "type": "Polygon", "coordinates": [ [ [ -1.12119, 53.32686 ], [ -1.12142, 53.31884 ], [ -1.12664, 53.32041 ], [ -1.12843, 53.32363 ], [ -1.12452, 53.32423 ], [ -1.12911, 53.32761 ], [ -1.12119, 53.32686 ] ] ] } },
{ "type": "Feature", "properties": { "small_area": "E01027307" }, "geometry": { "type": "Polygon", "coordinates": [ [ [ -0.91677, 52.08857 ], [ -0.91308, 52.09017 ], [ -0.90825, 52.0873 ], [ -0.895, 52.0925 ], [ -0.89281, 52.09001 ], [ -0.88681, 52.09143 ], [ -0.88359, 52.08795 ], [ -0.87688, 52.09259 ], [ -0.86932, 52.0744 ], [ -0.88641, 52.0707 ], [ -0.88528, 52.06518 ], [ -0.89312, 52.0733 ], [ -0.89947, 52.07212 ], [ -0.9145, 52.07613 ], [ -0.92412, 52.07073 ], [ -0.95189, 52.08152 ], [ -0.96078, 52.07863 ], [ -0.96782, 52.0709 ], [ -1.00756, 52.07208 ], [ -0.99845, 52.08168 ], [ -1.01229, 52.09117 ], [ -1.00214, 52.10844 ], [ -0.9832, 52.1054 ], [ -0.97839, 52.10859 ], [ -0.96837, 52.09882 ], [ -0.97066, 52.09695 ], [ -0.96563, 52.09668 ], [ -0.96638, 52.09384 ], [ -0.95893, 52.08994 ], [ -0.94417, 52.09121 ], [ -0.94258, 52.09645 ], [ -0.92821, 52.09872 ], [ -0.91677, 52.08857 ] ] ] } },
{ "type": "Feature", "properties": { "small_area": "E01028149" }, "geometry": { "type": "MultiPolygon", "coordinates": [ [ [ [ -1.04286, 52.99159 ], [ -1.0426, 52.99158 ], [ -1.04253, 52.99142 ], [ -1.04286, 52.99159 ] ] ], [ [ [ -1.03633, 52.98826 ], [ -1.03119, 52.99277 ], [ -1.00877, 52.98918 ], [ -1.00709, 52.98544 ], [ -1.01678, 52.98022 ], [ -1.02549, 52.98569 ], [ -1.03923, 52.98457 ], [ -1.04253, 52.99142 ], [ -1.03633, 52.98826 ] ] ] ] } },
{ "type": "Feature", "properties": { "small_area": "E01028148" }, "geometry": { "type": "Polygon", "coordinates": [ [ [ -1.03119, 52.99277 ], [ -1.03633, 52.98826 ], [ -1.04253, 52.99142 ], [ -1.03923, 52.98457 ], [ -1.03537, 52.98514 ], [ -1.03816, 52.98155 ], [ -1.03308, 52.95917 ], [ -1.04177, 52.9512 ], [ -1.05668, 52.9507 ], [ -1.06122, 52.95766 ], [ -1.05765, 52.95976 ], [ -1.06456, 52.96311 ], [ -1.06084, 52.97005 ], [ -1.06557, 52.97162 ], [ -1.05662, 52.97674 ], [ -1.06066, 52.97705 ], [ -1.0718, 52.99336 ], [ -1.03921, 53.0002 ], [ -1.03811, 52.99565 ], [ -1.03119, 52.99277 ] ], [ [ -1.0426, 52.99158 ], [ -1.04286, 52.99159 ], [ -1.04253, 52.99142 ], [ -1.0426, 52.99158 ] ] ] } },
{ "type": "Feature", "properties": { "small_area": "E01019760" }, "geometry": { "type": "Polygon", "coordinates": [ [ [ -1.90463, 53.25935 ], [ -1.89679, 53.26237 ], [ -1.89982, 53.25728 ], [ -1.90463, 53.25935 ] ] ] } },
{ "type": "Feature", "properties": { "small_area": "E01013656" }, "geometry": { "type": "Polygon", "coordinates": [ [ [ -1.10289, 52.6389 ], [ -1.10832, 52.64073 ], [ -1.10374, 52.64252 ], [ -1.10289, 52.6389 ] ] ] } },
{ "type": "Feature", "properties": { "small_area": "E01013738" }, "geometry": { "type": "Polygon", "coordinates": [ [ [ -1.10652, 52.6634 ], [ -1.10965, 52.6594 ], [ -1.12016, 52.65868 ], [ -1.11803, 52.66667 ], [ -1.10652, 52.6634 ] ] ] } },
{ "type": "Feature", "properties": { "small_area": "E01025797" }, "geometry": { "type": "Polygon", "coordinates": [ [ [ -0.88342, 52.51379 ], [ -0.87898, 52.49792 ], [ -0.88373, 52.49225 ], [ -0.89561, 52.49203 ], [ -0.90188, 52.4843 ], [ -0.90773, 52.48589 ], [ -0.90878, 52.48269 ], [ -0.91678, 52.48509 ], [ -0.91558, 52.49358 ], [ -0.92302, 52.49512 ], [ -0.92044, 52.50134 ], [ -0.94006, 52.50437 ], [ -0.94102, 52.50799 ], [ -0.93963, 52.51454 ], [ -0.92763, 52.51649 ], [ -0.9136, 52.51063 ], [ -0.90154, 52.51171 ], [ -0.89599, 52.50802 ], [ -0.88936, 52.50842 ], [ -0.88342, 52.51379 ] ] ] } },
{ "type": "Feature", "properties": { "small_area": "E01013693" }, "geometry": { "type": "Polygon", "coordinates": [ [ [ -1.13504, 52.59742 ], [ -1.14157, 52.59686 ], [ -1.13917, 52.60341 ], [ -1.13504, 52.59742 ] ] ] } },
{ "type": "Feature", "properties": { "small_area": "E01013612" }, "geometry": { "type": "Polygon", "coordinates": [ [ [ -1.14647, 52.60266 ], [ -1.15498, 52.60214 ], [ -1.1611, 52.60872 ], [ -1.14892, 52.61673 ], [ -1.14352, 52.61052 ], [ -1.14647, 52.60266 ] ] ] } },
{ "type": "Feature", "properties": { "small_area": "E01013694" }, "geometry": { "type": "Polygon", "coordinates": [ [ [ -1.06036, 52.65352 ], [ -1.05552, 52.64999 ], [ -1.06622, 52.64553 ], [ -1.06444, 52.65329 ], [ -1.06036, 52.65352 ] ] ] } },
{ "type": "Feature", "properties": { "small_area": "E01027192" }, "geometry": { "type": "Polygon", "coordinates": [ [ [ -0.89228, 52.25619 ], [ -0.89657, 52.25292 ], [ -0.8997, 52.25415 ], [ -0.89618, 52.25755 ], [ -0.89228, 52.25619 ] ] ] } },
{ "type": "Feature", "properties": { "small_area": "E01027113" }, "geometry": { "type": "Polygon", "coordinates": [ [ [ -0.72443, 52.39553 ], [ -0.72017, 52.39162 ], [ -0.7273, 52.38879 ], [ -0.73174, 52.39037 ], [ -0.73347, 52.39575 ], [ -0.72443, 52.39553 ] ] ] } },
{ "type": "Feature", "properties": { "small_area": "E01027112" }, "geometry": { "type": "Polygon", "coordinates": [ [ [ -0.71181, 52.40005 ], [ -0.71587, 52.39679 ], [ -0.71843, 52.40602 ], [ -0.71291, 52.40385 ], [ -0.71181, 52.40005 ] ] ] } },
{ "type": "Feature", "properties": { "small_area": "E01027193" }, "geometry": { "type": "Polygon", "coordinates": [ [ [ -0.91216, 52.26938 ], [ -0.9168, 52.26628 ], [ -0.91496, 52.2634 ], [ -0.93244, 52.27076 ], [ -0.92156, 52.27659 ], [ -0.91216, 52.26938 ] ] ] } },
{ "type": "Feature", "properties": { "small_area": "E01027194" }, "geometry": { "type": "Polygon", "coordinates": [ [ [ -0.90285, 52.26485 ], [ -0.91481, 52.2635 ], [ -0.9168, 52.26628 ], [ -0.91216, 52.26938 ], [ -0.90285, 52.26485 ] ] ] } },
{ "type": "Feature", "properties": { "small_area": "E01027061" }, "geometry": { "type": "Polygon", "coordinates": [ [ [ -0.56284, 52.29035 ], [ -0.57419, 52.28966 ], [ -0.59337, 52.29675 ], [ -0.59066, 52.30177 ], [ -0.56284, 52.29035 ] ] ] } },
{ "type": "Feature", "properties": { "small_area": "E01019815" }, "geometry": { "type": "Polygon", "coordinates": [ [ [ -1.32259, 53.28136 ], [ -1.33364, 53.28974 ], [ -1.34525, 53.28579 ], [ -1.33821, 53.29696 ], [ -1.33935, 53.30782 ], [ -1.3219, 53.30905 ], [ -1.31067, 53.29793 ], [ -1.32414, 53.29509 ], [ -1.3167, 53.28164 ], [ -1.32259, 53.28136 ] ] ] } },
{ "type": "Feature", "properties": { "small_area": "E01019812" }, "geometry": { "type": "Polygon", "coordinates": [ [ [ -1.36052, 53.15654 ], [ -1.36551, 53.15546 ], [ -1.37069, 53.16055 ], [ -1.3758, 53.15935 ], [ -1.37582, 53.15464 ], [ -1.40121, 53.15223 ], [ -1.39729, 53.15909 ], [ -1.39328, 53.15821 ], [ -1.39224, 53.16491 ], [ -1.39633, 53.16523 ], [ -1.3936, 53.17098 ], [ -1.37827, 53.17371 ], [ -1.35873, 53.16565 ], [ -1.35294, 53.15919 ], [ -1.35559, 53.15299 ], [ -1.36052, 53.15654 ] ] ] } },
{ "type": "Feature", "properties": { "small_area": "E01019857" }, "geometry": { "type": "Polygon", "coordinates": [ [ [ -1.55223, 52.78569 ], [ -1.56231, 52.78579 ], [ -1.56927, 52.79208 ], [ -1.55969, 52.79138 ], [ -1.55223, 52.78569 ] ] ] } },
{ "type": "Feature", "properties": { "small_area": "E01026411" }, "geometry": { "type": "Polygon", "coordinates": [ [ [ -0.46829, 53.44578 ], [ -0.45879, 53.43822 ], [ -0.46372, 53.43271 ], [ -0.46247, 53.4252 ], [ -0.4483, 53.41367 ], [ -0.45009, 53.40198 ], [ -0.4548, 53.40063 ], [ -0.45835, 53.3931 ], [ -0.45417, 53.38446 ], [ -0.44394, 53.38406 ], [ -0.44541, 53.3781 ], [ -0.45835, 53.36973 ], [ -0.45389, 53.35843 ], [ -0.54458, 53.34625 ], [ -0.55179, 53.45957 ], [ -0.47175, 53.47485 ], [ -0.46509, 53.45389 ], [ -0.46829, 53.44578 ] ] ] } },
{ "type": "Feature", "properties": { "small_area": "E01027098" }, "geometry": { "type": "Polygon", "coordinates": [ [ [ -0.6998, 52.39024 ], [ -0.69629, 52.38635 ], [ -0.70241, 52.38499 ], [ -0.70075, 52.39276 ], [ -0.69904, 52.3907 ], [ -0.69859, 52.39435 ], [ -0.69214, 52.39381 ], [ -0.6998, 52.39024 ] ] ] } },
{ "type": "Feature", "properties": { "small_area": "E01019759" }, "geometry": { "type": "Polygon", "coordinates": [ [ [ -1.88629, 53.25069 ], [ -1.88855, 53.2557 ], [ -1.89815, 53.25427 ], [ -1.89982, 53.25728 ], [ -1.89679, 53.26237 ], [ -1.88091, 53.26677 ], [ -1.87246, 53.25449 ], [ -1.87489, 53.24965 ], [ -1.88629, 53.25069 ] ] ] } },
{ "type": "Feature", "properties": { "small_area": "E01019758" }, "geometry": { "type": "Polygon", "coordinates": [ [ [ -1.96714, 53.43865 ], [ -1.96133, 53.44143 ], [ -1.94542, 53.42889 ], [ -1.96476, 53.43173 ], [ -1.96714, 53.43865 ] ] ] } },
{ "type": "Feature", "properties": { "small_area": "E01013768" }, "geometry": { "type": "Polygon", "coordinates": [ [ [ -1.05508, 52.64289 ], [ -1.05683, 52.63787 ], [ -1.06463, 52.64335 ], [ -1.05098, 52.64391 ], [ -1.05508, 52.64289 ] ] ] } },
{ "type": "Feature", "properties": { "small_area": "E01026162" }, "geometry": { "type": "Polygon", "coordinates": [ [ [ -0.57653, 53.20892 ], [ -0.58822, 53.20055 ], [ -0.60049, 53.20355 ], [ -0.59529, 53.21181 ], [ -0.59129, 53.20818 ], [ -0.58589, 53.21166 ], [ -0.57653, 53.20892 ] ] ] } },
{ "type": "Feature", "properties": { "small_area": "E01026165" }, "geometry": { "type": "Polygon", "coordinates": [ [ [ -0.52472, 53.24519 ], [ -0.53147, 53.25285 ], [ -0.52671, 53.2538 ], [ -0.51409, 53.25378 ], [ -0.52472, 53.24519 ] ] ] } },
{ "type": "Feature", "properties": { "small_area": "E01026164" }, "geometry": { "type": "Polygon", "coordinates": [ [ [ -0.53256, 53.23919 ], [ -0.53815, 53.23985 ], [ -0.53794, 53.24488 ], [ -0.52888, 53.24818 ], [ -0.52472, 53.24519 ], [ -0.53256, 53.23919 ] ] ] } },
{ "type": "Feature", "properties": { "small_area": "E01026163" }, "geometry": { "type": "Polygon", "coordinates": [ [ [ -0.60049, 53.20355 ], [ -0.61371, 53.20271 ], [ -0.61972, 53.20806 ], [ -0.60908, 53.2063 ], [ -0.60008, 53.20965 ], [ -0.59748, 53.20678 ], [ -0.60049, 53.20355 ] ] ] } },
{ "type": "Feature", "properties": { "small_area": "E01013806" }, "geometry": { "type": "Polygon", "coordinates": [ [ [ -0.70262, 52.58242 ], [ -0.709, 52.57648 ], [ -0.7149, 52.57576 ], [ -0.72327, 52.58005 ], [ -0.74316, 52.57883 ], [ -0.74459, 52.58117 ], [ -0.74864, 52.57554 ], [ -0.75844, 52.57458 ], [ -0.7574, 52.5703 ], [ -0.7618, 52.56909 ], [ -0.7648, 52.58118 ], [ -0.75527, 52.59067 ], [ -0.7351, 52.58713 ], [ -0.73308, 52.59 ], [ -0.71958, 52.58894 ], [ -0.71748, 52.5914 ], [ -0.7226, 52.58358 ], [ -0.71447, 52.58182 ], [ -0.70282, 52.58913 ], [ -0.70262, 52.58242 ] ] ] } },
{ "type": "Feature", "properties": { "small_area": "E01013933" }, "geometry": { "type": "Polygon", "coordinates": [ [ [ -1.19352, 52.95963 ], [ -1.1842, 52.96042 ], [ -1.18439, 52.9555 ], [ -1.19225, 52.95512 ], [ -1.19352, 52.95963 ] ] ] } },
{ "type": "Feature", "properties": { "small_area": "E01019853" }, "geometry": { "type": "Polygon", "coordinates": [ [ [ -1.42116, 52.82798 ], [ -1.43034, 52.82612 ], [ -1.43535, 52.82961 ], [ -1.44766, 52.82886 ], [ -1.44322, 52.83686 ], [ -1.44547, 52.8419 ], [ -1.43865, 52.84506 ], [ -1.41562, 52.84146 ], [ -1.42116, 52.82798 ] ] ] } },
{ "type": "Feature", "properties": { "small_area": "E01013932" }, "geometry": { "type": "Polygon", "coordinates": [ [ [ -1.18391, 52.96341 ], [ -1.1842, 52.96042 ], [ -1.19788, 52.95982 ], [ -1.20048, 52.96556 ], [ -1.18391, 52.96341 ] ] ] } },
{ "type": "Feature", "properties": { "small_area": "E01025743" }, "geometry": { "type": "Polygon", "coordinates": [ [ [ -1.26122, 52.78183 ], [ -1.26366, 52.77069 ], [ -1.27422, 52.76459 ], [ -1.27531, 52.76875 ], [ -1.28067, 52.76778 ], [ -1.27609, 52.77095 ], [ -1.29205, 52.77035 ], [ -1.27868, 52.78316 ], [ -1.26122, 52.78183 ] ] ] } },
{ "type": "Feature", "properties": { "small_area": "E01027042" }, "geometry": { "type": "Polygon", "coordinates": [ [ [ -0.62127, 52.32121 ], [ -0.60388, 52.31379 ], [ -0.61031, 52.30688 ], [ -0.63705, 52.30519 ], [ -0.63948, 52.31376 ], [ -0.62127, 52.32121 ] ] ] } },
{ "type": "Feature", "properties": { "small_area": "E01027045" }, "geometry": { "type": "Polygon", "coordinates": [ [ [ -0.52219, 52.49658 ], [ -0.51238, 52.49822 ], [ -0.49958, 52.49437 ], [ -0.4992, 52.49084 ], [ -0.51524, 52.48831 ], [ -0.5186, 52.48187 ], [ -0.52734, 52.48093 ], [ -0.52438, 52.47878 ], [ -0.5151, 52.48134 ], [ -0.51904, 52.47405 ], [ -0.52169, 52.47562 ], [ -0.53645, 52.46945 ], [ -0.54369, 52.47198 ], [ -0.56005, 52.45835 ], [ -0.5728, 52.45622 ], [ -0.56533, 52.4532 ], [ -0.56808, 52.44709 ], [ -0.56313, 52.44193 ], [ -0.56926, 52.43697 ], [ -0.5612, 52.42833 ], [ -0.57439, 52.42677 ], [ -0.58903, 52.41713 ], [ -0.60608, 52.42791 ], [ -0.60922, 52.42598 ], [ -0.60533, 52.42125 ], [ -0.62024, 52.42181 ], [ -0.62796, 52.42909 ], [ -0.62762, 52.43486 ], [ -0.63474, 52.43355 ], [ -0.64648, 52.43672 ], [ -0.65873, 52.43427 ], [ -0.66017, 52.44583 ], [ -0.6545, 52.44815 ], [ -0.66416, 52.45446 ], [ -0.65793, 52.45998 ], [ -0.64032, 52.4657 ], [ -0.63191, 52.46458 ], [ -0.63549, 52.46949 ], [ -0.62379, 52.48163 ], [ -0.60141, 52.4868 ], [ -0.5964, 52.49693 ], [ -0.57774, 52.5025 ], [ -0.56627, 52.51044 ], [ -0.54678, 52.51322 ], [ -0.52219, 52.49658 ] ] ] } },
{ "type": "Feature", "properties": { "small_area": "E01033172" }, "geometry": { "type": "Polygon", "coordinates": [ [ [ -1.44308, 52.9176 ], [ -1.44975, 52.91502 ], [ -1.45065, 52.90675 ], [ -1.4435, 52.90693 ], [ -1.44701, 52.89907 ], [ -1.46119, 52.90341 ], [ -1.46387, 52.90727 ], [ -1.46361, 52.91948 ], [ -1.44308, 52.9176 ] ] ] } },
{ "type": "Feature", "properties": { "small_area": "E01027044" }, "geometry": { "type": "Polygon", "coordinates": [ [ [ -0.40266, 52.53489 ], [ -0.41348, 52.52549 ], [ -0.39077, 52.51942 ], [ -0.37794, 52.51064 ], [ -0.35436, 52.50648 ], [ -0.35219, 52.50331 ], [ -0.35971, 52.49585 ], [ -0.35639, 52.4867 ], [ -0.34782, 52.47722 ], [ -0.34974, 52.47287 ], [ -0.34161, 52.46693 ], [ -0.35353, 52.46026 ], [ -0.36056, 52.46543 ], [ -0.37809, 52.46597 ], [ -0.38367, 52.47239 ], [ -0.39772, 52.47194 ], [ -0.39904, 52.47696 ], [ -0.40773, 52.47859 ], [ -0.4479, 52.47628 ], [ -0.46616, 52.49216 ], [ -0.49958, 52.49437 ], [ -0.51238, 52.49822 ], [ -0.52219, 52.49658 ], [ -0.53591, 52.50625 ], [ -0.52453, 52.51004 ], [ -0.50617, 52.50847 ], [ -0.47647, 52.51453 ], [ -0.46778, 52.51394 ], [ -0.46607, 52.51082 ], [ -0.45633, 52.51273 ], [ -0.4624, 52.51866 ], [ -0.45658, 52.52261 ], [ -0.462, 52.52241 ], [ -0.47025, 52.52988 ], [ -0.46524, 52.53573 ], [ -0.4462, 52.53567 ], [ -0.43739, 52.54321 ], [ -0.4032, 52.54224 ], [ -0.40266, 52.53489 ] ] ] } },
{ "type": "Feature", "properties": { "small_area": "E01027047" }, "geometry": { "type": "Polygon", "coordinates": [ [ [ -0.47009, 52.48347 ], [ -0.47643, 52.48808 ], [ -0.47128, 52.4903 ], [ -0.47418, 52.49153 ], [ -0.46616, 52.49216 ], [ -0.46186, 52.48821 ], [ -0.47009, 52.48347 ] ] ] } },
{ "type": "Feature", "properties": { "small_area": "E01027046" }, "geometry": { "type": "Polygon", "coordinates": [ [ [ -0.4843, 52.48828 ], [ -0.484, 52.48325 ], [ -0.49044, 52.48272 ], [ -0.49958, 52.49437 ], [ -0.46616, 52.49216 ], [ -0.4843, 52.48828 ] ] ] } },
{ "type": "Feature", "properties": { "small_area": "E01027354" }, "geometry": { "type": "Polygon", "coordinates": [ [ [ -0.65681, 52.26927 ], [ -0.67757, 52.2661 ], [ -0.67766, 52.26053 ], [ -0.68807, 52.26334 ], [ -0.68651, 52.25956 ], [ -0.67143, 52.25773 ], [ -0.66914, 52.2547 ], [ -0.64984, 52.2542 ], [ -0.64277, 52.23343 ], [ -0.65954, 52.23823 ], [ -0.66164, 52.23531 ], [ -0.67321, 52.23455 ], [ -0.68871, 52.23765 ], [ -0.70109, 52.23246 ], [ -0.71435, 52.22111 ], [ -0.72749, 52.23811 ], [ -0.74867, 52.24595 ], [ -0.72272, 52.25349 ], [ -0.69945, 52.27204 ], [ -0.68515, 52.27742 ], [ -0.65681, 52.26927 ] ] ] } },
{ "type": "Feature", "properties": { "small_area": "E01027961" }, "geometry": { "type": "Polygon", "coordinates": [ [ [ -1.30029, 53.07517 ], [ -1.29635, 53.07386 ], [ -1.306, 53.06785 ], [ -1.29352, 53.06663 ], [ -1.29441, 53.06426 ], [ -1.31477, 53.06527 ], [ -1.31072, 53.0748 ], [ -1.32203, 53.07797 ], [ -1.30928, 53.08137 ], [ -1.30473, 53.07891 ], [ -1.30114, 53.08237 ], [ -1.29787, 53.07815 ], [ -1.30029, 53.07517 ] ] ] } },
{ "type": "Feature", "properties": { "small_area": "E01025964" }, "geometry": { "type": "Polygon", "coordinates": [ [ [ -1.42016, 52.79515 ], [ -1.41198, 52.79337 ], [ -1.41356, 52.78423 ], [ -1.42577, 52.76863 ], [ -1.40238, 52.76129 ], [ -1.39467, 52.76165 ], [ -1.39581, 52.76479 ], [ -1.3879, 52.76817 ], [ -1.38384, 52.75702 ], [ -1.38431, 52.75457 ], [ -1.39703, 52.75242 ], [ -1.40848, 52.73414 ], [ -1.41415, 52.73528 ], [ -1.41412, 52.73257 ], [ -1.42404, 52.7364 ], [ -1.43336, 52.73329 ], [ -1.44401, 52.74075 ], [ -1.43436, 52.75616 ], [ -1.44357, 52.77167 ], [ -1.44067, 52.77982 ], [ -1.45037, 52.78062 ], [ -1.45488, 52.78897 ], [ -1.4419, 52.79352 ], [ -1.44357, 52.80273 ], [ -1.42397, 52.80124 ], [ -1.42016, 52.79515 ] ] ] } },
{ "type": "Feature", "properties": { "small_area": "E01013764" }, "geometry": { "type": "Polygon", "coordinates": [ [ [ -1.08826, 52.62634 ], [ -1.09034, 52.62161 ], [ -1.10079, 52.62731 ], [ -1.08826, 52.62634 ] ] ] } },
{ "type": "Feature", "properties": { "small_area": "E01026124" }, "geometry": { "type": "Polygon", "coordinates": [ [ [ -0.50937, 53.2308 ], [ -0.50663, 53.2262 ], [ -0.52712, 53.23144 ], [ -0.50937, 53.2308 ] ] ] } },
{ "type": "Feature", "properties": { "small_area": "E01026125" }, "geometry": { "type": "Polygon", "coordinates": [ [ [ -0.5236, 53.23264 ], [ -0.52533, 53.23762 ], [ -0.5172, 53.24036 ], [ -0.51219, 53.23444 ], [ -0.5163, 53.23454 ], [ -0.51724, 53.23076 ], [ -0.5236, 53.23264 ] ] ] } },
{ "type": "Feature", "properties": { "small_area": "E01026127" }, "geometry": { "type": "Polygon", "coordinates": [ [ [ -0.60797, 53.21947 ], [ -0.61293, 53.21882 ], [ -0.60173, 53.22141 ], [ -0.60636, 53.21665 ], [ -0.60797, 53.21947 ] ] ] } },
{ "type": "Feature", "properties": { "small_area": "E01026126" }, "geometry": { "type": "Polygon", "coordinates": [ [ [ -0.53667, 53.22815 ], [ -0.52712, 53.23144 ], [ -0.5195, 53.22753 ], [ -0.53667, 53.22815 ] ] ] } },
{ "type": "Feature", "properties": { "small_area": "E01026122" }, "geometry": { "type": "Polygon", "coordinates": [ [ [ -0.53667, 53.22815 ], [ -0.54067, 53.22851 ], [ -0.53844, 53.23254 ], [ -0.5363, 53.23072 ], [ -0.52533, 53.23762 ], [ -0.5236, 53.23264 ], [ -0.53667, 53.22815 ] ] ] } },
{ "type": "Feature", "properties": { "small_area": "E01026123" }, "geometry": { "type": "Polygon", "coordinates": [ [ [ -0.51724, 53.23076 ], [ -0.5163, 53.23454 ], [ -0.51219, 53.23444 ], [ -0.5172, 53.24036 ], [ -0.49581, 53.2438 ], [ -0.49508, 53.22528 ], [ -0.51724, 53.23076 ] ] ] } },
{ "type": "Feature", "properties": { "small_area": "E01027201" }, "geometry": { "type": "Polygon", "coordinates": [ [ [ -0.8885, 52.20582 ], [ -0.8892, 52.20957 ], [ -0.8919, 52.2073 ], [ -0.89422, 52.21459 ], [ -0.88841, 52.21682 ], [ -0.88796, 52.21427 ], [ -0.87924, 52.21324 ], [ -0.88291, 52.21056 ], [ -0.87958, 52.20826 ], [ -0.8885, 52.20582 ] ] ] } },
{ "type": "Feature", "properties": { "small_area": "E01019877" }, "geometry": { "type": "Polygon", "coordinates": [ [ [ -1.56337, 52.77203 ], [ -1.56215, 52.77414 ], [ -1.55211, 52.77836 ], [ -1.55077, 52.77083 ], [ -1.55927, 52.76848 ], [ -1.56337, 52.77203 ] ] ] } },
{ "type": "Feature", "properties": { "small_area": "E01013759" }, "geometry": { "type": "Polygon", "coordinates": [ [ [ -1.09929, 52.61696 ], [ -1.10431, 52.62072 ], [ -1.09403, 52.62234 ], [ -1.09929, 52.61696 ] ] ] } },
{ "type": "Feature", "properties": { "small_area": "E01019562" }, "geometry": { "type": "Polygon", "coordinates": [ [ [ -1.45769, 53.24727 ], [ -1.45082, 53.24915 ], [ -1.44826, 53.24274 ], [ -1.4528, 53.23969 ], [ -1.45769, 53.24727 ] ] ] } },
{ "type": "Feature", "properties": { "small_area": "E01013812" }, "geometry": { "type": "Polygon", "coordinates": [ [ [ -1.17064, 52.9615 ], [ -1.17794, 52.96405 ], [ -1.1736, 52.96515 ], [ -1.17064, 52.9615 ] ] ] } },
{ "type": "Feature", "properties": { "small_area": "E01025686" }, "geometry": { "type": "Polygon", "coordinates": [ [ [ -1.05131, 52.71191 ], [ -1.04978, 52.71533 ], [ -1.05429, 52.71667 ], [ -1.0599, 52.71163 ], [ -1.07067, 52.71115 ], [ -1.07303, 52.71815 ], [ -1.06435, 52.72214 ], [ -1.05599, 52.72166 ], [ -1.05156, 52.71707 ], [ -1.03988, 52.71712 ], [ -1.04072, 52.71338 ], [ -1.05131, 52.71191 ] ] ] } },
{ "type": "Feature", "properties": { "small_area": "E01019658" }, "geometry": { "type": "Polygon", "coordinates": [ [ [ -1.2925, 52.95555 ], [ -1.28242, 52.95122 ], [ -1.28278, 52.94554 ], [ -1.3053, 52.9516 ], [ -1.29725, 52.95493 ], [ -1.30216, 52.95673 ], [ -1.29824, 52.95976 ], [ -1.29052, 52.9598 ], [ -1.2925, 52.95555 ] ] ] } },
{ "type": "Feature", "properties": { "small_area": "E01019659" }, "geometry": { "type": "Polygon", "coordinates": [ [ [ -1.30216, 52.95673 ], [ -1.29725, 52.95493 ], [ -1.31181, 52.95141 ], [ -1.31418, 52.95956 ], [ -1.29824, 52.95976 ], [ -1.30216, 52.95673 ] ] ] } },
{ "type": "Feature", "properties": { "small_area": "E01019711" }, "geometry": { "type": "Polygon", "coordinates": [ [ [ -1.95399, 53.33343 ], [ -1.94978, 53.33158 ], [ -1.95321, 53.32911 ], [ -1.96543, 53.32883 ], [ -1.98375, 53.34283 ], [ -1.98558, 53.35113 ], [ -1.96655, 53.35351 ], [ -1.94752, 53.34022 ], [ -1.93599, 53.33928 ], [ -1.95399, 53.33343 ] ] ] } },
{ "type": "Feature", "properties": { "small_area": "E01013726" }, "geometry": { "type": "Polygon", "coordinates": [ [ [ -1.17127, 52.64448 ], [ -1.16552, 52.63965 ], [ -1.17568, 52.63906 ], [ -1.18548, 52.64361 ], [ -1.1799, 52.64691 ], [ -1.17127, 52.64448 ] ] ] } },
{ "type": "Feature", "properties": { "small_area": "E01019791" }, "geometry": { "type": "Polygon", "coordinates": [ [ [ -1.33821, 53.29696 ], [ -1.34525, 53.28579 ], [ -1.3669, 53.28916 ], [ -1.37085, 53.29508 ], [ -1.36205, 53.29936 ], [ -1.36588, 53.307 ], [ -1.34228, 53.31493 ], [ -1.33879, 53.31425 ], [ -1.34322, 53.31149 ], [ -1.33935, 53.30782 ], [ -1.33821, 53.29696 ] ] ] } },
{ "type": "Feature", "properties": { "small_area": "E01019710" }, "geometry": { "type": "Polygon", "coordinates": [ [ [ -1.90463, 53.25935 ], [ -1.90675, 53.26041 ], [ -1.89812, 53.27818 ], [ -1.88464, 53.27065 ], [ -1.88085, 53.27266 ], [ -1.88091, 53.26677 ], [ -1.90463, 53.25935 ] ] ] } },
{ "type": "Feature", "properties": { "small_area": "E01019792" }, "geometry": { "type": "Polygon", "coordinates": [ [ [ -1.38155, 53.29994 ], [ -1.36588, 53.307 ], [ -1.36205, 53.29936 ], [ -1.37085, 53.29508 ], [ -1.38155, 53.29994 ] ] ] } },
{ "type": "Feature", "properties": { "small_area": "E01019848" }, "geometry": { "type": "Polygon", "coordinates": [ [ [ -1.60812, 52.8663 ], [ -1.61534, 52.86151 ], [ -1.61616, 52.86512 ], [ -1.61822, 52.86222 ], [ -1.63043, 52.8668 ], [ -1.62831, 52.87535 ], [ -1.62191, 52.87034 ], [ -1.60838, 52.874 ], [ -1.60812, 52.8663 ] ] ] } },
{ "type": "Feature", "properties": { "small_area": "E01019713" }, "geometry": { "type": "Polygon", "coordinates": [ [ [ -1.91875, 53.32623 ], [ -1.92991, 53.32489 ], [ -1.92912, 53.30652 ], [ -1.91067, 53.30411 ], [ -1.90798, 53.2891 ], [ -1.91093, 53.28461 ], [ -1.92173, 53.28577 ], [ -1.94788, 53.28045 ], [ -1.96202, 53.29324 ], [ -1.96003, 53.30501 ], [ -1.9644, 53.3101 ], [ -1.96129, 53.31692 ], [ -1.96543, 53.32883 ], [ -1.95321, 53.32911 ], [ -1.94978, 53.33158 ], [ -1.95399, 53.33343 ], [ -1.94568, 53.33664 ], [ -1.91816, 53.33293 ], [ -1.91875, 53.32623 ] ] ] } },
{ "type": "Feature", "properties": { "small_area": "E01019793" }, "geometry": { "type": "Polygon", "coordinates": [ [ [ -1.47529, 53.28616 ], [ -1.48522, 53.28708 ], [ -1.48233, 53.29566 ], [ -1.48953, 53.29671 ], [ -1.47732, 53.30261 ], [ -1.48129, 53.30293 ], [ -1.48079, 53.30817 ], [ -1.4788, 53.30821 ], [ -1.47633, 53.30237 ], [ -1.47529, 53.28616 ] ] ] } },
{ "type": "Feature", "properties": { "small_area": "E01019712" }, "geometry": { "type": "Polygon", "coordinates": [ [ [ -1.88222, 53.34962 ], [ -1.90125, 53.3427 ], [ -1.91612, 53.33252 ], [ -1.94568, 53.33664 ], [ -1.93599, 53.33928 ], [ -1.94752, 53.34022 ], [ -1.96655, 53.35351 ], [ -1.94747, 53.35548 ], [ -1.94589, 53.3603 ], [ -1.92633, 53.36194 ], [ -1.90822, 53.35858 ], [ -1.88956, 53.36035 ], [ -1.87883, 53.36499 ], [ -1.86883, 53.35995 ], [ -1.88222, 53.34962 ] ] ] } },
{ "type": "Feature", "properties": { "small_area": "E01019790" }, "geometry": { "type": "Polygon", "coordinates": [ [ [ -1.36264, 53.3151 ], [ -1.36021, 53.3101 ], [ -1.36719, 53.31076 ], [ -1.38155, 53.29994 ], [ -1.37888, 53.30611 ], [ -1.38834, 53.31461 ], [ -1.38512, 53.31774 ], [ -1.36264, 53.3151 ] ] ] } },
{ "type": "Feature", "properties": { "small_area": "E01019611" }, "geometry": { "type": "Polygon", "coordinates": [ [ [ -1.70803, 53.13505 ], [ -1.71441, 53.1318 ], [ -1.71412, 53.11317 ], [ -1.70685, 53.09125 ], [ -1.7097, 53.08646 ], [ -1.70621, 53.07791 ], [ -1.71024, 53.07372 ], [ -1.70189, 53.06712 ], [ -1.70787, 53.06394 ], [ -1.70764, 53.05538 ], [ -1.71401, 53.0516 ], [ -1.7175, 53.0422 ], [ -1.72346, 53.04002 ], [ -1.724, 53.03518 ], [ -1.73888, 53.03438 ], [ -1.7379, 53.02673 ], [ -1.74553, 53.01831 ], [ -1.75976, 53.01188 ], [ -1.76283, 53.01335 ], [ -1.75823, 53.01566 ], [ -1.76374, 53.02147 ], [ -1.75711, 53.02906 ], [ -1.76154, 53.03334 ], [ -1.75978, 53.0387 ], [ -1.76844, 53.04411 ], [ -1.77874, 53.043 ], [ -1.78415, 53.05469 ], [ -1.77566, 53.05934 ], [ -1.78568, 53.06315 ], [ -1.79271, 53.09125 ], [ -1.78297, 53.09332 ], [ -1.78373, 53.10281 ], [ -1.79197, 53.11466 ], [ -1.78514, 53.1218 ], [ -1.79472, 53.13238 ], [ -1.79079, 53.13623 ], [ -1.79378, 53.1422 ], [ -1.76796, 53.15144 ], [ -1.76523, 53.1481 ], [ -1.77666, 53.14218 ], [ -1.7663, 53.14036 ], [ -1.74626, 53.15226 ], [ -1.72146, 53.13538 ], [ -1.71568, 53.13785 ], [ -1.70803, 53.13505 ] ] ] } },
{ "type": "Feature", "properties": { "small_area": "E01013888" }, "geometry": { "type": "Polygon", "coordinates": [ [ [ -1.19317, 52.99768 ], [ -1.18788, 52.99705 ], [ -1.19106, 52.99479 ], [ -1.19567, 52.99842 ], [ -1.19149, 53.00431 ], [ -1.18764, 53.00236 ], [ -1.19317, 52.99768 ] ] ] } },
{ "type": "Feature", "properties": { "small_area": "E01013809" }, "geometry": { "type": "Polygon", "coordinates": [ [ [ -0.75359, 52.73413 ], [ -0.74385, 52.73355 ], [ -0.74661, 52.72495 ], [ -0.74351, 52.72423 ], [ -0.7541, 52.71785 ], [ -0.75045, 52.71238 ], [ -0.75529, 52.70757 ], [ -0.76976, 52.70114 ], [ -0.78351, 52.70275 ], [ -0.7907, 52.70769 ], [ -0.80244, 52.70325 ], [ -0.80024, 52.70778 ], [ -0.82176, 52.71566 ], [ -0.81741, 52.72509 ], [ -0.8012, 52.73672 ], [ -0.77147, 52.74418 ], [ -0.76266, 52.73827 ], [ -0.75799, 52.73972 ], [ -0.75359, 52.73413 ] ] ] } },
{ "type": "Feature", "properties": { "small_area": "E01019435" }, "geometry": { "type": "Polygon", "coordinates": [ [ [ -1.33745, 53.00814 ], [ -1.33669, 53.01684 ], [ -1.32256, 53.00635 ], [ -1.33745, 53.00814 ] ] ] } },
{ "type": "Feature", "properties": { "small_area": "E01019434" }, "geometry": { "type": "Polygon", "coordinates": [ [ [ -1.33669, 53.01684 ], [ -1.33924, 53.00745 ], [ -1.34271, 53.01238 ], [ -1.33944, 53.01819 ], [ -1.33669, 53.01684 ] ] ] } },
{ "type": "Feature", "properties": { "small_area": "E01019437" }, "geometry": { "type": "Polygon", "coordinates": [ [ [ -1.34649, 53.00531 ], [ -1.34837, 53.00039 ], [ -1.35709, 53.00664 ], [ -1.34076, 53.0066 ], [ -1.34649, 53.00531 ] ] ] } },
{ "type": "Feature", "properties": { "small_area": "E01027990" }, "geometry": { "type": "Polygon", "coordinates": [ [ [ -1.29782, 53.11141 ], [ -1.31078, 53.1101 ], [ -1.31454, 53.12497 ], [ -1.30707, 53.12561 ], [ -1.30191, 53.13003 ], [ -1.29782, 53.11141 ] ] ] } },
{ "type": "Feature", "properties": { "small_area": "E01025763" }, "geometry": { "type": "Polygon", "coordinates": [ [ [ -1.09615, 52.67641 ], [ -1.09339, 52.67394 ], [ -1.11496, 52.67277 ], [ -1.11377, 52.67756 ], [ -1.10423, 52.67744 ], [ -1.10072, 52.68142 ], [ -1.09869, 52.67858 ], [ -1.09298, 52.68132 ], [ -1.09615, 52.67641 ] ] ] } },
{ "type": "Feature", "properties": { "small_area": "E01019432" }, "geometry": { "type": "Polygon", "coordinates": [ [ [ -1.37608, 53.01871 ], [ -1.38304, 53.02432 ], [ -1.38669, 53.02357 ], [ -1.38435, 53.02851 ], [ -1.35888, 53.03374 ], [ -1.36177, 53.02522 ], [ -1.37608, 53.01871 ] ] ] } },
{ "type": "Feature", "properties": { "small_area": "E01025762" }, "geometry": { "type": "Polygon", "coordinates": [ [ [ -1.07509, 52.66961 ], [ -1.08932, 52.67026 ], [ -1.08635, 52.67709 ], [ -1.07415, 52.67427 ], [ -1.07509, 52.66961 ] ] ] } },
{ "type": "Feature", "properties": { "small_area": "E01025760" }, "geometry": { "type": "Polygon", "coordinates": [ [ [ -1.11703, 52.80053 ], [ -1.1206, 52.78771 ], [ -1.12822, 52.78446 ], [ -1.12377, 52.78438 ], [ -1.1212, 52.77779 ], [ -1.08997, 52.78078 ], [ -1.06802, 52.77664 ], [ -1.05389, 52.78029 ], [ -1.06601, 52.77498 ], [ -1.10678, 52.76829 ], [ -1.12078, 52.76205 ], [ -1.13063, 52.77137 ], [ -1.16832, 52.76694 ], [ -1.17658, 52.77634 ], [ -1.18099, 52.77647 ], [ -1.17995, 52.78026 ], [ -1.19614, 52.79014 ], [ -1.18675, 52.79768 ], [ -1.16328, 52.8065 ], [ -1.14397, 52.80386 ], [ -1.1309, 52.80581 ], [ -1.11703, 52.80053 ] ] ] } },
{ "type": "Feature", "properties": { "small_area": "E01027995" }, "geometry": { "type": "Polygon", "coordinates": [ [ [ -1.25917, 53.0786 ], [ -1.25751, 53.07567 ], [ -1.24421, 53.07856 ], [ -1.2313, 53.07533 ], [ -1.22925, 53.05153 ], [ -1.2664, 53.0384 ], [ -1.2787, 53.04404 ], [ -1.2683, 53.06311 ], [ -1.27442, 53.06559 ], [ -1.28813, 53.06315 ], [ -1.28709, 53.07487 ], [ -1.26459, 53.07875 ], [ -1.26107, 53.08181 ], [ -1.25388, 53.08101 ], [ -1.25917, 53.0786 ] ] ] } },
{ "type": "Feature", "properties": { "small_area": "E01013665" }, "geometry": { "type": "Polygon", "coordinates": [ [ [ -1.08811, 52.63824 ], [ -1.09901, 52.63852 ], [ -1.09799, 52.64215 ], [ -1.0917, 52.64217 ], [ -1.08811, 52.63824 ] ] ] } },
{ "type": "Feature", "properties": { "small_area": "E01013664" }, "geometry": { "type": "Polygon", "coordinates": [ [ [ -1.08321, 52.63309 ], [ -1.08431, 52.63558 ], [ -1.08017, 52.63717 ], [ -1.07541, 52.63409 ], [ -1.07876, 52.63157 ], [ -1.08321, 52.63309 ] ] ] } },
{ "type": "Feature", "properties": { "small_area": "E01013666" }, "geometry": { "type": "Polygon", "coordinates": [ [ [ -1.05328, 52.6275 ], [ -1.05701, 52.62397 ], [ -1.05774, 52.6268 ], [ -1.06301, 52.62659 ], [ -1.06292, 52.6329 ], [ -1.05619, 52.63217 ], [ -1.05328, 52.6275 ] ] ] } },
{ "type": "Feature", "properties": { "small_area": "E01013667" }, "geometry": { "type": "Polygon", "coordinates": [ [ [ -1.07718, 52.62654 ], [ -1.08389, 52.6285 ], [ -1.07653, 52.62996 ], [ -1.07876, 52.63157 ], [ -1.07541, 52.63409 ], [ -1.07119, 52.63271 ], [ -1.07718, 52.62654 ] ] ] } },
{ "type": "Feature", "properties": { "small_area": "E01032621" }, "geometry": { "type": "Polygon", "coordinates": [ [ [ -1.14982, 53.00008 ], [ -1.1548, 52.99749 ], [ -1.14985, 53.00113 ], [ -1.15203, 53.00768 ], [ -1.14352, 53.00648 ], [ -1.14982, 53.00008 ] ] ] } },
{ "type": "Feature", "properties": { "small_area": "E01013662" }, "geometry": { "type": "Polygon", "coordinates": [ [ [ -1.09769, 52.63481 ], [ -1.09172, 52.63481 ], [ -1.09279, 52.631 ], [ -1.10337, 52.63514 ], [ -1.09901, 52.63852 ], [ -1.09769, 52.63481 ] ] ] } },
{ "type": "Feature", "properties": { "small_area": "E01032622" }, "geometry": { "type": "Polygon", "coordinates": [ [ [ -1.13882, 53.00445 ], [ -1.159, 53.01061 ], [ -1.15326, 53.01229 ], [ -1.15875, 53.01718 ], [ -1.15442, 53.01648 ], [ -1.14994, 53.02045 ], [ -1.1417, 53.01318 ], [ -1.13502, 53.01341 ], [ -1.13882, 53.00445 ] ] ] } },
{ "type": "Feature", "properties": { "small_area": "E01013609" }, "geometry": { "type": "Polygon", "coordinates": [ [ [ -1.15498, 52.60214 ], [ -1.15826, 52.59606 ], [ -1.17265, 52.59729 ], [ -1.16537, 52.60302 ], [ -1.17105, 52.6058 ], [ -1.1611, 52.60872 ], [ -1.15498, 52.60214 ] ] ] } },
{ "type": "Feature", "properties": { "small_area": "E01025725" }, "geometry": { "type": "Polygon", "coordinates": [ [ [ -1.22087, 52.77984 ], [ -1.23142, 52.77638 ], [ -1.23403, 52.7789 ], [ -1.22726, 52.78203 ], [ -1.22087, 52.77984 ] ] ] } },
{ "type": "Feature", "properties": { "small_area": "E01025724" }, "geometry": { "type": "Polygon", "coordinates": [ [ [ -1.21921, 52.77427 ], [ -1.21611, 52.77666 ], [ -1.2111, 52.77423 ], [ -1.21921, 52.77427 ] ] ] } },
{ "type": "Feature", "properties": { "small_area": "E01025727" }, "geometry": { "type": "Polygon", "coordinates": [ [ [ -1.14348, 52.72155 ], [ -1.15236, 52.72727 ], [ -1.13736, 52.72731 ], [ -1.13397, 52.72405 ], [ -1.14348, 52.72155 ] ] ] } },
{ "type": "Feature", "properties": { "small_area": "E01025722" }, "geometry": { "type": "Polygon", "coordinates": [ [ [ -1.21985, 52.77631 ], [ -1.22766, 52.77302 ], [ -1.23142, 52.77638 ], [ -1.2208, 52.7798 ], [ -1.21985, 52.77631 ] ] ] } },
{ "type": "Feature", "properties": { "small_area": "E01025723" }, "geometry": { "type": "Polygon", "coordinates": [ [ [ -1.21921, 52.77427 ], [ -1.21471, 52.77236 ], [ -1.22568, 52.77077 ], [ -1.22766, 52.77302 ], [ -1.21985, 52.77631 ], [ -1.2208, 52.7798 ], [ -1.21611, 52.77666 ], [ -1.21921, 52.77427 ] ] ] } },
{ "type": "Feature", "properties": { "small_area": "E01032970" }, "geometry": { "type": "Polygon", "coordinates": [ [ [ -0.81911, 52.44786 ], [ -0.82481, 52.44927 ], [ -0.82215, 52.44288 ], [ -0.82697, 52.43786 ], [ -0.82703, 52.44398 ], [ -0.8313, 52.44804 ], [ -0.83544, 52.44594 ], [ -0.84826, 52.44883 ], [ -0.84927, 52.45161 ], [ -0.8375, 52.45211 ], [ -0.83643, 52.45841 ], [ -0.81723, 52.45485 ], [ -0.81911, 52.44786 ] ] ] } },
{ "type": "Feature", "properties": { "small_area": "E01013639" }, "geometry": { "type": "Polygon", "coordinates": [ [ [ -1.16403, 52.62871 ], [ -1.16621, 52.62264 ], [ -1.17105, 52.6252 ], [ -1.16998, 52.63143 ], [ -1.16403, 52.62871 ] ] ] } },
{ "type": "Feature", "properties": { "small_area": "E01028172" }, "geometry": { "type": "Polygon", "coordinates": [ [ [ -1.06375, 52.98379 ], [ -1.06869, 52.98021 ], [ -1.08012, 52.98147 ], [ -1.0818, 52.97754 ], [ -1.10897, 52.99188 ], [ -1.09678, 52.99532 ], [ -1.0718, 52.99336 ], [ -1.06375, 52.98379 ] ] ] } },
{ "type": "Feature", "properties": { "small_area": "E01025986" }, "geometry": { "type": "Polygon", "coordinates": [ [ [ -1.13701, 52.58149 ], [ -1.14363, 52.58801 ], [ -1.13708, 52.58937 ], [ -1.13079, 52.58395 ], [ -1.13701, 52.58149 ] ] ] } },
{ "type": "Feature", "properties": { "small_area": "E01019723" }, "geometry": { "type": "Polygon", "coordinates": [ [ [ -1.91947, 53.25321 ], [ -1.92941, 53.2573 ], [ -1.93803, 53.25682 ], [ -1.93841, 53.25973 ], [ -1.92823, 53.26296 ], [ -1.92537, 53.2673 ], [ -1.91817, 53.26499 ], [ -1.916, 53.25931 ], [ -1.91947, 53.25321 ] ] ] } },
{ "type": "Feature", "properties": { "small_area": "E01027966" }, "geometry": { "type": "Polygon", "coordinates": [ [ [ -1.27435, 53.13234 ], [ -1.27053, 53.13457 ], [ -1.26792, 53.13058 ], [ -1.27381, 53.1279 ], [ -1.28757, 53.13301 ], [ -1.28505, 53.13629 ], [ -1.27435, 53.13234 ] ] ] } },
{ "type": "Feature", "properties": { "small_area": "E01013578" }, "geometry": { "type": "Polygon", "coordinates": [ [ [ -1.4163, 52.94651 ], [ -1.42679, 52.94694 ], [ -1.40928, 52.9503 ], [ -1.41776, 52.94408 ], [ -1.4163, 52.94651 ] ] ] } },
{ "type": "Feature", "properties": { "small_area": "E01025709" }, "geometry": { "type": "Polygon", "coordinates": [ [ [ -1.21815, 52.76427 ], [ -1.23808, 52.75961 ], [ -1.23608, 52.76309 ], [ -1.2244, 52.76922 ], [ -1.21815, 52.76427 ] ] ] } },
{ "type": "Feature", "properties": { "small_area": "E01025708" }, "geometry": { "type": "Polygon", "coordinates": [ [ [ -1.23606, 52.75496 ], [ -1.26476, 52.74483 ], [ -1.27451, 52.75281 ], [ -1.27145, 52.7604 ], [ -1.24339, 52.76098 ], [ -1.23606, 52.75496 ] ] ] } },
{ "type": "Feature", "properties": { "small_area": "E01025789" }, "geometry": { "type": "Polygon", "coordinates": [ [ [ -0.94023, 52.48349 ], [ -0.93768, 52.47946 ], [ -0.9471, 52.47568 ], [ -0.96786, 52.47719 ], [ -0.97516, 52.47095 ], [ -0.99098, 52.46939 ], [ -0.99819, 52.47096 ], [ -1.01707, 52.488 ], [ -0.99794, 52.4915 ], [ -0.97906, 52.4903 ], [ -0.95994, 52.49811 ], [ -0.93781, 52.49839 ], [ -0.93617, 52.49244 ], [ -0.94023, 52.48349 ] ] ] } },
{ "type": "Feature", "properties": { "small_area": "E01025788" }, "geometry": { "type": "Polygon", "coordinates": [ [ [ -1.01786, 52.51142 ], [ -0.9954, 52.51005 ], [ -0.96145, 52.5225 ], [ -0.94102, 52.50799 ], [ -0.93781, 52.49839 ], [ -0.95994, 52.49811 ], [ -0.97906, 52.4903 ], [ -0.99794, 52.4915 ], [ -1.01707, 52.488 ], [ -0.99819, 52.47096 ], [ -1.00565, 52.46501 ], [ -1.02775, 52.45849 ], [ -1.04931, 52.47756 ], [ -1.03651, 52.49122 ], [ -1.04006, 52.49714 ], [ -1.03503, 52.49917 ], [ -1.03614, 52.50425 ], [ -1.05994, 52.50698 ], [ -1.06188, 52.52274 ], [ -1.04349, 52.52578 ], [ -1.02562, 52.53578 ], [ -1.01552, 52.5327 ], [ -1.01786, 52.51142 ] ] ] } },
{ "type": "Feature", "properties": { "small_area": "E01013835" }, "geometry": { "type": "Polygon", "coordinates": [ [ [ -1.17826, 52.9942 ], [ -1.1658, 52.98979 ], [ -1.17476, 52.98937 ], [ -1.1814, 52.99199 ], [ -1.17826, 52.9942 ] ] ] } },
{ "type": "Feature", "properties": { "small_area": "E01013832" }, "geometry": { "type": "Polygon", "coordinates": [ [ [ -1.1753, 52.97964 ], [ -1.18867, 52.97576 ], [ -1.19132, 52.97786 ], [ -1.18148, 52.98479 ], [ -1.1753, 52.97964 ] ] ] } },
{ "type": "Feature", "properties": { "small_area": "E01013834" }, "geometry": { "type": "Polygon", "coordinates": [ [ [ -1.17426, 52.9928 ], [ -1.18672, 52.99166 ], [ -1.1846, 52.99449 ], [ -1.17883, 52.99597 ], [ -1.17426, 52.9928 ] ] ] } },
{ "type": "Feature", "properties": { "small_area": "E01013837" }, "geometry": { "type": "Polygon", "coordinates": [ [ [ -1.16674, 52.98166 ], [ -1.15945, 52.98692 ], [ -1.15715, 52.97951 ], [ -1.16383, 52.97849 ], [ -1.16674, 52.98166 ] ] ] } },
{ "type": "Feature", "properties": { "small_area": "E01013836" }, "geometry": { "type": "Polygon", "coordinates": [ [ [ -1.17931, 52.98747 ], [ -1.17925, 52.98282 ], [ -1.18641, 52.98791 ], [ -1.1814, 52.99199 ], [ -1.17476, 52.98937 ], [ -1.17931, 52.98747 ] ] ] } },
{ "type": "Feature", "properties": { "small_area": "E01013833" }, "geometry": { "type": "Polygon", "coordinates": [ [ [ -1.18147, 52.97274 ], [ -1.18867, 52.97576 ], [ -1.17531, 52.97964 ], [ -1.17464, 52.97151 ], [ -1.18147, 52.97274 ] ] ] } },
{ "type": "Feature", "properties": { "small_area": "E01013480" }, "geometry": { "type": "Polygon", "coordinates": [ [ [ -1.48356, 52.9137 ], [ -1.48315, 52.91929 ], [ -1.48277, 52.91621 ], [ -1.4757, 52.91983 ], [ -1.47276, 52.91819 ], [ -1.47464, 52.91314 ], [ -1.48356, 52.9137 ] ] ] } },
{ "type": "Feature", "properties": { "small_area": "E01013979" }, "geometry": { "type": "Polygon", "coordinates": [ [ [ -1.19797, 52.95027 ], [ -1.19606, 52.94715 ], [ -1.20554, 52.94795 ], [ -1.21128, 52.95218 ], [ -1.1988, 52.95561 ], [ -1.1975, 52.9587 ], [ -1.1926, 52.95504 ], [ -1.19797, 52.95027 ] ] ] } },
{ "type": "Feature", "properties": { "small_area": "E01027187" }, "geometry": { "type": "Polygon", "coordinates": [ [ [ -0.88253, 52.2464 ], [ -0.89472, 52.2457 ], [ -0.8985, 52.25086 ], [ -0.88319, 52.25244 ], [ -0.87818, 52.24975 ], [ -0.88253, 52.2464 ] ] ] } },
{ "type": "Feature", "properties": { "small_area": "E01026951" }, "geometry": { "type": "Polygon", "coordinates": [ [ [ -0.69198, 52.47905 ], [ -0.70401, 52.48066 ], [ -0.69843, 52.48428 ], [ -0.69198, 52.47905 ] ] ] } },
{ "type": "Feature", "properties": { "small_area": "E01028274" }, "geometry": { "type": "Polygon", "coordinates": [ [ [ -1.19075, 53.14342 ], [ -1.19605, 53.14441 ], [ -1.1938, 53.15389 ], [ -1.18641, 53.1546 ], [ -1.18297, 53.15152 ], [ -1.19075, 53.14342 ] ] ] } },
{ "type": "Feature", "properties": { "small_area": "E01026027" }, "geometry": { "type": "Polygon", "coordinates": [ [ [ -0.00228, 52.96423 ], [ -0.01302, 52.96835 ], [ -0.01223, 52.97315 ], [ -0.00347, 52.97017 ], [ -0.00353, 52.97485 ], [ -0.00228, 52.96423 ] ] ] } },
{ "type": "Feature", "properties": { "small_area": "E01027996" }, "geometry": { "type": "Polygon", "coordinates": [ [ [ -1.24223, 53.08527 ], [ -1.24399, 53.08248 ], [ -1.24829, 53.08334 ], [ -1.24486, 53.0786 ], [ -1.24945, 53.08314 ], [ -1.28709, 53.07487 ], [ -1.29512, 53.08063 ], [ -1.26192, 53.09223 ], [ -1.24223, 53.08527 ] ] ] } },
{ "type": "Feature", "properties": { "small_area": "E01019725" }, "geometry": { "type": "Polygon", "coordinates": [ [ [ -1.87489, 53.24965 ], [ -1.87072, 53.24641 ], [ -1.86084, 53.24981 ], [ -1.84688, 53.24897 ], [ -1.84472, 53.24573 ], [ -1.85388, 53.24326 ], [ -1.85824, 53.23321 ], [ -1.87427, 53.22683 ], [ -1.89596, 53.24094 ], [ -1.90786, 53.24026 ], [ -1.90921, 53.24356 ], [ -1.91404, 53.24028 ], [ -1.91266, 53.24631 ], [ -1.90461, 53.24564 ], [ -1.90683, 53.248 ], [ -1.90155, 53.24951 ], [ -1.89519, 53.24643 ], [ -1.89523, 53.25186 ], [ -1.89812, 53.25273 ], [ -1.87489, 53.24965 ] ] ] } },
{ "type": "Feature", "properties": { "small_area": "E01013931" }, "geometry": { "type": "Polygon", "coordinates": [ [ [ -1.1831, 52.96676 ], [ -1.18391, 52.96341 ], [ -1.20048, 52.96556 ], [ -1.19404, 52.97402 ], [ -1.1831, 52.96676 ] ] ] } },
{ "type": "Feature", "properties": { "small_area": "E01013935" }, "geometry": { "type": "Polygon", "coordinates": [ [ [ -1.13731, 52.97952 ], [ -1.1312, 52.98606 ], [ -1.12279, 52.98345 ], [ -1.12432, 52.97867 ], [ -1.12956, 52.9788 ], [ -1.12867, 52.98112 ], [ -1.13731, 52.97952 ] ] ] } },
{ "type": "Feature", "properties": { "small_area": "E01013934" }, "geometry": { "type": "Polygon", "coordinates": [ [ [ -1.18147, 52.97274 ], [ -1.18094, 52.9703 ], [ -1.1878, 52.96997 ], [ -1.19404, 52.97402 ], [ -1.19058, 52.97738 ], [ -1.18147, 52.97274 ] ] ] } },
{ "type": "Feature", "properties": { "small_area": "E01013937" }, "geometry": { "type": "Polygon", "coordinates": [ [ [ -1.13206, 52.9759 ], [ -1.14193, 52.97089 ], [ -1.14095, 52.97499 ], [ -1.14742, 52.97767 ], [ -1.13731, 52.97952 ], [ -1.13206, 52.9759 ] ] ] } },
{ "type": "Feature", "properties": { "small_area": "E01028418" }, "geometry": { "type": "Polygon", "coordinates": [ [ [ -1.13831, 52.92633 ], [ -1.13942, 52.92836 ], [ -1.13149, 52.93276 ], [ -1.13174, 52.92927 ], [ -1.13831, 52.92633 ] ] ] } },
{ "type": "Feature", "properties": { "small_area": "E01013863" }, "geometry": { "type": "Polygon", "coordinates": [ [ [ -1.2323, 52.95549 ], [ -1.23767, 52.95274 ], [ -1.24397, 52.95635 ], [ -1.23582, 52.95719 ], [ -1.24335, 52.9595 ], [ -1.23973, 52.96391 ], [ -1.23953, 52.95954 ], [ -1.23386, 52.95985 ], [ -1.2323, 52.95549 ] ] ] } },
{ "type": "Feature", "properties": { "small_area": "E01028413" }, "geometry": { "type": "Polygon", "coordinates": [ [ [ -1.02614, 52.94775 ], [ -1.03579, 52.94559 ], [ -1.02984, 52.95401 ], [ -1.02614, 52.94775 ] ] ] } },
{ "type": "Feature", "properties": { "small_area": "E01025623" }, "geometry": { "type": "Polygon", "coordinates": [ [ [ -1.19655, 52.65072 ], [ -1.20166, 52.65169 ], [ -1.2012, 52.65626 ], [ -1.21001, 52.65697 ], [ -1.19969, 52.66438 ], [ -1.18957, 52.66066 ], [ -1.19655, 52.65072 ] ] ] } },
{ "type": "Feature", "properties": { "small_area": "E01013984" }, "geometry": { "type": "Polygon", "coordinates": [ [ [ -1.23509, 52.94452 ], [ -1.24346, 52.94886 ], [ -1.23026, 52.9496 ], [ -1.23509, 52.94452 ] ] ] } },
{ "type": "Feature", "properties": { "small_area": "E01025680" }, "geometry": { "type": "Polygon", "coordinates": [ [ [ -1.14079, 52.68437 ], [ -1.1301, 52.68278 ], [ -1.1368, 52.67988 ], [ -1.14079, 52.68437 ] ] ] } },
{ "type": "Feature", "properties": { "small_area": "E01026103" }, "geometry": { "type": "Polygon", "coordinates": [ [ [ 0.27831, 53.30475 ], [ 0.2525, 53.29749 ], [ 0.24498, 53.29766 ], [ 0.24092, 53.30181 ], [ 0.27183, 53.31285 ], [ 0.28071, 53.31932 ], [ 0.28513, 53.31294 ], [ 0.27831, 53.30475 ] ] ] } },
{ "type": "Feature", "properties": { "small_area": "E01026183" }, "geometry": { "type": "Polygon", "coordinates": [ [ [ -0.19612, 53.06953 ], [ -0.21054, 53.07027 ], [ -0.21399, 53.06246 ], [ -0.23265, 53.05854 ], [ -0.25775, 53.08324 ], [ -0.26806, 53.08248 ], [ -0.26083, 53.07748 ], [ -0.27245, 53.07033 ], [ -0.27916, 53.07245 ], [ -0.28397, 53.06857 ], [ -0.29726, 53.06957 ], [ -0.30308, 53.07759 ], [ -0.31691, 53.08072 ], [ -0.29971, 53.092 ], [ -0.24605, 53.10059 ], [ -0.2442, 53.10825 ], [ -0.22456, 53.1091 ], [ -0.21904, 53.10503 ], [ -0.22019, 53.09989 ], [ -0.21426, 53.08934 ], [ -0.19631, 53.08299 ], [ -0.19612, 53.06953 ] ] ] } },
{ "type": "Feature", "properties": { "small_area": "E01026102" }, "geometry": { "type": "Polygon", "coordinates": [ [ [ 0.07503, 53.12114 ], [ 0.09001, 53.12093 ], [ 0.08889, 53.12636 ], [ 0.10398, 53.12738 ], [ 0.10525, 53.12047 ], [ 0.1187, 53.12349 ], [ 0.12118, 53.11006 ], [ 0.13707, 53.11268 ], [ 0.13003, 53.10257 ], [ 0.13708, 53.08667 ], [ 0.09173, 53.07253 ], [ -0.02135, 53.06709 ], [ -0.01943, 53.07828 ], [ -0.01296, 53.08017 ], [ -0.0133, 53.08805 ], [ -0.00623, 53.08845 ], [ 0.00011, 53.11741 ], [ 0.01372, 53.13238 ], [ 0.03505, 53.12172 ], [ 0.04266, 53.12441 ], [ 0.07591, 53.12361 ], [ 0.07503, 53.12114 ] ] ] } },
{ "type": "Feature", "properties": { "small_area": "E01026184" }, "geometry": { "type": "Polygon", "coordinates": [ [ [ -0.51615, 53.16423 ], [ -0.49466, 53.16654 ], [ -0.49286, 53.15331 ], [ -0.52753, 53.15173 ], [ -0.52932, 53.15892 ], [ -0.54052, 53.15909 ], [ -0.53323, 53.16652 ], [ -0.54157, 53.17039 ], [ -0.53829, 53.17758 ], [ -0.52218, 53.17974 ], [ -0.51615, 53.16423 ] ] ] } },
{ "type": "Feature", "properties": { "small_area": "E01026105" }, "geometry": { "type": "Polygon", "coordinates": [ [ [ 0.02745, 53.24127 ], [ 0.03591, 53.23844 ], [ 0.02966, 53.21803 ], [ 0.03435, 53.21646 ], [ 0.03455, 53.21132 ], [ 0.05393, 53.20472 ], [ 0.05876, 53.19738 ], [ 0.04088, 53.19357 ], [ 0.03075, 53.19619 ], [ 0.01684, 53.1809 ], [ 0.00668, 53.18235 ], [ -0.01847, 53.17059 ], [ -0.07597, 53.1703 ], [ -0.0903, 53.16021 ], [ -0.10726, 53.1615 ], [ -0.12473, 53.16839 ], [ -0.11889, 53.18468 ], [ -0.12444, 53.18621 ], [ -0.11491, 53.19144 ], [ -0.11393, 53.1886 ], [ -0.10256, 53.18912 ], [ -0.09565, 53.20018 ], [ -0.10701, 53.22186 ], [ -0.11406, 53.2201 ], [ -0.1301, 53.22953 ], [ -0.13702, 53.2406 ], [ -0.14785, 53.24556 ], [ -0.1553, 53.25906 ], [ -0.15152, 53.26515 ], [ -0.15427, 53.27126 ], [ -0.14372, 53.27596 ], [ -0.09341, 53.26697 ], [ -0.08197, 53.27066 ], [ -0.08338, 53.27364 ], [ -0.06341, 53.27392 ], [ -0.0549, 53.27852 ], [ -0.03837, 53.26857 ], [ -0.02431, 53.26555 ], [ 0.01549, 53.26961 ], [ 0.02745, 53.24127 ] ] ] } },
{ "type": "Feature", "properties": { "small_area": "E01028187" }, "geometry": { "type": "Polygon", "coordinates": [ [ [ -1.06456, 52.96311 ], [ -1.05765, 52.95976 ], [ -1.06122, 52.95766 ], [ -1.05668, 52.9507 ], [ -1.06236, 52.95029 ], [ -1.07256, 52.95587 ], [ -1.08015, 52.95093 ], [ -1.08626, 52.95637 ], [ -1.06879, 52.96478 ], [ -1.06986, 52.96718 ], [ -1.0634, 52.96555 ], [ -1.06456, 52.96311 ] ] ] } },
{ "type": "Feature", "properties": { "small_area": "E01026182" }, "geometry": { "type": "Polygon", "coordinates": [ [ [ -0.59394, 53.12046 ], [ -0.60468, 53.11633 ], [ -0.59731, 53.11125 ], [ -0.60144, 53.09592 ], [ -0.65246, 53.12146 ], [ -0.64413, 53.13024 ], [ -0.63843, 53.14517 ], [ -0.61717, 53.13913 ], [ -0.58798, 53.13585 ], [ -0.59394, 53.12046 ] ] ] } },
{ "type": "Feature", "properties": { "small_area": "E01025706" }, "geometry": { "type": "Polygon", "coordinates": [ [ [ -1.19614, 52.79014 ], [ -1.19126, 52.7864 ], [ -1.20264, 52.77695 ], [ -1.21291, 52.784 ], [ -1.20835, 52.78695 ], [ -1.21353, 52.79116 ], [ -1.19614, 52.79014 ] ] ] } },
{ "type": "Feature", "properties": { "small_area": "E01025787" }, "geometry": { "type": "Polygon", "coordinates": [ [ [ -0.98134, 52.53321 ], [ -0.96476, 52.5308 ], [ -0.95913, 52.52579 ], [ -0.96145, 52.5225 ], [ -0.9954, 52.51005 ], [ -1.01786, 52.51142 ], [ -1.01552, 52.5327 ], [ -1.00095, 52.53431 ], [ -1.00066, 52.53952 ], [ -0.9949, 52.53885 ], [ -0.99648, 52.5332 ], [ -0.99122, 52.53305 ], [ -0.99305, 52.5369 ], [ -0.98682, 52.53753 ], [ -0.98134, 52.53321 ] ] ] } },
{ "type": "Feature", "properties": { "small_area": "E01013875" }, "geometry": { "type": "Polygon", "coordinates": [ [ [ -1.21461, 52.99066 ], [ -1.21911, 52.99148 ], [ -1.21587, 52.99584 ], [ -1.21085, 52.99503 ], [ -1.21461, 52.99066 ] ] ] } },
{ "type": "Feature", "properties": { "small_area": "E01025707" }, "geometry": { "type": "Polygon", "coordinates": [ [ [ -1.23606, 52.75496 ], [ -1.24339, 52.76098 ], [ -1.23608, 52.76309 ], [ -1.23808, 52.75961 ], [ -1.226, 52.76156 ], [ -1.23606, 52.75496 ] ] ] } },
{ "type": "Feature", "properties": { "small_area": "E01025786" }, "geometry": { "type": "Polygon", "coordinates": [ [ [ -0.98682, 52.53753 ], [ -0.99305, 52.5369 ], [ -0.99122, 52.53305 ], [ -0.99648, 52.5332 ], [ -0.9949, 52.53885 ], [ -1.01013, 52.54275 ], [ -0.99221, 52.54223 ], [ -0.98682, 52.53753 ] ] ] } },
{ "type": "Feature", "properties": { "small_area": "E01013874" }, "geometry": { "type": "Polygon", "coordinates": [ [ [ -1.13925, 52.93325 ], [ -1.14541, 52.93198 ], [ -1.1494, 52.93451 ], [ -1.13984, 52.94381 ], [ -1.13185, 52.94276 ], [ -1.13925, 52.93325 ] ] ] } },
{ "type": "Feature", "properties": { "small_area": "E01013877" }, "geometry": { "type": "Polygon", "coordinates": [ [ [ -1.20426, 52.99524 ], [ -1.20683, 53.00029 ], [ -1.19811, 53.00137 ], [ -1.19724, 52.99694 ], [ -1.20426, 52.99524 ] ] ] } },
{ "type": "Feature", "properties": { "small_area": "E01013876" }, "geometry": { "type": "Polygon", "coordinates": [ [ [ -1.19122, 52.9901 ], [ -1.19928, 52.9911 ], [ -1.20336, 52.98751 ], [ -1.21461, 52.99066 ], [ -1.21085, 52.99503 ], [ -1.20438, 52.9915 ], [ -1.20426, 52.99524 ], [ -1.19577, 52.99686 ], [ -1.19122, 52.9901 ] ] ] } },
{ "type": "Feature", "properties": { "small_area": "E01025742" }, "geometry": { "type": "Polygon", "coordinates": [ [ [ -1.28542, 52.76311 ], [ -1.29212, 52.76181 ], [ -1.29317, 52.76888 ], [ -1.28695, 52.76976 ], [ -1.28542, 52.76311 ] ] ] } },
{ "type": "Feature", "properties": { "small_area": "E01025745" }, "geometry": { "type": "Polygon", "coordinates": [ [ [ -1.29008, 52.77424 ], [ -1.2977, 52.77619 ], [ -1.3053, 52.78497 ], [ -1.27927, 52.78324 ], [ -1.29008, 52.77424 ] ] ] } },
{ "type": "Feature", "properties": { "small_area": "E01025744" }, "geometry": { "type": "Polygon", "coordinates": [ [ [ -1.29627, 52.76298 ], [ -1.30254, 52.7474 ], [ -1.31906, 52.74992 ], [ -1.32375, 52.75488 ], [ -1.33239, 52.753 ], [ -1.33505, 52.76175 ], [ -1.31641, 52.76044 ], [ -1.31534, 52.76337 ], [ -1.30802, 52.7642 ], [ -1.31141, 52.76492 ], [ -1.30966, 52.76988 ], [ -1.30562, 52.77065 ], [ -1.29627, 52.76298 ] ] ] } },
{ "type": "Feature", "properties": { "small_area": "E01025747" }, "geometry": { "type": "Polygon", "coordinates": [ [ [ -1.30309, 52.77034 ], [ -1.29264, 52.76961 ], [ -1.29627, 52.76298 ], [ -1.30357, 52.76736 ], [ -1.30309, 52.77034 ] ] ] } },
{ "type": "Feature", "properties": { "small_area": "E01026042" }, "geometry": { "type": "Polygon", "coordinates": [ [ [ 0.18246, 53.26078 ], [ 0.18949, 53.26115 ], [ 0.18898, 53.25761 ], [ 0.18032, 53.25884 ], [ 0.17701, 53.25325 ], [ 0.17509, 53.25911 ], [ 0.1589, 53.2641 ], [ 0.1617, 53.26254 ], [ 0.15847, 53.26104 ], [ 0.16699, 53.25952 ], [ 0.13476, 53.24828 ], [ 0.12637, 53.25098 ], [ 0.13002, 53.25578 ], [ 0.12735, 53.26296 ], [ 0.15025, 53.27544 ], [ 0.15942, 53.27252 ], [ 0.16973, 53.27501 ], [ 0.16877, 53.27194 ], [ 0.18246, 53.26078 ] ] ] } },
{ "type": "Feature", "properties": { "small_area": "E01027286" }, "geometry": { "type": "Polygon", "coordinates": [ [ [ -0.96734, 52.25186 ], [ -0.96432, 52.24293 ], [ -0.97104, 52.23498 ], [ -0.96525, 52.23537 ], [ -0.96942, 52.23119 ], [ -0.98059, 52.23331 ], [ -0.98555, 52.22895 ], [ -1.0056, 52.22769 ], [ -1.01357, 52.24162 ], [ -1.01381, 52.24486 ], [ -1.00883, 52.24834 ], [ -0.99742, 52.24766 ], [ -0.98911, 52.25753 ], [ -0.96177, 52.25946 ], [ -0.96734, 52.25186 ] ] ] } },
{ "type": "Feature", "properties": { "small_area": "E01013641" }, "geometry": { "type": "Polygon", "coordinates": [ [ [ -1.15611, 52.62463 ], [ -1.15381, 52.62345 ], [ -1.16541, 52.62548 ], [ -1.16403, 52.62871 ], [ -1.15611, 52.62463 ] ] ] } },
{ "type": "Feature", "properties": { "small_area": "E01013648" }, "geometry": { "type": "Polygon", "coordinates": [ [ [ -1.13836, 52.62324 ], [ -1.13628, 52.62465 ], [ -1.13716, 52.6198 ], [ -1.14341, 52.62355 ], [ -1.14258, 52.62873 ], [ -1.13836, 52.62324 ] ] ] } },
{ "type": "Feature", "properties": { "small_area": "E01013649" }, "geometry": { "type": "Polygon", "coordinates": [ [ [ -1.1116, 52.6202 ], [ -1.11746, 52.61713 ], [ -1.13716, 52.6198 ], [ -1.13628, 52.62465 ], [ -1.13086, 52.62764 ], [ -1.12578, 52.62402 ], [ -1.11866, 52.62657 ], [ -1.1116, 52.6202 ] ] ] } },
{ "type": "Feature", "properties": { "small_area": "E01019875" }, "geometry": { "type": "Polygon", "coordinates": [ [ [ -1.49746, 52.87516 ], [ -1.50726, 52.87491 ], [ -1.4995, 52.88269 ], [ -1.49746, 52.87516 ] ] ] } },
{ "type": "Feature", "properties": { "small_area": "E01026330" }, "geometry": { "type": "Polygon", "coordinates": [ [ [ -0.39941, 52.75467 ], [ -0.39373, 52.73394 ], [ -0.39702, 52.7305 ], [ -0.38682, 52.7228 ], [ -0.38605, 52.71716 ], [ -0.37072, 52.71396 ], [ -0.36284, 52.72047 ], [ -0.36212, 52.69385 ], [ -0.41274, 52.68372 ], [ -0.41915, 52.68522 ], [ -0.41843, 52.68152 ], [ -0.43099, 52.6807 ], [ -0.43407, 52.68369 ], [ -0.43045, 52.7054 ], [ -0.44473, 52.70615 ], [ -0.4511, 52.70956 ], [ -0.49454, 52.70963 ], [ -0.51265, 52.71966 ], [ -0.54244, 52.72326 ], [ -0.53998, 52.73838 ], [ -0.52063, 52.7389 ], [ -0.51709, 52.7441 ], [ -0.52138, 52.75754 ], [ -0.51826, 52.76125 ], [ -0.53165, 52.76627 ], [ -0.5429, 52.78046 ], [ -0.5625, 52.78327 ], [ -0.55098, 52.78237 ], [ -0.54554, 52.78615 ], [ -0.52229, 52.78269 ], [ -0.50873, 52.78497 ], [ -0.48641, 52.77896 ], [ -0.4855, 52.76677 ], [ -0.49294, 52.76385 ], [ -0.49441, 52.75893 ], [ -0.48586, 52.7517 ], [ -0.46515, 52.75176 ], [ -0.44982, 52.76284 ], [ -0.43525, 52.75821 ], [ -0.4073, 52.76133 ], [ -0.39941, 52.75467 ] ] ] } },
{ "type": "Feature", "properties": { "small_area": "E01026319" }, "geometry": { "type": "Polygon", "coordinates": [ [ [ -0.64894, 52.90191 ], [ -0.64582, 52.89793 ], [ -0.63966, 52.89693 ], [ -0.63518, 52.90257 ], [ -0.63293, 52.88841 ], [ -0.64852, 52.88337 ], [ -0.66972, 52.89609 ], [ -0.64603, 52.90432 ], [ -0.64494, 52.90251 ], [ -0.64894, 52.90191 ] ] ] } },
{ "type": "Feature", "properties": { "small_area": "E01027983" }, "geometry": { "type": "Polygon", "coordinates": [ [ [ -1.27976, 53.13883 ], [ -1.28026, 53.14164 ], [ -1.27062, 53.14294 ], [ -1.26468, 53.14003 ], [ -1.27976, 53.13883 ] ] ] } },
{ "type": "Feature", "properties": { "small_area": "E01027984" }, "geometry": { "type": "Polygon", "coordinates": [ [ [ -1.25069, 53.13991 ], [ -1.24502, 53.14306 ], [ -1.24287, 53.13354 ], [ -1.25004, 53.13229 ], [ -1.25069, 53.13991 ] ] ] } },
{ "type": "Feature", "properties": { "small_area": "E01027985" }, "geometry": { "type": "Polygon", "coordinates": [ [ [ -1.24451, 53.12822 ], [ -1.24948, 53.13219 ], [ -1.24287, 53.13354 ], [ -1.24357, 53.13947 ], [ -1.22932, 53.13416 ], [ -1.24451, 53.12822 ] ] ] } },
{ "type": "Feature", "properties": { "small_area": "E01013753" }, "geometry": { "type": "Polygon", "coordinates": [ [ [ -1.11653, 52.62979 ], [ -1.11708, 52.62994 ], [ -1.11427, 52.63116 ], [ -1.10931, 52.62929 ], [ -1.11653, 52.62979 ] ] ] } },
{ "type": "Feature", "properties": { "small_area": "E01027279" }, "geometry": { "type": "Polygon", "coordinates": [ [ [ -0.90337, 52.15459 ], [ -0.90769, 52.15408 ], [ -0.91867, 52.16145 ], [ -0.91919, 52.17378 ], [ -0.88573, 52.16403 ], [ -0.89759, 52.1592 ], [ -0.89382, 52.15338 ], [ -0.89967, 52.1475 ], [ -0.90337, 52.15459 ] ] ] } },
{ "type": "Feature", "properties": { "small_area": "E01013590" }, "geometry": { "type": "Polygon", "coordinates": [ [ [ -1.46265, 52.89543 ], [ -1.47325, 52.89691 ], [ -1.46387, 52.90727 ], [ -1.46119, 52.90341 ], [ -1.46265, 52.89543 ] ] ] } },
{ "type": "Feature", "properties": { "small_area": "E01013511" }, "geometry": { "type": "Polygon", "coordinates": [ [ [ -1.42842, 52.92506 ], [ -1.42252, 52.91876 ], [ -1.43096, 52.9212 ], [ -1.43171, 52.92645 ], [ -1.42602, 52.92676 ], [ -1.42842, 52.92506 ] ] ] } },
{ "type": "Feature", "properties": { "small_area": "E01013510" }, "geometry": { "type": "Polygon", "coordinates": [ [ [ -1.42123, 52.92008 ], [ -1.42842, 52.92506 ], [ -1.42602, 52.92676 ], [ -1.41782, 52.92487 ], [ -1.42123, 52.92008 ] ] ] } },
{ "type": "Feature", "properties": { "small_area": "E01013591" }, "geometry": { "type": "Polygon", "coordinates": [ [ [ -1.45749, 52.89797 ], [ -1.45852, 52.89408 ], [ -1.46233, 52.89574 ], [ -1.46119, 52.90341 ], [ -1.45749, 52.89797 ] ] ] } },
{ "type": "Feature", "properties": { "small_area": "E01033390" }, "geometry": { "type": "Polygon", "coordinates": [ [ [ -1.18561, 53.13332 ], [ -1.17965, 53.13352 ], [ -1.17858, 53.13631 ], [ -1.17375, 53.13127 ], [ -1.18334, 53.13048 ], [ -1.18561, 53.13332 ] ] ] } },
{ "type": "Feature", "properties": { "small_area": "E01013810" }, "geometry": { "type": "Polygon", "coordinates": [ [ [ -1.17794, 52.96405 ], [ -1.18083, 52.96503 ], [ -1.17405, 52.96915 ], [ -1.1736, 52.96515 ], [ -1.17794, 52.96405 ] ] ] } },
{ "type": "Feature", "properties": { "small_area": "E01032997" }, "geometry": { "type": "Polygon", "coordinates": [ [ [ -0.3668, 52.75568 ], [ -0.37297, 52.75396 ], [ -0.37116, 52.76077 ], [ -0.36314, 52.76043 ], [ -0.35894, 52.76441 ], [ -0.34917, 52.75326 ], [ -0.3668, 52.75568 ] ] ] } },
{ "type": "Feature", "properties": { "small_area": "E01013490" }, "geometry": { "type": "Polygon", "coordinates": [ [ [ -1.511, 52.89102 ], [ -1.51926, 52.89461 ], [ -1.51536, 52.90089 ], [ -1.50916, 52.90012 ], [ -1.511, 52.89102 ] ] ] } },
{ "type": "Feature", "properties": { "small_area": "E01019839" }, "geometry": { "type": "Polygon", "coordinates": [ [ [ -1.55288, 52.92256 ], [ -1.55108, 52.91703 ], [ -1.55686, 52.91466 ], [ -1.53868, 52.88853 ], [ -1.56937, 52.86511 ], [ -1.58194, 52.87261 ], [ -1.57236, 52.87939 ], [ -1.58149, 52.89338 ], [ -1.58775, 52.89216 ], [ -1.58625, 52.88818 ], [ -1.59882, 52.88916 ], [ -1.6105, 52.88454 ], [ -1.63108, 52.89284 ], [ -1.63123, 52.90514 ], [ -1.61351, 52.904 ], [ -1.60863, 52.89932 ], [ -1.59369, 52.91414 ], [ -1.59732, 52.93758 ], [ -1.55925, 52.93324 ], [ -1.54407, 52.92419 ], [ -1.55288, 52.92256 ] ] ] } },
{ "type": "Feature", "properties": { "small_area": "E01019480" }, "geometry": { "type": "Polygon", "coordinates": [ [ [ -1.31209, 53.11603 ], [ -1.3483, 53.11454 ], [ -1.35091, 53.11877 ], [ -1.34431, 53.11976 ], [ -1.34864, 53.12213 ], [ -1.37549, 53.11629 ], [ -1.37514, 53.12355 ], [ -1.3613, 53.12247 ], [ -1.34406, 53.13086 ], [ -1.34273, 53.1272 ], [ -1.33541, 53.12513 ], [ -1.32986, 53.12706 ], [ -1.33187, 53.13093 ], [ -1.32656, 53.13404 ], [ -1.32009, 53.13271 ], [ -1.31209, 53.11603 ] ] ] } },
{ "type": "Feature", "properties": { "small_area": "E01019401" }, "geometry": { "type": "Polygon", "coordinates": [ [ [ -1.39566, 53.09267 ], [ -1.39778, 53.09498 ], [ -1.40561, 53.09306 ], [ -1.40424, 53.10659 ], [ -1.39491, 53.10474 ], [ -1.38499, 53.10696 ], [ -1.37838, 53.1036 ], [ -1.3836, 53.10164 ], [ -1.38174, 53.09992 ], [ -1.39566, 53.09267 ] ] ] } },
{ "type": "Feature", "properties": { "small_area": "E01019481" }, "geometry": { "type": "Polygon", "coordinates": [ [ [ -1.37171, 53.11094 ], [ -1.37549, 53.11629 ], [ -1.34864, 53.12213 ], [ -1.34431, 53.11976 ], [ -1.35091, 53.11877 ], [ -1.3483, 53.11454 ], [ -1.37171, 53.11094 ] ] ] } },
{ "type": "Feature", "properties": { "small_area": "E01019400" }, "geometry": { "type": "Polygon", "coordinates": [ [ [ -1.36959, 53.09902 ], [ -1.37148, 53.09469 ], [ -1.37455, 53.09806 ], [ -1.37805, 53.09555 ], [ -1.37871, 53.10047 ], [ -1.3836, 53.10164 ], [ -1.37838, 53.1036 ], [ -1.38499, 53.10696 ], [ -1.37602, 53.1084 ], [ -1.36959, 53.09902 ] ] ] } },
{ "type": "Feature", "properties": { "small_area": "E01025998" }, "geometry": { "type": "Polygon", "coordinates": [ [ [ -1.06737, 52.57978 ], [ -1.07543, 52.57464 ], [ -1.0829, 52.55656 ], [ -1.09428, 52.56125 ], [ -1.09568, 52.56543 ], [ -1.10077, 52.56551 ], [ -1.10039, 52.57707 ], [ -1.09232, 52.57995 ], [ -1.08631, 52.57752 ], [ -1.08794, 52.58579 ], [ -1.06737, 52.57978 ] ] ] } },
{ "type": "Feature", "properties": { "small_area": "E01025919" }, "geometry": { "type": "Polygon", "coordinates": [ [ [ -1.47238, 52.73683 ], [ -1.48825, 52.72682 ], [ -1.4983, 52.73302 ], [ -1.48908, 52.73616 ], [ -1.48835, 52.7423 ], [ -1.48007, 52.74278 ], [ -1.47861, 52.73939 ], [ -1.47424, 52.74279 ], [ -1.47238, 52.73683 ] ] ] } },
{ "type": "Feature", "properties": { "small_area": "E01026404" }, "geometry": { "type": "Polygon", "coordinates": [ [ [ -0.64412, 53.33064 ], [ -0.63693, 53.32548 ], [ -0.64401, 53.318 ], [ -0.63834, 53.31006 ], [ -0.6439, 53.29811 ], [ -0.66993, 53.30197 ], [ -0.7159, 53.29918 ], [ -0.71496, 53.31458 ], [ -0.70903, 53.31725 ], [ -0.70859, 53.32987 ], [ -0.70403, 53.33059 ], [ -0.71487, 53.34757 ], [ -0.71994, 53.349 ], [ -0.72031, 53.35464 ], [ -0.6425, 53.3587 ], [ -0.64042, 53.34719 ], [ -0.60649, 53.3495 ], [ -0.61627, 53.33226 ], [ -0.64412, 53.33064 ] ] ] } },
{ "type": "Feature", "properties": { "small_area": "E01025999" }, "geometry": { "type": "Polygon", "coordinates": [ [ [ -1.09701, 52.58234 ], [ -1.10299, 52.58181 ], [ -1.10152, 52.5879 ], [ -1.09358, 52.5868 ], [ -1.09701, 52.58234 ] ] ] } },
{ "type": "Feature", "properties": { "small_area": "E01026405" }, "geometry": { "type": "Polygon", "coordinates": [ [ [ -0.44051, 53.26648 ], [ -0.44798, 53.26991 ], [ -0.44251, 53.27279 ], [ -0.46433, 53.27467 ], [ -0.47598, 53.28304 ], [ -0.51091, 53.28473 ], [ -0.51066, 53.28853 ], [ -0.41527, 53.29823 ], [ -0.41036, 53.29629 ], [ -0.41663, 53.28457 ], [ -0.4042, 53.27694 ], [ -0.44051, 53.26648 ] ] ] } },
{ "type": "Feature", "properties": { "small_area": "E01028219" }, "geometry": { "type": "Polygon", "coordinates": [ [ [ -1.16586, 53.1329 ], [ -1.16641, 53.12968 ], [ -1.17211, 53.12963 ], [ -1.17216, 53.12287 ], [ -1.18129, 53.12563 ], [ -1.18082, 53.12897 ], [ -1.1843, 53.12828 ], [ -1.17375, 53.13127 ], [ -1.17858, 53.13631 ], [ -1.16586, 53.1329 ] ] ] } },
{ "type": "Feature", "properties": { "small_area": "E01028298" }, "geometry": { "type": "Polygon", "coordinates": [ [ [ -1.11343, 53.10104 ], [ -1.12213, 53.09818 ], [ -1.11285, 53.09599 ], [ -1.11847, 53.09507 ], [ -1.11506, 53.0906 ], [ -1.13109, 53.08812 ], [ -1.14006, 53.09229 ], [ -1.13923, 53.09964 ], [ -1.15767, 53.09899 ], [ -1.15996, 53.10394 ], [ -1.13164, 53.11485 ], [ -1.12457, 53.10553 ], [ -1.11396, 53.1046 ], [ -1.11343, 53.10104 ] ] ] } },
{ "type": "Feature", "properties": { "small_area": "E01028218" }, "geometry": { "type": "Polygon", "coordinates": [ [ [ -1.10897, 52.99188 ], [ -1.11385, 52.98911 ], [ -1.12597, 52.99043 ], [ -1.11321, 52.99455 ], [ -1.10897, 52.99188 ] ] ] } },
{ "type": "Feature", "properties": { "small_area": "E01028299" }, "geometry": { "type": "Polygon", "coordinates": [ [ [ -1.11343, 53.10104 ], [ -1.11396, 53.1046 ], [ -1.09789, 53.11631 ], [ -1.10213, 53.11275 ], [ -1.08827, 53.09672 ], [ -1.11343, 53.10104 ] ] ] } },
{ "type": "Feature", "properties": { "small_area": "E01019581" }, "geometry": { "type": "Polygon", "coordinates": [ [ [ -1.42798, 53.2427 ], [ -1.43413, 53.24489 ], [ -1.43308, 53.24177 ], [ -1.43995, 53.24473 ], [ -1.43734, 53.24711 ], [ -1.42602, 53.24641 ], [ -1.42798, 53.2427 ] ] ] } },
{ "type": "Feature", "properties": { "small_area": "E01019500" }, "geometry": { "type": "Polygon", "coordinates": [ [ [ -1.31452, 53.09518 ], [ -1.32345, 53.10108 ], [ -1.31183, 53.10869 ], [ -1.3007, 53.10166 ], [ -1.30925, 53.09676 ], [ -1.30336, 53.08803 ], [ -1.31395, 53.08565 ], [ -1.31019, 53.08774 ], [ -1.31435, 53.09144 ], [ -1.31875, 53.0886 ], [ -1.32359, 53.09162 ], [ -1.31452, 53.09518 ] ] ] } },
{ "type": "Feature", "properties": { "small_area": "E01019582" }, "geometry": { "type": "Polygon", "coordinates": [ [ [ -1.39852, 53.22522 ], [ -1.42037, 53.22648 ], [ -1.41478, 53.23072 ], [ -1.39886, 53.23004 ], [ -1.39852, 53.22522 ] ] ] } },
{ "type": "Feature", "properties": { "small_area": "E01019503" }, "geometry": { "type": "Polygon", "coordinates": [ [ [ -1.21562, 53.18091 ], [ -1.24169, 53.17813 ], [ -1.25318, 53.1655 ], [ -1.26029, 53.16474 ], [ -1.26925, 53.19062 ], [ -1.26024, 53.19345 ], [ -1.26176, 53.19945 ], [ -1.25463, 53.19676 ], [ -1.25521, 53.19382 ], [ -1.2408, 53.1997 ], [ -1.23786, 53.19475 ], [ -1.22651, 53.1916 ], [ -1.21562, 53.18091 ] ] ] } },
{ "type": "Feature", "properties": { "small_area": "E01019583" }, "geometry": { "type": "Polygon", "coordinates": [ [ [ -1.41063, 53.2265 ], [ -1.41181, 53.22391 ], [ -1.41657, 53.22456 ], [ -1.41477, 53.22062 ], [ -1.42033, 53.22036 ], [ -1.42582, 53.22427 ], [ -1.42385, 53.22723 ], [ -1.41063, 53.2265 ] ] ] } },
{ "type": "Feature", "properties": { "small_area": "E01019502" }, "geometry": { "type": "Polygon", "coordinates": [ [ [ -1.26847, 53.18366 ], [ -1.29256, 53.1852 ], [ -1.30256, 53.19007 ], [ -1.3015, 53.19838 ], [ -1.27863, 53.19825 ], [ -1.26817, 53.19451 ], [ -1.26847, 53.18366 ] ] ] } },
{ "type": "Feature", "properties": { "small_area": "E01019505" }, "geometry": { "type": "Polygon", "coordinates": [ [ [ -1.2144, 53.22296 ], [ -1.21006, 53.2265 ], [ -1.21503, 53.228 ], [ -1.20756, 53.22961 ], [ -1.20942, 53.23671 ], [ -1.20526, 53.23702 ], [ -1.20203, 53.2353 ], [ -1.20914, 53.22275 ], [ -1.2144, 53.22296 ] ] ] } },
{ "type": "Feature", "properties": { "small_area": "E01027313" }, "geometry": { "type": "Polygon", "coordinates": [ [ [ -0.68647, 52.30857 ], [ -0.68108, 52.30423 ], [ -0.68919, 52.30548 ], [ -0.68647, 52.30857 ] ] ] } },
{ "type": "Feature", "properties": { "small_area": "E01027312" }, "geometry": { "type": "Polygon", "coordinates": [ [ [ -0.7112, 52.29687 ], [ -0.71416, 52.30095 ], [ -0.71884, 52.29759 ], [ -0.72011, 52.30145 ], [ -0.71248, 52.30367 ], [ -0.70877, 52.29866 ], [ -0.7112, 52.29687 ] ] ] } },
{ "type": "Feature", "properties": { "small_area": "E01027310" }, "geometry": { "type": "Polygon", "coordinates": [ [ [ -0.70925, 52.30629 ], [ -0.72011, 52.30145 ], [ -0.71412, 52.308 ], [ -0.70925, 52.30629 ] ] ] } },
{ "type": "Feature", "properties": { "small_area": "E01013588" }, "geometry": { "type": "Polygon", "coordinates": [ [ [ -1.47111, 52.87954 ], [ -1.46244, 52.88042 ], [ -1.46767, 52.87052 ], [ -1.48431, 52.87121 ], [ -1.48647, 52.87442 ], [ -1.49376, 52.87327 ], [ -1.49763, 52.8769 ], [ -1.49184, 52.8827 ], [ -1.48982, 52.88147 ], [ -1.49285, 52.88001 ], [ -1.48455, 52.87903 ], [ -1.48181, 52.88397 ], [ -1.47111, 52.87954 ] ] ] } },
{ "type": "Feature", "properties": { "small_area": "E01025684" }, "geometry": { "type": "Polygon", "coordinates": [ [ [ -1.12576, 52.68341 ], [ -1.11805, 52.67946 ], [ -1.11727, 52.67743 ], [ -1.12645, 52.67495 ], [ -1.12576, 52.68341 ] ] ] } },
{ "type": "Feature", "properties": { "small_area": "E01026950" }, "geometry": { "type": "Polygon", "coordinates": [ [ [ -0.69929, 52.4894 ], [ -0.68917, 52.48675 ], [ -0.69148, 52.48044 ], [ -0.69929, 52.4894 ] ] ] } },
{ "type": "Feature", "properties": { "small_area": "E01026953" }, "geometry": { "type": "Polygon", "coordinates": [ [ [ -0.73447, 52.46928 ], [ -0.73979, 52.46424 ], [ -0.74158, 52.47012 ], [ -0.73913, 52.47664 ], [ -0.72951, 52.47369 ], [ -0.73447, 52.46928 ] ] ] } },
{ "type": "Feature", "properties": { "small_area": "E01026952" }, "geometry": { "type": "Polygon", "coordinates": [ [ [ -0.68768, 52.49028 ], [ -0.6951, 52.4911 ], [ -0.69639, 52.49495 ], [ -0.7026, 52.49161 ], [ -0.69038, 52.49835 ], [ -0.68768, 52.49028 ] ] ] } },
{ "type": "Feature", "properties": { "small_area": "E01026955" }, "geometry": { "type": "Polygon", "coordinates": [ [ [ -0.71363, 52.46542 ], [ -0.70482, 52.46237 ], [ -0.72024, 52.45676 ], [ -0.73169, 52.46521 ], [ -0.72321, 52.47063 ], [ -0.71363, 52.46542 ] ] ] } },
{ "type": "Feature", "properties": { "small_area": "E01027043" }, "geometry": { "type": "Polygon", "coordinates": [ [ [ -0.49174, 52.58127 ], [ -0.47885, 52.57742 ], [ -0.47883, 52.57363 ], [ -0.46892, 52.57491 ], [ -0.47283, 52.56446 ], [ -0.48622, 52.55738 ], [ -0.49397, 52.55979 ], [ -0.49512, 52.55523 ], [ -0.50442, 52.55725 ], [ -0.52574, 52.55159 ], [ -0.54419, 52.55455 ], [ -0.54427, 52.54903 ], [ -0.53314, 52.53958 ], [ -0.54809, 52.53159 ], [ -0.56288, 52.52898 ], [ -0.5542, 52.52455 ], [ -0.56687, 52.51882 ], [ -0.56163, 52.51253 ], [ -0.57774, 52.5025 ], [ -0.5964, 52.49693 ], [ -0.60931, 52.50862 ], [ -0.59772, 52.51201 ], [ -0.60578, 52.51427 ], [ -0.62969, 52.51126 ], [ -0.63566, 52.51594 ], [ -0.67198, 52.50681 ], [ -0.67468, 52.5132 ], [ -0.66248, 52.51893 ], [ -0.64939, 52.5189 ], [ -0.63586, 52.52388 ], [ -0.6408, 52.52889 ], [ -0.63829, 52.53324 ], [ -0.66921, 52.54467 ], [ -0.66559, 52.55223 ], [ -0.67488, 52.55862 ], [ -0.6713, 52.56409 ], [ -0.6609, 52.5689 ], [ -0.6381, 52.57176 ], [ -0.62367, 52.57936 ], [ -0.60816, 52.56432 ], [ -0.58451, 52.5699 ], [ -0.57148, 52.56689 ], [ -0.56531, 52.56142 ], [ -0.56671, 52.56659 ], [ -0.5522, 52.56864 ], [ -0.53245, 52.5777 ], [ -0.53435, 52.58131 ], [ -0.52379, 52.5833 ], [ -0.52003, 52.59399 ], [ -0.49766, 52.58683 ], [ -0.49174, 52.58127 ] ] ] } },
{ "type": "Feature", "properties": { "small_area": "E01013621" }, "geometry": { "type": "Polygon", "coordinates": [ [ [ -1.1524, 52.6579 ], [ -1.14558, 52.65925 ], [ -1.15397, 52.65675 ], [ -1.15199, 52.65249 ], [ -1.15861, 52.65397 ], [ -1.16043, 52.66231 ], [ -1.1524, 52.6579 ] ] ] } },
{ "type": "Feature", "properties": { "small_area": "E01027219" }, "geometry": { "type": "Polygon", "coordinates": [ [ [ -0.86398, 52.26604 ], [ -0.8694, 52.26114 ], [ -0.87095, 52.26695 ], [ -0.86308, 52.27326 ], [ -0.85882, 52.26821 ], [ -0.86398, 52.26604 ] ] ] } },
{ "type": "Feature", "properties": { "small_area": "E01027298" }, "geometry": { "type": "Polygon", "coordinates": [ [ [ -0.98952, 52.12128 ], [ -0.97793, 52.12504 ], [ -0.97013, 52.1207 ], [ -0.9832, 52.1054 ], [ -0.99674, 52.10567 ], [ -1.00214, 52.10844 ], [ -1.00655, 52.11693 ], [ -1.0045, 52.12589 ], [ -1.00309, 52.12241 ], [ -0.99403, 52.12395 ], [ -0.98952, 52.12128 ] ] ] } },
{ "type": "Feature", "properties": { "small_area": "E01027299" }, "geometry": { "type": "Polygon", "coordinates": [ [ [ -0.98952, 52.12128 ], [ -0.99745, 52.12745 ], [ -0.99197, 52.12905 ], [ -0.98585, 52.12349 ], [ -0.98952, 52.12128 ] ] ] } },
{ "type": "Feature", "properties": { "small_area": "E01027218" }, "geometry": { "type": "Polygon", "coordinates": [ [ [ -0.87414, 52.26421 ], [ -0.88302, 52.26432 ], [ -0.87799, 52.27267 ], [ -0.88233, 52.27808 ], [ -0.87552, 52.28231 ], [ -0.86545, 52.2781 ], [ -0.86308, 52.27326 ], [ -0.87414, 52.26421 ] ] ] } },
{ "type": "Feature", "properties": { "small_area": "E01027959" }, "geometry": { "type": "Polygon", "coordinates": [ [ [ -1.26878, 53.10736 ], [ -1.27632, 53.11378 ], [ -1.25688, 53.1146 ], [ -1.25818, 53.10812 ], [ -1.26878, 53.10736 ] ] ] } },
{ "type": "Feature", "properties": { "small_area": "E01027958" }, "geometry": { "type": "Polygon", "coordinates": [ [ [ -1.2606, 53.10368 ], [ -1.26428, 53.10112 ], [ -1.26697, 53.1036 ], [ -1.26302, 53.1045 ], [ -1.26749, 53.10535 ], [ -1.26109, 53.10756 ], [ -1.2606, 53.10368 ] ] ] } },
{ "type": "Feature", "properties": { "small_area": "E01013965" }, "geometry": { "type": "Polygon", "coordinates": [ [ [ -1.14464, 52.98406 ], [ -1.14917, 52.98867 ], [ -1.14, 52.99187 ], [ -1.14464, 52.98406 ] ] ] } },
{ "type": "Feature", "properties": { "small_area": "E01013967" }, "geometry": { "type": "Polygon", "coordinates": [ [ [ -1.15685, 52.98525 ], [ -1.14568, 52.98396 ], [ -1.1578, 52.98187 ], [ -1.15945, 52.98692 ], [ -1.16537, 52.98971 ], [ -1.15802, 52.99227 ], [ -1.14858, 52.98909 ], [ -1.15685, 52.98525 ] ] ] } },
{ "type": "Feature", "properties": { "small_area": "E01013964" }, "geometry": { "type": "Polygon", "coordinates": [ [ [ -1.14858, 52.98909 ], [ -1.15802, 52.99227 ], [ -1.14725, 52.99773 ], [ -1.14985, 52.99412 ], [ -1.14338, 52.99474 ], [ -1.14858, 52.98909 ] ] ] } },
{ "type": "Feature", "properties": { "small_area": "E01013962" }, "geometry": { "type": "Polygon", "coordinates": [ [ [ -1.12067, 52.96182 ], [ -1.12016, 52.95906 ], [ -1.13037, 52.96124 ], [ -1.1252, 52.96438 ], [ -1.12067, 52.96182 ] ] ] } },
{ "type": "Feature", "properties": { "small_area": "E01013687" }, "geometry": { "type": "Polygon", "coordinates": [ [ [ -1.14341, 52.62355 ], [ -1.13716, 52.6198 ], [ -1.1425, 52.61327 ], [ -1.13656, 52.61023 ], [ -1.14352, 52.61052 ], [ -1.14892, 52.61673 ], [ -1.14341, 52.62355 ] ] ] } },
{ "type": "Feature", "properties": { "small_area": "E01025984" }, "geometry": { "type": "Polygon", "coordinates": [ [ [ -1.05356, 52.592 ], [ -1.0543, 52.58824 ], [ -1.05838, 52.58536 ], [ -1.06816, 52.59298 ], [ -1.05356, 52.592 ] ] ] } },
{ "type": "Feature", "properties": { "small_area": "E01013982" }, "geometry": { "type": "Polygon", "coordinates": [ [ [ -1.21351, 52.9502 ], [ -1.21672, 52.94628 ], [ -1.2051, 52.94192 ], [ -1.21713, 52.93891 ], [ -1.224, 52.94227 ], [ -1.22464, 52.94718 ], [ -1.23057, 52.94712 ], [ -1.229, 52.95102 ], [ -1.22321, 52.95182 ], [ -1.22372, 52.95499 ], [ -1.21678, 52.95458 ], [ -1.22118, 52.95324 ], [ -1.21914, 52.95113 ], [ -1.21351, 52.9502 ] ] ] } },
{ "type": "Feature", "properties": { "small_area": "E01027017" }, "geometry": { "type": "Polygon", "coordinates": [ [ [ -1.05563, 52.28741 ], [ -1.07055, 52.28285 ], [ -1.0853, 52.28379 ], [ -1.10733, 52.27759 ], [ -1.12364, 52.29996 ], [ -1.11819, 52.30199 ], [ -1.11052, 52.29936 ], [ -1.10833, 52.3039 ], [ -1.10095, 52.29885 ], [ -1.08837, 52.30421 ], [ -1.07799, 52.2999 ], [ -1.08547, 52.29522 ], [ -1.07944, 52.29123 ], [ -1.06449, 52.29608 ], [ -1.0597, 52.30622 ], [ -1.06433, 52.31116 ], [ -1.08931, 52.31364 ], [ -1.06977, 52.32334 ], [ -1.04989, 52.32611 ], [ -1.05359, 52.31545 ], [ -1.03918, 52.30312 ], [ -1.05387, 52.29199 ], [ -1.05563, 52.28741 ] ] ] } },
{ "type": "Feature", "properties": { "small_area": "E01027289" }, "geometry": { "type": "Polygon", "coordinates": [ [ [ -1.00138, 52.13655 ], [ -1.02739, 52.1322 ], [ -1.03261, 52.12575 ], [ -1.04899, 52.11743 ], [ -1.06703, 52.12695 ], [ -1.06903, 52.13417 ], [ -1.05308, 52.14234 ], [ -1.05144, 52.16002 ], [ -1.04557, 52.16282 ], [ -1.04248, 52.16077 ], [ -1.01316, 52.16262 ], [ -1.00138, 52.13655 ] ] ] } },
{ "type": "Feature", "properties": { "small_area": "E01028043" }, "geometry": { "type": "Polygon", "coordinates": [ [ [ -1.07967, 53.30195 ], [ -1.09513, 53.30249 ], [ -1.10696, 53.30551 ], [ -1.10061, 53.31634 ], [ -1.10797, 53.3204 ], [ -1.10143, 53.32663 ], [ -1.08466, 53.3262 ], [ -1.05867, 53.33455 ], [ -1.02793, 53.33364 ], [ -1.02827, 53.3161 ], [ -1.07967, 53.30195 ] ] ] } },
{ "type": "Feature", "properties": { "small_area": "E01027283" }, "geometry": { "type": "Polygon", "coordinates": [ [ [ -1.00404, 52.21368 ], [ -1.00944, 52.21293 ], [ -1.00929, 52.20762 ], [ -0.99591, 52.20323 ], [ -0.98194, 52.20461 ], [ -0.96596, 52.19353 ], [ -0.94358, 52.19522 ], [ -0.95958, 52.17023 ], [ -0.98339, 52.17293 ], [ -0.98841, 52.16786 ], [ -0.99128, 52.19469 ], [ -1.02104, 52.19885 ], [ -1.02071, 52.20289 ], [ -1.03844, 52.19566 ], [ -1.0461, 52.20554 ], [ -1.02541, 52.21482 ], [ -1.02334, 52.22424 ], [ -1.01383, 52.22297 ], [ -1.00829, 52.22573 ], [ -1.00319, 52.21825 ], [ -1.00404, 52.21368 ] ] ] } },
{ "type": "Feature", "properties": { "small_area": "E01027021" }, "geometry": { "type": "Polygon", "coordinates": [ [ [ -0.97115, 52.30323 ], [ -0.96516, 52.30037 ], [ -0.96898, 52.28853 ], [ -0.9869, 52.28822 ], [ -0.9984, 52.29155 ], [ -1.0236, 52.28699 ], [ -1.05387, 52.29199 ], [ -1.03918, 52.30312 ], [ -1.05359, 52.31545 ], [ -1.04989, 52.32611 ], [ -1.04547, 52.33342 ], [ -1.03351, 52.33948 ], [ -1.04513, 52.34233 ], [ -1.04716, 52.34961 ], [ -1.04, 52.34765 ], [ -1.03072, 52.35091 ], [ -1.02422, 52.34859 ], [ -1.0208, 52.3426 ], [ -1.01042, 52.34365 ], [ -1.00179, 52.35076 ], [ -0.99927, 52.34737 ], [ -0.99259, 52.34808 ], [ -0.99098, 52.35125 ], [ -0.98231, 52.35299 ], [ -0.97077, 52.34307 ], [ -0.9761, 52.33678 ], [ -0.96682, 52.33033 ], [ -0.96985, 52.31482 ], [ -0.96046, 52.31239 ], [ -0.97115, 52.30323 ] ] ] } },
{ "type": "Feature", "properties": { "small_area": "E01019870" }, "geometry": { "type": "Polygon", "coordinates": [ [ [ -1.56694, 52.71005 ], [ -1.57746, 52.71164 ], [ -1.6055, 52.69652 ], [ -1.61538, 52.70069 ], [ -1.62526, 52.69741 ], [ -1.63535, 52.70247 ], [ -1.63766, 52.69966 ], [ -1.65505, 52.69878 ], [ -1.65431, 52.70819 ], [ -1.6593, 52.71407 ], [ -1.6568, 52.72362 ], [ -1.62716, 52.72367 ], [ -1.61275, 52.73013 ], [ -1.60427, 52.72599 ], [ -1.59519, 52.73746 ], [ -1.58757, 52.73342 ], [ -1.56483, 52.74109 ], [ -1.56797, 52.73165 ], [ -1.56483, 52.73454 ], [ -1.56312, 52.7327 ], [ -1.57253, 52.72611 ], [ -1.56661, 52.7265 ], [ -1.5681, 52.72333 ], [ -1.55931, 52.72414 ], [ -1.55122, 52.71986 ], [ -1.56694, 52.71005 ] ] ] } },
{ "type": "Feature", "properties": { "small_area": "E01019479" }, "geometry": { "type": "Polygon", "coordinates": [ [ [ -1.2893, 53.2852 ], [ -1.29498, 53.28964 ], [ -1.29232, 53.29669 ], [ -1.27665, 53.2953 ], [ -1.28065, 53.29043 ], [ -1.26101, 53.28719 ], [ -1.26634, 53.28316 ], [ -1.2893, 53.2852 ] ] ] } },
{ "type": "Feature", "properties": { "small_area": "E01026364" }, "geometry": { "type": "Polygon", "coordinates": [ [ [ -0.3179, 52.71158 ], [ -0.32011, 52.71454 ], [ -0.32766, 52.7129 ], [ -0.32358, 52.71093 ], [ -0.34026, 52.7045 ], [ -0.34128, 52.69624 ], [ -0.33595, 52.69629 ], [ -0.33342, 52.69287 ], [ -0.34696, 52.69442 ], [ -0.34262, 52.6973 ], [ -0.34636, 52.70003 ], [ -0.36228, 52.6963 ], [ -0.36352, 52.72282 ], [ -0.35851, 52.72302 ], [ -0.35552, 52.72806 ], [ -0.30682, 52.74525 ], [ -0.28831, 52.72699 ], [ -0.3179, 52.71158 ] ] ] } },
{ "type": "Feature", "properties": { "small_area": "E01026367" }, "geometry": { "type": "Polygon", "coordinates": [ [ [ -0.21059, 53.53168 ], [ -0.21362, 53.52633 ], [ -0.20402, 53.5086 ], [ -0.2106, 53.48626 ], [ -0.23146, 53.47741 ], [ -0.25836, 53.49822 ], [ -0.30091, 53.48447 ], [ -0.30851, 53.4964 ], [ -0.32019, 53.49328 ], [ -0.31826, 53.49738 ], [ -0.32737, 53.50067 ], [ -0.33521, 53.51036 ], [ -0.33844, 53.50708 ], [ -0.33387, 53.50021 ], [ -0.34886, 53.50417 ], [ -0.34844, 53.51191 ], [ -0.31335, 53.53336 ], [ -0.31837, 53.5392 ], [ -0.32579, 53.53924 ], [ -0.34932, 53.55583 ], [ -0.34585, 53.55794 ], [ -0.34866, 53.55949 ], [ -0.3118, 53.56231 ], [ -0.30112, 53.56834 ], [ -0.27435, 53.57433 ], [ -0.25296, 53.55194 ], [ -0.24731, 53.53367 ], [ -0.25207, 53.53086 ], [ -0.21059, 53.53168 ] ] ] } },
{ "type": "Feature", "properties": { "small_area": "E01026366" }, "geometry": { "type": "Polygon", "coordinates": [ [ [ -0.29911, 53.26859 ], [ -0.30083, 53.26395 ], [ -0.28982, 53.26396 ], [ -0.30061, 53.26309 ], [ -0.28714, 53.25751 ], [ -0.29091, 53.25474 ], [ -0.28024, 53.24974 ], [ -0.28247, 53.24001 ], [ -0.2765, 53.23178 ], [ -0.30219, 53.2104 ], [ -0.2909, 53.19464 ], [ -0.28965, 53.17934 ], [ -0.31891, 53.1846 ], [ -0.32897, 53.19977 ], [ -0.33733, 53.20316 ], [ -0.34128, 53.21164 ], [ -0.34674, 53.21463 ], [ -0.35132, 53.2273 ], [ -0.36649, 53.23327 ], [ -0.35996, 53.2436 ], [ -0.36659, 53.24918 ], [ -0.35657, 53.26212 ], [ -0.33392, 53.27056 ], [ -0.32861, 53.26809 ], [ -0.29911, 53.26859 ] ] ] } },
{ "type": "Feature", "properties": { "small_area": "E01028331" }, "geometry": { "type": "Polygon", "coordinates": [ [ [ -1.0257, 53.0551 ], [ -1.01227, 53.049 ], [ -1.00793, 53.04264 ], [ -0.99783, 53.0397 ], [ -0.999, 53.03529 ], [ -0.98127, 53.03103 ], [ -0.97016, 53.02351 ], [ -0.98855, 53.01211 ], [ -0.99071, 53.01664 ], [ -1.00435, 53.01144 ], [ -1.00596, 53.01482 ], [ -1.02277, 53.01498 ], [ -1.01881, 53.00861 ], [ -1.03726, 52.99904 ], [ -1.03921, 53.0002 ], [ -1.03422, 53.00498 ], [ -1.04656, 53.00719 ], [ -1.0525, 53.01202 ], [ -1.04849, 53.01705 ], [ -1.0294, 53.02318 ], [ -1.04188, 53.03139 ], [ -1.05677, 53.03553 ], [ -1.06512, 53.04474 ], [ -1.04734, 53.04972 ], [ -1.04145, 53.04799 ], [ -1.03438, 53.05848 ], [ -1.0209, 53.05898 ], [ -1.0257, 53.0551 ] ] ] } },
{ "type": "Feature", "properties": { "small_area": "E01028319" }, "geometry": { "type": "Polygon", "coordinates": [ [ [ -0.81228, 53.05747 ], [ -0.8262, 53.05859 ], [ -0.81977, 53.06367 ], [ -0.81228, 53.05747 ] ] ] } },
{ "type": "Feature", "properties": { "small_area": "E01013849" }, "geometry": { "type": "Polygon", "coordinates": [ [ [ -1.16144, 53.00201 ], [ -1.16808, 53.00415 ], [ -1.15968, 53.00826 ], [ -1.16144, 53.00201 ] ] ] } },
{ "type": "Feature", "properties": { "small_area": "E01026311" }, "geometry": { "type": "Polygon", "coordinates": [ [ [ -0.66106, 52.9101 ], [ -0.65328, 52.91085 ], [ -0.65511, 52.90408 ], [ -0.6587, 52.90354 ], [ -0.66106, 52.9101 ] ] ] } },
{ "type": "Feature", "properties": { "small_area": "E01026229" }, "geometry": { "type": "Polygon", "coordinates": [ [ [ -0.45578, 53.01353 ], [ -0.41625, 53.01825 ], [ -0.41829, 53.01079 ], [ -0.41165, 53.00861 ], [ -0.43034, 53.00609 ], [ -0.43006, 53.0028 ], [ -0.4502, 53.00351 ], [ -0.45578, 53.01353 ] ] ] } },
{ "type": "Feature", "properties": { "small_area": "E01028136" }, "geometry": { "type": "Polygon", "coordinates": [ [ [ -1.26518, 52.90714 ], [ -1.26905, 52.90977 ], [ -1.26009, 52.91261 ], [ -1.25874, 52.90883 ], [ -1.26518, 52.90714 ] ] ] } },
{ "type": "Feature", "properties": { "small_area": "E01026135" }, "geometry": { "type": "Polygon", "coordinates": [ [ [ -0.5519, 53.21331 ], [ -0.5485, 53.21209 ], [ -0.56078, 53.20574 ], [ -0.5666, 53.21107 ], [ -0.5592, 53.21354 ], [ -0.56097, 53.2171 ], [ -0.54974, 53.21645 ], [ -0.5519, 53.21331 ] ] ] } },
{ "type": "Feature", "properties": { "small_area": "E01026132" }, "geometry": { "type": "Polygon", "coordinates": [ [ [ -0.55676, 53.23113 ], [ -0.54067, 53.22851 ], [ -0.54465, 53.22101 ], [ -0.55227, 53.22149 ], [ -0.55286, 53.22956 ], [ -0.56071, 53.23069 ], [ -0.56147, 53.22632 ], [ -0.56987, 53.2264 ], [ -0.5722, 53.23643 ], [ -0.55676, 53.23113 ] ] ] } },
{ "type": "Feature", "properties": { "small_area": "E01026137" }, "geometry": { "type": "Polygon", "coordinates": [ [ [ -0.55141, 53.191 ], [ -0.55662, 53.19047 ], [ -0.55229, 53.19582 ], [ -0.55378, 53.19952 ], [ -0.54948, 53.19743 ], [ -0.55141, 53.191 ] ] ] } },
{ "type": "Feature", "properties": { "small_area": "E01026134" }, "geometry": { "type": "Polygon", "coordinates": [ [ [ -0.54522, 53.21878 ], [ -0.5485, 53.21209 ], [ -0.5519, 53.21331 ], [ -0.54522, 53.21878 ] ] ] } },
{ "type": "Feature", "properties": { "small_area": "E01026136" }, "geometry": { "type": "Polygon", "coordinates": [ [ [ -0.571, 53.21445 ], [ -0.56097, 53.2171 ], [ -0.5592, 53.21354 ], [ -0.5666, 53.21107 ], [ -0.58074, 53.21527 ], [ -0.59504, 53.22783 ], [ -0.57547, 53.23161 ], [ -0.57073, 53.22959 ], [ -0.571, 53.21445 ] ] ] } },
{ "type": "Feature", "properties": { "small_area": "E01026130" }, "geometry": { "type": "Polygon", "coordinates": [ [ [ -0.60071, 53.22503 ], [ -0.60173, 53.22141 ], [ -0.60552, 53.22073 ], [ -0.60689, 53.22401 ], [ -0.59504, 53.22783 ], [ -0.58516, 53.21783 ], [ -0.60071, 53.22503 ] ] ] } },
{ "type": "Feature", "properties": { "small_area": "E01028137" }, "geometry": { "type": "Polygon", "coordinates": [ [ [ -1.24713, 52.90383 ], [ -1.252, 52.90307 ], [ -1.24867, 52.90666 ], [ -1.25137, 52.91058 ], [ -1.24836, 52.91131 ], [ -1.24045, 52.91283 ], [ -1.23697, 52.90605 ], [ -1.24713, 52.90383 ] ] ] } },
{ "type": "Feature", "properties": { "small_area": "E01013897" }, "geometry": { "type": "Polygon", "coordinates": [ [ [ -1.17785, 52.9081 ], [ -1.17434, 52.90365 ], [ -1.1826, 52.90681 ], [ -1.17408, 52.91101 ], [ -1.17785, 52.9081 ] ] ] } },
{ "type": "Feature", "properties": { "small_area": "E01026249" }, "geometry": { "type": "Polygon", "coordinates": [ [ [ 0.02317, 52.78329 ], [ 0.0194, 52.78254 ], [ 0.02216, 52.77389 ], [ 0.01683, 52.77369 ], [ 0.00445, 52.74721 ], [ -0.00622, 52.74447 ], [ -0.00426, 52.72756 ], [ -0.02919, 52.69756 ], [ -0.05804, 52.67407 ], [ -0.0638, 52.67521 ], [ -0.06546, 52.67198 ], [ -0.07463, 52.67205 ], [ -0.08785, 52.66676 ], [ -0.10221, 52.67219 ], [ -0.08929, 52.6834 ], [ -0.0623, 52.69401 ], [ -0.05136, 52.7039 ], [ -0.06504, 52.7074 ], [ -0.06341, 52.72147 ], [ -0.02475, 52.72493 ], [ -0.02442, 52.74327 ], [ -0.00939, 52.7621 ], [ -0.01336, 52.76436 ], [ -0.00887, 52.77477 ], [ -0.01058, 52.79778 ], [ 0.02613, 52.79891 ], [ 0.02317, 52.78329 ] ] ] } },
{ "type": "Feature", "properties": { "small_area": "E01026248" }, "geometry": { "type": "Polygon", "coordinates": [ [ [ 0.12252, 52.8641 ], [ 0.12446, 52.85704 ], [ 0.11077, 52.85334 ], [ 0.10505, 52.85512 ], [ 0.09735, 52.85016 ], [ 0.10443, 52.83952 ], [ 0.09693, 52.83271 ], [ 0.10346, 52.82518 ], [ 0.09728, 52.81751 ], [ 0.07684, 52.81933 ], [ 0.06931, 52.81457 ], [ 0.05189, 52.81244 ], [ 0.05286, 52.80934 ], [ 0.04312, 52.8092 ], [ 0.00874, 52.81107 ], [ -0.00509, 52.81624 ], [ -0.00484, 52.8282 ], [ 0.00407, 52.84937 ], [ -0.00119, 52.85183 ], [ 0.00289, 52.85303 ], [ -0.00144, 52.86476 ], [ 0.00169, 52.87184 ], [ -0.00387, 52.87368 ], [ 0.00098, 52.87413 ], [ -0.00202, 52.88675 ], [ 0.03115, 52.89787 ], [ 0.04311, 52.90523 ], [ 0.03912, 52.90128 ], [ 0.04498, 52.9005 ], [ 0.03797, 52.89792 ], [ 0.05804, 52.90132 ], [ 0.09162, 52.89009 ], [ 0.11623, 52.89097 ], [ 0.1463, 52.88178 ], [ 0.12252, 52.8641 ] ] ] } },
{ "type": "Feature", "properties": { "small_area": "E01028243" }, "geometry": { "type": "Polygon", "coordinates": [ [ [ -1.16354, 53.15199 ], [ -1.15958, 53.14745 ], [ -1.16979, 53.14976 ], [ -1.16619, 53.15615 ], [ -1.15856, 53.15524 ], [ -1.16354, 53.15199 ] ] ] } },
{ "type": "Feature", "properties": { "small_area": "E01028240" }, "geometry": { "type": "Polygon", "coordinates": [ [ [ -1.15982, 53.15365 ], [ -1.16179, 53.15783 ], [ -1.15834, 53.16022 ], [ -1.14716, 53.15823 ], [ -1.15982, 53.15365 ] ] ] } },
{ "type": "Feature", "properties": { "small_area": "E01027176" }, "geometry": { "type": "Polygon", "coordinates": [ [ [ -0.80598, 52.26005 ], [ -0.8105, 52.26142 ], [ -0.80268, 52.26297 ], [ -0.80134, 52.2535 ], [ -0.80598, 52.26005 ] ] ] } },
{ "type": "Feature", "properties": { "small_area": "E01019665" }, "geometry": { "type": "Polygon", "coordinates": [ [ [ -1.30756, 52.98752 ], [ -1.31795, 52.98674 ], [ -1.31954, 52.98956 ], [ -1.31802, 52.99303 ], [ -1.31039, 52.99263 ], [ -1.30756, 52.98752 ] ] ] } },
{ "type": "Feature", "properties": { "small_area": "E01027184" }, "geometry": { "type": "Polygon", "coordinates": [ [ [ -0.88319, 52.25244 ], [ -0.87542, 52.25431 ], [ -0.87455, 52.25018 ], [ -0.88319, 52.25244 ] ] ] } },
{ "type": "Feature", "properties": { "small_area": "E01013587" }, "geometry": { "type": "Polygon", "coordinates": [ [ [ -1.49025, 52.88256 ], [ -1.48181, 52.88397 ], [ -1.48455, 52.87903 ], [ -1.49285, 52.88001 ], [ -1.49025, 52.88256 ] ] ] } },
{ "type": "Feature", "properties": { "small_area": "E01028375" }, "geometry": { "type": "Polygon", "coordinates": [ [ [ -1.10522, 52.93809 ], [ -1.0934, 52.93333 ], [ -1.10779, 52.93124 ], [ -1.10374, 52.92517 ], [ -1.0984, 52.92426 ], [ -1.10633, 52.92164 ], [ -1.115, 52.94389 ], [ -1.10036, 52.94189 ], [ -1.10522, 52.93809 ] ] ] } },
{ "type": "Feature", "properties": { "small_area": "E01013921" }, "geometry": { "type": "Polygon", "coordinates": [ [ [ -1.1252, 52.95105 ], [ -1.11924, 52.95344 ], [ -1.11893, 52.95034 ], [ -1.1232, 52.94833 ], [ -1.1252, 52.95105 ] ] ] } },
{ "type": "Feature", "properties": { "small_area": "E01019698" }, "geometry": { "type": "Polygon", "coordinates": [ [ [ -1.27753, 52.88362 ], [ -1.26611, 52.87329 ], [ -1.29061, 52.87275 ], [ -1.28572, 52.87962 ], [ -1.28988, 52.88507 ], [ -1.27753, 52.88362 ] ] ] } },
{ "type": "Feature", "properties": { "small_area": "E01027351" }, "geometry": { "type": "Polygon", "coordinates": [ [ [ -0.70511, 52.29386 ], [ -0.72073, 52.29043 ], [ -0.70702, 52.30007 ], [ -0.70169, 52.30005 ], [ -0.70559, 52.29838 ], [ -0.70084, 52.29642 ], [ -0.70511, 52.29386 ] ] ] } },
{ "type": "Feature", "properties": { "small_area": "E01019695" }, "geometry": { "type": "Polygon", "coordinates": [ [ [ -1.28206, 52.91114 ], [ -1.28478, 52.91787 ], [ -1.29003, 52.91362 ], [ -1.29698, 52.9169 ], [ -1.28823, 52.92174 ], [ -1.28272, 52.91996 ], [ -1.28206, 52.91114 ] ] ] } },
{ "type": "Feature", "properties": { "small_area": "E01027943" }, "geometry": { "type": "Polygon", "coordinates": [ [ [ -1.21217, 53.04244 ], [ -1.21935, 53.03463 ], [ -1.22424, 53.0344 ], [ -1.22718, 53.04388 ], [ -1.23549, 53.04275 ], [ -1.23332, 53.03716 ], [ -1.24393, 53.0376 ], [ -1.24671, 53.04463 ], [ -1.22925, 53.05153 ], [ -1.22812, 53.05455 ], [ -1.21743, 53.04901 ], [ -1.21217, 53.04244 ] ] ] } },
{ "type": "Feature", "properties": { "small_area": "E01028371" }, "geometry": { "type": "Polygon", "coordinates": [ [ [ -0.90733, 52.92517 ], [ -0.92329, 52.9307 ], [ -0.91724, 52.94069 ], [ -0.92222, 52.94627 ], [ -0.91784, 52.94634 ], [ -0.91605, 52.9501 ], [ -0.93294, 52.95805 ], [ -0.91171, 52.97295 ], [ -0.89438, 52.97765 ], [ -0.88545, 52.97301 ], [ -0.88803, 52.96695 ], [ -0.86504, 52.95901 ], [ -0.87335, 52.9555 ], [ -0.87016, 52.94968 ], [ -0.87928, 52.93351 ], [ -0.89199, 52.92576 ], [ -0.90733, 52.92517 ] ] ] } },
{ "type": "Feature", "properties": { "small_area": "E01028370" }, "geometry": { "type": "Polygon", "coordinates": [ [ [ -1.03906, 52.90658 ], [ -1.04447, 52.90824 ], [ -1.04317, 52.91363 ], [ -1.02834, 52.91175 ], [ -1.03906, 52.90658 ] ] ] } },
{ "type": "Feature", "properties": { "small_area": "E01028372" }, "geometry": { "type": "Polygon", "coordinates": [ [ [ -1.11186, 52.91 ], [ -1.10678, 52.91258 ], [ -1.11381, 52.9108 ], [ -1.11446, 52.91474 ], [ -1.11875, 52.91435 ], [ -1.10975, 52.91684 ], [ -1.104, 52.91465 ], [ -1.10632, 52.90798 ], [ -1.11186, 52.91 ] ] ] } },
{ "type": "Feature", "properties": { "small_area": "E01013629" }, "geometry": { "type": "Polygon", "coordinates": [ [ [ -1.11137, 52.65402 ], [ -1.11838, 52.65828 ], [ -1.10965, 52.6594 ], [ -1.10706, 52.65494 ], [ -1.11137, 52.65402 ] ] ] } },
{ "type": "Feature", "properties": { "small_area": "E01026378" }, "geometry": { "type": "Polygon", "coordinates": [ [ [ -0.78525, 53.40223 ], [ -0.78833, 53.40562 ], [ -0.77933, 53.40834 ], [ -0.78066, 53.40339 ], [ -0.78525, 53.40223 ] ] ] } },
{ "type": "Feature", "properties": { "small_area": "E01027135" }, "geometry": { "type": "Polygon", "coordinates": [ [ [ -0.86962, 52.23942 ], [ -0.86848, 52.24895 ], [ -0.86179, 52.24054 ], [ -0.86962, 52.23942 ] ] ] } },
{ "type": "Feature", "properties": { "small_area": "E01027132" }, "geometry": { "type": "Polygon", "coordinates": [ [ [ -0.8767, 52.24518 ], [ -0.88258, 52.24633 ], [ -0.87309, 52.24875 ], [ -0.8767, 52.24518 ] ] ] } },
{ "type": "Feature", "properties": { "small_area": "E01027137" }, "geometry": { "type": "Polygon", "coordinates": [ [ [ -0.83042, 52.24688 ], [ -0.82791, 52.24989 ], [ -0.83425, 52.25012 ], [ -0.82507, 52.25227 ], [ -0.82378, 52.2476 ], [ -0.83042, 52.24688 ] ] ] } },
{ "type": "Feature", "properties": { "small_area": "E01027134" }, "geometry": { "type": "Polygon", "coordinates": [ [ [ -0.87674, 52.24192 ], [ -0.87863, 52.24173 ], [ -0.8805, 52.24628 ], [ -0.8767, 52.24518 ], [ -0.87674, 52.24192 ] ] ] } },
{ "type": "Feature", "properties": { "small_area": "E01027136" }, "geometry": { "type": "Polygon", "coordinates": [ [ [ -0.87057, 52.24546 ], [ -0.87377, 52.24567 ], [ -0.87309, 52.24875 ], [ -0.87936, 52.24764 ], [ -0.86953, 52.25133 ], [ -0.87057, 52.24546 ] ] ] } },
{ "type": "Feature", "properties": { "small_area": "E01027133" }, "geometry": { "type": "Polygon", "coordinates": [ [ [ -0.86962, 52.23942 ], [ -0.87539, 52.23859 ], [ -0.8767, 52.24518 ], [ -0.87057, 52.24546 ], [ -0.86962, 52.23942 ] ] ] } },
{ "type": "Feature", "properties": { "small_area": "E01019592" }, "geometry": { "type": "Polygon", "coordinates": [ [ [ -1.4629, 53.23894 ], [ -1.46744, 53.23042 ], [ -1.46028, 53.22895 ], [ -1.48196, 53.22623 ], [ -1.48398, 53.23246 ], [ -1.47188, 53.2334 ], [ -1.47186, 53.23947 ], [ -1.4629, 53.23894 ] ] ] } },
{ "type": "Feature", "properties": { "small_area": "E01026412" }, "geometry": { "type": "Polygon", "coordinates": [ [ [ -0.47719, 53.30719 ], [ -0.49217, 53.30828 ], [ -0.4886, 53.30501 ], [ -0.48349, 53.30579 ], [ -0.48994, 53.29898 ], [ -0.51097, 53.29361 ], [ -0.54084, 53.2909 ], [ -0.54229, 53.31107 ], [ -0.47949, 53.32122 ], [ -0.4773, 53.31488 ], [ -0.46441, 53.31946 ], [ -0.46074, 53.31622 ], [ -0.47719, 53.30719 ] ] ] } },
{ "type": "Feature", "properties": { "small_area": "E01028024" }, "geometry": { "type": "Polygon", "coordinates": [ [ [ -1.06538, 53.42114 ], [ -1.06639, 53.41685 ], [ -1.0614, 53.41673 ], [ -1.06325, 53.41106 ], [ -1.09874, 53.41872 ], [ -1.08704, 53.42551 ], [ -1.07916, 53.42275 ], [ -1.08036, 53.42686 ], [ -1.0744, 53.42744 ], [ -1.07455, 53.41967 ], [ -1.06538, 53.42114 ] ] ] } },
{ "type": "Feature", "properties": { "small_area": "E01027125" }, "geometry": { "type": "Polygon", "coordinates": [ [ [ -0.74887, 52.41052 ], [ -0.78538, 52.41293 ], [ -0.80101, 52.41712 ], [ -0.7921, 52.41955 ], [ -0.78573, 52.42862 ], [ -0.77506, 52.42667 ], [ -0.7741, 52.4167 ], [ -0.73966, 52.42057 ], [ -0.7346, 52.41672 ], [ -0.74887, 52.41052 ] ] ] } },
{ "type": "Feature", "properties": { "small_area": "E01013520" }, "geometry": { "type": "Polygon", "coordinates": [ [ [ -1.44066, 52.87371 ], [ -1.44277, 52.87625 ], [ -1.43877, 52.87828 ], [ -1.44131, 52.88085 ], [ -1.42627, 52.88081 ], [ -1.43255, 52.87529 ], [ -1.44066, 52.87371 ] ] ] } },
{ "type": "Feature", "properties": { "small_area": "E01019688" }, "geometry": { "type": "Polygon", "coordinates": [ [ [ -1.29443, 52.96075 ], [ -1.3005, 52.96416 ], [ -1.28927, 52.96524 ], [ -1.29052, 52.9598 ], [ -1.29443, 52.96075 ] ] ] } },
{ "type": "Feature", "properties": { "small_area": "E01027969" }, "geometry": { "type": "Polygon", "coordinates": [ [ [ -1.27511, 53.1212 ], [ -1.26775, 53.12096 ], [ -1.27988, 53.12129 ], [ -1.27685, 53.12498 ], [ -1.27251, 53.12402 ], [ -1.27511, 53.1212 ] ] ] } },
{ "type": "Feature", "properties": { "small_area": "E01019609" }, "geometry": { "type": "Polygon", "coordinates": [ [ [ -1.53963, 53.17138 ], [ -1.55898, 53.14714 ], [ -1.57149, 53.14253 ], [ -1.58301, 53.14627 ], [ -1.57877, 53.14824 ], [ -1.58549, 53.15478 ], [ -1.58966, 53.1534 ], [ -1.59787, 53.15752 ], [ -1.55345, 53.17149 ], [ -1.55288, 53.17815 ], [ -1.54251, 53.17527 ], [ -1.53963, 53.17138 ] ] ] } },
{ "type": "Feature", "properties": { "small_area": "E01019608" }, "geometry": { "type": "Polygon", "coordinates": [ [ [ -1.59787, 53.15752 ], [ -1.58966, 53.1534 ], [ -1.60642, 53.15989 ], [ -1.61185, 53.16463 ], [ -1.60496, 53.17041 ], [ -1.5917, 53.16328 ], [ -1.58385, 53.16465 ], [ -1.59787, 53.15752 ] ] ] } },
{ "type": "Feature", "properties": { "small_area": "E01019689" }, "geometry": { "type": "Polygon", "coordinates": [ [ [ -1.28927, 52.96524 ], [ -1.29898, 52.96501 ], [ -1.2991, 52.96801 ], [ -1.29211, 52.97042 ], [ -1.28772, 52.96768 ], [ -1.28927, 52.96524 ] ] ] } },
{ "type": "Feature", "properties": { "small_area": "E01013713" }, "geometry": { "type": "Polygon", "coordinates": [ [ [ -1.11936, 52.65307 ], [ -1.11649, 52.65226 ], [ -1.12112, 52.64866 ], [ -1.12306, 52.6492 ], [ -1.11936, 52.65307 ] ] ] } },
{ "type": "Feature", "properties": { "small_area": "E01013792" }, "geometry": { "type": "Polygon", "coordinates": [ [ [ -0.53365, 52.63129 ], [ -0.54116, 52.62481 ], [ -0.53907, 52.61786 ], [ -0.55014, 52.61223 ], [ -0.54757, 52.60694 ], [ -0.5529, 52.60087 ], [ -0.54294, 52.59567 ], [ -0.54419, 52.59287 ], [ -0.55813, 52.59447 ], [ -0.5623, 52.58644 ], [ -0.57192, 52.58579 ], [ -0.57797, 52.58788 ], [ -0.58149, 52.59587 ], [ -0.58699, 52.58741 ], [ -0.60303, 52.58857 ], [ -0.6381, 52.57176 ], [ -0.64225, 52.57298 ], [ -0.64065, 52.57708 ], [ -0.64713, 52.58421 ], [ -0.58155, 52.60548 ], [ -0.57509, 52.61377 ], [ -0.57852, 52.618 ], [ -0.57134, 52.63949 ], [ -0.57829, 52.64159 ], [ -0.55838, 52.65723 ], [ -0.53438, 52.64894 ], [ -0.53692, 52.64298 ], [ -0.54628, 52.64441 ], [ -0.54798, 52.63399 ], [ -0.56128, 52.63477 ], [ -0.55433, 52.6296 ], [ -0.56155, 52.6285 ], [ -0.56018, 52.62523 ], [ -0.54788, 52.63155 ], [ -0.53365, 52.63129 ] ], [ [ -0.56842, 52.621 ], [ -0.55991, 52.6246 ], [ -0.56018, 52.62523 ], [ -0.56842, 52.621 ] ] ] } },
{ "type": "Feature", "properties": { "small_area": "E01013793" }, "geometry": { "type": "Polygon", "coordinates": [ [ [ -0.71388, 52.69819 ], [ -0.72526, 52.6854 ], [ -0.7402, 52.68732 ], [ -0.77098, 52.67548 ], [ -0.7787, 52.67925 ], [ -0.784, 52.67698 ], [ -0.78573, 52.69405 ], [ -0.79586, 52.69697 ], [ -0.79635, 52.70361 ], [ -0.7907, 52.70769 ], [ -0.78351, 52.70275 ], [ -0.76976, 52.70114 ], [ -0.75529, 52.70757 ], [ -0.73428, 52.70661 ], [ -0.71388, 52.69819 ] ] ] } },
{ "type": "Feature", "properties": { "small_area": "E01013712" }, "geometry": { "type": "Polygon", "coordinates": [ [ [ -1.09664, 52.61636 ], [ -1.09728, 52.61084 ], [ -1.11271, 52.61117 ], [ -1.09664, 52.61636 ] ] ] } },
{ "type": "Feature", "properties": { "small_area": "E01013791" }, "geometry": { "type": "MultiPolygon", "coordinates": [ [ [ [ -0.55991, 52.6246 ], [ -0.56842, 52.621 ], [ -0.56018, 52.62523 ], [ -0.55991, 52.6246 ] ] ], [ [ [ -0.56155, 52.6285 ], [ -0.55433, 52.6296 ], [ -0.56128, 52.63477 ], [ -0.54798, 52.63399 ], [ -0.54628, 52.64441 ], [ -0.53692, 52.64298 ], [ -0.53438, 52.64894 ], [ -0.55838, 52.65723 ], [ -0.55813, 52.66233 ], [ -0.55112, 52.66419 ], [ -0.55471, 52.67039 ], [ -0.54734, 52.66932 ], [ -0.53863, 52.67306 ], [ -0.53231, 52.66863 ], [ -0.5275, 52.67122 ], [ -0.51903, 52.66651 ], [ -0.5236, 52.66521 ], [ -0.49504, 52.64022 ], [ -0.51469, 52.64312 ], [ -0.52108, 52.64071 ], [ -0.52435, 52.63447 ], [ -0.53365, 52.63129 ], [ -0.54788, 52.63155 ], [ -0.56018, 52.62523 ], [ -0.56155, 52.6285 ] ] ] ] } },
{ "type": "Feature", "properties": { "small_area": "E01013710" }, "geometry": { "type": "Polygon", "coordinates": [ [ [ -1.10157, 52.6157 ], [ -1.11119, 52.61965 ], [ -1.10431, 52.62072 ], [ -1.09929, 52.61696 ], [ -1.10157, 52.6157 ] ] ] } },
{ "type": "Feature", "properties": { "small_area": "E01025750" }, "geometry": { "type": "Polygon", "coordinates": [ [ [ -1.0941, 52.7312 ], [ -1.10539, 52.73348 ], [ -1.09738, 52.74003 ], [ -1.08387, 52.73606 ], [ -1.0941, 52.7312 ] ] ] } },
{ "type": "Feature", "properties": { "small_area": "E01019856" }, "geometry": { "type": "Polygon", "coordinates": [ [ [ -1.56231, 52.78579 ], [ -1.56304, 52.78247 ], [ -1.55927, 52.78197 ], [ -1.56295, 52.78092 ], [ -1.57006, 52.78464 ], [ -1.56907, 52.7876 ], [ -1.56231, 52.78579 ] ] ] } },
{ "type": "Feature", "properties": { "small_area": "E01013867" }, "geometry": { "type": "Polygon", "coordinates": [ [ [ -1.22175, 52.96729 ], [ -1.224, 52.97307 ], [ -1.21592, 52.97383 ], [ -1.21082, 52.96892 ], [ -1.22175, 52.96729 ] ] ] } },
{ "type": "Feature", "properties": { "small_area": "E01013908" }, "geometry": { "type": "Polygon", "coordinates": [ [ [ -1.19069, 52.90008 ], [ -1.18576, 52.89326 ], [ -1.19396, 52.89749 ], [ -1.19069, 52.90008 ] ] ] } },
{ "type": "Feature", "properties": { "small_area": "E01013651" }, "geometry": { "type": "Polygon", "coordinates": [ [ [ -1.09808, 52.64487 ], [ -1.10698, 52.64732 ], [ -1.10276, 52.65139 ], [ -1.10309, 52.64841 ], [ -1.09862, 52.64774 ], [ -1.09805, 52.65108 ], [ -1.09569, 52.64847 ], [ -1.09808, 52.64487 ] ] ] } },
{ "type": "Feature", "properties": { "small_area": "E01013650" }, "geometry": { "type": "Polygon", "coordinates": [ [ [ -1.11836, 52.6191 ], [ -1.11746, 52.61713 ], [ -1.12018, 52.61477 ], [ -1.12371, 52.61718 ], [ -1.11836, 52.6191 ] ] ] } },
{ "type": "Feature", "properties": { "small_area": "E01013980" }, "geometry": { "type": "Polygon", "coordinates": [ [ [ -1.22321, 52.95182 ], [ -1.229, 52.95102 ], [ -1.23033, 52.9541 ], [ -1.23649, 52.95331 ], [ -1.22603, 52.95844 ], [ -1.22321, 52.95182 ] ] ] } },
{ "type": "Feature", "properties": { "small_area": "E01013466" }, "geometry": { "type": "Polygon", "coordinates": [ [ [ -1.49346, 52.94848 ], [ -1.49314, 52.94566 ], [ -1.50216, 52.94396 ], [ -1.5031, 52.94675 ], [ -1.50779, 52.9418 ], [ -1.51067, 52.94632 ], [ -1.50698, 52.94965 ], [ -1.49346, 52.94848 ] ] ] } },
{ "type": "Feature", "properties": { "small_area": "E01027030" }, "geometry": { "type": "Polygon", "coordinates": [ [ [ -1.01723, 52.38702 ], [ -0.99587, 52.38163 ], [ -0.98991, 52.37264 ], [ -0.99336, 52.36877 ], [ -0.99772, 52.37041 ], [ -1.00652, 52.36549 ], [ -1.02101, 52.36856 ], [ -1.0485, 52.36039 ], [ -1.06127, 52.37195 ], [ -1.09421, 52.37589 ], [ -1.11626, 52.35853 ], [ -1.15601, 52.36973 ], [ -1.17482, 52.36435 ], [ -1.20163, 52.39672 ], [ -1.18939, 52.39637 ], [ -1.18395, 52.39216 ], [ -1.16423, 52.39919 ], [ -1.14959, 52.39698 ], [ -1.13855, 52.40203 ], [ -1.1344, 52.41228 ], [ -1.12572, 52.41768 ], [ -1.10198, 52.42481 ], [ -1.0889, 52.41879 ], [ -1.09108, 52.39821 ], [ -1.05461, 52.39525 ], [ -1.0264, 52.40604 ], [ -1.01723, 52.38702 ] ] ] } },
{ "type": "Feature", "properties": { "small_area": "E01027033" }, "geometry": { "type": "Polygon", "coordinates": [ [ [ -0.48884, 52.63281 ], [ -0.48612, 52.6344 ], [ -0.47352, 52.62822 ], [ -0.47097, 52.61794 ], [ -0.47374, 52.61442 ], [ -0.47965, 52.61443 ], [ -0.48104, 52.60277 ], [ -0.48545, 52.60216 ], [ -0.49072, 52.59052 ], [ -0.49766, 52.58683 ], [ -0.52003, 52.59399 ], [ -0.52379, 52.5833 ], [ -0.53435, 52.58131 ], [ -0.53245, 52.5777 ], [ -0.5522, 52.56864 ], [ -0.56671, 52.56659 ], [ -0.56531, 52.56142 ], [ -0.57148, 52.56689 ], [ -0.58451, 52.5699 ], [ -0.60816, 52.56432 ], [ -0.62367, 52.57936 ], [ -0.60303, 52.58857 ], [ -0.58699, 52.58741 ], [ -0.58149, 52.59587 ], [ -0.57797, 52.58788 ], [ -0.57192, 52.58579 ], [ -0.5623, 52.58644 ], [ -0.55813, 52.59447 ], [ -0.54419, 52.59287 ], [ -0.54294, 52.59567 ], [ -0.5529, 52.60087 ], [ -0.54757, 52.60694 ], [ -0.55014, 52.61223 ], [ -0.53907, 52.61786 ], [ -0.54116, 52.62481 ], [ -0.51469, 52.64312 ], [ -0.49504, 52.64022 ], [ -0.48884, 52.63281 ] ] ] } },
{ "type": "Feature", "properties": { "small_area": "E01027035" }, "geometry": { "type": "Polygon", "coordinates": [ [ [ -0.51407, 52.31468 ], [ -0.54118, 52.2908 ], [ -0.53121, 52.27039 ], [ -0.53934, 52.26608 ], [ -0.54092, 52.25651 ], [ -0.55476, 52.25817 ], [ -0.56578, 52.26527 ], [ -0.55626, 52.27196 ], [ -0.56284, 52.29035 ], [ -0.57606, 52.29769 ], [ -0.57474, 52.30214 ], [ -0.58663, 52.31134 ], [ -0.59313, 52.31182 ], [ -0.58822, 52.31764 ], [ -0.59724, 52.32523 ], [ -0.59252, 52.32643 ], [ -0.58664, 52.32175 ], [ -0.56655, 52.31806 ], [ -0.54116, 52.32028 ], [ -0.52844, 52.31287 ], [ -0.52005, 52.31679 ], [ -0.51407, 52.31468 ] ] ] } },
{ "type": "Feature", "properties": { "small_area": "E01027032" }, "geometry": { "type": "Polygon", "coordinates": [ [ [ -0.49852, 52.47051 ], [ -0.48069, 52.47216 ], [ -0.4704, 52.46409 ], [ -0.49346, 52.44168 ], [ -0.50431, 52.43651 ], [ -0.51504, 52.43829 ], [ -0.51998, 52.43437 ], [ -0.5187, 52.4293 ], [ -0.50138, 52.42657 ], [ -0.50066, 52.42047 ], [ -0.52305, 52.41587 ], [ -0.53985, 52.40607 ], [ -0.54526, 52.39672 ], [ -0.54214, 52.39266 ], [ -0.54349, 52.38979 ], [ -0.5666, 52.38785 ], [ -0.57282, 52.39119 ], [ -0.59452, 52.39221 ], [ -0.62427, 52.38086 ], [ -0.62839, 52.38226 ], [ -0.61622, 52.3998 ], [ -0.62499, 52.40595 ], [ -0.61379, 52.41962 ], [ -0.62093, 52.41966 ], [ -0.62024, 52.42181 ], [ -0.60533, 52.42125 ], [ -0.60922, 52.42598 ], [ -0.60608, 52.42791 ], [ -0.58903, 52.41713 ], [ -0.57439, 52.42677 ], [ -0.5612, 52.42833 ], [ -0.56926, 52.43697 ], [ -0.56313, 52.44193 ], [ -0.56808, 52.44709 ], [ -0.56533, 52.4532 ], [ -0.5728, 52.45622 ], [ -0.56005, 52.45835 ], [ -0.54369, 52.47198 ], [ -0.53645, 52.46945 ], [ -0.52169, 52.47562 ], [ -0.49852, 52.47051 ] ] ] } },
{ "type": "Feature", "properties": { "small_area": "E01027037" }, "geometry": { "type": "Polygon", "coordinates": [ [ [ -0.59767, 52.30996 ], [ -0.59482, 52.31101 ], [ -0.59822, 52.31611 ], [ -0.60388, 52.31379 ], [ -0.60686, 52.31703 ], [ -0.60491, 52.32084 ], [ -0.59724, 52.32523 ], [ -0.58822, 52.31764 ], [ -0.59313, 52.31182 ], [ -0.58663, 52.31134 ], [ -0.58674, 52.30911 ], [ -0.59767, 52.30996 ] ] ] } },
{ "type": "Feature", "properties": { "small_area": "E01027034" }, "geometry": { "type": "Polygon", "coordinates": [ [ [ -0.57474, 52.30214 ], [ -0.57606, 52.29769 ], [ -0.59838, 52.3022 ], [ -0.59257, 52.30543 ], [ -0.59289, 52.30845 ], [ -0.59407, 52.30576 ], [ -0.60129, 52.30923 ], [ -0.58674, 52.30911 ], [ -0.57474, 52.30214 ] ] ] } },
{ "type": "Feature", "properties": { "small_area": "E01027031" }, "geometry": { "type": "Polygon", "coordinates": [ [ [ -0.37114, 52.43805 ], [ -0.36243, 52.43351 ], [ -0.41709, 52.41158 ], [ -0.4203, 52.40505 ], [ -0.41595, 52.40379 ], [ -0.43294, 52.39631 ], [ -0.43673, 52.38869 ], [ -0.44624, 52.3832 ], [ -0.45495, 52.38569 ], [ -0.45685, 52.38231 ], [ -0.46831, 52.38288 ], [ -0.46991, 52.37988 ], [ -0.49596, 52.3795 ], [ -0.5018, 52.38357 ], [ -0.49391, 52.38736 ], [ -0.49285, 52.39384 ], [ -0.49694, 52.39639 ], [ -0.50676, 52.39437 ], [ -0.52042, 52.39901 ], [ -0.51596, 52.40734 ], [ -0.53357, 52.40888 ], [ -0.52305, 52.41587 ], [ -0.50066, 52.42047 ], [ -0.50138, 52.42657 ], [ -0.5187, 52.4293 ], [ -0.51998, 52.43437 ], [ -0.51504, 52.43829 ], [ -0.50431, 52.43651 ], [ -0.49346, 52.44168 ], [ -0.4764, 52.45695 ], [ -0.4704, 52.46409 ], [ -0.48069, 52.47216 ], [ -0.48049, 52.47655 ], [ -0.47368, 52.47804 ], [ -0.44947, 52.46712 ], [ -0.44485, 52.47013 ], [ -0.4479, 52.47628 ], [ -0.40773, 52.47859 ], [ -0.39904, 52.47696 ], [ -0.39772, 52.47194 ], [ -0.38367, 52.47239 ], [ -0.37809, 52.46597 ], [ -0.36056, 52.46543 ], [ -0.35353, 52.46026 ], [ -0.37114, 52.43805 ] ] ] } },
{ "type": "Feature", "properties": { "small_area": "E01013690" }, "geometry": { "type": "Polygon", "coordinates": [ [ [ -1.12164, 52.60797 ], [ -1.1303, 52.60885 ], [ -1.12888, 52.60382 ], [ -1.13141, 52.60275 ], [ -1.13701, 52.6043 ], [ -1.13685, 52.61066 ], [ -1.13073, 52.61183 ], [ -1.13059, 52.61458 ], [ -1.12511, 52.61217 ], [ -1.12907, 52.61001 ], [ -1.12164, 52.60797 ] ] ] } },
{ "type": "Feature", "properties": { "small_area": "E01013611" }, "geometry": { "type": "Polygon", "coordinates": [ [ [ -1.15934, 52.59121 ], [ -1.17213, 52.59181 ], [ -1.17011, 52.59597 ], [ -1.15826, 52.59606 ], [ -1.15648, 52.59919 ], [ -1.15433, 52.59548 ], [ -1.15934, 52.59121 ] ] ] } },
{ "type": "Feature", "properties": { "small_area": "E01027300" }, "geometry": { "type": "Polygon", "coordinates": [ [ [ -0.99197, 52.12905 ], [ -0.99745, 52.12745 ], [ -0.99403, 52.12395 ], [ -1.00309, 52.12241 ], [ -1.00305, 52.12921 ], [ -0.99399, 52.13165 ], [ -0.99197, 52.12905 ] ] ] } },
{ "type": "Feature", "properties": { "small_area": "E01027303" }, "geometry": { "type": "Polygon", "coordinates": [ [ [ -0.94429, 52.14496 ], [ -0.95448, 52.13886 ], [ -0.95646, 52.1329 ], [ -0.98272, 52.12946 ], [ -0.98212, 52.13387 ], [ -0.989, 52.135 ], [ -0.98064, 52.14652 ], [ -0.98991, 52.14072 ], [ -0.99467, 52.14394 ], [ -0.99864, 52.14264 ], [ -0.98851, 52.13191 ], [ -0.98475, 52.13309 ], [ -0.98907, 52.12974 ], [ -0.99399, 52.13165 ], [ -1.00305, 52.12921 ], [ -1.01017, 52.10933 ], [ -1.02188, 52.10475 ], [ -1.03533, 52.11367 ], [ -1.02534, 52.12417 ], [ -1.02739, 52.1322 ], [ -1.00138, 52.13655 ], [ -1.01127, 52.16012 ], [ -0.99378, 52.16472 ], [ -0.98209, 52.14965 ], [ -0.96567, 52.15593 ], [ -0.96269, 52.16024 ], [ -0.9467, 52.1543 ], [ -0.94642, 52.1608 ], [ -0.93903, 52.16053 ], [ -0.94429, 52.14496 ] ] ] } },
{ "type": "Feature", "properties": { "small_area": "E01028059" }, "geometry": { "type": "Polygon", "coordinates": [ [ [ -1.1331, 53.32342 ], [ -1.14333, 53.32193 ], [ -1.14299, 53.32723 ], [ -1.1331, 53.32342 ] ] ] } },
{ "type": "Feature", "properties": { "small_area": "E01028058" }, "geometry": { "type": "Polygon", "coordinates": [ [ [ -1.14333, 53.32193 ], [ -1.13692, 53.32134 ], [ -1.13814, 53.31606 ], [ -1.16449, 53.32376 ], [ -1.16752, 53.3203 ], [ -1.1708, 53.32243 ], [ -1.16803, 53.32433 ], [ -1.17422, 53.32576 ], [ -1.15935, 53.33346 ], [ -1.15164, 53.32808 ], [ -1.14299, 53.32723 ], [ -1.14333, 53.32193 ] ] ] } },
{ "type": "Feature", "properties": { "small_area": "E01027301" }, "geometry": { "type": "Polygon", "coordinates": [ [ [ -0.98126, 52.12684 ], [ -0.98907, 52.12974 ], [ -0.98475, 52.13309 ], [ -0.98851, 52.13191 ], [ -0.99864, 52.14264 ], [ -0.99467, 52.14394 ], [ -0.98991, 52.14072 ], [ -0.98064, 52.14652 ], [ -0.989, 52.135 ], [ -0.98212, 52.13387 ], [ -0.98126, 52.12684 ] ] ] } },
{ "type": "Feature", "properties": { "small_area": "E01027092" }, "geometry": { "type": "Polygon", "coordinates": [ [ [ -0.69279, 52.36736 ], [ -0.68469, 52.36401 ], [ -0.67772, 52.36495 ], [ -0.69568, 52.35948 ], [ -0.69618, 52.36372 ], [ -0.70453, 52.36788 ], [ -0.7026, 52.37301 ], [ -0.69377, 52.37148 ], [ -0.69279, 52.36736 ] ] ] } },
{ "type": "Feature", "properties": { "small_area": "E01025615" }, "geometry": { "type": "Polygon", "coordinates": [ [ [ -1.18001, 52.56304 ], [ -1.17098, 52.55941 ], [ -1.17026, 52.55389 ], [ -1.15392, 52.54457 ], [ -1.13946, 52.54315 ], [ -1.14286, 52.53495 ], [ -1.17201, 52.53438 ], [ -1.17651, 52.52789 ], [ -1.18637, 52.54919 ], [ -1.19089, 52.54637 ], [ -1.19257, 52.55022 ], [ -1.18906, 52.55002 ], [ -1.19104, 52.55397 ], [ -1.18622, 52.55801 ], [ -1.18854, 52.56343 ], [ -1.18549, 52.56796 ], [ -1.17949, 52.56718 ], [ -1.18001, 52.56304 ] ] ] } },
{ "type": "Feature", "properties": { "small_area": "E01019676" }, "geometry": { "type": "Polygon", "coordinates": [ [ [ -1.27961, 52.89009 ], [ -1.27519, 52.89411 ], [ -1.26797, 52.89039 ], [ -1.27961, 52.89009 ] ] ] } },
{ "type": "Feature", "properties": { "small_area": "E01025614" }, "geometry": { "type": "Polygon", "coordinates": [ [ [ -1.18622, 52.55801 ], [ -1.19104, 52.55397 ], [ -1.18906, 52.55002 ], [ -1.19257, 52.55022 ], [ -1.19792, 52.55988 ], [ -1.18854, 52.56343 ], [ -1.18622, 52.55801 ] ] ] } },
{ "type": "Feature", "properties": { "small_area": "E01025695" }, "geometry": { "type": "Polygon", "coordinates": [ [ [ -1.27145, 52.7604 ], [ -1.27422, 52.76459 ], [ -1.24671, 52.77501 ], [ -1.24884, 52.77102 ], [ -1.24494, 52.7712 ], [ -1.24341, 52.76739 ], [ -1.25046, 52.76615 ], [ -1.24807, 52.76468 ], [ -1.27145, 52.7604 ] ] ] } },
{ "type": "Feature", "properties": { "small_area": "E01019677" }, "geometry": { "type": "Polygon", "coordinates": [ [ [ -1.27961, 52.89009 ], [ -1.27306, 52.88833 ], [ -1.27753, 52.88362 ], [ -1.28639, 52.88494 ], [ -1.27961, 52.89009 ] ] ] } },
{ "type": "Feature", "properties": { "small_area": "E01025612" }, "geometry": { "type": "Polygon", "coordinates": [ [ [ -1.15083, 52.56292 ], [ -1.17026, 52.55389 ], [ -1.17078, 52.56205 ], [ -1.15972, 52.5654 ], [ -1.16583, 52.56922 ], [ -1.15981, 52.57076 ], [ -1.13918, 52.56488 ], [ -1.15083, 52.56292 ] ] ] } },
{ "type": "Feature", "properties": { "small_area": "E01019704" }, "geometry": { "type": "Polygon", "coordinates": [ [ [ -1.32548, 52.97113 ], [ -1.32766, 52.96521 ], [ -1.33534, 52.96663 ], [ -1.34058, 52.9627 ], [ -1.33171, 52.94913 ], [ -1.32576, 52.94935 ], [ -1.33229, 52.94749 ], [ -1.3296, 52.94276 ], [ -1.336, 52.94233 ], [ -1.33638, 52.94505 ], [ -1.34184, 52.94194 ], [ -1.3347, 52.93746 ], [ -1.32941, 52.94089 ], [ -1.32532, 52.93877 ], [ -1.32898, 52.9335 ], [ -1.34477, 52.92989 ], [ -1.35315, 52.93574 ], [ -1.35459, 52.94298 ], [ -1.3726, 52.9419 ], [ -1.3853, 52.92636 ], [ -1.4145, 52.93119 ], [ -1.402, 52.95157 ], [ -1.3884, 52.94898 ], [ -1.38975, 52.94609 ], [ -1.38025, 52.94585 ], [ -1.37969, 52.94974 ], [ -1.36723, 52.95457 ], [ -1.36766, 52.96722 ], [ -1.3609, 52.95911 ], [ -1.35415, 52.95708 ], [ -1.35373, 52.96155 ], [ -1.34453, 52.96426 ], [ -1.34791, 52.96821 ], [ -1.35503, 52.96604 ], [ -1.35956, 52.97187 ], [ -1.35397, 52.97242 ], [ -1.34847, 52.97798 ], [ -1.3328, 52.97812 ], [ -1.32548, 52.97113 ] ] ] } },
{ "type": "Feature", "properties": { "small_area": "E01019830" }, "geometry": { "type": "Polygon", "coordinates": [ [ [ -1.41705, 53.18966 ], [ -1.43136, 53.19164 ], [ -1.44377, 53.19825 ], [ -1.43822, 53.19922 ], [ -1.43189, 53.19572 ], [ -1.42819, 53.19928 ], [ -1.43662, 53.20011 ], [ -1.42646, 53.20594 ], [ -1.42599, 53.20091 ], [ -1.41826, 53.20102 ], [ -1.41705, 53.18966 ] ] ] } },
{ "type": "Feature", "properties": { "small_area": "E01025894" }, "geometry": { "type": "Polygon", "coordinates": [ [ [ -0.88808, 52.76686 ], [ -0.87253, 52.76422 ], [ -0.87816, 52.76173 ], [ -0.87852, 52.75706 ], [ -0.8659, 52.7512 ], [ -0.86638, 52.74624 ], [ -0.87922, 52.75408 ], [ -0.88808, 52.76686 ] ] ] } },
{ "type": "Feature", "properties": { "small_area": "E01019490" }, "geometry": { "type": "Polygon", "coordinates": [ [ [ -1.28435, 53.22338 ], [ -1.287, 53.22099 ], [ -1.29368, 53.22256 ], [ -1.2958, 53.22658 ], [ -1.29054, 53.22298 ], [ -1.28928, 53.22858 ], [ -1.28435, 53.22338 ] ] ] } },
{ "type": "Feature", "properties": { "small_area": "E01019410" }, "geometry": { "type": "Polygon", "coordinates": [ [ [ -1.44671, 53.02698 ], [ -1.45151, 53.0219 ], [ -1.45802, 53.02392 ], [ -1.45039, 53.02398 ], [ -1.45475, 53.02641 ], [ -1.45179, 53.02964 ], [ -1.44671, 53.02698 ] ] ] } },
{ "type": "Feature", "properties": { "small_area": "E01019491" }, "geometry": { "type": "Polygon", "coordinates": [ [ [ -1.2892, 53.27647 ], [ -1.27758, 53.27832 ], [ -1.27385, 53.28323 ], [ -1.26634, 53.28316 ], [ -1.25751, 53.28776 ], [ -1.25815, 53.2926 ], [ -1.25217, 53.29219 ], [ -1.24218, 53.28148 ], [ -1.25853, 53.27842 ], [ -1.25361, 53.27576 ], [ -1.29017, 53.27331 ], [ -1.2892, 53.27647 ] ] ] } },
{ "type": "Feature", "properties": { "small_area": "E01019492" }, "geometry": { "type": "Polygon", "coordinates": [ [ [ -1.25361, 53.27576 ], [ -1.25853, 53.27842 ], [ -1.23919, 53.28171 ], [ -1.24635, 53.27532 ], [ -1.25361, 53.27576 ] ] ] } },
{ "type": "Feature", "properties": { "small_area": "E01019413" }, "geometry": { "type": "Polygon", "coordinates": [ [ [ -1.46086, 53.0372 ], [ -1.46015, 53.03654 ], [ -1.46285, 53.03145 ], [ -1.46896, 53.0338 ], [ -1.46086, 53.0372 ] ] ] } },
{ "type": "Feature", "properties": { "small_area": "E01019411" }, "geometry": { "type": "Polygon", "coordinates": [ [ [ -1.45475, 53.02641 ], [ -1.45039, 53.02398 ], [ -1.46001, 53.02385 ], [ -1.46477, 53.03169 ], [ -1.45279, 53.02991 ], [ -1.45075, 53.03352 ], [ -1.44805, 53.03208 ], [ -1.45475, 53.02641 ] ] ] } },
{ "type": "Feature", "properties": { "small_area": "E01028392" }, "geometry": { "type": "Polygon", "coordinates": [ [ [ -1.1357, 52.91546 ], [ -1.14048, 52.91485 ], [ -1.14478, 52.91891 ], [ -1.14768, 52.91664 ], [ -1.13942, 52.92836 ], [ -1.1357, 52.91546 ] ] ] } },
{ "type": "Feature", "properties": { "small_area": "E01027052" }, "geometry": { "type": "Polygon", "coordinates": [ [ [ -0.54466, 52.33331 ], [ -0.55292, 52.3363 ], [ -0.55232, 52.3403 ], [ -0.54263, 52.34076 ], [ -0.54077, 52.33742 ], [ -0.54466, 52.33331 ] ] ] } },
{ "type": "Feature", "properties": { "small_area": "E01027054" }, "geometry": { "type": "Polygon", "coordinates": [ [ [ -0.56756, 52.35093 ], [ -0.56514, 52.34713 ], [ -0.55285, 52.3525 ], [ -0.53876, 52.34924 ], [ -0.5438, 52.34903 ], [ -0.54091, 52.34528 ], [ -0.55327, 52.34364 ], [ -0.56385, 52.33806 ], [ -0.5781, 52.33889 ], [ -0.57859, 52.34223 ], [ -0.57442, 52.34562 ], [ -0.57617, 52.35281 ], [ -0.56756, 52.35093 ] ] ] } },
{ "type": "Feature", "properties": { "small_area": "E01027055" }, "geometry": { "type": "Polygon", "coordinates": [ [ [ -0.5438, 52.34903 ], [ -0.53876, 52.34924 ], [ -0.54067, 52.35089 ], [ -0.53813, 52.35888 ], [ -0.53187, 52.36097 ], [ -0.53682, 52.34592 ], [ -0.54091, 52.34528 ], [ -0.5438, 52.34903 ] ] ] } },
{ "type": "Feature", "properties": { "small_area": "E01027056" }, "geometry": { "type": "Polygon", "coordinates": [ [ [ -0.54263, 52.34076 ], [ -0.55232, 52.3403 ], [ -0.55292, 52.3363 ], [ -0.56385, 52.33806 ], [ -0.55327, 52.34364 ], [ -0.53745, 52.34465 ], [ -0.54263, 52.34076 ] ] ] } },
{ "type": "Feature", "properties": { "small_area": "E01027057" }, "geometry": { "type": "Polygon", "coordinates": [ [ [ -0.48854, 52.37401 ], [ -0.4995, 52.36698 ], [ -0.52271, 52.37089 ], [ -0.53187, 52.36097 ], [ -0.53813, 52.35888 ], [ -0.54067, 52.35089 ], [ -0.55285, 52.3525 ], [ -0.56514, 52.34713 ], [ -0.56756, 52.35093 ], [ -0.57617, 52.35281 ], [ -0.58058, 52.3617 ], [ -0.56355, 52.36959 ], [ -0.57714, 52.37839 ], [ -0.56586, 52.3822 ], [ -0.5536, 52.37795 ], [ -0.54996, 52.38258 ], [ -0.54325, 52.38474 ], [ -0.53984, 52.38273 ], [ -0.54037, 52.389 ], [ -0.5018, 52.38357 ], [ -0.48854, 52.37401 ] ] ] } },
{ "type": "Feature", "properties": { "small_area": "E01027053" }, "geometry": { "type": "Polygon", "coordinates": [ [ [ -0.49917, 52.36225 ], [ -0.47761, 52.34879 ], [ -0.48896, 52.33577 ], [ -0.4991, 52.33484 ], [ -0.51788, 52.32156 ], [ -0.52833, 52.3297 ], [ -0.54466, 52.33331 ], [ -0.54077, 52.33742 ], [ -0.53114, 52.33687 ], [ -0.5325, 52.34413 ], [ -0.53745, 52.34465 ], [ -0.53187, 52.36097 ], [ -0.52271, 52.37089 ], [ -0.4995, 52.36698 ], [ -0.49917, 52.36225 ] ] ] } },
{ "type": "Feature", "properties": { "small_area": "E01013818" }, "geometry": { "type": "Polygon", "coordinates": [ [ [ -1.22322, 52.98198 ], [ -1.21357, 52.98078 ], [ -1.22397, 52.97628 ], [ -1.22637, 52.97801 ], [ -1.22322, 52.98198 ] ] ] } },
{ "type": "Feature", "properties": { "small_area": "E01019565" }, "geometry": { "type": "Polygon", "coordinates": [ [ [ -1.34245, 53.27774 ], [ -1.34749, 53.27108 ], [ -1.33998, 53.26696 ], [ -1.33372, 53.26766 ], [ -1.3349, 53.26516 ], [ -1.34136, 53.26552 ], [ -1.33661, 53.26126 ], [ -1.35249, 53.26254 ], [ -1.34974, 53.26855 ], [ -1.35548, 53.26949 ], [ -1.35317, 53.28648 ], [ -1.34565, 53.28572 ], [ -1.34245, 53.27774 ] ] ] } },
{ "type": "Feature", "properties": { "small_area": "E01019878" }, "geometry": { "type": "Polygon", "coordinates": [ [ [ -1.56788, 52.76663 ], [ -1.56912, 52.76991 ], [ -1.56337, 52.77203 ], [ -1.55927, 52.76848 ], [ -1.56788, 52.76663 ] ] ] } },
{ "type": "Feature", "properties": { "small_area": "E01019703" }, "geometry": { "type": "Polygon", "coordinates": [ [ [ -1.36091, 52.97239 ], [ -1.3667, 52.97059 ], [ -1.36027, 52.9701 ], [ -1.36294, 52.96755 ], [ -1.34791, 52.96821 ], [ -1.34453, 52.96426 ], [ -1.35373, 52.96155 ], [ -1.35415, 52.95708 ], [ -1.3609, 52.95911 ], [ -1.37507, 52.97418 ], [ -1.36091, 52.97239 ] ] ] } },
{ "type": "Feature", "properties": { "small_area": "E01027181" }, "geometry": { "type": "Polygon", "coordinates": [ [ [ -0.83565, 52.25443 ], [ -0.85068, 52.25144 ], [ -0.84601, 52.25438 ], [ -0.84811, 52.25767 ], [ -0.84023, 52.25996 ], [ -0.83565, 52.25443 ] ] ] } },
{ "type": "Feature", "properties": { "small_area": "E01028279" }, "geometry": { "type": "Polygon", "coordinates": [ [ [ -1.19571, 53.17146 ], [ -1.20557, 53.17296 ], [ -1.20811, 53.17024 ], [ -1.21316, 53.17619 ], [ -1.22699, 53.17071 ], [ -1.22992, 53.17848 ], [ -1.19609, 53.18362 ], [ -1.19082, 53.17786 ], [ -1.19571, 53.17146 ] ] ] } },
{ "type": "Feature", "properties": { "small_area": "E01019561" }, "geometry": { "type": "Polygon", "coordinates": [ [ [ -1.46757, 53.24749 ], [ -1.46986, 53.24251 ], [ -1.47406, 53.24552 ], [ -1.46427, 53.24887 ], [ -1.46207, 53.24775 ], [ -1.46757, 53.24749 ] ] ] } },
{ "type": "Feature", "properties": { "small_area": "E01026275" }, "geometry": { "type": "Polygon", "coordinates": [ [ [ -0.16375, 52.78853 ], [ -0.17216, 52.78875 ], [ -0.1666, 52.79207 ], [ -0.1595, 52.79 ], [ -0.15769, 52.79512 ], [ -0.15375, 52.79554 ], [ -0.15942, 52.78638 ], [ -0.16375, 52.78853 ] ] ] } },
{ "type": "Feature", "properties": { "small_area": "E01019610" }, "geometry": { "type": "Polygon", "coordinates": [ [ [ -1.55288, 53.17815 ], [ -1.55345, 53.17149 ], [ -1.56712, 53.1691 ], [ -1.56783, 53.16593 ], [ -1.5865, 53.15931 ], [ -1.58812, 53.16149 ], [ -1.58385, 53.16465 ], [ -1.5917, 53.16328 ], [ -1.60602, 53.17295 ], [ -1.59594, 53.17613 ], [ -1.58979, 53.18791 ], [ -1.58173, 53.19157 ], [ -1.55299, 53.19627 ], [ -1.54251, 53.17527 ], [ -1.55288, 53.17815 ] ] ] } },
{ "type": "Feature", "properties": { "small_area": "E01013689" }, "geometry": { "type": "Polygon", "coordinates": [ [ [ -1.12386, 52.61223 ], [ -1.12266, 52.60973 ], [ -1.12907, 52.61001 ], [ -1.12511, 52.61217 ], [ -1.13358, 52.61905 ], [ -1.12672, 52.61738 ], [ -1.12386, 52.61223 ] ] ] } },
{ "type": "Feature", "properties": { "small_area": "E01013600" }, "geometry": { "type": "Polygon", "coordinates": [ [ [ -1.15248, 52.6678 ], [ -1.14946, 52.67493 ], [ -1.14485, 52.67514 ], [ -1.14124, 52.66944 ], [ -1.14403, 52.6667 ], [ -1.15248, 52.6678 ] ] ] } },
{ "type": "Feature", "properties": { "small_area": "E01013763" }, "geometry": { "type": "Polygon", "coordinates": [ [ [ -1.11464, 52.62351 ], [ -1.11897, 52.6268 ], [ -1.11494, 52.62802 ], [ -1.11062, 52.62766 ], [ -1.11464, 52.62351 ] ] ] } },
{ "type": "Feature", "properties": { "small_area": "E01013720" }, "geometry": { "type": "Polygon", "coordinates": [ [ [ -1.12035, 52.64909 ], [ -1.10973, 52.64478 ], [ -1.1145, 52.64039 ], [ -1.12689, 52.64537 ], [ -1.12035, 52.64909 ] ] ] } },
{ "type": "Feature", "properties": { "small_area": "E01013723" }, "geometry": { "type": "Polygon", "coordinates": [ [ [ -1.17907, 52.64673 ], [ -1.17305, 52.64733 ], [ -1.17362, 52.65014 ], [ -1.16704, 52.64711 ], [ -1.16856, 52.64486 ], [ -1.17907, 52.64673 ] ] ] } },
{ "type": "Feature", "properties": { "small_area": "E01013722" }, "geometry": { "type": "Polygon", "coordinates": [ [ [ -1.17305, 52.64733 ], [ -1.18546, 52.64841 ], [ -1.18293, 52.653 ], [ -1.17686, 52.65225 ], [ -1.17305, 52.64733 ] ] ] } },
{ "type": "Feature", "properties": { "small_area": "E01026168" }, "geometry": { "type": "Polygon", "coordinates": [ [ [ -0.52671, 53.2538 ], [ -0.53147, 53.25285 ], [ -0.52971, 53.25007 ], [ -0.53833, 53.25098 ], [ -0.53858, 53.25454 ], [ -0.52671, 53.2538 ] ] ] } },
{ "type": "Feature", "properties": { "small_area": "E01026169" }, "geometry": { "type": "Polygon", "coordinates": [ [ [ -0.57092, 53.19872 ], [ -0.5781, 53.19572 ], [ -0.57646, 53.20661 ], [ -0.56553, 53.2042 ], [ -0.57092, 53.19872 ] ] ] } },
{ "type": "Feature", "properties": { "small_area": "E01028160" }, "geometry": { "type": "Polygon", "coordinates": [ [ [ -1.10208, 52.9702 ], [ -1.10472, 52.96636 ], [ -1.11131, 52.96576 ], [ -1.11498, 52.96961 ], [ -1.10665, 52.96857 ], [ -1.1061, 52.97106 ], [ -1.10208, 52.9702 ] ] ] } },
{ "type": "Feature", "properties": { "small_area": "E01028161" }, "geometry": { "type": "Polygon", "coordinates": [ [ [ -1.11981, 52.97002 ], [ -1.11131, 52.96576 ], [ -1.11525, 52.96487 ], [ -1.11981, 52.97002 ] ] ] } },
{ "type": "Feature", "properties": { "small_area": "E01026028" }, "geometry": { "type": "Polygon", "coordinates": [ [ [ -0.00436, 52.9766 ], [ -0.01382, 52.97704 ], [ -0.01439, 52.97446 ], [ -0.01693, 52.98083 ], [ -0.00544, 52.97997 ], [ -0.00436, 52.9766 ] ] ] } },
{ "type": "Feature", "properties": { "small_area": "E01025761" }, "geometry": { "type": "Polygon", "coordinates": [ [ [ -1.0363, 52.81586 ], [ -1.04663, 52.78093 ], [ -1.06802, 52.77664 ], [ -1.08997, 52.78078 ], [ -1.1212, 52.77779 ], [ -1.12377, 52.78438 ], [ -1.12822, 52.78446 ], [ -1.1206, 52.78771 ], [ -1.11703, 52.80053 ], [ -1.1309, 52.80581 ], [ -1.11695, 52.81956 ], [ -1.09149, 52.82006 ], [ -1.07444, 52.82471 ], [ -1.06882, 52.82122 ], [ -1.07215, 52.81414 ], [ -1.05921, 52.81723 ], [ -1.04667, 52.81406 ], [ -1.0363, 52.81586 ] ] ] } },
{ "type": "Feature", "properties": { "small_area": "E01026171" }, "geometry": { "type": "Polygon", "coordinates": [ [ [ -0.57785, 53.20795 ], [ -0.57646, 53.20661 ], [ -0.57826, 53.19623 ], [ -0.58822, 53.20055 ], [ -0.57785, 53.20795 ] ] ] } },
{ "type": "Feature", "properties": { "small_area": "E01013661" }, "geometry": { "type": "Polygon", "coordinates": [ [ [ -1.09089, 52.63778 ], [ -1.0817, 52.63735 ], [ -1.08321, 52.63309 ], [ -1.08829, 52.63005 ], [ -1.09089, 52.63778 ] ] ] } },
{ "type": "Feature", "properties": { "small_area": "E01025728" }, "geometry": { "type": "Polygon", "coordinates": [ [ [ -1.13813, 52.72003 ], [ -1.14312, 52.71585 ], [ -1.14767, 52.71665 ], [ -1.147, 52.71948 ], [ -1.14351, 52.71877 ], [ -1.14724, 52.72294 ], [ -1.15611, 52.72228 ], [ -1.15812, 52.72571 ], [ -1.15236, 52.72727 ], [ -1.14348, 52.72155 ], [ -1.13937, 52.72308 ], [ -1.13813, 52.72003 ] ] ] } },
{ "type": "Feature", "properties": { "small_area": "E01025729" }, "geometry": { "type": "Polygon", "coordinates": [ [ [ -1.14724, 52.72294 ], [ -1.14351, 52.71877 ], [ -1.1524, 52.71541 ], [ -1.15611, 52.72228 ], [ -1.14724, 52.72294 ] ] ] } },
{ "type": "Feature", "properties": { "small_area": "E01013885" }, "geometry": { "type": "Polygon", "coordinates": [ [ [ -1.19577, 52.99686 ], [ -1.19811, 53.00137 ], [ -1.20677, 53.00181 ], [ -1.19913, 53.00547 ], [ -1.1907, 53.00519 ], [ -1.19577, 52.99686 ] ] ] } },
{ "type": "Feature", "properties": { "small_area": "E01013804" }, "geometry": { "type": "Polygon", "coordinates": [ [ [ -0.46164, 52.66904 ], [ -0.48161, 52.66603 ], [ -0.49067, 52.67372 ], [ -0.48462, 52.67517 ], [ -0.48618, 52.67912 ], [ -0.46761, 52.67865 ], [ -0.46874, 52.68404 ], [ -0.474, 52.68371 ], [ -0.4711, 52.70103 ], [ -0.47801, 52.71059 ], [ -0.43045, 52.7054 ], [ -0.43407, 52.68369 ], [ -0.46164, 52.66904 ] ] ] } },
{ "type": "Feature", "properties": { "small_area": "E01013886" }, "geometry": { "type": "Polygon", "coordinates": [ [ [ -1.18203, 53.00588 ], [ -1.17528, 53.00661 ], [ -1.18618, 53.00181 ], [ -1.19149, 53.00431 ], [ -1.18611, 53.01173 ], [ -1.18203, 53.00588 ] ] ] } },
{ "type": "Feature", "properties": { "small_area": "E01013807" }, "geometry": { "type": "Polygon", "coordinates": [ [ [ -0.70282, 52.58913 ], [ -0.71447, 52.58182 ], [ -0.7226, 52.58358 ], [ -0.71748, 52.5914 ], [ -0.72413, 52.58983 ], [ -0.72408, 52.59408 ], [ -0.73143, 52.59523 ], [ -0.70597, 52.59484 ], [ -0.70282, 52.58913 ] ] ] } },
{ "type": "Feature", "properties": { "small_area": "E01013887" }, "geometry": { "type": "Polygon", "coordinates": [ [ [ -1.16892, 53.00671 ], [ -1.17216, 53.00527 ], [ -1.17352, 53.01407 ], [ -1.16778, 53.01425 ], [ -1.16892, 53.00671 ] ] ] } },
{ "type": "Feature", "properties": { "small_area": "E01013805" }, "geometry": { "type": "Polygon", "coordinates": [ [ [ -0.4711, 52.70103 ], [ -0.474, 52.68371 ], [ -0.46874, 52.68404 ], [ -0.46761, 52.67865 ], [ -0.48618, 52.67912 ], [ -0.48462, 52.67517 ], [ -0.49067, 52.67372 ], [ -0.48161, 52.66603 ], [ -0.49332, 52.66472 ], [ -0.49388, 52.6607 ], [ -0.50669, 52.65951 ], [ -0.5275, 52.67122 ], [ -0.53231, 52.66863 ], [ -0.53863, 52.67306 ], [ -0.54734, 52.66932 ], [ -0.55471, 52.67039 ], [ -0.55112, 52.66419 ], [ -0.56834, 52.65986 ], [ -0.57058, 52.66429 ], [ -0.56483, 52.67079 ], [ -0.56902, 52.6818 ], [ -0.56295, 52.69175 ], [ -0.55581, 52.69479 ], [ -0.55907, 52.69884 ], [ -0.55193, 52.69981 ], [ -0.53491, 52.69496 ], [ -0.524, 52.69985 ], [ -0.50576, 52.70058 ], [ -0.51034, 52.71196 ], [ -0.50573, 52.71359 ], [ -0.49454, 52.70963 ], [ -0.47801, 52.71059 ], [ -0.4711, 52.70103 ] ] ] } },
{ "type": "Feature", "properties": { "small_area": "E01013862" }, "geometry": { "type": "Polygon", "coordinates": [ [ [ -1.24507, 52.95037 ], [ -1.24683, 52.95308 ], [ -1.24335, 52.9595 ], [ -1.23582, 52.95719 ], [ -1.24397, 52.95635 ], [ -1.23767, 52.95274 ], [ -1.24507, 52.95037 ] ] ] } },
{ "type": "Feature", "properties": { "small_area": "E01028412" }, "geometry": { "type": "Polygon", "coordinates": [ [ [ -1.04876, 52.90128 ], [ -1.03483, 52.88153 ], [ -1.04358, 52.87904 ], [ -1.06968, 52.90374 ], [ -1.07891, 52.90048 ], [ -1.08436, 52.8929 ], [ -1.10376, 52.90045 ], [ -1.1187, 52.90122 ], [ -1.10632, 52.90798 ], [ -1.0984, 52.92426 ], [ -1.07801, 52.92846 ], [ -1.07026, 52.92512 ], [ -1.04876, 52.90128 ] ] ] } },
{ "type": "Feature", "properties": { "small_area": "E01025624" }, "geometry": { "type": "Polygon", "coordinates": [ [ [ -1.20023, 52.64438 ], [ -1.1988, 52.64105 ], [ -1.20901, 52.64207 ], [ -1.21568, 52.63467 ], [ -1.21762, 52.6358 ], [ -1.21531, 52.63802 ], [ -1.22863, 52.64905 ], [ -1.21273, 52.65428 ], [ -1.20793, 52.64914 ], [ -1.21095, 52.6476 ], [ -1.20023, 52.64438 ] ] ] } },
{ "type": "Feature", "properties": { "small_area": "E01013985" }, "geometry": { "type": "Polygon", "coordinates": [ [ [ -1.23509, 52.94452 ], [ -1.22464, 52.94718 ], [ -1.224, 52.94227 ], [ -1.23509, 52.94452 ] ] ] } },
{ "type": "Feature", "properties": { "small_area": "E01013930" }, "geometry": { "type": "Polygon", "coordinates": [ [ [ -1.17362, 52.96938 ], [ -1.18083, 52.96503 ], [ -1.1878, 52.96997 ], [ -1.18094, 52.9703 ], [ -1.18147, 52.97274 ], [ -1.17362, 52.96938 ] ] ] } },
{ "type": "Feature", "properties": { "small_area": "E01019735" }, "geometry": { "type": "Polygon", "coordinates": [ [ [ -1.67094, 53.34958 ], [ -1.67705, 53.34221 ], [ -1.68554, 53.33556 ], [ -1.69687, 53.33479 ], [ -1.70045, 53.32361 ], [ -1.71172, 53.32444 ], [ -1.72535, 53.31893 ], [ -1.72494, 53.33148 ], [ -1.73529, 53.33475 ], [ -1.72583, 53.34055 ], [ -1.71261, 53.34082 ], [ -1.71659, 53.34757 ], [ -1.71172, 53.35447 ], [ -1.71395, 53.3622 ], [ -1.70396, 53.36191 ], [ -1.70306, 53.37145 ], [ -1.68433, 53.37776 ], [ -1.67331, 53.36938 ], [ -1.67094, 53.34958 ] ] ] } },
{ "type": "Feature", "properties": { "small_area": "E01019734" }, "geometry": { "type": "Polygon", "coordinates": [ [ [ -1.88943, 53.40033 ], [ -1.86836, 53.39742 ], [ -1.85757, 53.38971 ], [ -1.88335, 53.37981 ], [ -1.88541, 53.37163 ], [ -1.87671, 53.36983 ], [ -1.87883, 53.36499 ], [ -1.88956, 53.36035 ], [ -1.94589, 53.3603 ], [ -1.96235, 53.37385 ], [ -1.95364, 53.38644 ], [ -1.94286, 53.38686 ], [ -1.94313, 53.39142 ], [ -1.92883, 53.39566 ], [ -1.93349, 53.40416 ], [ -1.92999, 53.41015 ], [ -1.90972, 53.41062 ], [ -1.88943, 53.40033 ] ] ] } },
{ "type": "Feature", "properties": { "small_area": "E01019732" }, "geometry": { "type": "Polygon", "coordinates": [ [ [ -1.96529, 53.45449 ], [ -1.97016, 53.45372 ], [ -1.97138, 53.44874 ], [ -1.98008, 53.44342 ], [ -1.98249, 53.4464 ], [ -1.98037, 53.45102 ], [ -1.98416, 53.45302 ], [ -1.97486, 53.45735 ], [ -1.97562, 53.45288 ], [ -1.96713, 53.4569 ], [ -1.96529, 53.45449 ] ] ] } },
{ "type": "Feature", "properties": { "small_area": "E01019733" }, "geometry": { "type": "Polygon", "coordinates": [ [ [ -1.97562, 53.45288 ], [ -1.97486, 53.45735 ], [ -1.97836, 53.45648 ], [ -1.97877, 53.45995 ], [ -1.96849, 53.46114 ], [ -1.96713, 53.4569 ], [ -1.97562, 53.45288 ] ] ] } },
{ "type": "Feature", "properties": { "small_area": "E01013579" }, "geometry": { "type": "Polygon", "coordinates": [ [ [ -1.43108, 52.94085 ], [ -1.44394, 52.94222 ], [ -1.43542, 52.94685 ], [ -1.42474, 52.94335 ], [ -1.43108, 52.94085 ] ] ] } },
{ "type": "Feature", "properties": { "small_area": "E01026981" }, "geometry": { "type": "Polygon", "coordinates": [ [ [ -0.71781, 52.51058 ], [ -0.70636, 52.50635 ], [ -0.7198, 52.50179 ], [ -0.72315, 52.50372 ], [ -0.71781, 52.51058 ] ] ] } },
{ "type": "Feature", "properties": { "small_area": "E01026982" }, "geometry": { "type": "Polygon", "coordinates": [ [ [ -0.68097, 52.50199 ], [ -0.70922, 52.50248 ], [ -0.70636, 52.50635 ], [ -0.71064, 52.50849 ], [ -0.70261, 52.51409 ], [ -0.69321, 52.51516 ], [ -0.69129, 52.5112 ], [ -0.68374, 52.51169 ], [ -0.68097, 52.50199 ] ] ] } },
{ "type": "Feature", "properties": { "small_area": "E01026983" }, "geometry": { "type": "Polygon", "coordinates": [ [ [ -0.71503, 52.50289 ], [ -0.70636, 52.50635 ], [ -0.70922, 52.50248 ], [ -0.71503, 52.50289 ] ] ] } },
{ "type": "Feature", "properties": { "small_area": "E01033410" }, "geometry": { "type": "Polygon", "coordinates": [ [ [ -1.18393, 52.94471 ], [ -1.1821, 52.9363 ], [ -1.19264, 52.92868 ], [ -1.19083, 52.92387 ], [ -1.20312, 52.93227 ], [ -1.18658, 52.93798 ], [ -1.18827, 52.93961 ], [ -1.18548, 52.94146 ], [ -1.19038, 52.94452 ], [ -1.17827, 52.94944 ], [ -1.17391, 52.94745 ], [ -1.18393, 52.94471 ] ] ] } },
{ "type": "Feature", "properties": { "small_area": "E01026047" }, "geometry": { "type": "Polygon", "coordinates": [ [ [ 0.24888, 53.1475 ], [ 0.23858, 53.15452 ], [ 0.23169, 53.15486 ], [ 0.23082, 53.15987 ], [ 0.22379, 53.16334 ], [ 0.22753, 53.16691 ], [ 0.22235, 53.16996 ], [ 0.22822, 53.17251 ], [ 0.23293, 53.16465 ], [ 0.24266, 53.16141 ], [ 0.24153, 53.15842 ], [ 0.25216, 53.1574 ], [ 0.24971, 53.15296 ], [ 0.25493, 53.14884 ], [ 0.24888, 53.1475 ] ] ] } },
{ "type": "Feature", "properties": { "small_area": "E01028185" }, "geometry": { "type": "Polygon", "coordinates": [ [ [ -1.06986, 52.96718 ], [ -1.06879, 52.96478 ], [ -1.07446, 52.96308 ], [ -1.07234, 52.96519 ], [ -1.07638, 52.96346 ], [ -1.07751, 52.96576 ], [ -1.06557, 52.97162 ], [ -1.06084, 52.97005 ], [ -1.0634, 52.96555 ], [ -1.06986, 52.96718 ] ] ] } },
{ "type": "Feature", "properties": { "small_area": "E01028104" }, "geometry": { "type": "Polygon", "coordinates": [ [ [ -1.26502, 52.99949 ], [ -1.26475, 53.00436 ], [ -1.27236, 53.004 ], [ -1.26066, 53.00496 ], [ -1.25436, 53.00099 ], [ -1.26502, 52.99949 ] ] ] } },
{ "type": "Feature", "properties": { "small_area": "E01026101" }, "geometry": { "type": "Polygon", "coordinates": [ [ [ 0.1031, 53.15852 ], [ 0.09867, 53.15972 ], [ 0.09577, 53.15709 ], [ 0.07455, 53.16739 ], [ 0.08323, 53.16754 ], [ 0.08892, 53.17869 ], [ 0.09604, 53.17456 ], [ 0.09205, 53.16889 ], [ 0.10161, 53.16613 ], [ 0.10416, 53.16973 ], [ 0.1031, 53.15852 ] ] ] } },
{ "type": "Feature", "properties": { "small_area": "E01026180" }, "geometry": { "type": "Polygon", "coordinates": [ [ [ -0.30308, 53.07759 ], [ -0.29726, 53.06957 ], [ -0.34996, 53.06195 ], [ -0.37046, 53.06346 ], [ -0.37528, 53.05362 ], [ -0.39381, 53.05219 ], [ -0.39639, 53.0529 ], [ -0.39308, 53.07735 ], [ -0.41313, 53.07235 ], [ -0.41946, 53.08627 ], [ -0.43172, 53.09567 ], [ -0.40004, 53.09916 ], [ -0.40114, 53.11014 ], [ -0.40743, 53.11091 ], [ -0.41912, 53.10649 ], [ -0.45331, 53.10905 ], [ -0.45441, 53.11784 ], [ -0.43, 53.11704 ], [ -0.37302, 53.12536 ], [ -0.36601, 53.11065 ], [ -0.35475, 53.10755 ], [ -0.3395, 53.08728 ], [ -0.30308, 53.07759 ] ] ] } },
{ "type": "Feature", "properties": { "small_area": "E01028186" }, "geometry": { "type": "Polygon", "coordinates": [ [ [ -1.0814, 52.96019 ], [ -1.08742, 52.96041 ], [ -1.07751, 52.96576 ], [ -1.07638, 52.96346 ], [ -1.07234, 52.96519 ], [ -1.0814, 52.96019 ] ] ] } },
{ "type": "Feature", "properties": { "small_area": "E01028107" }, "geometry": { "type": "Polygon", "coordinates": [ [ [ -1.2787, 53.04404 ], [ -1.2664, 53.0384 ], [ -1.2577, 53.04094 ], [ -1.25126, 53.03801 ], [ -1.27793, 53.03241 ], [ -1.28481, 53.0184 ], [ -1.29901, 53.02605 ], [ -1.30362, 53.02482 ], [ -1.30179, 53.02277 ], [ -1.3068, 53.02306 ], [ -1.30317, 53.02045 ], [ -1.30815, 53.01926 ], [ -1.32271, 53.02158 ], [ -1.32803, 53.02922 ], [ -1.30852, 53.02929 ], [ -1.30709, 53.03873 ], [ -1.2991, 53.04631 ], [ -1.27746, 53.04622 ], [ -1.2787, 53.04404 ] ] ] } },
{ "type": "Feature", "properties": { "small_area": "E01028106" }, "geometry": { "type": "Polygon", "coordinates": [ [ [ -1.25974, 52.99418 ], [ -1.25577, 52.99388 ], [ -1.25629, 52.98874 ], [ -1.2754, 52.98485 ], [ -1.26996, 52.97795 ], [ -1.26521, 52.97949 ], [ -1.26149, 52.97597 ], [ -1.26847, 52.97276 ], [ -1.26436, 52.96788 ], [ -1.28772, 52.96768 ], [ -1.29068, 52.97066 ], [ -1.29747, 52.98465 ], [ -1.27861, 52.98701 ], [ -1.26659, 52.99684 ], [ -1.25224, 52.99924 ], [ -1.25974, 52.99418 ] ] ] } },
{ "type": "Feature", "properties": { "small_area": "E01026100" }, "geometry": { "type": "Polygon", "coordinates": [ [ [ 0.10595, 53.16818 ], [ 0.10416, 53.16973 ], [ 0.10161, 53.16613 ], [ 0.09205, 53.16889 ], [ 0.09604, 53.17456 ], [ 0.08892, 53.17869 ], [ 0.09264, 53.18734 ], [ 0.10292, 53.18593 ], [ 0.11078, 53.18872 ], [ 0.11795, 53.18318 ], [ 0.10595, 53.16818 ] ] ] } },
{ "type": "Feature", "properties": { "small_area": "E01028184" }, "geometry": { "type": "Polygon", "coordinates": [ [ [ -1.08015, 52.95093 ], [ -1.08612, 52.94855 ], [ -1.09688, 52.9555 ], [ -1.08626, 52.95637 ], [ -1.08015, 52.95093 ] ] ] } },
{ "type": "Feature", "properties": { "small_area": "E01028105" }, "geometry": { "type": "Polygon", "coordinates": [ [ [ -1.26686, 53.0004 ], [ -1.27053, 52.99954 ], [ -1.26659, 52.99684 ], [ -1.27238, 52.99304 ], [ -1.28166, 52.99712 ], [ -1.26805, 53.00394 ], [ -1.26686, 53.0004 ] ] ] } },
{ "type": "Feature", "properties": { "small_area": "E01019824" }, "geometry": { "type": "Polygon", "coordinates": [ [ [ -1.40813, 53.20562 ], [ -1.4048, 53.19694 ], [ -1.41259, 53.19442 ], [ -1.41085, 53.18835 ], [ -1.41714, 53.19158 ], [ -1.41826, 53.20102 ], [ -1.42743, 53.21533 ], [ -1.40813, 53.20562 ] ] ] } },
{ "type": "Feature", "properties": { "small_area": "E01019827" }, "geometry": { "type": "Polygon", "coordinates": [ [ [ -1.37706, 53.29903 ], [ -1.38599, 53.29488 ], [ -1.38717, 53.28609 ], [ -1.39177, 53.28712 ], [ -1.40174, 53.28156 ], [ -1.41544, 53.28762 ], [ -1.42324, 53.2827 ], [ -1.43908, 53.2802 ], [ -1.45707, 53.28373 ], [ -1.45979, 53.27992 ], [ -1.46754, 53.28306 ], [ -1.46434, 53.28793 ], [ -1.44716, 53.29263 ], [ -1.44567, 53.30377 ], [ -1.44171, 53.30852 ], [ -1.42323, 53.30904 ], [ -1.41239, 53.30195 ], [ -1.39639, 53.29847 ], [ -1.37706, 53.29903 ] ] ] } },
{ "type": "Feature", "properties": { "small_area": "E01013787" }, "geometry": { "type": "Polygon", "coordinates": [ [ [ -0.75972, 52.65768 ], [ -0.75278, 52.66107 ], [ -0.72562, 52.64847 ], [ -0.72925, 52.63744 ], [ -0.73271, 52.63889 ], [ -0.74012, 52.63377 ], [ -0.74137, 52.62585 ], [ -0.72477, 52.62651 ], [ -0.69833, 52.62185 ], [ -0.6957, 52.61172 ], [ -0.70192, 52.6046 ], [ -0.69983, 52.59876 ], [ -0.70597, 52.59484 ], [ -0.75136, 52.59865 ], [ -0.7648, 52.58118 ], [ -0.79245, 52.5976 ], [ -0.81697, 52.59369 ], [ -0.82096, 52.59644 ], [ -0.81936, 52.60966 ], [ -0.80583, 52.62067 ], [ -0.81097, 52.62597 ], [ -0.80176, 52.63882 ], [ -0.80991, 52.64028 ], [ -0.8087, 52.64611 ], [ -0.79292, 52.65967 ], [ -0.77739, 52.66391 ], [ -0.76536, 52.66215 ], [ -0.75972, 52.65768 ] ] ] } },
{ "type": "Feature", "properties": { "small_area": "E01013873" }, "geometry": { "type": "Polygon", "coordinates": [ [ [ -1.1434, 52.94192 ], [ -1.14213, 52.93998 ], [ -1.1488, 52.93807 ], [ -1.1434, 52.94192 ] ] ] } },
{ "type": "Feature", "properties": { "small_area": "E01013872" }, "geometry": { "type": "Polygon", "coordinates": [ [ [ -1.15587, 52.94349 ], [ -1.14532, 52.93803 ], [ -1.1494, 52.93451 ], [ -1.15587, 52.94349 ] ] ] } },
{ "type": "Feature", "properties": { "small_area": "E01019826" }, "geometry": { "type": "Polygon", "coordinates": [ [ [ -1.40818, 53.18747 ], [ -1.40542, 53.18413 ], [ -1.41541, 53.1842 ], [ -1.41085, 53.18835 ], [ -1.41259, 53.19442 ], [ -1.4048, 53.19694 ], [ -1.4025, 53.19416 ], [ -1.40818, 53.18747 ] ] ] } },
{ "type": "Feature", "properties": { "small_area": "E01013870" }, "geometry": { "type": "Polygon", "coordinates": [ [ [ -1.15587, 52.94349 ], [ -1.15106, 52.93637 ], [ -1.15821, 52.93688 ], [ -1.16143, 52.92871 ], [ -1.16743, 52.93073 ], [ -1.17143, 52.94548 ], [ -1.15153, 52.94797 ], [ -1.15587, 52.94349 ] ] ] } },
{ "type": "Feature", "properties": { "small_area": "E01019825" }, "geometry": { "type": "Polygon", "coordinates": [ [ [ -1.39477, 53.19197 ], [ -1.39527, 53.18703 ], [ -1.40046, 53.18576 ], [ -1.40201, 53.17732 ], [ -1.40559, 53.18028 ], [ -1.41109, 53.17812 ], [ -1.41903, 53.18088 ], [ -1.41714, 53.19158 ], [ -1.41085, 53.18835 ], [ -1.41541, 53.1842 ], [ -1.40542, 53.18413 ], [ -1.40818, 53.18747 ], [ -1.4025, 53.19416 ], [ -1.39477, 53.19197 ] ] ] } },
{ "type": "Feature", "properties": { "small_area": "E01019426" }, "geometry": { "type": "Polygon", "coordinates": [ [ [ -1.46401, 52.9919 ], [ -1.46342, 52.98287 ], [ -1.47983, 52.98197 ], [ -1.47117, 52.97256 ], [ -1.47463, 52.96591 ], [ -1.4778, 52.96442 ], [ -1.48009, 52.9681 ], [ -1.50304, 52.97475 ], [ -1.49819, 52.97709 ], [ -1.48774, 52.97577 ], [ -1.48585, 52.97883 ], [ -1.49165, 52.98475 ], [ -1.49505, 52.98174 ], [ -1.49501, 52.98455 ], [ -1.48923, 52.98551 ], [ -1.49363, 52.98743 ], [ -1.48623, 52.98704 ], [ -1.47817, 52.99372 ], [ -1.46401, 52.9919 ] ] ] } },
{ "type": "Feature", "properties": { "small_area": "E01025937" }, "geometry": { "type": "Polygon", "coordinates": [ [ [ -1.34567, 52.7094 ], [ -1.36547, 52.70474 ], [ -1.37616, 52.70685 ], [ -1.38156, 52.71374 ], [ -1.37552, 52.71129 ], [ -1.36344, 52.71954 ], [ -1.34567, 52.7094 ] ] ] } },
{ "type": "Feature", "properties": { "small_area": "E01025936" }, "geometry": { "type": "Polygon", "coordinates": [ [ [ -1.3433, 52.72057 ], [ -1.34669, 52.72328 ], [ -1.35523, 52.722 ], [ -1.35709, 52.72498 ], [ -1.34356, 52.72835 ], [ -1.33656, 52.72372 ], [ -1.3433, 52.72057 ] ] ] } },
{ "type": "Feature", "properties": { "small_area": "E01019427" }, "geometry": { "type": "Polygon", "coordinates": [ [ [ -1.48623, 52.98704 ], [ -1.49363, 52.98743 ], [ -1.50733, 52.99165 ], [ -1.50628, 52.98223 ], [ -1.49819, 52.97709 ], [ -1.50304, 52.97475 ], [ -1.51356, 52.97676 ], [ -1.50877, 52.97923 ], [ -1.5147, 52.98675 ], [ -1.51, 52.98958 ], [ -1.51355, 52.99537 ], [ -1.5119, 52.99903 ], [ -1.49504, 53.0004 ], [ -1.48811, 52.9979 ], [ -1.4861, 52.98985 ], [ -1.48163, 52.99014 ], [ -1.48623, 52.98704 ] ] ] } },
{ "type": "Feature", "properties": { "small_area": "E01025934" }, "geometry": { "type": "Polygon", "coordinates": [ [ [ -1.2875, 52.73395 ], [ -1.26687, 52.74743 ], [ -1.24715, 52.73635 ], [ -1.26337, 52.73089 ], [ -1.26636, 52.72857 ], [ -1.26248, 52.72425 ], [ -1.28916, 52.71288 ], [ -1.30045, 52.71856 ], [ -1.32605, 52.72387 ], [ -1.33703, 52.72226 ], [ -1.33102, 52.72336 ], [ -1.32848, 52.72774 ], [ -1.32345, 52.72698 ], [ -1.32918, 52.73148 ], [ -1.32552, 52.73317 ], [ -1.33537, 52.74088 ], [ -1.33027, 52.75035 ], [ -1.34989, 52.74938 ], [ -1.35875, 52.75205 ], [ -1.32375, 52.75488 ], [ -1.31906, 52.74992 ], [ -1.30254, 52.7474 ], [ -1.2875, 52.73395 ] ] ] } },
{ "type": "Feature", "properties": { "small_area": "E01025935" }, "geometry": { "type": "Polygon", "coordinates": [ [ [ -1.34356, 52.72835 ], [ -1.34205, 52.73187 ], [ -1.32918, 52.73148 ], [ -1.32345, 52.72698 ], [ -1.33656, 52.72372 ], [ -1.34356, 52.72835 ] ] ] } },
{ "type": "Feature", "properties": { "small_area": "E01013745" }, "geometry": { "type": "Polygon", "coordinates": [ [ [ -1.1, 52.63378 ], [ -1.11376, 52.63365 ], [ -1.10806, 52.63594 ], [ -1.1, 52.63378 ] ] ] } },
{ "type": "Feature", "properties": { "small_area": "E01013744" }, "geometry": { "type": "Polygon", "coordinates": [ [ [ -1.11282, 52.63755 ], [ -1.11154, 52.6351 ], [ -1.11355, 52.6346 ], [ -1.11282, 52.63755 ] ] ] } },
{ "type": "Feature", "properties": { "small_area": "E01013972" }, "geometry": { "type": "Polygon", "coordinates": [ [ [ -1.15709, 52.97931 ], [ -1.15032, 52.97541 ], [ -1.15345, 52.97086 ], [ -1.15709, 52.97931 ] ] ] } },
{ "type": "Feature", "properties": { "small_area": "E01019469" }, "geometry": { "type": "Polygon", "coordinates": [ [ [ -1.36908, 53.07916 ], [ -1.35531, 53.07847 ], [ -1.36734, 53.07399 ], [ -1.36908, 53.07916 ] ] ] } },
{ "type": "Feature", "properties": { "small_area": "E01019468" }, "geometry": { "type": "Polygon", "coordinates": [ [ [ -1.34367, 53.08656 ], [ -1.33164, 53.08097 ], [ -1.34384, 53.06871 ], [ -1.36799, 53.07386 ], [ -1.35531, 53.07847 ], [ -1.3667, 53.07971 ], [ -1.37044, 53.08852 ], [ -1.35991, 53.09014 ], [ -1.35369, 53.08655 ], [ -1.34367, 53.08656 ] ] ] } },
{ "type": "Feature", "properties": { "small_area": "E01027928" }, "geometry": { "type": "Polygon", "coordinates": [ [ [ -1.20044, 53.03691 ], [ -1.20227, 53.03485 ], [ -1.21101, 53.03671 ], [ -1.21013, 53.04097 ], [ -1.20044, 53.03691 ] ] ] } },
{ "type": "Feature", "properties": { "small_area": "E01013977" }, "geometry": { "type": "Polygon", "coordinates": [ [ [ -1.20397, 52.96006 ], [ -1.20298, 52.95618 ], [ -1.21128, 52.95218 ], [ -1.20554, 52.94795 ], [ -1.19606, 52.94715 ], [ -1.2051, 52.94192 ], [ -1.21672, 52.94628 ], [ -1.21351, 52.9502 ], [ -1.21678, 52.95242 ], [ -1.2104, 52.9546 ], [ -1.21675, 52.95832 ], [ -1.20397, 52.96006 ] ] ] } },
{ "type": "Feature", "properties": { "small_area": "E01019474" }, "geometry": { "type": "Polygon", "coordinates": [ [ [ -1.38909, 53.07649 ], [ -1.38815, 53.08132 ], [ -1.38311, 53.07702 ], [ -1.39031, 53.07367 ], [ -1.39379, 53.0767 ], [ -1.38909, 53.07649 ] ] ] } },
{ "type": "Feature", "properties": { "small_area": "E01026332" }, "geometry": { "type": "Polygon", "coordinates": [ [ [ -0.43529, 52.88169 ], [ -0.441, 52.88104 ], [ -0.43033, 52.87269 ], [ -0.42881, 52.86653 ], [ -0.42404, 52.86694 ], [ -0.43655, 52.86373 ], [ -0.43619, 52.85287 ], [ -0.44144, 52.84375 ], [ -0.46577, 52.83943 ], [ -0.47236, 52.83289 ], [ -0.49655, 52.83806 ], [ -0.51795, 52.83588 ], [ -0.54536, 52.88166 ], [ -0.55985, 52.8824 ], [ -0.56698, 52.87683 ], [ -0.58322, 52.87876 ], [ -0.59512, 52.88898 ], [ -0.55411, 52.95441 ], [ -0.53792, 52.95463 ], [ -0.51785, 52.96027 ], [ -0.51001, 52.94755 ], [ -0.49383, 52.95355 ], [ -0.49414, 52.94831 ], [ -0.48915, 52.94649 ], [ -0.48719, 52.93949 ], [ -0.48288, 52.93937 ], [ -0.47954, 52.93168 ], [ -0.48837, 52.92402 ], [ -0.48762, 52.92056 ], [ -0.49398, 52.92072 ], [ -0.48061, 52.90678 ], [ -0.47207, 52.90541 ], [ -0.46976, 52.90117 ], [ -0.44534, 52.90055 ], [ -0.43529, 52.88169 ] ] ] } },
{ "type": "Feature", "properties": { "small_area": "E01025836" }, "geometry": { "type": "Polygon", "coordinates": [ [ [ -1.36006, 52.52658 ], [ -1.36273, 52.53072 ], [ -1.35332, 52.53254 ], [ -1.3544, 52.52802 ], [ -1.36006, 52.52658 ] ] ] } },
{ "type": "Feature", "properties": { "small_area": "E01026318" }, "geometry": { "type": "Polygon", "coordinates": [ [ [ -0.63518, 52.90257 ], [ -0.63966, 52.89693 ], [ -0.64582, 52.89793 ], [ -0.64894, 52.90191 ], [ -0.6405, 52.90467 ], [ -0.64403, 52.90869 ], [ -0.6377, 52.90683 ], [ -0.63518, 52.90257 ] ] ] } },
{ "type": "Feature", "properties": { "small_area": "E01025705" }, "geometry": { "type": "Polygon", "coordinates": [ [ [ -1.19392, 52.78009 ], [ -1.20328, 52.77458 ], [ -1.19126, 52.7864 ], [ -1.17995, 52.78026 ], [ -1.19392, 52.78009 ] ] ] } },
{ "type": "Feature", "properties": { "small_area": "E01025784" }, "geometry": { "type": "Polygon", "coordinates": [ [ [ -0.88936, 52.50842 ], [ -0.89599, 52.50802 ], [ -0.90154, 52.51171 ], [ -0.9136, 52.51063 ], [ -0.92763, 52.51649 ], [ -0.93963, 52.51454 ], [ -0.94102, 52.50799 ], [ -0.96145, 52.5225 ], [ -0.95913, 52.52579 ], [ -0.96476, 52.5308 ], [ -0.98134, 52.53321 ], [ -0.99221, 52.54223 ], [ -0.97567, 52.54227 ], [ -0.97693, 52.54513 ], [ -0.96261, 52.55039 ], [ -0.95534, 52.57199 ], [ -0.94144, 52.57962 ], [ -0.92213, 52.56683 ], [ -0.92959, 52.55871 ], [ -0.92105, 52.55346 ], [ -0.92109, 52.54716 ], [ -0.91648, 52.54448 ], [ -0.91772, 52.53477 ], [ -0.91376, 52.53051 ], [ -0.88576, 52.52369 ], [ -0.88115, 52.51984 ], [ -0.88898, 52.51402 ], [ -0.88578, 52.51275 ], [ -0.88936, 52.50842 ] ] ] } },
{ "type": "Feature", "properties": { "small_area": "E01025741" }, "geometry": { "type": "Polygon", "coordinates": [ [ [ -1.28542, 52.76311 ], [ -1.28695, 52.76976 ], [ -1.27609, 52.77095 ], [ -1.28542, 52.76311 ] ] ] } },
{ "type": "Feature", "properties": { "small_area": "E01025740" }, "geometry": { "type": "Polygon", "coordinates": [ [ [ -1.27531, 52.76875 ], [ -1.27109, 52.76123 ], [ -1.27451, 52.75281 ], [ -1.26687, 52.74743 ], [ -1.2875, 52.73395 ], [ -1.30254, 52.7474 ], [ -1.29317, 52.76888 ], [ -1.29212, 52.76181 ], [ -1.27531, 52.76875 ] ] ] } },
{ "type": "Feature", "properties": { "small_area": "E01019766" }, "geometry": { "type": "Polygon", "coordinates": [ [ [ -2.01365, 53.3324 ], [ -2.01432, 53.34004 ], [ -2.00466, 53.34599 ], [ -2.00807, 53.35495 ], [ -1.99683, 53.35746 ], [ -1.98558, 53.35113 ], [ -1.98375, 53.34283 ], [ -1.99235, 53.339 ], [ -2.00058, 53.34377 ], [ -2.00193, 53.33899 ], [ -1.99244, 53.33758 ], [ -1.98911, 53.33369 ], [ -1.99577, 53.33227 ], [ -1.99471, 53.32978 ], [ -1.99885, 53.32825 ], [ -2.01365, 53.3324 ] ] ] } },
{ "type": "Feature", "properties": { "small_area": "E01019767" }, "geometry": { "type": "Polygon", "coordinates": [ [ [ -1.97806, 53.33806 ], [ -1.98365, 53.33913 ], [ -1.98012, 53.33032 ], [ -1.98991, 53.33043 ], [ -1.98469, 53.32969 ], [ -1.98737, 53.3244 ], [ -2.0028, 53.32354 ], [ -1.99297, 53.32768 ], [ -1.99577, 53.33227 ], [ -1.98911, 53.33369 ], [ -1.99244, 53.33758 ], [ -2.00193, 53.33899 ], [ -2.00058, 53.34377 ], [ -1.99235, 53.339 ], [ -1.98375, 53.34283 ], [ -1.97806, 53.33806 ] ] ] } },
{ "type": "Feature", "properties": { "small_area": "E01025876" }, "geometry": { "type": "Polygon", "coordinates": [ [ [ -1.26441, 52.64508 ], [ -1.25612, 52.63433 ], [ -1.24095, 52.63347 ], [ -1.26189, 52.62819 ], [ -1.25742, 52.61624 ], [ -1.27449, 52.61615 ], [ -1.28019, 52.613 ], [ -1.28464, 52.61468 ], [ -1.28435, 52.61261 ], [ -1.29639, 52.62226 ], [ -1.28975, 52.63438 ], [ -1.29602, 52.63719 ], [ -1.30436, 52.63125 ], [ -1.32074, 52.6356 ], [ -1.3173, 52.6397 ], [ -1.30469, 52.64176 ], [ -1.30698, 52.64578 ], [ -1.28987, 52.6526 ], [ -1.26441, 52.64508 ] ] ] } },
{ "type": "Feature", "properties": { "small_area": "E01013474" }, "geometry": { "type": "Polygon", "coordinates": [ [ [ -1.42337, 52.89222 ], [ -1.41599, 52.89503 ], [ -1.41244, 52.89267 ], [ -1.41445, 52.88827 ], [ -1.42337, 52.89222 ] ] ] } },
{ "type": "Feature", "properties": { "small_area": "E01013477" }, "geometry": { "type": "Polygon", "coordinates": [ [ [ -1.42848, 52.89989 ], [ -1.44116, 52.89989 ], [ -1.42909, 52.9027 ], [ -1.42297, 52.89888 ], [ -1.42659, 52.89577 ], [ -1.42848, 52.89989 ] ] ] } },
{ "type": "Feature", "properties": { "small_area": "E01027981" }, "geometry": { "type": "Polygon", "coordinates": [ [ [ -1.25533, 53.1546 ], [ -1.24182, 53.15357 ], [ -1.23714, 53.14624 ], [ -1.25063, 53.14556 ], [ -1.25507, 53.14936 ], [ -1.26006, 53.14629 ], [ -1.26535, 53.15001 ], [ -1.26714, 53.14405 ], [ -1.26975, 53.14894 ], [ -1.28562, 53.14533 ], [ -1.28794, 53.14802 ], [ -1.2863, 53.14521 ], [ -1.28026, 53.14164 ], [ -1.27976, 53.13883 ], [ -1.2726, 53.13888 ], [ -1.28088, 53.13587 ], [ -1.30418, 53.13908 ], [ -1.31523, 53.13618 ], [ -1.32558, 53.15645 ], [ -1.32345, 53.16232 ], [ -1.3165, 53.16535 ], [ -1.30071, 53.1642 ], [ -1.29596, 53.17121 ], [ -1.26029, 53.16474 ], [ -1.25533, 53.1546 ] ] ] } },
{ "type": "Feature", "properties": { "small_area": "E01027982" }, "geometry": { "type": "Polygon", "coordinates": [ [ [ -1.25317, 53.13499 ], [ -1.2595, 53.13993 ], [ -1.25647, 53.14209 ], [ -1.25069, 53.13991 ], [ -1.25317, 53.13499 ] ] ] } },
{ "type": "Feature", "properties": { "small_area": "E01019631" }, "geometry": { "type": "Polygon", "coordinates": [ [ [ -1.75982, 53.27224 ], [ -1.76827, 53.27042 ], [ -1.77122, 53.26547 ], [ -1.77146, 53.2562 ], [ -1.76551, 53.2545 ], [ -1.79029, 53.2564 ], [ -1.79857, 53.26066 ], [ -1.80006, 53.27117 ], [ -1.81624, 53.28179 ], [ -1.82389, 53.29222 ], [ -1.82263, 53.3028 ], [ -1.80818, 53.31425 ], [ -1.79218, 53.31557 ], [ -1.77678, 53.30144 ], [ -1.77025, 53.30239 ], [ -1.76095, 53.29823 ], [ -1.75982, 53.27224 ] ] ] } },
{ "type": "Feature", "properties": { "small_area": "E01019633" }, "geometry": { "type": "Polygon", "coordinates": [ [ [ -1.54962, 53.07697 ], [ -1.54747, 53.07387 ], [ -1.55325, 53.06904 ], [ -1.55756, 53.06977 ], [ -1.57785, 53.06004 ], [ -1.57542, 53.0648 ], [ -1.58576, 53.06659 ], [ -1.58441, 53.07557 ], [ -1.57471, 53.07893 ], [ -1.57508, 53.07585 ], [ -1.56331, 53.07553 ], [ -1.55954, 53.08369 ], [ -1.56246, 53.08511 ], [ -1.56065, 53.09024 ], [ -1.55419, 53.08193 ], [ -1.53885, 53.082 ], [ -1.54962, 53.07697 ] ] ] } },
{ "type": "Feature", "properties": { "small_area": "E01019630" }, "geometry": { "type": "Polygon", "coordinates": [ [ [ -1.58979, 53.18791 ], [ -1.59594, 53.17613 ], [ -1.60602, 53.17295 ], [ -1.60496, 53.17041 ], [ -1.61185, 53.16463 ], [ -1.60642, 53.15989 ], [ -1.61669, 53.15879 ], [ -1.618, 53.15101 ], [ -1.62469, 53.14651 ], [ -1.62828, 53.14982 ], [ -1.64177, 53.14848 ], [ -1.65962, 53.15308 ], [ -1.65547, 53.17958 ], [ -1.64579, 53.18284 ], [ -1.64038, 53.18967 ], [ -1.62834, 53.18995 ], [ -1.62661, 53.19767 ], [ -1.6352, 53.19914 ], [ -1.63284, 53.20267 ], [ -1.62026, 53.19655 ], [ -1.61446, 53.19822 ], [ -1.58173, 53.19157 ], [ -1.58979, 53.18791 ] ] ] } },
{ "type": "Feature", "properties": { "small_area": "E01019635" }, "geometry": { "type": "Polygon", "coordinates": [ [ [ -1.57471, 53.07893 ], [ -1.58441, 53.07557 ], [ -1.58536, 53.07178 ], [ -1.59746, 53.07651 ], [ -1.60461, 53.08773 ], [ -1.59502, 53.08529 ], [ -1.58664, 53.09314 ], [ -1.57877, 53.08955 ], [ -1.574, 53.09166 ], [ -1.57471, 53.07893 ] ] ] } },
{ "type": "Feature", "properties": { "small_area": "E01019632" }, "geometry": { "type": "Polygon", "coordinates": [ [ [ -1.64177, 53.14848 ], [ -1.62828, 53.14982 ], [ -1.62469, 53.14651 ], [ -1.618, 53.15101 ], [ -1.61669, 53.15879 ], [ -1.60642, 53.15989 ], [ -1.58966, 53.1534 ], [ -1.58549, 53.15478 ], [ -1.57877, 53.14824 ], [ -1.58301, 53.14627 ], [ -1.57149, 53.14253 ], [ -1.57219, 53.13956 ], [ -1.58033, 53.13803 ], [ -1.5834, 53.13183 ], [ -1.63484, 53.13595 ], [ -1.6398, 53.12676 ], [ -1.65391, 53.12563 ], [ -1.66095, 53.13385 ], [ -1.69679, 53.12877 ], [ -1.70095, 53.13387 ], [ -1.71568, 53.13785 ], [ -1.70242, 53.14854 ], [ -1.69927, 53.15366 ], [ -1.70277, 53.15699 ], [ -1.69828, 53.16081 ], [ -1.66132, 53.15593 ], [ -1.65962, 53.15308 ], [ -1.64177, 53.14848 ] ] ] } },
{ "type": "Feature", "properties": { "small_area": "E01032599" }, "geometry": { "type": "Polygon", "coordinates": [ [ [ -1.10826, 52.5961 ], [ -1.12649, 52.59566 ], [ -1.11882, 52.60245 ], [ -1.11372, 52.59875 ], [ -1.10825, 52.60061 ], [ -1.10826, 52.5961 ] ] ] } },
{ "type": "Feature", "properties": { "small_area": "E01019701" }, "geometry": { "type": "Polygon", "coordinates": [ [ [ -1.36766, 52.96722 ], [ -1.36723, 52.95457 ], [ -1.37969, 52.94974 ], [ -1.38025, 52.94585 ], [ -1.38975, 52.94609 ], [ -1.3884, 52.94898 ], [ -1.39748, 52.95259 ], [ -1.38811, 52.96735 ], [ -1.39459, 52.98059 ], [ -1.38417, 52.98158 ], [ -1.38598, 52.97912 ], [ -1.36766, 52.96722 ] ] ] } },
{ "type": "Feature", "properties": { "small_area": "E01019747" }, "geometry": { "type": "Polygon", "coordinates": [ [ [ -2.0133, 53.37296 ], [ -2.0023, 53.36554 ], [ -2.01465, 53.36573 ], [ -2.01602, 53.3631 ], [ -2.02182, 53.36674 ], [ -2.02626, 53.36364 ], [ -2.03173, 53.36571 ], [ -2.03378, 53.37553 ], [ -2.02147, 53.37504 ], [ -2.01708, 53.37782 ], [ -2.01972, 53.38058 ], [ -2.00464, 53.38631 ], [ -2.00506, 53.39059 ], [ -1.99804, 53.37575 ], [ -2.0133, 53.37296 ] ] ] } },
{ "type": "Feature", "properties": { "small_area": "E01019746" }, "geometry": { "type": "Polygon", "coordinates": [ [ [ -1.99929, 53.36482 ], [ -2.0133, 53.37296 ], [ -1.99804, 53.37575 ], [ -1.99929, 53.36482 ] ] ] } },
{ "type": "Feature", "properties": { "small_area": "E01013948" }, "geometry": { "type": "Polygon", "coordinates": [ [ [ -1.1759, 52.96009 ], [ -1.16683, 52.95853 ], [ -1.17132, 52.95794 ], [ -1.1759, 52.96009 ] ] ] } },
{ "type": "Feature", "properties": { "small_area": "E01019489" }, "geometry": { "type": "Polygon", "coordinates": [ [ [ -1.29054, 53.22298 ], [ -1.2958, 53.22658 ], [ -1.29368, 53.22256 ], [ -1.30265, 53.22524 ], [ -1.30035, 53.22941 ], [ -1.29069, 53.22714 ], [ -1.29054, 53.22298 ] ] ] } },
{ "type": "Feature", "properties": { "small_area": "E01026958" }, "geometry": { "type": "Polygon", "coordinates": [ [ [ -0.65913, 52.49422 ], [ -0.66478, 52.49978 ], [ -0.68097, 52.49415 ], [ -0.69044, 52.49769 ], [ -0.6877, 52.50184 ], [ -0.68097, 52.50199 ], [ -0.68374, 52.51169 ], [ -0.67468, 52.5132 ], [ -0.67198, 52.50681 ], [ -0.64994, 52.51391 ], [ -0.6417, 52.49917 ], [ -0.65913, 52.49422 ] ] ] } },
{ "type": "Feature", "properties": { "small_area": "E01019408" }, "geometry": { "type": "Polygon", "coordinates": [ [ [ -1.46001, 53.02385 ], [ -1.46871, 53.02305 ], [ -1.476, 53.02778 ], [ -1.47215, 53.03106 ], [ -1.46059, 53.0266 ], [ -1.46001, 53.02385 ] ] ] } },
{ "type": "Feature", "properties": { "small_area": "E01027949" }, "geometry": { "type": "Polygon", "coordinates": [ [ [ -1.2325, 53.09698 ], [ -1.23257, 53.09257 ], [ -1.2485, 53.09632 ], [ -1.24361, 53.09864 ], [ -1.2325, 53.09698 ] ] ] } },
{ "type": "Feature", "properties": { "small_area": "E01026959" }, "geometry": { "type": "Polygon", "coordinates": [ [ [ -0.7262, 52.48618 ], [ -0.71886, 52.48546 ], [ -0.72174, 52.48109 ], [ -0.72441, 52.48083 ], [ -0.7262, 52.48618 ] ] ] } },
{ "type": "Feature", "properties": { "small_area": "E01019744" }, "geometry": { "type": "Polygon", "coordinates": [ [ [ -1.94589, 53.3603 ], [ -1.94747, 53.35548 ], [ -1.98558, 53.35113 ], [ -1.99683, 53.35746 ], [ -1.99771, 53.36046 ], [ -1.99329, 53.35689 ], [ -1.99067, 53.35814 ], [ -1.98537, 53.37718 ], [ -1.96235, 53.37385 ], [ -1.94589, 53.3603 ] ] ] } },
{ "type": "Feature", "properties": { "small_area": "E01026403" }, "geometry": { "type": "Polygon", "coordinates": [ [ [ -0.75133, 53.49202 ], [ -0.7452, 53.49735 ], [ -0.68396, 53.4881 ], [ -0.70045, 53.47331 ], [ -0.69342, 53.46927 ], [ -0.67793, 53.46891 ], [ -0.67662, 53.47863 ], [ -0.66707, 53.48239 ], [ -0.63365, 53.47758 ], [ -0.63311, 53.46807 ], [ -0.62825, 53.46405 ], [ -0.63946, 53.44387 ], [ -0.63703, 53.44138 ], [ -0.65658, 53.44006 ], [ -0.67618, 53.44277 ], [ -0.6752, 53.45012 ], [ -0.70017, 53.45479 ], [ -0.7236, 53.452 ], [ -0.79305, 53.45429 ], [ -0.8012, 53.44728 ], [ -0.7963, 53.44396 ], [ -0.79995, 53.44004 ], [ -0.79256, 53.43882 ], [ -0.79327, 53.43502 ], [ -0.81058, 53.43549 ], [ -0.81074, 53.43286 ], [ -0.79956, 53.43002 ], [ -0.80804, 53.42036 ], [ -0.8183, 53.42596 ], [ -0.82056, 53.44142 ], [ -0.80986, 53.4438 ], [ -0.79791, 53.45534 ], [ -0.78522, 53.46191 ], [ -0.78241, 53.47845 ], [ -0.77055, 53.4798 ], [ -0.77467, 53.48942 ], [ -0.7662, 53.49972 ], [ -0.75804, 53.50002 ], [ -0.76218, 53.49267 ], [ -0.75133, 53.49202 ] ] ] } },
{ "type": "Feature", "properties": { "small_area": "E01026402" }, "geometry": { "type": "Polygon", "coordinates": [ [ [ -0.66823, 53.49022 ], [ -0.66713, 53.49829 ], [ -0.67781, 53.49855 ], [ -0.66781, 53.51309 ], [ -0.62448, 53.5128 ], [ -0.62795, 53.49169 ], [ -0.66823, 53.49022 ] ] ] } },
{ "type": "Feature", "properties": { "small_area": "E01013599" }, "geometry": { "type": "Polygon", "coordinates": [ [ [ -1.38394, 52.9238 ], [ -1.39272, 52.92296 ], [ -1.38996, 52.92556 ], [ -1.39564, 52.92411 ], [ -1.39978, 52.93042 ], [ -1.38394, 52.9238 ] ] ] } },
{ "type": "Feature", "properties": { "small_area": "E01028406" }, "geometry": { "type": "Polygon", "coordinates": [ [ [ -1.13914, 52.90529 ], [ -1.12009, 52.90148 ], [ -1.12269, 52.89854 ], [ -1.14967, 52.89418 ], [ -1.15205, 52.90442 ], [ -1.14448, 52.90713 ], [ -1.13914, 52.90529 ] ] ] } },
{ "type": "Feature", "properties": { "small_area": "E01019446" }, "geometry": { "type": "Polygon", "coordinates": [ [ [ -1.42083, 53.01014 ], [ -1.42473, 53.00253 ], [ -1.42892, 53.00401 ], [ -1.42696, 53.01133 ], [ -1.42083, 53.01014 ] ] ] } },
{ "type": "Feature", "properties": { "small_area": "E01019447" }, "geometry": { "type": "Polygon", "coordinates": [ [ [ -1.44389, 53.00188 ], [ -1.45224, 52.99373 ], [ -1.44811, 52.98778 ], [ -1.45122, 52.98211 ], [ -1.46342, 52.98287 ], [ -1.46401, 52.9919 ], [ -1.47068, 52.99347 ], [ -1.47129, 52.99656 ], [ -1.465, 52.99919 ], [ -1.4704, 52.99923 ], [ -1.47092, 53.00476 ], [ -1.46378, 53.00371 ], [ -1.46381, 53.01085 ], [ -1.44389, 53.00188 ] ] ] } },
{ "type": "Feature", "properties": { "small_area": "E01013508" }, "geometry": { "type": "Polygon", "coordinates": [ [ [ -1.42602, 52.92676 ], [ -1.42669, 52.93148 ], [ -1.41616, 52.93134 ], [ -1.41782, 52.92487 ], [ -1.42602, 52.92676 ] ] ] } },
{ "type": "Feature", "properties": { "small_area": "E01013581" }, "geometry": { "type": "Polygon", "coordinates": [ [ [ -1.43876, 52.93855 ], [ -1.4452, 52.93855 ], [ -1.44394, 52.94222 ], [ -1.43683, 52.94216 ], [ -1.43876, 52.93855 ] ] ] } },
{ "type": "Feature", "properties": { "small_area": "E01028277" }, "geometry": { "type": "Polygon", "coordinates": [ [ [ -1.18087, 53.17307 ], [ -1.18581, 53.17217 ], [ -1.19091, 53.17362 ], [ -1.18815, 53.17587 ], [ -1.19343, 53.17535 ], [ -1.19082, 53.17786 ], [ -1.19609, 53.18362 ], [ -1.18062, 53.17975 ], [ -1.18087, 53.17307 ] ] ] } },
{ "type": "Feature", "properties": { "small_area": "E01032994" }, "geometry": { "type": "Polygon", "coordinates": [ [ [ -0.60797, 53.17447 ], [ -0.57444, 53.16908 ], [ -0.58798, 53.13585 ], [ -0.61717, 53.13913 ], [ -0.63843, 53.14517 ], [ -0.65929, 53.16156 ], [ -0.61853, 53.17876 ], [ -0.62646, 53.18144 ], [ -0.62603, 53.18834 ], [ -0.61746, 53.18804 ], [ -0.60797, 53.17447 ] ] ] } },
{ "type": "Feature", "properties": { "small_area": "E01026976" }, "geometry": { "type": "Polygon", "coordinates": [ [ [ -0.71503, 52.50289 ], [ -0.70987, 52.50229 ], [ -0.71565, 52.49885 ], [ -0.7215, 52.49988 ], [ -0.71503, 52.50289 ] ] ] } },
{ "type": "Feature", "properties": { "small_area": "E01032995" }, "geometry": { "type": "Polygon", "coordinates": [ [ [ -0.14997, 52.78601 ], [ -0.15942, 52.78638 ], [ -0.15398, 52.79623 ], [ -0.14686, 52.79212 ], [ -0.14211, 52.79299 ], [ -0.14997, 52.78601 ] ] ] } },
{ "type": "Feature", "properties": { "small_area": "E01019501" }, "geometry": { "type": "Polygon", "coordinates": [ [ [ -1.33548, 53.08928 ], [ -1.3499, 53.09134 ], [ -1.32868, 53.09547 ], [ -1.32345, 53.10108 ], [ -1.31452, 53.09518 ], [ -1.33548, 53.08928 ] ] ] } },
{ "type": "Feature", "properties": { "small_area": "E01032996" }, "geometry": { "type": "Polygon", "coordinates": [ [ [ -0.14211, 52.79299 ], [ -0.14686, 52.79212 ], [ -0.15781, 52.80094 ], [ -0.14553, 52.80031 ], [ -0.13558, 52.80564 ], [ -0.12167, 52.82332 ], [ -0.11771, 52.82176 ], [ -0.14211, 52.79299 ] ] ] } },
{ "type": "Feature", "properties": { "small_area": "E01019580" }, "geometry": { "type": "Polygon", "coordinates": [ [ [ -1.42602, 53.24641 ], [ -1.43734, 53.24711 ], [ -1.44109, 53.25083 ], [ -1.43037, 53.25047 ], [ -1.42602, 53.24641 ] ] ] } },
{ "type": "Feature", "properties": { "small_area": "E01032993" }, "geometry": { "type": "Polygon", "coordinates": [ [ [ -0.58772, 53.18255 ], [ -0.59853, 53.17627 ], [ -0.6047, 53.17772 ], [ -0.60446, 53.18286 ], [ -0.58772, 53.18255 ] ] ] } },
{ "type": "Feature", "properties": { "small_area": "E01013916" }, "geometry": { "type": "Polygon", "coordinates": [ [ [ -1.12122, 52.95524 ], [ -1.122, 52.95604 ], [ -1.1182, 52.96339 ], [ -1.11484, 52.95912 ], [ -1.12122, 52.95524 ] ] ] } },
{ "type": "Feature", "properties": { "small_area": "E01019488" }, "geometry": { "type": "Polygon", "coordinates": [ [ [ -1.30265, 53.22524 ], [ -1.29602, 53.22281 ], [ -1.31254, 53.22225 ], [ -1.31152, 53.23236 ], [ -1.30116, 53.23265 ], [ -1.30265, 53.22524 ] ] ] } },
{ "type": "Feature", "properties": { "small_area": "E01019572" }, "geometry": { "type": "Polygon", "coordinates": [ [ [ -1.40984, 53.26683 ], [ -1.41302, 53.26353 ], [ -1.42206, 53.26473 ], [ -1.42373, 53.26697 ], [ -1.41938, 53.26772 ], [ -1.42604, 53.27005 ], [ -1.42217, 53.27385 ], [ -1.40984, 53.26683 ] ] ] } },
{ "type": "Feature", "properties": { "small_area": "E01013917" }, "geometry": { "type": "Polygon", "coordinates": [ [ [ -1.10538, 52.95121 ], [ -1.1232, 52.94833 ], [ -1.11893, 52.95034 ], [ -1.12122, 52.95524 ], [ -1.11484, 52.95912 ], [ -1.10623, 52.95831 ], [ -1.10538, 52.95121 ] ] ] } },
{ "type": "Feature", "properties": { "small_area": "E01019575" }, "geometry": { "type": "Polygon", "coordinates": [ [ [ -1.4347, 53.22389 ], [ -1.4345, 53.22705 ], [ -1.42948, 53.22779 ], [ -1.42658, 53.22428 ], [ -1.42788, 53.22081 ], [ -1.4347, 53.22389 ] ] ] } },
{ "type": "Feature", "properties": { "small_area": "E01019574" }, "geometry": { "type": "Polygon", "coordinates": [ [ [ -1.41938, 53.26772 ], [ -1.42373, 53.26697 ], [ -1.42206, 53.26473 ], [ -1.41302, 53.26353 ], [ -1.42251, 53.25343 ], [ -1.43435, 53.26444 ], [ -1.42791, 53.26611 ], [ -1.43191, 53.27233 ], [ -1.41938, 53.26772 ] ] ] } },
{ "type": "Feature", "properties": { "small_area": "E01019573" }, "geometry": { "type": "Polygon", "coordinates": [ [ [ -1.42217, 53.27385 ], [ -1.42604, 53.27005 ], [ -1.43191, 53.27233 ], [ -1.42791, 53.26611 ], [ -1.43435, 53.26444 ], [ -1.45511, 53.27351 ], [ -1.46273, 53.27033 ], [ -1.46694, 53.27463 ], [ -1.45707, 53.28373 ], [ -1.43908, 53.2802 ], [ -1.42324, 53.2827 ], [ -1.42217, 53.27385 ] ] ] } },
{ "type": "Feature", "properties": { "small_area": "E01027040" }, "geometry": { "type": "Polygon", "coordinates": [ [ [ -0.6198, 52.33227 ], [ -0.60755, 52.33049 ], [ -0.61154, 52.32684 ], [ -0.6198, 52.33227 ] ] ] } },
{ "type": "Feature", "properties": { "small_area": "E01026236" }, "geometry": { "type": "Polygon", "coordinates": [ [ [ -0.42137, 53.00349 ], [ -0.41375, 53.00226 ], [ -0.41679, 52.99849 ], [ -0.42418, 53.00048 ], [ -0.44287, 52.99597 ], [ -0.4502, 53.00351 ], [ -0.43006, 53.0028 ], [ -0.43034, 53.00609 ], [ -0.41736, 53.00793 ], [ -0.41465, 53.00533 ], [ -0.42137, 53.00349 ] ] ] } },
{ "type": "Feature", "properties": { "small_area": "E01027041" }, "geometry": { "type": "Polygon", "coordinates": [ [ [ -0.60491, 52.32084 ], [ -0.61138, 52.31552 ], [ -0.62127, 52.32121 ], [ -0.61155, 52.32676 ], [ -0.60491, 52.32084 ] ] ] } },
{ "type": "Feature", "properties": { "small_area": "E01026237" }, "geometry": { "type": "Polygon", "coordinates": [ [ [ -0.55286, 53.18625 ], [ -0.5552, 53.17841 ], [ -0.55694, 53.18329 ], [ -0.56977, 53.18367 ], [ -0.56499, 53.18711 ], [ -0.55286, 53.18625 ] ] ] } },
{ "type": "Feature", "properties": { "small_area": "E01013553" }, "geometry": { "type": "Polygon", "coordinates": [ [ [ -1.53118, 52.92951 ], [ -1.52127, 52.93237 ], [ -1.52323, 52.92592 ], [ -1.52544, 52.92462 ], [ -1.53118, 52.92951 ] ] ] } },
{ "type": "Feature", "properties": { "small_area": "E01013552" }, "geometry": { "type": "Polygon", "coordinates": [ [ [ -1.52106, 52.92248 ], [ -1.52323, 52.92592 ], [ -1.52086, 52.93202 ], [ -1.51218, 52.93032 ], [ -1.52106, 52.92248 ] ] ] } },
{ "type": "Feature", "properties": { "small_area": "E01028255" }, "geometry": { "type": "Polygon", "coordinates": [ [ [ -1.16098, 53.1308 ], [ -1.16809, 53.1228 ], [ -1.16332, 53.12427 ], [ -1.16068, 53.12113 ], [ -1.16879, 53.11804 ], [ -1.17216, 53.12287 ], [ -1.17211, 53.12963 ], [ -1.16641, 53.12968 ], [ -1.16586, 53.1329 ], [ -1.15385, 53.13175 ], [ -1.16098, 53.1308 ] ] ] } },
{ "type": "Feature", "properties": { "small_area": "E01013555" }, "geometry": { "type": "Polygon", "coordinates": [ [ [ -1.5113, 52.92481 ], [ -1.50836, 52.92175 ], [ -1.52949, 52.9209 ], [ -1.52323, 52.92592 ], [ -1.52106, 52.92248 ], [ -1.5113, 52.92481 ] ] ] } },
{ "type": "Feature", "properties": { "small_area": "E01028252" }, "geometry": { "type": "Polygon", "coordinates": [ [ [ -1.14626, 53.16927 ], [ -1.16311, 53.16713 ], [ -1.17727, 53.16137 ], [ -1.18054, 53.16292 ], [ -1.17711, 53.16543 ], [ -1.1804, 53.16867 ], [ -1.16731, 53.17105 ], [ -1.17029, 53.17829 ], [ -1.14626, 53.16927 ] ] ] } },
{ "type": "Feature", "properties": { "small_area": "E01026251" }, "geometry": { "type": "Polygon", "coordinates": [ [ [ 0.01067, 52.79928 ], [ -0.01058, 52.79778 ], [ -0.01031, 52.80878 ], [ -0.00493, 52.81401 ], [ -0.00189, 52.80371 ], [ 0.01175, 52.80292 ], [ 0.01067, 52.79928 ] ] ] } },
{ "type": "Feature", "properties": { "small_area": "E01028254" }, "geometry": { "type": "Polygon", "coordinates": [ [ [ -1.13551, 53.11872 ], [ -1.13877, 53.12468 ], [ -1.14625, 53.12649 ], [ -1.14405, 53.12999 ], [ -1.13875, 53.12823 ], [ -1.12844, 53.13293 ], [ -1.12724, 53.12448 ], [ -1.12022, 53.11906 ], [ -1.13551, 53.11872 ] ] ] } },
{ "type": "Feature", "properties": { "small_area": "E01013550" }, "geometry": { "type": "Polygon", "coordinates": [ [ [ -1.50343, 52.92157 ], [ -1.50836, 52.92175 ], [ -1.5113, 52.92481 ], [ -1.50215, 52.92445 ], [ -1.50343, 52.92157 ] ] ] } },
{ "type": "Feature", "properties": { "small_area": "E01028253" }, "geometry": { "type": "Polygon", "coordinates": [ [ [ -1.18532, 53.16701 ], [ -1.18739, 53.16911 ], [ -1.18581, 53.17217 ], [ -1.17683, 53.17443 ], [ -1.17491, 53.17011 ], [ -1.18532, 53.16701 ] ] ] } },
{ "type": "Feature", "properties": { "small_area": "E01028250" }, "geometry": { "type": "Polygon", "coordinates": [ [ [ -1.18486, 53.16319 ], [ -1.18532, 53.16701 ], [ -1.1804, 53.16867 ], [ -1.17711, 53.16543 ], [ -1.18486, 53.16319 ] ] ] } },
{ "type": "Feature", "properties": { "small_area": "E01032966" }, "geometry": { "type": "Polygon", "coordinates": [ [ [ -0.69699, 52.46963 ], [ -0.70337, 52.46993 ], [ -0.70111, 52.4745 ], [ -0.70749, 52.47497 ], [ -0.70042, 52.47766 ], [ -0.69405, 52.4747 ], [ -0.69699, 52.46963 ] ] ] } },
{ "type": "Feature", "properties": { "small_area": "E01032967" }, "geometry": { "type": "Polygon", "coordinates": [ [ [ -0.69699, 52.46963 ], [ -0.70482, 52.46237 ], [ -0.71363, 52.46542 ], [ -0.70559, 52.47001 ], [ -0.69699, 52.46963 ] ] ] } },
{ "type": "Feature", "properties": { "small_area": "E01032964" }, "geometry": { "type": "Polygon", "coordinates": [ [ [ -0.70559, 52.47001 ], [ -0.7145, 52.47073 ], [ -0.70749, 52.47497 ], [ -0.70111, 52.4745 ], [ -0.70559, 52.47001 ] ] ] } },
{ "type": "Feature", "properties": { "small_area": "E01025997" }, "geometry": { "type": "Polygon", "coordinates": [ [ [ -1.11833, 52.5899 ], [ -1.11882, 52.59214 ], [ -1.11441, 52.58826 ], [ -1.12085, 52.58661 ], [ -1.12221, 52.59173 ], [ -1.11833, 52.5899 ] ] ] } },
{ "type": "Feature", "properties": { "small_area": "E01025916" }, "geometry": { "type": "Polygon", "coordinates": [ [ [ -1.47376, 52.74844 ], [ -1.46592, 52.75253 ], [ -1.47311, 52.74668 ], [ -1.48889, 52.75531 ], [ -1.47995, 52.75467 ], [ -1.47376, 52.74844 ] ] ] } },
{ "type": "Feature", "properties": { "small_area": "E01025866" }, "geometry": { "type": "Polygon", "coordinates": [ [ [ -1.37736, 52.54887 ], [ -1.38306, 52.54582 ], [ -1.38267, 52.54783 ], [ -1.39933, 52.54682 ], [ -1.39288, 52.5515 ], [ -1.37736, 52.54887 ] ] ] } },
{ "type": "Feature", "properties": { "small_area": "E01013961" }, "geometry": { "type": "Polygon", "coordinates": [ [ [ -1.14717, 52.96455 ], [ -1.14475, 52.95961 ], [ -1.15115, 52.95928 ], [ -1.15322, 52.96448 ], [ -1.14717, 52.96455 ] ] ] } },
{ "type": "Feature", "properties": { "small_area": "E01013536" }, "geometry": { "type": "Polygon", "coordinates": [ [ [ -1.45806, 52.92854 ], [ -1.46334, 52.92819 ], [ -1.45858, 52.92619 ], [ -1.46374, 52.91951 ], [ -1.46878, 52.93186 ], [ -1.4639, 52.93596 ], [ -1.45586, 52.93742 ], [ -1.45806, 52.92854 ] ] ] } },
{ "type": "Feature", "properties": { "small_area": "E01027320" }, "geometry": { "type": "Polygon", "coordinates": [ [ [ -0.68552, 52.28017 ], [ -0.69487, 52.28013 ], [ -0.70225, 52.28385 ], [ -0.70261, 52.28766 ], [ -0.70555, 52.28714 ], [ -0.68326, 52.29168 ], [ -0.68057, 52.28927 ], [ -0.68552, 52.28017 ] ] ] } },
{ "type": "Feature", "properties": { "small_area": "E01027323" }, "geometry": { "type": "Polygon", "coordinates": [ [ [ -0.74669, 52.26953 ], [ -0.75354, 52.26711 ], [ -0.75617, 52.26909 ], [ -0.76033, 52.25676 ], [ -0.76069, 52.25913 ], [ -0.76571, 52.25834 ], [ -0.76383, 52.26417 ], [ -0.77913, 52.27636 ], [ -0.76627, 52.28084 ], [ -0.75868, 52.27493 ], [ -0.74667, 52.27881 ], [ -0.74669, 52.26953 ] ] ] } },
{ "type": "Feature", "properties": { "small_area": "E01032865" }, "geometry": { "type": "Polygon", "coordinates": [ [ [ -1.06036, 52.65352 ], [ -1.06444, 52.65329 ], [ -1.06678, 52.65668 ], [ -1.05899, 52.6576 ], [ -1.06036, 52.65352 ] ] ] } },
{ "type": "Feature", "properties": { "small_area": "E01028335" }, "geometry": { "type": "Polygon", "coordinates": [ [ [ -0.8084, 53.06777 ], [ -0.81516, 53.07026 ], [ -0.80387, 53.07868 ], [ -0.8084, 53.06777 ] ] ] } },
{ "type": "Feature", "properties": { "small_area": "E01028258" }, "geometry": { "type": "Polygon", "coordinates": [ [ [ -1.14831, 53.21171 ], [ -1.15275, 53.21554 ], [ -1.16412, 53.21425 ], [ -1.1568, 53.22053 ], [ -1.162, 53.22142 ], [ -1.13894, 53.22572 ], [ -1.13455, 53.22147 ], [ -1.14152, 53.21698 ], [ -1.13838, 53.21527 ], [ -1.14831, 53.21171 ] ] ] } },
{ "type": "Feature", "properties": { "small_area": "E01013457" }, "geometry": { "type": "Polygon", "coordinates": [ [ [ -1.49667, 52.91153 ], [ -1.49689, 52.91405 ], [ -1.48866, 52.91593 ], [ -1.48698, 52.91253 ], [ -1.49667, 52.91153 ] ] ] } },
{ "type": "Feature", "properties": { "small_area": "E01013456" }, "geometry": { "type": "Polygon", "coordinates": [ [ [ -1.48356, 52.9137 ], [ -1.48698, 52.91253 ], [ -1.49121, 52.91709 ], [ -1.48315, 52.91929 ], [ -1.48356, 52.9137 ] ] ] } },
{ "type": "Feature", "properties": { "small_area": "E01013454" }, "geometry": { "type": "Polygon", "coordinates": [ [ [ -1.48866, 52.91593 ], [ -1.50173, 52.91486 ], [ -1.50094, 52.91761 ], [ -1.48866, 52.91593 ] ] ] } },
{ "type": "Feature", "properties": { "small_area": "E01032863" }, "geometry": { "type": "Polygon", "coordinates": [ [ [ -1.06066, 52.66367 ], [ -1.06678, 52.65668 ], [ -1.07485, 52.65806 ], [ -1.07049, 52.66509 ], [ -1.06066, 52.66367 ] ] ] } },
{ "type": "Feature", "properties": { "small_area": "E01032862" }, "geometry": { "type": "Polygon", "coordinates": [ [ [ -1.0666, 52.65869 ], [ -1.05673, 52.66378 ], [ -1.05899, 52.6576 ], [ -1.0666, 52.65869 ] ] ] } },
{ "type": "Feature", "properties": { "small_area": "E01032868" }, "geometry": { "type": "Polygon", "coordinates": [ [ [ -1.14224, 52.63108 ], [ -1.14206, 52.63232 ], [ -1.13347, 52.63275 ], [ -1.13518, 52.62866 ], [ -1.14224, 52.63108 ] ] ] } },
{ "type": "Feature", "properties": { "small_area": "E01025967" }, "geometry": { "type": "Polygon", "coordinates": [ [ [ -1.34205, 52.73187 ], [ -1.34356, 52.72835 ], [ -1.35709, 52.72498 ], [ -1.36265, 52.72886 ], [ -1.35244, 52.73505 ], [ -1.35335, 52.73797 ], [ -1.34766, 52.73535 ], [ -1.34825, 52.73202 ], [ -1.3447, 52.73254 ], [ -1.34067, 52.7354 ], [ -1.34694, 52.73838 ], [ -1.33537, 52.74088 ], [ -1.32552, 52.73317 ], [ -1.34205, 52.73187 ] ] ] } },
{ "type": "Feature", "properties": { "small_area": "E01027231" }, "geometry": { "type": "Polygon", "coordinates": [ [ [ -0.8844, 52.25786 ], [ -0.89618, 52.25755 ], [ -0.89094, 52.26051 ], [ -0.89522, 52.262 ], [ -0.88684, 52.26818 ], [ -0.88295, 52.26541 ], [ -0.8844, 52.25786 ] ] ] } },
{ "type": "Feature", "properties": { "small_area": "E01027230" }, "geometry": { "type": "Polygon", "coordinates": [ [ [ -0.89522, 52.262 ], [ -0.89354, 52.26454 ], [ -0.89893, 52.26456 ], [ -0.89456, 52.26707 ], [ -0.89001, 52.26446 ], [ -0.89522, 52.262 ] ] ] } },
{ "type": "Feature", "properties": { "small_area": "E01025965" }, "geometry": { "type": "Polygon", "coordinates": [ [ [ -1.37061, 52.74614 ], [ -1.38565, 52.73003 ], [ -1.40848, 52.73414 ], [ -1.39703, 52.75242 ], [ -1.38431, 52.75457 ], [ -1.38384, 52.75702 ], [ -1.37518, 52.75626 ], [ -1.37061, 52.74614 ] ] ] } },
{ "type": "Feature", "properties": { "small_area": "E01026994" }, "geometry": { "type": "Polygon", "coordinates": [ [ [ -1.14182, 52.32478 ], [ -1.15966, 52.32098 ], [ -1.14971, 52.32069 ], [ -1.13294, 52.31271 ], [ -1.1158, 52.28959 ], [ -1.12379, 52.28503 ], [ -1.13811, 52.28389 ], [ -1.14123, 52.2804 ], [ -1.17734, 52.28577 ], [ -1.17374, 52.2893 ], [ -1.17563, 52.30073 ], [ -1.18516, 52.30387 ], [ -1.19449, 52.31395 ], [ -1.18876, 52.3313 ], [ -1.1805, 52.33458 ], [ -1.18284, 52.33227 ], [ -1.17743, 52.33076 ], [ -1.17348, 52.33563 ], [ -1.1792, 52.3544 ], [ -1.17214, 52.36128 ], [ -1.14182, 52.32478 ] ] ] } },
{ "type": "Feature", "properties": { "small_area": "E01027294" }, "geometry": { "type": "Polygon", "coordinates": [ [ [ -0.81406, 52.14246 ], [ -0.83198, 52.14367 ], [ -0.82822, 52.1326 ], [ -0.83207, 52.13125 ], [ -0.86827, 52.13009 ], [ -0.87996, 52.12662 ], [ -0.86817, 52.14508 ], [ -0.86341, 52.14658 ], [ -0.86598, 52.14823 ], [ -0.83987, 52.15351 ], [ -0.84385, 52.15925 ], [ -0.84045, 52.16206 ], [ -0.81519, 52.15585 ], [ -0.8093, 52.15 ], [ -0.81406, 52.14246 ] ] ] } },
{ "type": "Feature", "properties": { "small_area": "E01027215" }, "geometry": { "type": "Polygon", "coordinates": [ [ [ -0.94481, 52.24665 ], [ -0.96192, 52.24889 ], [ -0.95258, 52.25156 ], [ -0.95003, 52.24864 ], [ -0.94475, 52.25143 ], [ -0.94481, 52.24665 ] ] ] } },
{ "type": "Feature", "properties": { "small_area": "E01028179" }, "geometry": { "type": "Polygon", "coordinates": [ [ [ -1.10897, 52.99188 ], [ -1.11321, 52.99455 ], [ -1.10244, 52.99842 ], [ -1.10897, 52.99188 ] ] ] } },
{ "type": "Feature", "properties": { "small_area": "E01025843" }, "geometry": { "type": "Polygon", "coordinates": [ [ [ -1.3089, 52.57641 ], [ -1.31237, 52.57796 ], [ -1.32005, 52.57252 ], [ -1.32821, 52.57814 ], [ -1.32025, 52.58848 ], [ -1.31684, 52.58824 ], [ -1.3089, 52.57641 ] ] ] } },
{ "type": "Feature", "properties": { "small_area": "E01027016" }, "geometry": { "type": "Polygon", "coordinates": [ [ [ -1.08931, 52.31364 ], [ -1.07217, 52.311 ], [ -1.07259, 52.3037 ], [ -1.08837, 52.30421 ], [ -1.10095, 52.29885 ], [ -1.10833, 52.3039 ], [ -1.11052, 52.29936 ], [ -1.11819, 52.30199 ], [ -1.12364, 52.29996 ], [ -1.13294, 52.31271 ], [ -1.14971, 52.32069 ], [ -1.15966, 52.32098 ], [ -1.11195, 52.33169 ], [ -1.10682, 52.34081 ], [ -1.09634, 52.34827 ], [ -1.09124, 52.34608 ], [ -1.08267, 52.32666 ], [ -1.08344, 52.31763 ], [ -1.08931, 52.31364 ] ] ] } },
{ "type": "Feature", "properties": { "small_area": "E01028044" }, "geometry": { "type": "Polygon", "coordinates": [ [ [ -1.10468, 53.3174 ], [ -1.11165, 53.31792 ], [ -1.10797, 53.3204 ], [ -1.10061, 53.31634 ], [ -1.10242, 53.31029 ], [ -1.1101, 53.31165 ], [ -1.10468, 53.3174 ] ] ] } },
{ "type": "Feature", "properties": { "small_area": "E01027284" }, "geometry": { "type": "Polygon", "coordinates": [ [ [ -0.8807, 52.12018 ], [ -0.88732, 52.11452 ], [ -0.87147, 52.11174 ], [ -0.8653, 52.10298 ], [ -0.87285, 52.08686 ], [ -0.87688, 52.09259 ], [ -0.88359, 52.08795 ], [ -0.88681, 52.09143 ], [ -0.89281, 52.09001 ], [ -0.895, 52.0925 ], [ -0.90825, 52.0873 ], [ -0.91308, 52.09017 ], [ -0.91677, 52.08857 ], [ -0.92821, 52.09872 ], [ -0.92882, 52.12287 ], [ -0.922, 52.12814 ], [ -0.90744, 52.12636 ], [ -0.90271, 52.13668 ], [ -0.89403, 52.1428 ], [ -0.8881, 52.14287 ], [ -0.88757, 52.14791 ], [ -0.87657, 52.15256 ], [ -0.87237, 52.15042 ], [ -0.85385, 52.15928 ], [ -0.8514, 52.15708 ], [ -0.84385, 52.15925 ], [ -0.83987, 52.15351 ], [ -0.86598, 52.14823 ], [ -0.86341, 52.14658 ], [ -0.86817, 52.14508 ], [ -0.87996, 52.12662 ], [ -0.8807, 52.12018 ] ] ] } },
{ "type": "Feature", "properties": { "small_area": "E01025890" }, "geometry": { "type": "Polygon", "coordinates": [ [ [ -0.87166, 52.8438 ], [ -0.86958, 52.84144 ], [ -0.92593, 52.81435 ], [ -0.95503, 52.82361 ], [ -0.95269, 52.83311 ], [ -0.9333, 52.83547 ], [ -0.93005, 52.83321 ], [ -0.92517, 52.83703 ], [ -0.92167, 52.83574 ], [ -0.9257, 52.83226 ], [ -0.92085, 52.82457 ], [ -0.9002, 52.83081 ], [ -0.90536, 52.83857 ], [ -0.90104, 52.85138 ], [ -0.90703, 52.85705 ], [ -0.90419, 52.85808 ], [ -0.9114, 52.85935 ], [ -0.9112, 52.86455 ], [ -0.90539, 52.87098 ], [ -0.89029, 52.87294 ], [ -0.89178, 52.87553 ], [ -0.89972, 52.87446 ], [ -0.90784, 52.88406 ], [ -0.89444, 52.88974 ], [ -0.86406, 52.8591 ], [ -0.86305, 52.85392 ], [ -0.87166, 52.8438 ] ] ] } },
{ "type": "Feature", "properties": { "small_area": "E01019706" }, "geometry": { "type": "Polygon", "coordinates": [ [ [ -1.29588, 52.88919 ], [ -1.29199, 52.88852 ], [ -1.29402, 52.88551 ], [ -1.29949, 52.88654 ], [ -1.2957, 52.89145 ], [ -1.29164, 52.89018 ], [ -1.29588, 52.88919 ] ] ] } },
{ "type": "Feature", "properties": { "small_area": "E01028333" }, "geometry": { "type": "Polygon", "coordinates": [ [ [ -0.79923, 53.06966 ], [ -0.79278, 53.06592 ], [ -0.80083, 53.06113 ], [ -0.80009, 53.06622 ], [ -0.8084, 53.06777 ], [ -0.80491, 53.07186 ], [ -0.79923, 53.06966 ] ] ] } },
{ "type": "Feature", "properties": { "small_area": "E01028399" }, "geometry": { "type": "Polygon", "coordinates": [ [ [ -1.13242, 52.92878 ], [ -1.13025, 52.92489 ], [ -1.13609, 52.92206 ], [ -1.13831, 52.92633 ], [ -1.13242, 52.92878 ] ] ] } },
{ "type": "Feature", "properties": { "small_area": "E01026391" }, "geometry": { "type": "Polygon", "coordinates": [ [ [ -0.22344, 53.38585 ], [ -0.20487, 53.37186 ], [ -0.23163, 53.35138 ], [ -0.2559, 53.34412 ], [ -0.25126, 53.33279 ], [ -0.27498, 53.32176 ], [ -0.29331, 53.33445 ], [ -0.29933, 53.32536 ], [ -0.31231, 53.33224 ], [ -0.34554, 53.32284 ], [ -0.35998, 53.34107 ], [ -0.35608, 53.34568 ], [ -0.33632, 53.34786 ], [ -0.31339, 53.35594 ], [ -0.31407, 53.35992 ], [ -0.30235, 53.36645 ], [ -0.30581, 53.37181 ], [ -0.29297, 53.36988 ], [ -0.29278, 53.37377 ], [ -0.30289, 53.3791 ], [ -0.32576, 53.37517 ], [ -0.33067, 53.38166 ], [ -0.32447, 53.38195 ], [ -0.32775, 53.38494 ], [ -0.3095, 53.38848 ], [ -0.32951, 53.40098 ], [ -0.33897, 53.42778 ], [ -0.32025, 53.4209 ], [ -0.29941, 53.42149 ], [ -0.29059, 53.42978 ], [ -0.29493, 53.44373 ], [ -0.28405, 53.44858 ], [ -0.26799, 53.4269 ], [ -0.23894, 53.41735 ], [ -0.22344, 53.38585 ] ] ] } },
{ "type": "Feature", "properties": { "small_area": "E01026322" }, "geometry": { "type": "Polygon", "coordinates": [ [ [ -0.64962, 52.9127 ], [ -0.66017, 52.91249 ], [ -0.65855, 52.9168 ], [ -0.64855, 52.91643 ], [ -0.64962, 52.9127 ] ] ] } },
{ "type": "Feature", "properties": { "small_area": "E01026323" }, "geometry": { "type": "Polygon", "coordinates": [ [ [ -0.64505, 52.9156 ], [ -0.63846, 52.914 ], [ -0.63694, 52.91044 ], [ -0.6505, 52.91089 ], [ -0.64855, 52.91643 ], [ -0.65604, 52.92559 ], [ -0.64694, 52.92724 ], [ -0.64505, 52.9156 ] ] ] } },
{ "type": "Feature", "properties": { "small_area": "E01026324" }, "geometry": { "type": "Polygon", "coordinates": [ [ [ -0.64694, 52.92724 ], [ -0.65604, 52.92559 ], [ -0.65375, 52.92214 ], [ -0.66276, 52.926 ], [ -0.6547, 52.93617 ], [ -0.64601, 52.93436 ], [ -0.64694, 52.92724 ] ] ] } },
{ "type": "Feature", "properties": { "small_area": "E01026325" }, "geometry": { "type": "Polygon", "coordinates": [ [ [ -0.62069, 52.91977 ], [ -0.62634, 52.92393 ], [ -0.61611, 52.92442 ], [ -0.61168, 52.91995 ], [ -0.62069, 52.91977 ] ] ] } },
{ "type": "Feature", "properties": { "small_area": "E01026326" }, "geometry": { "type": "Polygon", "coordinates": [ [ [ -0.61839, 52.91437 ], [ -0.63858, 52.91871 ], [ -0.63632, 52.92206 ], [ -0.62285, 52.92106 ], [ -0.61839, 52.91437 ] ] ] } },
{ "type": "Feature", "properties": { "small_area": "E01026327" }, "geometry": { "type": "Polygon", "coordinates": [ [ [ -0.62634, 52.92393 ], [ -0.62285, 52.92106 ], [ -0.63632, 52.92206 ], [ -0.62957, 52.92667 ], [ -0.62035, 52.9241 ], [ -0.62634, 52.92393 ] ] ] } },
{ "type": "Feature", "properties": { "small_area": "E01028326" }, "geometry": { "type": "Polygon", "coordinates": [ [ [ -0.86257, 53.06031 ], [ -0.84413, 53.06336 ], [ -0.85022, 53.05682 ], [ -0.8451, 53.05403 ], [ -0.85342, 53.04648 ], [ -0.86198, 53.0516 ], [ -0.86257, 53.06031 ] ] ] } },
{ "type": "Feature", "properties": { "small_area": "E01026347" }, "geometry": { "type": "Polygon", "coordinates": [ [ [ -0.46599, 52.65888 ], [ -0.4731, 52.65454 ], [ -0.47842, 52.65547 ], [ -0.48163, 52.66106 ], [ -0.47812, 52.66123 ], [ -0.47752, 52.65737 ], [ -0.47361, 52.65661 ], [ -0.47313, 52.65913 ], [ -0.46599, 52.65888 ] ] ] } },
{ "type": "Feature", "properties": { "small_area": "E01026344" }, "geometry": { "type": "Polygon", "coordinates": [ [ [ -0.62177, 52.90154 ], [ -0.63035, 52.89752 ], [ -0.6279, 52.88947 ], [ -0.63293, 52.88841 ], [ -0.63748, 52.9061 ], [ -0.63125, 52.90184 ], [ -0.62569, 52.90285 ], [ -0.62678, 52.90849 ], [ -0.62327, 52.90813 ], [ -0.62177, 52.90154 ] ] ] } },
{ "type": "Feature", "properties": { "small_area": "E01026346" }, "geometry": { "type": "Polygon", "coordinates": [ [ [ -0.46199, 52.66144 ], [ -0.47313, 52.65913 ], [ -0.47084, 52.66249 ], [ -0.47489, 52.66747 ], [ -0.46164, 52.66904 ], [ -0.46199, 52.66144 ] ] ] } },
{ "type": "Feature", "properties": { "small_area": "E01026345" }, "geometry": { "type": "Polygon", "coordinates": [ [ [ -0.61119, 52.91405 ], [ -0.62327, 52.90813 ], [ -0.6344, 52.90774 ], [ -0.63858, 52.91871 ], [ -0.61119, 52.91405 ] ] ] } },
{ "type": "Feature", "properties": { "small_area": "E01026342" }, "geometry": { "type": "Polygon", "coordinates": [ [ [ -0.27734, 52.78962 ], [ -0.36758, 52.79404 ], [ -0.37219, 52.8013 ], [ -0.35403, 52.80165 ], [ -0.36837, 52.80282 ], [ -0.36085, 52.81023 ], [ -0.41632, 52.80572 ], [ -0.41307, 52.81457 ], [ -0.37084, 52.81991 ], [ -0.28764, 52.81896 ], [ -0.27086, 52.82117 ], [ -0.26681, 52.79649 ], [ -0.27734, 52.78962 ] ] ] } },
{ "type": "Feature", "properties": { "small_area": "E01032520" }, "geometry": { "type": "Polygon", "coordinates": [ [ [ -1.16485, 52.94794 ], [ -1.16617, 52.94767 ], [ -1.16893, 52.95395 ], [ -1.1573, 52.95495 ], [ -1.16203, 52.95272 ], [ -1.15901, 52.94983 ], [ -1.16619, 52.94957 ], [ -1.16485, 52.94794 ] ] ] } },
{ "type": "Feature", "properties": { "small_area": "E01032522" }, "geometry": { "type": "Polygon", "coordinates": [ [ [ -1.16431, 52.94699 ], [ -1.16619, 52.94957 ], [ -1.15901, 52.94983 ], [ -1.16203, 52.95272 ], [ -1.1573, 52.95495 ], [ -1.15153, 52.94797 ], [ -1.16431, 52.94699 ] ] ] } },
{ "type": "Feature", "properties": { "small_area": "E01028363" }, "geometry": { "type": "Polygon", "coordinates": [ [ [ -1.15538, 52.91792 ], [ -1.15304, 52.91246 ], [ -1.1585, 52.91493 ], [ -1.15683, 52.92384 ], [ -1.15079, 52.9195 ], [ -1.14683, 52.92064 ], [ -1.15538, 52.91792 ] ] ] } },
{ "type": "Feature", "properties": { "small_area": "E01028360" }, "geometry": { "type": "Polygon", "coordinates": [ [ [ -0.96527, 52.95466 ], [ -0.967, 52.95103 ], [ -0.97143, 52.95269 ], [ -0.97265, 52.94864 ], [ -0.95806, 52.94617 ], [ -0.9541, 52.93151 ], [ -0.9722, 52.9284 ], [ -0.98591, 52.94255 ], [ -0.97818, 52.95001 ], [ -1.00455, 52.95341 ], [ -0.97764, 52.96131 ], [ -0.96876, 52.95814 ], [ -0.96222, 52.96369 ], [ -0.9564, 52.95441 ], [ -0.96527, 52.95466 ] ] ] } },
{ "type": "Feature", "properties": { "small_area": "E01028365" }, "geometry": { "type": "Polygon", "coordinates": [ [ [ -1.14541, 52.93198 ], [ -1.13925, 52.93325 ], [ -1.13846, 52.92999 ], [ -1.15079, 52.9195 ], [ -1.15683, 52.92384 ], [ -1.15229, 52.93701 ], [ -1.14541, 52.93198 ] ] ] } },
{ "type": "Feature", "properties": { "small_area": "E01028362" }, "geometry": { "type": "Polygon", "coordinates": [ [ [ -0.95774, 52.95089 ], [ -0.967, 52.95103 ], [ -0.96527, 52.95466 ], [ -0.9564, 52.95441 ], [ -0.95774, 52.95089 ] ] ] } },
{ "type": "Feature", "properties": { "small_area": "E01026361" }, "geometry": { "type": "Polygon", "coordinates": [ [ [ -0.26953, 52.87694 ], [ -0.29833, 52.88428 ], [ -0.34788, 52.88215 ], [ -0.36209, 52.88597 ], [ -0.41737, 52.87721 ], [ -0.41573, 52.86888 ], [ -0.42881, 52.86653 ], [ -0.43033, 52.87269 ], [ -0.441, 52.88104 ], [ -0.43529, 52.88169 ], [ -0.43735, 52.88697 ], [ -0.38347, 52.89863 ], [ -0.36583, 52.89791 ], [ -0.36608, 52.90114 ], [ -0.36083, 52.90192 ], [ -0.3579, 52.91563 ], [ -0.32284, 52.91751 ], [ -0.2565, 52.90586 ], [ -0.26953, 52.87694 ] ] ] } },
{ "type": "Feature", "properties": { "small_area": "E01028364" }, "geometry": { "type": "Polygon", "coordinates": [ [ [ -1.1589, 52.91277 ], [ -1.1585, 52.91493 ], [ -1.15304, 52.91246 ], [ -1.15538, 52.91792 ], [ -1.14874, 52.91829 ], [ -1.15011, 52.91164 ], [ -1.14448, 52.90713 ], [ -1.1589, 52.91277 ] ] ] } },
{ "type": "Feature", "properties": { "small_area": "E01028367" }, "geometry": { "type": "Polygon", "coordinates": [ [ [ -1.00168, 52.92555 ], [ -1.02209, 52.90122 ], [ -1.02725, 52.87753 ], [ -1.03288, 52.87859 ], [ -1.04876, 52.90128 ], [ -1.0356, 52.89775 ], [ -1.03535, 52.90165 ], [ -1.02685, 52.90471 ], [ -1.02974, 52.90588 ], [ -1.02853, 52.90876 ], [ -1.03476, 52.90921 ], [ -1.02834, 52.91175 ], [ -1.04317, 52.91363 ], [ -1.0474, 52.9109 ], [ -1.05529, 52.9148 ], [ -1.05961, 52.91263 ], [ -1.07088, 52.92914 ], [ -1.03819, 52.93492 ], [ -1.01678, 52.93179 ], [ -1.00168, 52.92555 ] ] ] } },
{ "type": "Feature", "properties": { "small_area": "E01027214" }, "geometry": { "type": "Polygon", "coordinates": [ [ [ -0.93768, 52.24946 ], [ -0.94046, 52.25548 ], [ -0.93697, 52.2578 ], [ -0.93021, 52.25492 ], [ -0.93768, 52.24946 ] ] ] } },
{ "type": "Feature", "properties": { "small_area": "E01027295" }, "geometry": { "type": "Polygon", "coordinates": [ [ [ -1.01229, 52.09117 ], [ -0.99845, 52.08168 ], [ -1.00756, 52.07208 ], [ -1.02634, 52.07567 ], [ -1.02572, 52.08003 ], [ -1.03678, 52.07926 ], [ -1.03923, 52.08765 ], [ -1.05499, 52.08606 ], [ -1.0537, 52.08989 ], [ -1.02482, 52.09803 ], [ -1.02188, 52.10475 ], [ -1.01017, 52.10933 ], [ -1.00655, 52.11693 ], [ -1.00214, 52.10844 ], [ -1.01229, 52.09117 ] ] ] } },
{ "type": "Feature", "properties": { "small_area": "E01027296" }, "geometry": { "type": "Polygon", "coordinates": [ [ [ -1.16462, 52.05403 ], [ -1.17399, 52.03641 ], [ -1.1551, 52.02387 ], [ -1.17108, 52.01754 ], [ -1.19688, 52.0177 ], [ -1.20795, 52.01472 ], [ -1.2157, 52.00653 ], [ -1.23833, 52.00795 ], [ -1.25094, 52.01921 ], [ -1.24586, 52.02627 ], [ -1.24869, 52.03037 ], [ -1.23788, 52.03798 ], [ -1.24732, 52.05196 ], [ -1.23677, 52.05563 ], [ -1.241, 52.05777 ], [ -1.23492, 52.0608 ], [ -1.20027, 52.07386 ], [ -1.20201, 52.09513 ], [ -1.15703, 52.09581 ], [ -1.1596, 52.07912 ], [ -1.16394, 52.07572 ], [ -1.15187, 52.0695 ], [ -1.16222, 52.06572 ], [ -1.15609, 52.05387 ], [ -1.16462, 52.05403 ] ] ] } },
{ "type": "Feature", "properties": { "small_area": "E01027217" }, "geometry": { "type": "Polygon", "coordinates": [ [ [ -0.93543, 52.24317 ], [ -0.93791, 52.23734 ], [ -0.94244, 52.23724 ], [ -0.95219, 52.24582 ], [ -0.93543, 52.24317 ] ] ] } },
{ "type": "Feature", "properties": { "small_area": "E01027293" }, "geometry": { "type": "Polygon", "coordinates": [ [ [ -1.26052, 52.06803 ], [ -1.26935, 52.07047 ], [ -1.26354, 52.07409 ], [ -1.26345, 52.08173 ], [ -1.27042, 52.08157 ], [ -1.24742, 52.0913 ], [ -1.24752, 52.07824 ], [ -1.2553, 52.07786 ], [ -1.25628, 52.07445 ], [ -1.25059, 52.07426 ], [ -1.26052, 52.06803 ] ] ] } },
{ "type": "Feature", "properties": { "small_area": "E01013811" }, "geometry": { "type": "Polygon", "coordinates": [ [ [ -1.16768, 52.96585 ], [ -1.16673, 52.96416 ], [ -1.1736, 52.96515 ], [ -1.17405, 52.96915 ], [ -1.16768, 52.96585 ] ] ] } },
{ "type": "Feature", "properties": { "small_area": "E01027185" }, "geometry": { "type": "Polygon", "coordinates": [ [ [ -0.88166, 52.25405 ], [ -0.8985, 52.25086 ], [ -0.89228, 52.25619 ], [ -0.88166, 52.25405 ] ] ] } },
{ "type": "Feature", "properties": { "small_area": "E01033389" }, "geometry": { "type": "Polygon", "coordinates": [ [ [ -1.17965, 53.13352 ], [ -1.18561, 53.13332 ], [ -1.18843, 53.13707 ], [ -1.17637, 53.13766 ], [ -1.17965, 53.13352 ] ] ] } },
{ "type": "Feature", "properties": { "small_area": "E01027058" }, "geometry": { "type": "Polygon", "coordinates": [ [ [ -0.55745, 52.2746 ], [ -0.56654, 52.27816 ], [ -0.56859, 52.27632 ], [ -0.58985, 52.2911 ], [ -0.58557, 52.29333 ], [ -0.57419, 52.28966 ], [ -0.56284, 52.29035 ], [ -0.55745, 52.2746 ] ] ] } },
{ "type": "Feature", "properties": { "small_area": "E01019515" }, "geometry": { "type": "Polygon", "coordinates": [ [ [ -1.3355, 53.10067 ], [ -1.33934, 53.10811 ], [ -1.33711, 53.10479 ], [ -1.33189, 53.10815 ], [ -1.33026, 53.10257 ], [ -1.3355, 53.10067 ] ] ] } },
{ "type": "Feature", "properties": { "small_area": "E01026023" }, "geometry": { "type": "Polygon", "coordinates": [ [ [ 0.1659, 53.01583 ], [ 0.13952, 53.02785 ], [ 0.13287, 53.02529 ], [ 0.12712, 53.02909 ], [ 0.1162, 53.0302 ], [ 0.09848, 53.04984 ], [ 0.09173, 53.07253 ], [ 0.13708, 53.08667 ], [ 0.14903, 53.05806 ], [ 0.16456, 53.05384 ], [ 0.19745, 53.03423 ], [ 0.1659, 53.01583 ] ] ] } },
{ "type": "Feature", "properties": { "small_area": "E01028229" }, "geometry": { "type": "Polygon", "coordinates": [ [ [ -1.22784, 53.1537 ], [ -1.2263, 53.15639 ], [ -1.21811, 53.15685 ], [ -1.21677, 53.15388 ], [ -1.22784, 53.1537 ] ] ] } },
{ "type": "Feature", "properties": { "small_area": "E01028228" }, "geometry": { "type": "Polygon", "coordinates": [ [ [ -1.20652, 53.15323 ], [ -1.2157, 53.15046 ], [ -1.22244, 53.15235 ], [ -1.21677, 53.15388 ], [ -1.21811, 53.15685 ], [ -1.20652, 53.15323 ] ] ] } },
{ "type": "Feature", "properties": { "small_area": "E01019664" }, "geometry": { "type": "Polygon", "coordinates": [ [ [ -1.31039, 52.99263 ], [ -1.32237, 52.99066 ], [ -1.3242, 52.99369 ], [ -1.3174, 52.99847 ], [ -1.31039, 52.99263 ] ] ] } },
{ "type": "Feature", "properties": { "small_area": "E01026139" }, "geometry": { "type": "Polygon", "coordinates": [ [ [ -0.56501, 53.18712 ], [ -0.5781, 53.19572 ], [ -0.57084, 53.19875 ], [ -0.56424, 53.1936 ], [ -0.56501, 53.18712 ] ] ] } },
{ "type": "Feature", "properties": { "small_area": "E01028138" }, "geometry": { "type": "Polygon", "coordinates": [ [ [ -1.2567, 52.90183 ], [ -1.25629, 52.90947 ], [ -1.25137, 52.91058 ], [ -1.24867, 52.90666 ], [ -1.252, 52.90307 ], [ -1.24713, 52.90383 ], [ -1.2567, 52.90183 ] ] ] } },
{ "type": "Feature", "properties": { "small_area": "E01019539" }, "geometry": { "type": "Polygon", "coordinates": [ [ [ -1.43426, 53.24237 ], [ -1.44159, 53.23995 ], [ -1.44826, 53.24274 ], [ -1.45008, 53.24746 ], [ -1.43426, 53.24237 ] ] ] } },
{ "type": "Feature", "properties": { "small_area": "E01019538" }, "geometry": { "type": "Polygon", "coordinates": [ [ [ -1.4282, 53.23944 ], [ -1.42637, 53.23851 ], [ -1.43704, 53.23544 ], [ -1.44128, 53.23792 ], [ -1.4399, 53.24242 ], [ -1.43634, 53.24034 ], [ -1.43426, 53.24237 ], [ -1.4282, 53.23944 ] ] ] } },
{ "type": "Feature", "properties": { "small_area": "E01013567" }, "geometry": { "type": "Polygon", "coordinates": [ [ [ -1.47519, 52.90152 ], [ -1.48255, 52.90283 ], [ -1.48095, 52.90425 ], [ -1.48322, 52.90434 ], [ -1.47774, 52.90642 ], [ -1.47519, 52.90152 ] ] ] } },
{ "type": "Feature", "properties": { "small_area": "E01013566" }, "geometry": { "type": "Polygon", "coordinates": [ [ [ -1.48322, 52.90434 ], [ -1.48523, 52.90797 ], [ -1.4796, 52.90883 ], [ -1.47774, 52.90642 ], [ -1.48322, 52.90434 ] ] ] } },
{ "type": "Feature", "properties": { "small_area": "E01027325" }, "geometry": { "type": "Polygon", "coordinates": [ [ [ -0.75454, 52.26459 ], [ -0.74658, 52.26509 ], [ -0.75233, 52.26127 ], [ -0.73016, 52.24999 ], [ -0.74867, 52.24595 ], [ -0.76449, 52.24816 ], [ -0.76571, 52.25834 ], [ -0.76069, 52.25913 ], [ -0.76033, 52.25676 ], [ -0.75937, 52.26478 ], [ -0.75617, 52.26909 ], [ -0.75454, 52.26459 ] ] ] } },
{ "type": "Feature", "properties": { "small_area": "E01027322" }, "geometry": { "type": "Polygon", "coordinates": [ [ [ -0.74669, 52.26953 ], [ -0.74527, 52.27974 ], [ -0.73446, 52.2792 ], [ -0.72952, 52.26731 ], [ -0.75454, 52.26459 ], [ -0.74669, 52.26953 ] ] ] } },
{ "type": "Feature", "properties": { "small_area": "E01027321" }, "geometry": { "type": "Polygon", "coordinates": [ [ [ -0.70261, 52.28766 ], [ -0.70225, 52.28385 ], [ -0.71125, 52.28376 ], [ -0.71591, 52.28835 ], [ -0.70915, 52.29004 ], [ -0.70261, 52.28766 ] ] ] } },
{ "type": "Feature", "properties": { "small_area": "E01019618" }, "geometry": { "type": "Polygon", "coordinates": [ [ [ -1.69235, 53.26433 ], [ -1.67691, 53.26262 ], [ -1.66723, 53.26602 ], [ -1.66293, 53.25775 ], [ -1.64496, 53.25746 ], [ -1.65348, 53.24879 ], [ -1.65022, 53.24366 ], [ -1.65534, 53.24426 ], [ -1.6475, 53.23865 ], [ -1.65301, 53.23791 ], [ -1.65844, 53.22448 ], [ -1.66472, 53.22415 ], [ -1.67215, 53.22855 ], [ -1.67337, 53.2237 ], [ -1.68258, 53.21886 ], [ -1.68805, 53.22002 ], [ -1.68788, 53.23353 ], [ -1.69387, 53.23563 ], [ -1.70183, 53.23326 ], [ -1.70908, 53.23887 ], [ -1.7192, 53.23719 ], [ -1.72657, 53.24214 ], [ -1.7503, 53.23711 ], [ -1.74772, 53.24152 ], [ -1.73685, 53.24335 ], [ -1.75395, 53.24891 ], [ -1.75279, 53.25474 ], [ -1.77146, 53.2562 ], [ -1.76827, 53.27042 ], [ -1.75982, 53.27224 ], [ -1.7622, 53.29461 ], [ -1.72141, 53.27462 ], [ -1.70257, 53.2722 ], [ -1.69235, 53.26433 ] ] ] } },
{ "type": "Feature", "properties": { "small_area": "E01027350" }, "geometry": { "type": "Polygon", "coordinates": [ [ [ -0.70333, 52.30296 ], [ -0.69869, 52.29957 ], [ -0.68593, 52.30081 ], [ -0.68878, 52.29769 ], [ -0.70084, 52.29642 ], [ -0.70559, 52.29838 ], [ -0.70169, 52.30005 ], [ -0.70702, 52.30007 ], [ -0.70333, 52.30296 ] ] ] } },
{ "type": "Feature", "properties": { "small_area": "E01027347" }, "geometry": { "type": "Polygon", "coordinates": [ [ [ -0.71553, 52.30827 ], [ -0.7255, 52.30851 ], [ -0.71871, 52.31135 ], [ -0.72247, 52.31502 ], [ -0.71563, 52.31435 ], [ -0.71553, 52.30827 ] ] ] } },
{ "type": "Feature", "properties": { "small_area": "E01027344" }, "geometry": { "type": "Polygon", "coordinates": [ [ [ -0.70137, 52.30423 ], [ -0.71345, 52.30785 ], [ -0.71112, 52.31089 ], [ -0.69998, 52.30946 ], [ -0.70137, 52.30423 ] ] ] } },
{ "type": "Feature", "properties": { "small_area": "E01027346" }, "geometry": { "type": "Polygon", "coordinates": [ [ [ -0.72247, 52.31502 ], [ -0.71871, 52.31135 ], [ -0.7255, 52.30851 ], [ -0.75217, 52.31231 ], [ -0.73601, 52.32045 ], [ -0.73378, 52.31833 ], [ -0.72386, 52.32077 ], [ -0.70641, 52.31918 ], [ -0.72247, 52.31502 ] ] ] } },
{ "type": "Feature", "properties": { "small_area": "E01027345" }, "geometry": { "type": "Polygon", "coordinates": [ [ [ -0.70343, 52.31462 ], [ -0.70589, 52.31165 ], [ -0.71658, 52.31572 ], [ -0.70615, 52.31847 ], [ -0.70343, 52.31462 ] ] ] } },
{ "type": "Feature", "properties": { "small_area": "E01027342" }, "geometry": { "type": "Polygon", "coordinates": [ [ [ -0.71685, 52.30511 ], [ -0.72687, 52.3043 ], [ -0.72422, 52.30834 ], [ -0.71412, 52.308 ], [ -0.71685, 52.30511 ] ] ] } },
{ "type": "Feature", "properties": { "small_area": "E01019617" }, "geometry": { "type": "Polygon", "coordinates": [ [ [ -1.7491, 53.18988 ], [ -1.74031, 53.18616 ], [ -1.69573, 53.19172 ], [ -1.68673, 53.19004 ], [ -1.68675, 53.18585 ], [ -1.69665, 53.18275 ], [ -1.67444, 53.18435 ], [ -1.65547, 53.17958 ], [ -1.65962, 53.15308 ], [ -1.66132, 53.15593 ], [ -1.69828, 53.16081 ], [ -1.70277, 53.15699 ], [ -1.69927, 53.15366 ], [ -1.70242, 53.14854 ], [ -1.72146, 53.13538 ], [ -1.7776, 53.17392 ], [ -1.78026, 53.16974 ], [ -1.80978, 53.19519 ], [ -1.79596, 53.20845 ], [ -1.78092, 53.21092 ], [ -1.75273, 53.20021 ], [ -1.7491, 53.18988 ] ] ] } },
{ "type": "Feature", "properties": { "small_area": "E01027945" }, "geometry": { "type": "Polygon", "coordinates": [ [ [ -1.33295, 53.05697 ], [ -1.3253, 53.05807 ], [ -1.31498, 53.05264 ], [ -1.33587, 53.05295 ], [ -1.34384, 53.06871 ], [ -1.33443, 53.06992 ], [ -1.33295, 53.05697 ] ] ] } },
{ "type": "Feature", "properties": { "small_area": "E01019453" }, "geometry": { "type": "Polygon", "coordinates": [ [ [ -1.3188, 53.01602 ], [ -1.31927, 53.01034 ], [ -1.31337, 53.00522 ], [ -1.32256, 53.00635 ], [ -1.33944, 53.01819 ], [ -1.33312, 53.01995 ], [ -1.33303, 53.02481 ], [ -1.32371, 53.02413 ], [ -1.3188, 53.01602 ] ] ] } },
{ "type": "Feature", "properties": { "small_area": "E01025921" }, "geometry": { "type": "Polygon", "coordinates": [ [ [ -1.47861, 52.73939 ], [ -1.48007, 52.74278 ], [ -1.48835, 52.7423 ], [ -1.48908, 52.73616 ], [ -1.4983, 52.73302 ], [ -1.48825, 52.72682 ], [ -1.47688, 52.73282 ], [ -1.47955, 52.72511 ], [ -1.47384, 52.72461 ], [ -1.48127, 52.72013 ], [ -1.49737, 52.72121 ], [ -1.50287, 52.72539 ], [ -1.51154, 52.72322 ], [ -1.51904, 52.7318 ], [ -1.51048, 52.73374 ], [ -1.5148, 52.74433 ], [ -1.50265, 52.74627 ], [ -1.503, 52.75577 ], [ -1.4876, 52.74871 ], [ -1.48981, 52.74519 ], [ -1.47348, 52.74661 ], [ -1.47861, 52.73939 ] ] ] } },
{ "type": "Feature", "properties": { "small_area": "E01033388" }, "geometry": { "type": "Polygon", "coordinates": [ [ [ -1.42582, 53.22427 ], [ -1.42948, 53.22779 ], [ -1.4345, 53.22705 ], [ -1.43704, 53.23544 ], [ -1.42793, 53.2312 ], [ -1.42855, 53.22766 ], [ -1.42385, 53.22723 ], [ -1.42582, 53.22427 ] ] ] } },
{ "type": "Feature", "properties": { "small_area": "E01027170" }, "geometry": { "type": "Polygon", "coordinates": [ [ [ -0.85688, 52.2506 ], [ -0.86274, 52.24999 ], [ -0.86572, 52.25414 ], [ -0.86215, 52.25261 ], [ -0.86063, 52.25625 ], [ -0.85688, 52.2506 ] ] ] } },
{ "type": "Feature", "properties": { "small_area": "E01027173" }, "geometry": { "type": "Polygon", "coordinates": [ [ [ -0.86187, 52.25457 ], [ -0.87039, 52.25411 ], [ -0.87129, 52.25818 ], [ -0.86024, 52.25852 ], [ -0.86187, 52.25457 ] ] ] } },
{ "type": "Feature", "properties": { "small_area": "E01027172" }, "geometry": { "type": "Polygon", "coordinates": [ [ [ -0.86175, 52.25903 ], [ -0.87129, 52.25818 ], [ -0.86398, 52.26604 ], [ -0.86175, 52.25903 ] ] ] } },
{ "type": "Feature", "properties": { "small_area": "E01027171" }, "geometry": { "type": "Polygon", "coordinates": [ [ [ -0.86188, 52.26466 ], [ -0.86398, 52.26604 ], [ -0.85357, 52.27139 ], [ -0.85111, 52.26495 ], [ -0.86188, 52.26466 ] ] ] } },
{ "type": "Feature", "properties": { "small_area": "E01026266" }, "geometry": { "type": "Polygon", "coordinates": [ [ [ -0.15628, 52.77783 ], [ -0.1619, 52.78578 ], [ -0.15252, 52.78799 ], [ -0.14997, 52.78601 ], [ -0.15628, 52.77783 ] ] ] } },
{ "type": "Feature", "properties": { "small_area": "E01027139" }, "geometry": { "type": "Polygon", "coordinates": [ [ [ -0.81854, 52.24724 ], [ -0.83366, 52.24139 ], [ -0.83755, 52.24559 ], [ -0.83425, 52.25012 ], [ -0.82791, 52.24989 ], [ -0.83042, 52.24688 ], [ -0.81854, 52.24724 ] ] ] } },
{ "type": "Feature", "properties": { "small_area": "E01027138" }, "geometry": { "type": "Polygon", "coordinates": [ [ [ -0.81365, 52.24922 ], [ -0.82378, 52.2476 ], [ -0.82829, 52.25553 ], [ -0.81939, 52.25433 ], [ -0.81365, 52.24922 ] ] ] } },
{ "type": "Feature", "properties": { "small_area": "E01032586" }, "geometry": { "type": "Polygon", "coordinates": [ [ [ -1.36588, 53.307 ], [ -1.37238, 53.30625 ], [ -1.36719, 53.31076 ], [ -1.36021, 53.3101 ], [ -1.36134, 53.31834 ], [ -1.34032, 53.31555 ], [ -1.36588, 53.307 ] ] ] } },
{ "type": "Feature", "properties": { "small_area": "E01028028" }, "geometry": { "type": "Polygon", "coordinates": [ [ [ -1.06757, 53.42119 ], [ -1.06829, 53.42338 ], [ -1.06972, 53.41974 ], [ -1.07455, 53.41967 ], [ -1.0744, 53.42744 ], [ -1.05725, 53.42535 ], [ -1.06757, 53.42119 ] ] ] } },
{ "type": "Feature", "properties": { "small_area": "E01026020" }, "geometry": { "type": "Polygon", "coordinates": [ [ [ -0.05878, 52.93421 ], [ -0.05824, 52.93087 ], [ -0.05378, 52.92734 ], [ -0.05094, 52.92903 ], [ -0.05141, 52.92591 ], [ -0.05981, 52.9278 ], [ -0.06699, 52.92327 ], [ -0.05806, 52.92151 ], [ -0.0622, 52.91623 ], [ -0.06785, 52.91494 ], [ -0.08809, 52.92457 ], [ -0.10663, 52.92734 ], [ -0.11286, 52.94003 ], [ -0.09051, 52.94167 ], [ -0.08504, 52.94596 ], [ -0.07558, 52.94135 ], [ -0.06628, 52.94114 ], [ -0.05414, 52.93388 ], [ -0.05878, 52.93421 ] ] ] } },
{ "type": "Feature", "properties": { "small_area": "E01027126" }, "geometry": { "type": "Polygon", "coordinates": [ [ [ -0.81798, 52.43431 ], [ -0.78499, 52.43594 ], [ -0.78573, 52.42862 ], [ -0.7921, 52.41955 ], [ -0.80101, 52.41712 ], [ -0.80254, 52.4229 ], [ -0.79621, 52.42465 ], [ -0.79827, 52.42714 ], [ -0.80953, 52.42614 ], [ -0.81798, 52.43431 ] ] ] } },
{ "type": "Feature", "properties": { "small_area": "E01013675" }, "geometry": { "type": "Polygon", "coordinates": [ [ [ -1.15218, 52.59113 ], [ -1.15663, 52.58717 ], [ -1.15934, 52.59121 ], [ -1.15323, 52.5954 ], [ -1.15218, 52.59113 ] ] ] } },
{ "type": "Feature", "properties": { "small_area": "E01013677" }, "geometry": { "type": "Polygon", "coordinates": [ [ [ -1.14745, 52.58474 ], [ -1.15274, 52.58068 ], [ -1.16102, 52.58323 ], [ -1.14745, 52.58474 ] ] ] } },
{ "type": "Feature", "properties": { "small_area": "E01013674" }, "geometry": { "type": "Polygon", "coordinates": [ [ [ -1.14745, 52.58474 ], [ -1.15002, 52.5855 ], [ -1.14648, 52.58767 ], [ -1.15408, 52.58897 ], [ -1.14133, 52.59368 ], [ -1.14745, 52.58474 ] ] ] } },
{ "type": "Feature", "properties": { "small_area": "E01019628" }, "geometry": { "type": "Polygon", "coordinates": [ [ [ -1.52337, 53.15212 ], [ -1.534, 53.14016 ], [ -1.54148, 53.14144 ], [ -1.55315, 53.13806 ], [ -1.51735, 53.15645 ], [ -1.51589, 53.15431 ], [ -1.52337, 53.15212 ] ] ] } },
{ "type": "Feature", "properties": { "small_area": "E01013676" }, "geometry": { "type": "Polygon", "coordinates": [ [ [ -1.1519, 52.58322 ], [ -1.15729, 52.58582 ], [ -1.15408, 52.58897 ], [ -1.14648, 52.58767 ], [ -1.1519, 52.58322 ] ] ] } },
{ "type": "Feature", "properties": { "small_area": "E01019629" }, "geometry": { "type": "Polygon", "coordinates": [ [ [ -1.78908, 52.97636 ], [ -1.7833, 52.97574 ], [ -1.7866, 52.9731 ], [ -1.76463, 52.95841 ], [ -1.76361, 52.9636 ], [ -1.75782, 52.96355 ], [ -1.75017, 52.97366 ], [ -1.73465, 52.97145 ], [ -1.72926, 52.97551 ], [ -1.72125, 52.97065 ], [ -1.70806, 52.97028 ], [ -1.68959, 52.96266 ], [ -1.67882, 52.95465 ], [ -1.68006, 52.95219 ], [ -1.69605, 52.95357 ], [ -1.6949, 52.95013 ], [ -1.70188, 52.95193 ], [ -1.6968, 52.94497 ], [ -1.71083, 52.94675 ], [ -1.69411, 52.9301 ], [ -1.69969, 52.92216 ], [ -1.71029, 52.92042 ], [ -1.71383, 52.9113 ], [ -1.71899, 52.9094 ], [ -1.7489, 52.91249 ], [ -1.7736, 52.92662 ], [ -1.78413, 52.92586 ], [ -1.79265, 52.92366 ], [ -1.78729, 52.91561 ], [ -1.78932, 52.90108 ], [ -1.80937, 52.9017 ], [ -1.80531, 52.90735 ], [ -1.81019, 52.92254 ], [ -1.81282, 52.92676 ], [ -1.82398, 52.93105 ], [ -1.81765, 52.93439 ], [ -1.82245, 52.93696 ], [ -1.81845, 52.94331 ], [ -1.82876, 52.94775 ], [ -1.83445, 52.95475 ], [ -1.82555, 52.9618 ], [ -1.82878, 52.96753 ], [ -1.82612, 52.97747 ], [ -1.80323, 52.98133 ], [ -1.80471, 52.9855 ], [ -1.79678, 52.98509 ], [ -1.78908, 52.97636 ] ] ] } },
{ "type": "Feature", "properties": { "small_area": "E01028112" }, "geometry": { "type": "Polygon", "coordinates": [ [ [ -1.30141, 53.01365 ], [ -1.30171, 53.01683 ], [ -1.30779, 53.01399 ], [ -1.30815, 53.01926 ], [ -1.29621, 53.01851 ], [ -1.30141, 53.01365 ] ] ] } },
{ "type": "Feature", "properties": { "small_area": "E01028193" }, "geometry": { "type": "Polygon", "coordinates": [ [ [ -1.1041, 52.98116 ], [ -1.12036, 52.98499 ], [ -1.10897, 52.99188 ], [ -1.09773, 52.98702 ], [ -1.1041, 52.98116 ] ] ] } },
{ "type": "Feature", "properties": { "small_area": "E01028115" }, "geometry": { "type": "Polygon", "coordinates": [ [ [ -1.28186, 53.00473 ], [ -1.29502, 53.00843 ], [ -1.30039, 53.00391 ], [ -1.27964, 52.99999 ], [ -1.28166, 52.99712 ], [ -1.28922, 52.99722 ], [ -1.30072, 52.99181 ], [ -1.30799, 53.00385 ], [ -1.3066, 53.01008 ], [ -1.28515, 53.01108 ], [ -1.28186, 53.00473 ] ] ] } },
{ "type": "Feature", "properties": { "small_area": "E01028194" }, "geometry": { "type": "Polygon", "coordinates": [ [ [ -1.12074, 52.97996 ], [ -1.12432, 52.97867 ], [ -1.12036, 52.98499 ], [ -1.11569, 52.98384 ], [ -1.12074, 52.97996 ] ] ] } },
{ "type": "Feature", "properties": { "small_area": "E01028114" }, "geometry": { "type": "Polygon", "coordinates": [ [ [ -1.29135, 53.01433 ], [ -1.29915, 53.01455 ], [ -1.29621, 53.01851 ], [ -1.29038, 53.01827 ], [ -1.29135, 53.01433 ] ] ] } },
{ "type": "Feature", "properties": { "small_area": "E01028195" }, "geometry": { "type": "Polygon", "coordinates": [ [ [ -1.12046, 52.97375 ], [ -1.12426, 52.97859 ], [ -1.12074, 52.97996 ], [ -1.11368, 52.97783 ], [ -1.12046, 52.97375 ] ] ] } },
{ "type": "Feature", "properties": { "small_area": "E01026190" }, "geometry": { "type": "Polygon", "coordinates": [ [ [ -0.46422, 53.19357 ], [ -0.46386, 53.19796 ], [ -0.46786, 53.19841 ], [ -0.46594, 53.19066 ], [ -0.4551, 53.18304 ], [ -0.46851, 53.17769 ], [ -0.46724, 53.1683 ], [ -0.4932, 53.16379 ], [ -0.49466, 53.16654 ], [ -0.51615, 53.16423 ], [ -0.52218, 53.17974 ], [ -0.5089, 53.18245 ], [ -0.51842, 53.18918 ], [ -0.50961, 53.19264 ], [ -0.50618, 53.19756 ], [ -0.50218, 53.19426 ], [ -0.49631, 53.19506 ], [ -0.49504, 53.1999 ], [ -0.48482, 53.19707 ], [ -0.48685, 53.19223 ], [ -0.4773, 53.1931 ], [ -0.47215, 53.19033 ], [ -0.46921, 53.19347 ], [ -0.47544, 53.20097 ], [ -0.46144, 53.20322 ], [ -0.45761, 53.19481 ], [ -0.46422, 53.19357 ] ] ] } },
{ "type": "Feature", "properties": { "small_area": "E01026111" }, "geometry": { "type": "Polygon", "coordinates": [ [ [ 0.21054, 53.08681 ], [ 0.26036, 53.06417 ], [ 0.25532, 53.06605 ], [ 0.25664, 53.0637 ], [ 0.25043, 53.06277 ], [ 0.26248, 53.06315 ], [ 0.24785, 53.05516 ], [ 0.24271, 53.05729 ], [ 0.24553, 53.05989 ], [ 0.24251, 53.05731 ], [ 0.24599, 53.05454 ], [ 0.24174, 53.05356 ], [ 0.24145, 53.05664 ], [ 0.2364, 53.04953 ], [ 0.22364, 53.0469 ], [ 0.22343, 53.04367 ], [ 0.2053, 53.03477 ], [ 0.21482, 53.04125 ], [ 0.19745, 53.03423 ], [ 0.16456, 53.05384 ], [ 0.14903, 53.05806 ], [ 0.13294, 53.09841 ], [ 0.16279, 53.09512 ], [ 0.19633, 53.09659 ], [ 0.21171, 53.09024 ], [ 0.21054, 53.08681 ] ] ] } },
{ "type": "Feature", "properties": { "small_area": "E01028113" }, "geometry": { "type": "Polygon", "coordinates": [ [ [ -1.30703, 53.0139 ], [ -1.30171, 53.01683 ], [ -1.30001, 53.01018 ], [ -1.30703, 53.0139 ] ] ] } },
{ "type": "Feature", "properties": { "small_area": "E01028192" }, "geometry": { "type": "Polygon", "coordinates": [ [ [ -1.08153, 52.97439 ], [ -1.09206, 52.98039 ], [ -1.08879, 52.98197 ], [ -1.08153, 52.97439 ] ] ] } },
{ "type": "Feature", "properties": { "small_area": "E01028389" }, "geometry": { "type": "Polygon", "coordinates": [ [ [ -1.16568, 52.83418 ], [ -1.16382, 52.81849 ], [ -1.16784, 52.81508 ], [ -1.18129, 52.8211 ], [ -1.1801, 52.83358 ], [ -1.17728, 52.8315 ], [ -1.17068, 52.83709 ], [ -1.15357, 52.83899 ], [ -1.15268, 52.83564 ], [ -1.16568, 52.83418 ] ] ] } },
{ "type": "Feature", "properties": { "small_area": "E01026388" }, "geometry": { "type": "Polygon", "coordinates": [ [ [ -0.69796, 53.37794 ], [ -0.64615, 53.3814 ], [ -0.64465, 53.3791 ], [ -0.6486, 53.37819 ], [ -0.6425, 53.3587 ], [ -0.72031, 53.35464 ], [ -0.71994, 53.349 ], [ -0.71487, 53.34757 ], [ -0.75711, 53.34216 ], [ -0.76429, 53.34632 ], [ -0.75818, 53.35398 ], [ -0.77283, 53.36416 ], [ -0.78062, 53.36166 ], [ -0.79041, 53.36346 ], [ -0.78515, 53.37458 ], [ -0.77515, 53.37708 ], [ -0.73574, 53.38243 ], [ -0.72664, 53.38114 ], [ -0.69966, 53.3869 ], [ -0.70286, 53.38245 ], [ -0.69796, 53.37794 ] ] ] } },
{ "type": "Feature", "properties": { "small_area": "E01028308" }, "geometry": { "type": "Polygon", "coordinates": [ [ [ -0.8084, 53.06777 ], [ -0.80907, 53.06503 ], [ -0.81239, 53.0638 ], [ -0.81749, 53.06759 ], [ -0.8264, 53.06548 ], [ -0.81593, 53.07417 ], [ -0.81516, 53.07026 ], [ -0.8084, 53.06777 ] ] ] } },
{ "type": "Feature", "properties": { "small_area": "E01013462" }, "geometry": { "type": "Polygon", "coordinates": [ [ [ -1.48497, 52.95683 ], [ -1.48414, 52.95322 ], [ -1.49345, 52.95306 ], [ -1.49777, 52.95603 ], [ -1.49447, 52.96017 ], [ -1.48356, 52.96049 ], [ -1.48124, 52.95675 ], [ -1.48497, 52.95683 ] ] ] } },
{ "type": "Feature", "properties": { "small_area": "E01026030" }, "geometry": { "type": "Polygon", "coordinates": [ [ [ -0.03189, 52.97667 ], [ -0.03163, 52.97014 ], [ -0.0406, 52.96997 ], [ -0.03911, 52.97743 ], [ -0.03189, 52.97667 ] ] ] } },
{ "type": "Feature", "properties": { "small_area": "E01028037" }, "geometry": { "type": "Polygon", "coordinates": [ [ [ -0.78433, 53.2242 ], [ -0.77805, 53.21879 ], [ -0.77614, 53.21497 ], [ -0.77903, 53.21255 ], [ -0.77591, 53.20749 ], [ -0.78087, 53.20396 ], [ -0.77756, 53.19976 ], [ -0.7814, 53.19665 ], [ -0.79008, 53.19913 ], [ -0.78729, 53.20454 ], [ -0.82492, 53.20272 ], [ -0.83206, 53.20671 ], [ -0.83052, 53.21281 ], [ -0.83696, 53.21364 ], [ -0.8308, 53.21754 ], [ -0.84822, 53.21864 ], [ -0.8485, 53.21529 ], [ -0.85784, 53.21219 ], [ -0.89309, 53.22349 ], [ -0.88918, 53.22593 ], [ -0.8928, 53.22946 ], [ -0.8854, 53.22963 ], [ -0.88783, 53.23253 ], [ -0.88398, 53.23315 ], [ -0.89443, 53.23261 ], [ -0.90994, 53.22682 ], [ -0.90171, 53.22598 ], [ -0.9011, 53.22144 ], [ -0.94929, 53.21428 ], [ -0.94722, 53.22574 ], [ -0.94248, 53.22524 ], [ -0.93687, 53.23116 ], [ -0.92251, 53.23309 ], [ -0.92301, 53.23692 ], [ -0.87372, 53.24118 ], [ -0.86904, 53.2331 ], [ -0.78038, 53.23297 ], [ -0.78433, 53.2242 ] ] ] } },
{ "type": "Feature", "properties": { "small_area": "E01026033" }, "geometry": { "type": "Polygon", "coordinates": [ [ [ -0.15055, 53.03962 ], [ -0.11475, 53.01023 ], [ -0.06393, 53.0082 ], [ -0.04884, 52.99501 ], [ -0.05938, 52.99223 ], [ -0.05766, 52.98259 ], [ -0.10877, 52.98703 ], [ -0.1108, 52.97519 ], [ -0.14492, 52.97471 ], [ -0.14342, 52.96978 ], [ -0.13738, 52.97014 ], [ -0.13924, 52.96322 ], [ -0.12521, 52.96176 ], [ -0.12711, 52.9578 ], [ -0.13672, 52.95365 ], [ -0.14298, 52.95503 ], [ -0.14623, 52.94669 ], [ -0.15563, 52.95366 ], [ -0.16736, 52.95603 ], [ -0.15968, 52.95 ], [ -0.158, 52.94508 ], [ -0.16396, 52.94112 ], [ -0.15505, 52.93237 ], [ -0.16849, 52.9304 ], [ -0.17671, 52.93683 ], [ -0.20164, 52.94214 ], [ -0.21491, 52.95396 ], [ -0.22401, 52.95605 ], [ -0.2012, 52.97744 ], [ -0.1899, 52.99639 ], [ -0.22478, 53.02902 ], [ -0.21054, 53.07027 ], [ -0.19612, 53.06953 ], [ -0.15055, 53.03962 ] ] ] } },
{ "type": "Feature", "properties": { "small_area": "E01028036" }, "geometry": { "type": "Polygon", "coordinates": [ [ [ -0.92665, 53.37446 ], [ -0.93278, 53.35881 ], [ -0.92394, 53.35623 ], [ -0.94027, 53.35536 ], [ -0.9457, 53.35022 ], [ -0.95686, 53.35235 ], [ -0.96416, 53.34616 ], [ -0.96157, 53.34268 ], [ -0.97407, 53.33704 ], [ -0.96468, 53.32334 ], [ -0.97125, 53.31568 ], [ -0.96626, 53.30641 ], [ -0.97246, 53.28381 ], [ -0.99524, 53.28449 ], [ -1.01846, 53.29006 ], [ -1.03296, 53.28912 ], [ -1.03668, 53.29239 ], [ -1.03259, 53.29633 ], [ -1.02827, 53.3161 ], [ -1.02793, 53.33364 ], [ -1.05867, 53.33455 ], [ -1.06461, 53.34092 ], [ -1.03302, 53.3487 ], [ -1.03892, 53.35458 ], [ -1.02124, 53.36121 ], [ -0.99769, 53.36499 ], [ -0.99134, 53.38445 ], [ -0.98513, 53.38688 ], [ -0.98125, 53.38372 ], [ -0.94564, 53.37948 ], [ -0.93185, 53.38343 ], [ -0.92665, 53.37446 ] ] ] } },
{ "type": "Feature", "properties": { "small_area": "E01026035" }, "geometry": { "type": "Polygon", "coordinates": [ [ [ -0.04482, 52.96975 ], [ -0.05868, 52.97199 ], [ -0.05759, 52.98276 ], [ -0.04368, 52.98199 ], [ -0.04482, 52.96975 ] ] ] } },
{ "type": "Feature", "properties": { "small_area": "E01026032" }, "geometry": { "type": "Polygon", "coordinates": [ [ [ -0.03189, 52.97667 ], [ -0.04416, 52.97652 ], [ -0.04368, 52.98199 ], [ -0.03016, 52.98137 ], [ -0.03189, 52.97667 ] ] ] } },
{ "type": "Feature", "properties": { "small_area": "E01026037" }, "geometry": { "type": "Polygon", "coordinates": [ [ [ -0.02833, 52.98071 ], [ -0.03465, 52.98488 ], [ -0.03368, 52.9879 ], [ -0.02448, 52.9863 ], [ -0.02833, 52.98071 ] ] ] } },
{ "type": "Feature", "properties": { "small_area": "E01026034" }, "geometry": { "type": "Polygon", "coordinates": [ [ [ -0.10527, 52.92557 ], [ -0.1157, 52.92362 ], [ -0.13433, 52.92627 ], [ -0.13958, 52.92261 ], [ -0.1495, 52.92275 ], [ -0.16396, 52.94112 ], [ -0.158, 52.94508 ], [ -0.16736, 52.95603 ], [ -0.15563, 52.95366 ], [ -0.14623, 52.94669 ], [ -0.14298, 52.95503 ], [ -0.13672, 52.95365 ], [ -0.12711, 52.9578 ], [ -0.10527, 52.92557 ] ] ] } },
{ "type": "Feature", "properties": { "small_area": "E01026031" }, "geometry": { "type": "Polygon", "coordinates": [ [ [ -0.04482, 52.96975 ], [ -0.04416, 52.97652 ], [ -0.03911, 52.97743 ], [ -0.0406, 52.96997 ], [ -0.03163, 52.97014 ], [ -0.04482, 52.96975 ] ] ] } },
{ "type": "Feature", "properties": { "small_area": "E01028034" }, "geometry": { "type": "Polygon", "coordinates": [ [ [ -0.93271, 53.39387 ], [ -0.93185, 53.38343 ], [ -0.94564, 53.37948 ], [ -0.98125, 53.38372 ], [ -0.98513, 53.38688 ], [ -0.99134, 53.38445 ], [ -0.99769, 53.36499 ], [ -1.02124, 53.36121 ], [ -1.03892, 53.35458 ], [ -1.04983, 53.36284 ], [ -1.04093, 53.3683 ], [ -1.03927, 53.37302 ], [ -1.04441, 53.37695 ], [ -1.0388, 53.391 ], [ -1.03041, 53.38976 ], [ -1.018, 53.3929 ], [ -1.01745, 53.38967 ], [ -0.99539, 53.39575 ], [ -1.00962, 53.40271 ], [ -1.00977, 53.4116 ], [ -0.99984, 53.4094 ], [ -1.00274, 53.40664 ], [ -0.99515, 53.40237 ], [ -0.98324, 53.40735 ], [ -0.95972, 53.39643 ], [ -0.95111, 53.4026 ], [ -0.93271, 53.39387 ] ] ] } },
{ "type": "Feature", "properties": { "small_area": "E01027083" }, "geometry": { "type": "Polygon", "coordinates": [ [ [ -0.7151, 52.41054 ], [ -0.71205, 52.40901 ], [ -0.71408, 52.40671 ], [ -0.71898, 52.41302 ], [ -0.71486, 52.41288 ], [ -0.71163, 52.41747 ], [ -0.70249, 52.41242 ], [ -0.7151, 52.41054 ] ] ] } },
{ "type": "Feature", "properties": { "small_area": "E01027005" }, "geometry": { "type": "Polygon", "coordinates": [ [ [ -0.90459, 52.46286 ], [ -0.90129, 52.45974 ], [ -0.90626, 52.45364 ], [ -0.9044, 52.44215 ], [ -0.86434, 52.43421 ], [ -0.8788, 52.42287 ], [ -0.88694, 52.42299 ], [ -0.89068, 52.39902 ], [ -0.90315, 52.39749 ], [ -0.90439, 52.40106 ], [ -0.92168, 52.39903 ], [ -0.93016, 52.39158 ], [ -0.93107, 52.38266 ], [ -0.94251, 52.37498 ], [ -0.95794, 52.3809 ], [ -0.97057, 52.38073 ], [ -0.97565, 52.37299 ], [ -0.9855, 52.37167 ], [ -0.98991, 52.37264 ], [ -0.99587, 52.38163 ], [ -1.01723, 52.38702 ], [ -1.0264, 52.40604 ], [ -1.01207, 52.412 ], [ -1.0087, 52.41914 ], [ -0.99076, 52.41794 ], [ -0.96813, 52.45912 ], [ -0.95826, 52.45429 ], [ -0.96174, 52.45085 ], [ -0.95879, 52.44566 ], [ -0.94186, 52.44086 ], [ -0.93473, 52.45535 ], [ -0.93776, 52.45746 ], [ -0.9238, 52.46422 ], [ -0.90459, 52.46286 ] ] ] } },
{ "type": "Feature", "properties": { "small_area": "E01027084" }, "geometry": { "type": "Polygon", "coordinates": [ [ [ -0.69055, 52.37416 ], [ -0.69377, 52.37148 ], [ -0.7026, 52.37301 ], [ -0.70522, 52.38084 ], [ -0.69735, 52.38039 ], [ -0.69536, 52.37627 ], [ -0.69116, 52.37982 ], [ -0.69055, 52.37416 ] ] ] } },
{ "type": "Feature", "properties": { "small_area": "E01027004" }, "geometry": { "type": "Polygon", "coordinates": [ [ [ -1.11119, 52.22816 ], [ -1.11237, 52.22023 ], [ -1.12375, 52.21131 ], [ -1.11393, 52.20558 ], [ -1.11732, 52.20412 ], [ -1.11319, 52.20156 ], [ -1.1274, 52.19374 ], [ -1.15534, 52.19624 ], [ -1.18492, 52.19183 ], [ -1.19169, 52.19347 ], [ -1.1985, 52.17945 ], [ -1.22811, 52.18675 ], [ -1.23178, 52.18293 ], [ -1.229, 52.17385 ], [ -1.24236, 52.16349 ], [ -1.2751, 52.16767 ], [ -1.28115, 52.19576 ], [ -1.255, 52.19782 ], [ -1.25976, 52.21177 ], [ -1.23834, 52.21017 ], [ -1.22895, 52.20607 ], [ -1.2162, 52.20979 ], [ -1.20375, 52.21848 ], [ -1.19135, 52.2181 ], [ -1.18655, 52.21354 ], [ -1.18289, 52.21669 ], [ -1.1594, 52.21613 ], [ -1.15231, 52.22849 ], [ -1.11119, 52.22816 ] ] ] } },
{ "type": "Feature", "properties": { "small_area": "E01027085" }, "geometry": { "type": "Polygon", "coordinates": [ [ [ -0.6822, 52.38065 ], [ -0.6871, 52.38233 ], [ -0.69536, 52.37627 ], [ -0.69735, 52.38039 ], [ -0.70518, 52.38095 ], [ -0.70241, 52.38499 ], [ -0.69629, 52.38635 ], [ -0.68138, 52.38532 ], [ -0.6822, 52.38065 ] ] ] } },
{ "type": "Feature", "properties": { "small_area": "E01027002" }, "geometry": { "type": "Polygon", "coordinates": [ [ [ -0.83966, 52.37977 ], [ -0.84351, 52.36612 ], [ -0.85914, 52.35312 ], [ -0.86373, 52.34368 ], [ -0.8545, 52.32239 ], [ -0.86327, 52.31814 ], [ -0.88523, 52.3199 ], [ -0.88472, 52.32448 ], [ -0.90349, 52.32916 ], [ -0.90157, 52.34275 ], [ -0.91691, 52.34641 ], [ -0.91952, 52.35269 ], [ -0.93562, 52.35807 ], [ -0.93336, 52.36011 ], [ -0.9386, 52.36272 ], [ -0.93142, 52.36822 ], [ -0.94251, 52.37498 ], [ -0.93107, 52.38266 ], [ -0.93016, 52.39158 ], [ -0.92168, 52.39903 ], [ -0.90439, 52.40106 ], [ -0.90315, 52.39749 ], [ -0.87371, 52.40266 ], [ -0.85184, 52.39363 ], [ -0.84058, 52.39283 ], [ -0.83297, 52.38113 ], [ -0.83966, 52.37977 ] ] ] } },
{ "type": "Feature", "properties": { "small_area": "E01027015" }, "geometry": { "type": "Polygon", "coordinates": [ [ [ -1.07259, 52.3037 ], [ -1.07217, 52.311 ], [ -1.06433, 52.31116 ], [ -1.0597, 52.30622 ], [ -1.06449, 52.29608 ], [ -1.07944, 52.29123 ], [ -1.08547, 52.29522 ], [ -1.07799, 52.2999 ], [ -1.08027, 52.30206 ], [ -1.07259, 52.3037 ] ] ] } },
{ "type": "Feature", "properties": { "small_area": "E01026092" }, "geometry": { "type": "Polygon", "coordinates": [ [ [ 0.32548, 53.14716 ], [ 0.33318, 53.1477 ], [ 0.33334, 53.14266 ], [ 0.32045, 53.13675 ], [ 0.32548, 53.14716 ] ] ] } },
{ "type": "Feature", "properties": { "small_area": "E01026013" }, "geometry": { "type": "Polygon", "coordinates": [ [ [ 0.02723, 52.9698 ], [ 0.02371, 52.97622 ], [ 0.00583, 52.98017 ], [ 0.00422, 52.97601 ], [ -0.00426, 52.97615 ], [ -0.00394, 52.98506 ], [ 0.0082, 52.98638 ], [ 0.00874, 52.98922 ], [ 0.00691, 52.99804 ], [ -0.00707, 53.0011 ], [ 0.0005, 53.00883 ], [ 0.01769, 53.016 ], [ 0.03692, 52.96999 ], [ 0.02723, 52.9698 ] ] ] } },
{ "type": "Feature", "properties": { "small_area": "E01026012" }, "geometry": { "type": "Polygon", "coordinates": [ [ [ 0.01707, 52.97405 ], [ 0.01463, 52.97016 ], [ 0.01245, 52.9735 ], [ -0.00426, 52.97615 ], [ 0.00422, 52.97601 ], [ 0.00583, 52.98017 ], [ 0.01707, 52.97405 ] ] ] } },
{ "type": "Feature", "properties": { "small_area": "E01026093" }, "geometry": { "type": "Polygon", "coordinates": [ [ [ 0.33318, 53.1477 ], [ 0.3503, 53.14448 ], [ 0.34959, 53.13739 ], [ 0.34088, 53.13947 ], [ 0.34143, 53.14237 ], [ 0.33334, 53.14266 ], [ 0.33318, 53.1477 ] ] ] } },
{ "type": "Feature", "properties": { "small_area": "E01026094" }, "geometry": { "type": "Polygon", "coordinates": [ [ [ 0.33114, 53.14798 ], [ 0.32548, 53.14716 ], [ 0.32045, 53.13675 ], [ 0.31241, 53.13305 ], [ 0.30016, 53.13877 ], [ 0.30352, 53.14587 ], [ 0.31929, 53.1534 ], [ 0.33114, 53.14798 ] ] ] } },
{ "type": "Feature", "properties": { "small_area": "E01026015" }, "geometry": { "type": "Polygon", "coordinates": [ [ [ 0.00022, 52.96954 ], [ -0.00228, 52.96423 ], [ -0.00353, 52.97485 ], [ 0.01245, 52.9735 ], [ 0.01463, 52.97016 ], [ 0.00022, 52.96954 ] ] ] } },
{ "type": "Feature", "properties": { "small_area": "E01028016" }, "geometry": { "type": "Polygon", "coordinates": [ [ [ -0.95541, 53.32527 ], [ -0.97017, 53.32852 ], [ -0.97407, 53.33704 ], [ -0.965, 53.34173 ], [ -0.9671, 53.33411 ], [ -0.96225, 53.3331 ], [ -0.9653, 53.3299 ], [ -0.95441, 53.33165 ], [ -0.95541, 53.32527 ] ] ] } },
{ "type": "Feature", "properties": { "small_area": "E01028097" }, "geometry": { "type": "Polygon", "coordinates": [ [ [ -1.23545, 52.91601 ], [ -1.24511, 52.91499 ], [ -1.24688, 52.9185 ], [ -1.23625, 52.91873 ], [ -1.23545, 52.91601 ] ] ] } },
{ "type": "Feature", "properties": { "small_area": "E01025791" }, "geometry": { "type": "Polygon", "coordinates": [ [ [ -1.20596, 52.44705 ], [ -1.23646, 52.43571 ], [ -1.25784, 52.45388 ], [ -1.22652, 52.45605 ], [ -1.22552, 52.45335 ], [ -1.21061, 52.45754 ], [ -1.20365, 52.45036 ], [ -1.19809, 52.44972 ], [ -1.19722, 52.44318 ], [ -1.20596, 52.44705 ] ] ] } },
{ "type": "Feature", "properties": { "small_area": "E01025710" }, "geometry": { "type": "Polygon", "coordinates": [ [ [ -1.25852, 52.74442 ], [ -1.26476, 52.74483 ], [ -1.23188, 52.75839 ], [ -1.22243, 52.75318 ], [ -1.23092, 52.75583 ], [ -1.22375, 52.75188 ], [ -1.23223, 52.74103 ], [ -1.24255, 52.74083 ], [ -1.23627, 52.73569 ], [ -1.24715, 52.73635 ], [ -1.25852, 52.74442 ] ] ] } },
{ "type": "Feature", "properties": { "small_area": "E01019772" }, "geometry": { "type": "Polygon", "coordinates": [ [ [ -1.4393, 53.21877 ], [ -1.44, 53.21357 ], [ -1.45565, 53.21107 ], [ -1.45299, 53.20322 ], [ -1.43136, 53.19164 ], [ -1.43584, 53.18593 ], [ -1.44764, 53.18477 ], [ -1.47095, 53.19655 ], [ -1.51765, 53.20075 ], [ -1.51724, 53.20605 ], [ -1.54251, 53.21185 ], [ -1.5361, 53.21602 ], [ -1.52146, 53.21788 ], [ -1.51763, 53.22537 ], [ -1.49569, 53.21994 ], [ -1.49751, 53.21451 ], [ -1.48785, 53.22228 ], [ -1.4393, 53.21877 ] ] ] } },
{ "type": "Feature", "properties": { "small_area": "E01025792" }, "geometry": { "type": "Polygon", "coordinates": [ [ [ -1.19809, 52.44972 ], [ -1.20365, 52.45036 ], [ -1.21061, 52.45754 ], [ -1.20395, 52.46166 ], [ -1.1955, 52.45935 ], [ -1.18369, 52.46936 ], [ -1.18129, 52.46193 ], [ -1.1915, 52.45292 ], [ -1.19358, 52.44082 ], [ -1.19722, 52.44318 ], [ -1.19809, 52.44972 ] ] ] } },
{ "type": "Feature", "properties": { "small_area": "E01025713" }, "geometry": { "type": "Polygon", "coordinates": [ [ [ -1.21197, 52.76164 ], [ -1.21238, 52.75762 ], [ -1.22233, 52.76066 ], [ -1.23188, 52.75839 ], [ -1.21815, 52.76427 ], [ -1.21197, 52.76164 ] ] ] } },
{ "type": "Feature", "properties": { "small_area": "E01019775" }, "geometry": { "type": "Polygon", "coordinates": [ [ [ -1.39781, 53.17367 ], [ -1.411, 53.1676 ], [ -1.43286, 53.16937 ], [ -1.42712, 53.1756 ], [ -1.42049, 53.17478 ], [ -1.41903, 53.18088 ], [ -1.41109, 53.17812 ], [ -1.40559, 53.18028 ], [ -1.39781, 53.17367 ] ] ] } },
{ "type": "Feature", "properties": { "small_area": "E01025712" }, "geometry": { "type": "Polygon", "coordinates": [ [ [ -1.23005, 52.73618 ], [ -1.23627, 52.73569 ], [ -1.24255, 52.74083 ], [ -1.23223, 52.74103 ], [ -1.22375, 52.75188 ], [ -1.23092, 52.75583 ], [ -1.2188, 52.75179 ], [ -1.2139, 52.75577 ], [ -1.21205, 52.7542 ], [ -1.23005, 52.73618 ] ] ] } },
{ "type": "Feature", "properties": { "small_area": "E01027119" }, "geometry": { "type": "Polygon", "coordinates": [ [ [ -0.71959, 52.37299 ], [ -0.7026, 52.37301 ], [ -0.70453, 52.36788 ], [ -0.70008, 52.36421 ], [ -0.72704, 52.3612 ], [ -0.74786, 52.3472 ], [ -0.77624, 52.34992 ], [ -0.77883, 52.35374 ], [ -0.78867, 52.34729 ], [ -0.79539, 52.36074 ], [ -0.80556, 52.36638 ], [ -0.78282, 52.37537 ], [ -0.78536, 52.36626 ], [ -0.77965, 52.36696 ], [ -0.77488, 52.36973 ], [ -0.77402, 52.37835 ], [ -0.74856, 52.38974 ], [ -0.73257, 52.38347 ], [ -0.71959, 52.37299 ] ] ] } },
{ "type": "Feature", "properties": { "small_area": "E01027199" }, "geometry": { "type": "Polygon", "coordinates": [ [ [ -0.81967, 52.26637 ], [ -0.82568, 52.26324 ], [ -0.82493, 52.26618 ], [ -0.81541, 52.26863 ], [ -0.81451, 52.26552 ], [ -0.81967, 52.26637 ] ] ] } },
{ "type": "Feature", "properties": { "small_area": "E01027039" }, "geometry": { "type": "Polygon", "coordinates": [ [ [ -0.61155, 52.32676 ], [ -0.63949, 52.31379 ], [ -0.63484, 52.33299 ], [ -0.6198, 52.33227 ], [ -0.61155, 52.32676 ] ] ] } },
{ "type": "Feature", "properties": { "small_area": "E01027198" }, "geometry": { "type": "Polygon", "coordinates": [ [ [ -0.83502, 52.25463 ], [ -0.83836, 52.25743 ], [ -0.83563, 52.26646 ], [ -0.83248, 52.26698 ], [ -0.83293, 52.2628 ], [ -0.82681, 52.25867 ], [ -0.83502, 52.25463 ] ] ] } },
{ "type": "Feature", "properties": { "small_area": "E01013619" }, "geometry": { "type": "Polygon", "coordinates": [ [ [ -1.15119, 52.66525 ], [ -1.16811, 52.66193 ], [ -1.16346, 52.66385 ], [ -1.16839, 52.66753 ], [ -1.15313, 52.66906 ], [ -1.15119, 52.66525 ] ] ] } },
{ "type": "Feature", "properties": { "small_area": "E01013698" }, "geometry": { "type": "Polygon", "coordinates": [ [ [ -1.06032, 52.64761 ], [ -1.05552, 52.64999 ], [ -1.05109, 52.64779 ], [ -1.05098, 52.64392 ], [ -1.05954, 52.64321 ], [ -1.06032, 52.64761 ] ] ] } },
{ "type": "Feature", "properties": { "small_area": "E01013699" }, "geometry": { "type": "Polygon", "coordinates": [ [ [ -1.06986, 52.64581 ], [ -1.07227, 52.64346 ], [ -1.08696, 52.64205 ], [ -1.08542, 52.64525 ], [ -1.07439, 52.64696 ], [ -1.07784, 52.64824 ], [ -1.07397, 52.64933 ], [ -1.06986, 52.64581 ] ] ] } },
{ "type": "Feature", "properties": { "small_area": "E01013618" }, "geometry": { "type": "Polygon", "coordinates": [ [ [ -1.1709, 52.66783 ], [ -1.17431, 52.6695 ], [ -1.17374, 52.67506 ], [ -1.16987, 52.67548 ], [ -1.17439, 52.67853 ], [ -1.17069, 52.68359 ], [ -1.16761, 52.67484 ], [ -1.1709, 52.66783 ] ] ] } },
{ "type": "Feature", "properties": { "small_area": "E01032613" }, "geometry": { "type": "Polygon", "coordinates": [ [ [ -1.34837, 53.00039 ], [ -1.34649, 53.00531 ], [ -1.33104, 53.00902 ], [ -1.32661, 53.005 ], [ -1.30745, 53.00364 ], [ -1.3242, 52.99369 ], [ -1.32391, 52.98829 ], [ -1.33153, 52.98705 ], [ -1.32814, 52.98333 ], [ -1.3328, 52.97812 ], [ -1.36718, 52.97731 ], [ -1.3707, 52.97324 ], [ -1.38598, 52.97912 ], [ -1.3809, 52.98906 ], [ -1.37305, 52.99101 ], [ -1.37499, 53.00142 ], [ -1.36168, 53.00628 ], [ -1.36168, 53.00949 ], [ -1.34837, 53.00039 ] ] ] } },
{ "type": "Feature", "properties": { "small_area": "E01027308" }, "geometry": { "type": "Polygon", "coordinates": [ [ [ -0.72749, 52.23811 ], [ -0.71435, 52.22111 ], [ -0.71697, 52.21328 ], [ -0.71173, 52.19734 ], [ -0.70547, 52.19156 ], [ -0.73891, 52.17127 ], [ -0.74975, 52.16687 ], [ -0.75721, 52.16732 ], [ -0.76207, 52.16343 ], [ -0.76535, 52.17109 ], [ -0.77585, 52.17727 ], [ -0.77721, 52.1847 ], [ -0.7833, 52.18621 ], [ -0.77931, 52.19005 ], [ -0.79261, 52.1963 ], [ -0.78936, 52.21273 ], [ -0.78116, 52.22261 ], [ -0.77337, 52.22781 ], [ -0.7667, 52.21777 ], [ -0.76024, 52.22006 ], [ -0.75965, 52.22657 ], [ -0.74835, 52.23358 ], [ -0.75603, 52.24757 ], [ -0.72749, 52.23811 ] ] ] } },
{ "type": "Feature", "properties": { "small_area": "E01028312" }, "geometry": { "type": "Polygon", "coordinates": [ [ [ -0.87981, 53.19827 ], [ -0.85782, 53.19698 ], [ -0.85262, 53.19587 ], [ -0.85441, 53.19125 ], [ -0.84276, 53.19117 ], [ -0.85163, 53.19023 ], [ -0.85298, 53.18621 ], [ -0.84889, 53.18465 ], [ -0.8486, 53.17678 ], [ -0.83997, 53.17426 ], [ -0.8456, 53.17251 ], [ -0.8535, 53.16046 ], [ -0.87011, 53.15776 ], [ -0.90184, 53.16426 ], [ -0.91183, 53.16097 ], [ -0.91237, 53.15762 ], [ -0.91155, 53.15247 ], [ -0.87466, 53.14454 ], [ -0.87485, 53.13586 ], [ -0.86456, 53.13382 ], [ -0.86764, 53.12827 ], [ -0.85939, 53.12734 ], [ -0.86268, 53.11823 ], [ -0.88447, 53.11684 ], [ -0.88671, 53.11358 ], [ -0.90719, 53.11458 ], [ -0.91936, 53.10752 ], [ -0.91342, 53.10456 ], [ -0.91676, 53.10179 ], [ -0.909, 53.09858 ], [ -0.91408, 53.09341 ], [ -0.94057, 53.09428 ], [ -0.94589, 53.09724 ], [ -0.94474, 53.10238 ], [ -0.95875, 53.10655 ], [ -0.97745, 53.12028 ], [ -0.97597, 53.12707 ], [ -0.98788, 53.13363 ], [ -0.96668, 53.1393 ], [ -0.95308, 53.15317 ], [ -0.9673, 53.15877 ], [ -0.95717, 53.16745 ], [ -0.99058, 53.17658 ], [ -1.00128, 53.17632 ], [ -1.00597, 53.18892 ], [ -1.00213, 53.19243 ], [ -0.97082, 53.20284 ], [ -0.95837, 53.19966 ], [ -0.94391, 53.20386 ], [ -0.93974, 53.20637 ], [ -0.93985, 53.21546 ], [ -0.89309, 53.22349 ], [ -0.86943, 53.21669 ], [ -0.87981, 53.19827 ] ] ] } },
{ "type": "Feature", "properties": { "small_area": "E01027994" }, "geometry": { "type": "Polygon", "coordinates": [ [ [ -1.29429, 53.05538 ], [ -1.29091, 53.0586 ], [ -1.28673, 53.05349 ], [ -1.29891, 53.0496 ], [ -1.30277, 53.05566 ], [ -1.29429, 53.05538 ] ] ] } },
{ "type": "Feature", "properties": { "small_area": "E01027309" }, "geometry": { "type": "Polygon", "coordinates": [ [ [ -0.72073, 52.29043 ], [ -0.7225, 52.29511 ], [ -0.71416, 52.30095 ], [ -0.7112, 52.29687 ], [ -0.72073, 52.29043 ] ] ] } },
{ "type": "Feature", "properties": { "small_area": "E01019456" }, "geometry": { "type": "Polygon", "coordinates": [ [ [ -1.371, 53.05655 ], [ -1.37761, 53.05486 ], [ -1.38001, 53.04889 ], [ -1.38866, 53.0479 ], [ -1.39295, 53.05092 ], [ -1.39635, 53.04871 ], [ -1.39507, 53.05242 ], [ -1.39882, 53.05337 ], [ -1.40434, 53.05077 ], [ -1.40041, 53.05669 ], [ -1.40383, 53.06075 ], [ -1.38605, 53.06349 ], [ -1.371, 53.05655 ] ] ] } },
{ "type": "Feature", "properties": { "small_area": "E01026316" }, "geometry": { "type": "Polygon", "coordinates": [ [ [ -0.44107, 52.84055 ], [ -0.43304, 52.8402 ], [ -0.43114, 52.83007 ], [ -0.4234, 52.82344 ], [ -0.42845, 52.82248 ], [ -0.42552, 52.81736 ], [ -0.41894, 52.81933 ], [ -0.41307, 52.81457 ], [ -0.41632, 52.80572 ], [ -0.41373, 52.79249 ], [ -0.40828, 52.7914 ], [ -0.40413, 52.78159 ], [ -0.4073, 52.76133 ], [ -0.43525, 52.75821 ], [ -0.44982, 52.76284 ], [ -0.46515, 52.75176 ], [ -0.48586, 52.7517 ], [ -0.49441, 52.75893 ], [ -0.49294, 52.76385 ], [ -0.4855, 52.76677 ], [ -0.48641, 52.77896 ], [ -0.50873, 52.78497 ], [ -0.52229, 52.78269 ], [ -0.54554, 52.78615 ], [ -0.55098, 52.78237 ], [ -0.5625, 52.78327 ], [ -0.56715, 52.79061 ], [ -0.58274, 52.79701 ], [ -0.58238, 52.80244 ], [ -0.57639, 52.80434 ], [ -0.58731, 52.80814 ], [ -0.58577, 52.81788 ], [ -0.59039, 52.82425 ], [ -0.58953, 52.82817 ], [ -0.57698, 52.8319 ], [ -0.58236, 52.83353 ], [ -0.57973, 52.8381 ], [ -0.59039, 52.84289 ], [ -0.59237, 52.84962 ], [ -0.59038, 52.86141 ], [ -0.58507, 52.86224 ], [ -0.5889, 52.87229 ], [ -0.58322, 52.87876 ], [ -0.56698, 52.87683 ], [ -0.55985, 52.8824 ], [ -0.54536, 52.88166 ], [ -0.51795, 52.83588 ], [ -0.49655, 52.83806 ], [ -0.47236, 52.83289 ], [ -0.46577, 52.83943 ], [ -0.44144, 52.84375 ], [ -0.44107, 52.84055 ] ] ] } },
{ "type": "Feature", "properties": { "small_area": "E01025651" }, "geometry": { "type": "Polygon", "coordinates": [ [ [ -1.21238, 52.58399 ], [ -1.21464, 52.58148 ], [ -1.2202, 52.5857 ], [ -1.2178, 52.59085 ], [ -1.21238, 52.58399 ] ] ] } },
{ "type": "Feature", "properties": { "small_area": "E01025650" }, "geometry": { "type": "Polygon", "coordinates": [ [ [ -1.2202, 52.5857 ], [ -1.21464, 52.58148 ], [ -1.22145, 52.57895 ], [ -1.21639, 52.57455 ], [ -1.22492, 52.5709 ], [ -1.2234, 52.57803 ], [ -1.23013, 52.58644 ], [ -1.23012, 52.59543 ], [ -1.2234, 52.59627 ], [ -1.2178, 52.59085 ], [ -1.2202, 52.5857 ] ] ] } },
{ "type": "Feature", "properties": { "small_area": "E01025653" }, "geometry": { "type": "Polygon", "coordinates": [ [ [ -1.17152, 52.61389 ], [ -1.18103, 52.61391 ], [ -1.18103, 52.61107 ], [ -1.18637, 52.61296 ], [ -1.1748, 52.61794 ], [ -1.17152, 52.61389 ] ] ] } },
{ "type": "Feature", "properties": { "small_area": "E01025652" }, "geometry": { "type": "Polygon", "coordinates": [ [ [ -1.17105, 52.6058 ], [ -1.16537, 52.60302 ], [ -1.16799, 52.60141 ], [ -1.17866, 52.60141 ], [ -1.17525, 52.60436 ], [ -1.17856, 52.60662 ], [ -1.16783, 52.60795 ], [ -1.17105, 52.6058 ] ] ] } },
{ "type": "Feature", "properties": { "small_area": "E01025658" }, "geometry": { "type": "Polygon", "coordinates": [ [ [ -1.14174, 52.58145 ], [ -1.13699, 52.574 ], [ -1.14384, 52.57277 ], [ -1.15493, 52.57822 ], [ -1.14363, 52.58801 ], [ -1.14174, 52.58145 ] ] ] } },
{ "type": "Feature", "properties": { "small_area": "E01027151" }, "geometry": { "type": "Polygon", "coordinates": [ [ [ -0.91213, 52.23661 ], [ -0.91582, 52.24118 ], [ -0.90801, 52.2425 ], [ -0.90725, 52.23837 ], [ -0.91213, 52.23661 ] ] ] } },
{ "type": "Feature", "properties": { "small_area": "E01027152" }, "geometry": { "type": "Polygon", "coordinates": [ [ [ -0.90064, 52.24818 ], [ -0.90858, 52.25093 ], [ -0.89897, 52.25175 ], [ -0.90064, 52.24818 ] ] ] } },
{ "type": "Feature", "properties": { "small_area": "E01027153" }, "geometry": { "type": "Polygon", "coordinates": [ [ [ -0.89547, 52.23963 ], [ -0.90209, 52.2434 ], [ -0.89836, 52.25046 ], [ -0.89472, 52.2457 ], [ -0.89547, 52.23963 ] ] ] } },
{ "type": "Feature", "properties": { "small_area": "E01013734" }, "geometry": { "type": "Polygon", "coordinates": [ [ [ -1.10425, 52.67159 ], [ -1.10236, 52.66603 ], [ -1.11803, 52.66667 ], [ -1.12085, 52.66084 ], [ -1.12683, 52.66293 ], [ -1.1291, 52.66537 ], [ -1.11887, 52.67314 ], [ -1.10425, 52.67159 ] ] ] } },
{ "type": "Feature", "properties": { "small_area": "E01013735" }, "geometry": { "type": "Polygon", "coordinates": [ [ [ -1.09784, 52.67007 ], [ -1.09809, 52.6671 ], [ -1.10236, 52.66603 ], [ -1.10408, 52.67155 ], [ -1.09784, 52.67007 ] ] ] } },
{ "type": "Feature", "properties": { "small_area": "E01028128" }, "geometry": { "type": "Polygon", "coordinates": [ [ [ -1.26523, 52.92027 ], [ -1.2736, 52.92859 ], [ -1.26694, 52.92943 ], [ -1.25762, 52.92848 ], [ -1.26523, 52.92027 ] ] ] } },
{ "type": "Feature", "properties": { "small_area": "E01019719" }, "geometry": { "type": "Polygon", "coordinates": [ [ [ -1.91033, 53.32643 ], [ -1.9115, 53.31864 ], [ -1.91671, 53.32533 ], [ -1.92089, 53.32186 ], [ -1.92585, 53.32434 ], [ -1.91875, 53.32623 ], [ -1.91816, 53.33293 ], [ -1.91033, 53.32643 ] ] ] } },
{ "type": "Feature", "properties": { "small_area": "E01019799" }, "geometry": { "type": "Polygon", "coordinates": [ [ [ -1.31161, 53.19897 ], [ -1.3185, 53.1859 ], [ -1.34436, 53.18712 ], [ -1.34955, 53.1915 ], [ -1.35194, 53.18763 ], [ -1.36386, 53.18862 ], [ -1.36848, 53.1946 ], [ -1.35375, 53.20639 ], [ -1.33843, 53.2103 ], [ -1.31375, 53.20845 ], [ -1.31161, 53.19897 ] ] ] } },
{ "type": "Feature", "properties": { "small_area": "E01019718" }, "geometry": { "type": "Polygon", "coordinates": [ [ [ -1.899, 53.31619 ], [ -1.91448, 53.31209 ], [ -1.91033, 53.32643 ], [ -1.91612, 53.33252 ], [ -1.90125, 53.3427 ], [ -1.88222, 53.34962 ], [ -1.86883, 53.35995 ], [ -1.85934, 53.3483 ], [ -1.84603, 53.34423 ], [ -1.85432, 53.34186 ], [ -1.85173, 53.32845 ], [ -1.86296, 53.32551 ], [ -1.86905, 53.31711 ], [ -1.88635, 53.30992 ], [ -1.899, 53.31619 ] ] ] } },
{ "type": "Feature", "properties": { "small_area": "E01033398" }, "geometry": { "type": "Polygon", "coordinates": [ [ [ -1.15768, 52.99234 ], [ -1.16537, 52.98971 ], [ -1.17037, 52.99119 ], [ -1.1702, 52.99424 ], [ -1.16477, 52.99338 ], [ -1.16763, 52.99106 ], [ -1.15768, 52.99234 ] ] ] } },
{ "type": "Feature", "properties": { "small_area": "E01019671" }, "geometry": { "type": "Polygon", "coordinates": [ [ [ -1.402, 52.95157 ], [ -1.4145, 52.93119 ], [ -1.41991, 52.93176 ], [ -1.42397, 52.93563 ], [ -1.42231, 52.9393 ], [ -1.40928, 52.9503 ], [ -1.45275, 52.94744 ], [ -1.46856, 52.95064 ], [ -1.46765, 52.9648 ], [ -1.47463, 52.96591 ], [ -1.47117, 52.97256 ], [ -1.46574, 52.97125 ], [ -1.46773, 52.96608 ], [ -1.46007, 52.96959 ], [ -1.45103, 52.96284 ], [ -1.44601, 52.96696 ], [ -1.44546, 52.97505 ], [ -1.42889, 52.97373 ], [ -1.43212, 52.97925 ], [ -1.4156, 52.98055 ], [ -1.40931, 52.977 ], [ -1.39459, 52.98059 ], [ -1.38811, 52.96735 ], [ -1.39748, 52.95259 ], [ -1.402, 52.95157 ] ] ] } },
{ "type": "Feature", "properties": { "small_area": "E01019564" }, "geometry": { "type": "Polygon", "coordinates": [ [ [ -1.30131, 53.26388 ], [ -1.33126, 53.25721 ], [ -1.34136, 53.26552 ], [ -1.3349, 53.26516 ], [ -1.33372, 53.26766 ], [ -1.33998, 53.26696 ], [ -1.34749, 53.27108 ], [ -1.34245, 53.27774 ], [ -1.32942, 53.27842 ], [ -1.32652, 53.27555 ], [ -1.33337, 53.27287 ], [ -1.30539, 53.27156 ], [ -1.30131, 53.26388 ] ] ] } },
{ "type": "Feature", "properties": { "small_area": "E01019673" }, "geometry": { "type": "Polygon", "coordinates": [ [ [ -1.31409, 52.96753 ], [ -1.31013, 52.96514 ], [ -1.31403, 52.95958 ], [ -1.32766, 52.96521 ], [ -1.32548, 52.97113 ], [ -1.31958, 52.97369 ], [ -1.31504, 52.97084 ], [ -1.31288, 52.9732 ], [ -1.30917, 52.96736 ], [ -1.31409, 52.96753 ] ] ] } },
{ "type": "Feature", "properties": { "small_area": "E01019670" }, "geometry": { "type": "Polygon", "coordinates": [ [ [ -1.44481, 52.97885 ], [ -1.43212, 52.97925 ], [ -1.42889, 52.97373 ], [ -1.44546, 52.97505 ], [ -1.44601, 52.96696 ], [ -1.45103, 52.96284 ], [ -1.46007, 52.96959 ], [ -1.46773, 52.96608 ], [ -1.46574, 52.97125 ], [ -1.47117, 52.97256 ], [ -1.47983, 52.98197 ], [ -1.45122, 52.98211 ], [ -1.44481, 52.97885 ] ] ] } },
{ "type": "Feature", "properties": { "small_area": "E01019597" }, "geometry": { "type": "Polygon", "coordinates": [ [ [ -1.70898, 53.01123 ], [ -1.70776, 53.00067 ], [ -1.72706, 53.0035 ], [ -1.72843, 53.00858 ], [ -1.71797, 53.00623 ], [ -1.7247, 53.00884 ], [ -1.72426, 53.01208 ], [ -1.70898, 53.01123 ] ] ] } },
{ "type": "Feature", "properties": { "small_area": "E01019751" }, "geometry": { "type": "Polygon", "coordinates": [ [ [ -1.92865, 53.44221 ], [ -1.93448, 53.43856 ], [ -1.94375, 53.44196 ], [ -1.93891, 53.4473 ], [ -1.92865, 53.44221 ] ] ] } },
{ "type": "Feature", "properties": { "small_area": "E01026416" }, "geometry": { "type": "Polygon", "coordinates": [ [ [ -0.23394, 53.47104 ], [ -0.29366, 53.45927 ], [ -0.28405, 53.44858 ], [ -0.29493, 53.44373 ], [ -0.29059, 53.42978 ], [ -0.29941, 53.42149 ], [ -0.30825, 53.4193 ], [ -0.33897, 53.42778 ], [ -0.35017, 53.44509 ], [ -0.35873, 53.44421 ], [ -0.35751, 53.45464 ], [ -0.36921, 53.45622 ], [ -0.38617, 53.45105 ], [ -0.4022, 53.46643 ], [ -0.39673, 53.47113 ], [ -0.35992, 53.47904 ], [ -0.36673, 53.49523 ], [ -0.30404, 53.49079 ], [ -0.30091, 53.48447 ], [ -0.25836, 53.49822 ], [ -0.23146, 53.47741 ], [ -0.23394, 53.47104 ] ] ] } },
{ "type": "Feature", "properties": { "small_area": "E01013895" }, "geometry": { "type": "Polygon", "coordinates": [ [ [ -1.16001, 52.90967 ], [ -1.16772, 52.90976 ], [ -1.16246, 52.91998 ], [ -1.15859, 52.91441 ], [ -1.16001, 52.90967 ] ] ] } },
{ "type": "Feature", "properties": { "small_area": "E01019750" }, "geometry": { "type": "Polygon", "coordinates": [ [ [ -1.92839, 53.44484 ], [ -1.93891, 53.4473 ], [ -1.94446, 53.44475 ], [ -1.9414, 53.45669 ], [ -1.92757, 53.44881 ], [ -1.92839, 53.44484 ] ] ] } },
{ "type": "Feature", "properties": { "small_area": "E01025736" }, "geometry": { "type": "Polygon", "coordinates": [ [ [ -1.14374, 52.68858 ], [ -1.13991, 52.68444 ], [ -1.14753, 52.69064 ], [ -1.15238, 52.68842 ], [ -1.15726, 52.6915 ], [ -1.17074, 52.68354 ], [ -1.17392, 52.68602 ], [ -1.18167, 52.68353 ], [ -1.18843, 52.69493 ], [ -1.18185, 52.69223 ], [ -1.18282, 52.68972 ], [ -1.17043, 52.69957 ], [ -1.16235, 52.7016 ], [ -1.14103, 52.69276 ], [ -1.14374, 52.68858 ] ] ] } },
{ "type": "Feature", "properties": { "small_area": "E01019753" }, "geometry": { "type": "Polygon", "coordinates": [ [ [ -1.95645, 53.45894 ], [ -1.95804, 53.45563 ], [ -1.96529, 53.45449 ], [ -1.96849, 53.46114 ], [ -1.95829, 53.46543 ], [ -1.93991, 53.46715 ], [ -1.94272, 53.45923 ], [ -1.95645, 53.45894 ] ] ] } },
{ "type": "Feature", "properties": { "small_area": "E01019419" }, "geometry": { "type": "Polygon", "coordinates": [ [ [ -1.47992, 53.0098 ], [ -1.47217, 53.00793 ], [ -1.47523, 53.00592 ], [ -1.47092, 53.00476 ], [ -1.4704, 52.99923 ], [ -1.465, 52.99919 ], [ -1.47129, 52.99656 ], [ -1.47068, 52.99347 ], [ -1.4861, 52.98985 ], [ -1.48811, 52.9979 ], [ -1.49672, 53.0028 ], [ -1.4926, 53.00424 ], [ -1.49977, 53.01468 ], [ -1.48916, 53.01844 ], [ -1.4727, 53.01561 ], [ -1.47992, 53.0098 ] ] ] } },
{ "type": "Feature", "properties": { "small_area": "E01019418" }, "geometry": { "type": "Polygon", "coordinates": [ [ [ -1.45878, 53.01784 ], [ -1.46041, 53.01073 ], [ -1.46381, 53.01085 ], [ -1.46378, 53.00371 ], [ -1.47992, 53.0098 ], [ -1.46871, 53.02305 ], [ -1.45151, 53.0219 ], [ -1.45878, 53.01784 ] ] ] } },
{ "type": "Feature", "properties": { "small_area": "E01019498" }, "geometry": { "type": "Polygon", "coordinates": [ [ [ -1.21246, 53.24557 ], [ -1.21709, 53.24464 ], [ -1.22734, 53.26026 ], [ -1.21289, 53.26345 ], [ -1.21402, 53.26135 ], [ -1.20827, 53.26095 ], [ -1.21192, 53.25375 ], [ -1.21578, 53.25859 ], [ -1.21246, 53.24557 ] ] ] } },
{ "type": "Feature", "properties": { "small_area": "E01019499" }, "geometry": { "type": "Polygon", "coordinates": [ [ [ -1.34367, 53.08656 ], [ -1.35369, 53.08655 ], [ -1.3499, 53.09134 ], [ -1.33548, 53.08928 ], [ -1.32359, 53.09162 ], [ -1.31875, 53.0886 ], [ -1.31435, 53.09144 ], [ -1.31019, 53.08774 ], [ -1.33164, 53.08097 ], [ -1.34367, 53.08656 ] ] ] } },
{ "type": "Feature", "properties": { "small_area": "E01019798" }, "geometry": { "type": "Polygon", "coordinates": [ [ [ -1.3732, 53.21193 ], [ -1.35984, 53.20152 ], [ -1.36848, 53.1946 ], [ -1.38115, 53.19924 ], [ -1.38299, 53.19588 ], [ -1.39045, 53.19687 ], [ -1.39312, 53.20202 ], [ -1.39663, 53.19921 ], [ -1.40214, 53.20217 ], [ -1.39917, 53.20316 ], [ -1.40275, 53.20748 ], [ -1.40813, 53.20562 ], [ -1.42084, 53.21242 ], [ -1.40912, 53.21541 ], [ -1.40141, 53.21373 ], [ -1.40141, 53.21775 ], [ -1.39559, 53.2227 ], [ -1.38014, 53.21167 ], [ -1.37626, 53.21193 ], [ -1.37284, 53.21842 ], [ -1.3732, 53.21193 ] ] ] } },
{ "type": "Feature", "properties": { "small_area": "E01027059" }, "geometry": { "type": "Polygon", "coordinates": [ [ [ -0.58518, 52.28687 ], [ -0.59362, 52.28722 ], [ -0.59662, 52.291 ], [ -0.5921, 52.29311 ], [ -0.58518, 52.28687 ] ] ] } },
{ "type": "Feature", "properties": { "small_area": "E01019663" }, "geometry": { "type": "Polygon", "coordinates": [ [ [ -1.30141, 52.99361 ], [ -1.30776, 52.99077 ], [ -1.3174, 52.99847 ], [ -1.30712, 53.00352 ], [ -1.30141, 52.99361 ] ] ] } },
{ "type": "Feature", "properties": { "small_area": "E01019851" }, "geometry": { "type": "Polygon", "coordinates": [ [ [ -1.58562, 52.74311 ], [ -1.57728, 52.73759 ], [ -1.58757, 52.73342 ], [ -1.60055, 52.73974 ], [ -1.60948, 52.7376 ], [ -1.59669, 52.74856 ], [ -1.58669, 52.74298 ], [ -1.59078, 52.74993 ], [ -1.58803, 52.75213 ], [ -1.57959, 52.75221 ], [ -1.57969, 52.74576 ], [ -1.57319, 52.7471 ], [ -1.58562, 52.74311 ] ] ] } },
{ "type": "Feature", "properties": { "small_area": "E01027109" }, "geometry": { "type": "Polygon", "coordinates": [ [ [ -0.80393, 52.4411 ], [ -0.81116, 52.44269 ], [ -0.80578, 52.44341 ], [ -0.80528, 52.44617 ], [ -0.80972, 52.44632 ], [ -0.7902, 52.45239 ], [ -0.79094, 52.44895 ], [ -0.80112, 52.44454 ], [ -0.80012, 52.43694 ], [ -0.8123, 52.43484 ], [ -0.80393, 52.4411 ] ] ] } },
{ "type": "Feature", "properties": { "small_area": "E01028176" }, "geometry": { "type": "Polygon", "coordinates": [ [ [ -1.13034, 52.99411 ], [ -1.12179, 52.99388 ], [ -1.1392, 52.99345 ], [ -1.12957, 52.99994 ], [ -1.1254, 52.99699 ], [ -1.13034, 52.99411 ] ] ] } },
{ "type": "Feature", "properties": { "small_area": "E01019872" }, "geometry": { "type": "Polygon", "coordinates": [ [ [ -1.54534, 52.7329 ], [ -1.55122, 52.71986 ], [ -1.55931, 52.72414 ], [ -1.5681, 52.72333 ], [ -1.56661, 52.7265 ], [ -1.57253, 52.72611 ], [ -1.56312, 52.7327 ], [ -1.56483, 52.73454 ], [ -1.56797, 52.73165 ], [ -1.56483, 52.74109 ], [ -1.58039, 52.73605 ], [ -1.57728, 52.73759 ], [ -1.58562, 52.74311 ], [ -1.5625, 52.75057 ], [ -1.5519, 52.73642 ], [ -1.54534, 52.7329 ] ] ] } },
{ "type": "Feature", "properties": { "small_area": "E01027222" }, "geometry": { "type": "Polygon", "coordinates": [ [ [ -0.84587, 52.27588 ], [ -0.85589, 52.27611 ], [ -0.85715, 52.28039 ], [ -0.85152, 52.28088 ], [ -0.84937, 52.27772 ], [ -0.84495, 52.27985 ], [ -0.84587, 52.27588 ] ] ] } },
{ "type": "Feature", "properties": { "small_area": "E01025906" }, "geometry": { "type": "Polygon", "coordinates": [ [ [ -0.89045, 52.7785 ], [ -0.88697, 52.78438 ], [ -0.87913, 52.77669 ], [ -0.88637, 52.77797 ], [ -0.88654, 52.77444 ], [ -0.89045, 52.7785 ] ] ] } },
{ "type": "Feature", "properties": { "small_area": "E01028397" }, "geometry": { "type": "Polygon", "coordinates": [ [ [ -1.12173, 52.91838 ], [ -1.12719, 52.92045 ], [ -1.12436, 52.92497 ], [ -1.111, 52.92309 ], [ -1.12173, 52.91838 ] ] ] } },
{ "type": "Feature", "properties": { "small_area": "E01013843" }, "geometry": { "type": "Polygon", "coordinates": [ [ [ -1.15596, 52.9753 ], [ -1.15415, 52.96808 ], [ -1.1601, 52.96721 ], [ -1.15978, 52.97435 ], [ -1.15596, 52.9753 ] ] ] } },
{ "type": "Feature", "properties": { "small_area": "E01013898" }, "geometry": { "type": "Polygon", "coordinates": [ [ [ -1.1826, 52.90681 ], [ -1.19339, 52.91242 ], [ -1.18517, 52.91597 ], [ -1.18101, 52.91101 ], [ -1.17909, 52.91335 ], [ -1.17623, 52.91115 ], [ -1.1826, 52.90681 ] ] ] } },
{ "type": "Feature", "properties": { "small_area": "E01019560" }, "geometry": { "type": "Polygon", "coordinates": [ [ [ -1.45608, 53.24257 ], [ -1.46986, 53.24251 ], [ -1.46757, 53.24749 ], [ -1.45769, 53.24727 ], [ -1.45608, 53.24257 ] ] ] } },
{ "type": "Feature", "properties": { "small_area": "E01025845" }, "geometry": { "type": "Polygon", "coordinates": [ [ [ -1.22986, 52.65708 ], [ -1.22939, 52.65309 ], [ -1.24033, 52.65865 ], [ -1.2234, 52.66082 ], [ -1.22986, 52.65708 ] ] ] } },
{ "type": "Feature", "properties": { "small_area": "E01032976" }, "geometry": { "type": "Polygon", "coordinates": [ [ [ -0.94744, 52.23336 ], [ -0.96788, 52.22654 ], [ -0.96942, 52.23119 ], [ -0.96525, 52.23537 ], [ -0.97104, 52.23498 ], [ -0.96432, 52.24293 ], [ -0.96509, 52.2478 ], [ -0.95666, 52.24638 ], [ -0.95336, 52.23778 ], [ -0.9462, 52.23621 ], [ -0.94744, 52.23336 ] ] ] } },
{ "type": "Feature", "properties": { "small_area": "E01028047" }, "geometry": { "type": "Polygon", "coordinates": [ [ [ -1.13632, 53.32653 ], [ -1.15164, 53.32808 ], [ -1.15935, 53.33346 ], [ -1.13444, 53.34047 ], [ -1.12689, 53.33434 ], [ -1.13632, 53.32653 ] ] ] } },
{ "type": "Feature", "properties": { "small_area": "E01027204" }, "geometry": { "type": "Polygon", "coordinates": [ [ [ -0.87921, 52.20513 ], [ -0.8806, 52.20205 ], [ -0.8888, 52.20023 ], [ -0.8919, 52.2073 ], [ -0.8892, 52.20957 ], [ -0.8885, 52.20582 ], [ -0.87921, 52.20513 ] ] ] } },
{ "type": "Feature", "properties": { "small_area": "E01013729" }, "geometry": { "type": "Polygon", "coordinates": [ [ [ -1.18166, 52.63253 ], [ -1.2084, 52.63039 ], [ -1.20728, 52.63518 ], [ -1.18985, 52.63331 ], [ -1.19265, 52.63657 ], [ -1.18735, 52.63807 ], [ -1.18166, 52.63253 ] ] ] } },
{ "type": "Feature", "properties": { "small_area": "E01013728" }, "geometry": { "type": "Polygon", "coordinates": [ [ [ -1.16543, 52.64132 ], [ -1.16098, 52.64047 ], [ -1.16065, 52.63754 ], [ -1.17127, 52.64448 ], [ -1.16406, 52.64378 ], [ -1.16543, 52.64132 ] ] ] } },
{ "type": "Feature", "properties": { "small_area": "E01013907" }, "geometry": { "type": "Polygon", "coordinates": [ [ [ -1.17453, 52.9037 ], [ -1.17889, 52.90017 ], [ -1.1839, 52.90259 ], [ -1.18452, 52.90733 ], [ -1.17453, 52.9037 ] ] ] } },
{ "type": "Feature", "properties": { "small_area": "E01025683" }, "geometry": { "type": "Polygon", "coordinates": [ [ [ -1.12576, 52.68341 ], [ -1.1165, 52.68548 ], [ -1.11805, 52.67946 ], [ -1.12576, 52.68341 ] ] ] } },
{ "type": "Feature", "properties": { "small_area": "E01019866" }, "geometry": { "type": "Polygon", "coordinates": [ [ [ -1.60997, 52.9408 ], [ -1.60406, 52.93679 ], [ -1.59732, 52.93758 ], [ -1.59369, 52.91414 ], [ -1.60863, 52.89932 ], [ -1.61351, 52.904 ], [ -1.63123, 52.90514 ], [ -1.63108, 52.89284 ], [ -1.64619, 52.88955 ], [ -1.64573, 52.88264 ], [ -1.66125, 52.87587 ], [ -1.66496, 52.85844 ], [ -1.67462, 52.86112 ], [ -1.67168, 52.87434 ], [ -1.69433, 52.87543 ], [ -1.68739, 52.8714 ], [ -1.68999, 52.86442 ], [ -1.70059, 52.86056 ], [ -1.70346, 52.86638 ], [ -1.71767, 52.8645 ], [ -1.71697, 52.86077 ], [ -1.72217, 52.86324 ], [ -1.72515, 52.85963 ], [ -1.72643, 52.86304 ], [ -1.73908, 52.86476 ], [ -1.73979, 52.86765 ], [ -1.74987, 52.86705 ], [ -1.73855, 52.87645 ], [ -1.73656, 52.89504 ], [ -1.7489, 52.91249 ], [ -1.71899, 52.9094 ], [ -1.71379, 52.91135 ], [ -1.71029, 52.92042 ], [ -1.69969, 52.92216 ], [ -1.68376, 52.9183 ], [ -1.67804, 52.92156 ], [ -1.6613, 52.90207 ], [ -1.65092, 52.90851 ], [ -1.65635, 52.91828 ], [ -1.65024, 52.94455 ], [ -1.64125, 52.94813 ], [ -1.62088, 52.94775 ], [ -1.61297, 52.94424 ], [ -1.60705, 52.9471 ], [ -1.60997, 52.9408 ] ] ] } },
{ "type": "Feature", "properties": { "small_area": "E01025884" }, "geometry": { "type": "Polygon", "coordinates": [ [ [ -0.91569, 52.77716 ], [ -0.92399, 52.76988 ], [ -0.92709, 52.75697 ], [ -0.93584, 52.75533 ], [ -0.93606, 52.76208 ], [ -0.9442, 52.7633 ], [ -0.94426, 52.76648 ], [ -0.95676, 52.76425 ], [ -0.95999, 52.77481 ], [ -0.94907, 52.78079 ], [ -0.94669, 52.78636 ], [ -0.92604, 52.79065 ], [ -0.91064, 52.78699 ], [ -0.91569, 52.77716 ] ] ] } },
{ "type": "Feature", "properties": { "small_area": "E01025804" }, "geometry": { "type": "Polygon", "coordinates": [ [ [ -0.91892, 52.47085 ], [ -0.91676, 52.46263 ], [ -0.92961, 52.46576 ], [ -0.93245, 52.46889 ], [ -0.92929, 52.46713 ], [ -0.9271, 52.47103 ], [ -0.91892, 52.47085 ] ] ] } },
{ "type": "Feature", "properties": { "small_area": "E01025885" }, "geometry": { "type": "Polygon", "coordinates": [ [ [ -0.76608, 52.92687 ], [ -0.7631, 52.92367 ], [ -0.76749, 52.92244 ], [ -0.77455, 52.90732 ], [ -0.78609, 52.90913 ], [ -0.79444, 52.90306 ], [ -0.79991, 52.91904 ], [ -0.8102, 52.91711 ], [ -0.82592, 52.9199 ], [ -0.84138, 52.92836 ], [ -0.83568, 52.93856 ], [ -0.8116, 52.93379 ], [ -0.81331, 52.94009 ], [ -0.80508, 52.94113 ], [ -0.80878, 52.9378 ], [ -0.80562, 52.93638 ], [ -0.80239, 52.94115 ], [ -0.79423, 52.9425 ], [ -0.80211, 52.9451 ], [ -0.80145, 52.94281 ], [ -0.80879, 52.94266 ], [ -0.80489, 52.94729 ], [ -0.81294, 52.94377 ], [ -0.83023, 52.95192 ], [ -0.82003, 52.96044 ], [ -0.81371, 52.95697 ], [ -0.80982, 52.96596 ], [ -0.79733, 52.97615 ], [ -0.77828, 52.9769 ], [ -0.77844, 52.95929 ], [ -0.75532, 52.95136 ], [ -0.76608, 52.92687 ] ] ] } },
{ "type": "Feature", "properties": { "small_area": "E01028270" }, "geometry": { "type": "Polygon", "coordinates": [ [ [ -1.19682, 53.1362 ], [ -1.19508, 53.12989 ], [ -1.20128, 53.12892 ], [ -1.20249, 53.12444 ], [ -1.22461, 53.13162 ], [ -1.19967, 53.13579 ], [ -1.19553, 53.14062 ], [ -1.18844, 53.13706 ], [ -1.19682, 53.1362 ] ] ] } },
{ "type": "Feature", "properties": { "small_area": "E01019867" }, "geometry": { "type": "Polygon", "coordinates": [ [ [ -1.57775, 52.8331 ], [ -1.55509, 52.81639 ], [ -1.54915, 52.81948 ], [ -1.54328, 52.81636 ], [ -1.54175, 52.80855 ], [ -1.53546, 52.81034 ], [ -1.52831, 52.8027 ], [ -1.52227, 52.80434 ], [ -1.52166, 52.79776 ], [ -1.531, 52.79549 ], [ -1.53872, 52.80191 ], [ -1.55969, 52.79138 ], [ -1.60082, 52.79109 ], [ -1.60941, 52.78443 ], [ -1.61351, 52.78601 ], [ -1.61173, 52.78985 ], [ -1.60148, 52.79282 ], [ -1.60355, 52.79544 ], [ -1.58895, 52.7998 ], [ -1.59142, 52.80899 ], [ -1.61034, 52.8156 ], [ -1.60729, 52.82098 ], [ -1.60246, 52.82655 ], [ -1.58865, 52.82896 ], [ -1.58547, 52.83161 ], [ -1.58884, 52.83136 ], [ -1.58563, 52.83855 ], [ -1.57865, 52.83858 ], [ -1.57775, 52.8331 ] ] ] } },
{ "type": "Feature", "properties": { "small_area": "E01025883" }, "geometry": { "type": "Polygon", "coordinates": [ [ [ -0.95784, 52.7588 ], [ -0.96536, 52.76036 ], [ -0.9699, 52.75513 ], [ -0.98626, 52.75426 ], [ -0.98665, 52.7648 ], [ -0.95999, 52.77481 ], [ -0.95676, 52.76425 ], [ -0.94426, 52.76648 ], [ -0.9442, 52.7633 ], [ -0.95784, 52.7588 ] ] ] } },
{ "type": "Feature", "properties": { "small_area": "E01013939" }, "geometry": { "type": "Polygon", "coordinates": [ [ [ -1.11525, 52.96487 ], [ -1.12067, 52.96182 ], [ -1.1252, 52.96438 ], [ -1.12338, 52.96925 ], [ -1.11981, 52.97002 ], [ -1.11525, 52.96487 ] ] ] } },
{ "type": "Feature", "properties": { "small_area": "E01027167" }, "geometry": { "type": "Polygon", "coordinates": [ [ [ -0.90028, 52.20727 ], [ -0.89182, 52.20243 ], [ -0.89308, 52.19715 ], [ -0.90143, 52.19983 ], [ -0.90028, 52.20727 ] ] ] } },
{ "type": "Feature", "properties": { "small_area": "E01033102" }, "geometry": { "type": "Polygon", "coordinates": [ [ [ -1.30045, 52.71856 ], [ -1.28916, 52.71288 ], [ -1.29174, 52.70942 ], [ -1.31813, 52.70196 ], [ -1.3404, 52.70889 ], [ -1.35044, 52.71676 ], [ -1.34247, 52.71971 ], [ -1.33973, 52.71615 ], [ -1.32305, 52.72221 ], [ -1.30045, 52.71856 ] ] ] } },
{ "type": "Feature", "properties": { "small_area": "E01027166" }, "geometry": { "type": "Polygon", "coordinates": [ [ [ -0.89182, 52.20243 ], [ -0.90028, 52.20727 ], [ -0.89168, 52.2069 ], [ -0.89182, 52.20243 ] ] ] } },
{ "type": "Feature", "properties": { "small_area": "E01027164" }, "geometry": { "type": "Polygon", "coordinates": [ [ [ -0.90028, 52.20727 ], [ -0.90181, 52.20421 ], [ -0.90358, 52.20702 ], [ -0.89873, 52.21457 ], [ -0.89422, 52.21459 ], [ -0.8919, 52.2073 ], [ -0.90028, 52.20727 ] ] ] } },
{ "type": "Feature", "properties": { "small_area": "E01027947" }, "geometry": { "type": "Polygon", "coordinates": [ [ [ -1.26128, 53.10062 ], [ -1.26693, 53.0958 ], [ -1.26192, 53.09223 ], [ -1.29512, 53.08063 ], [ -1.30925, 53.09676 ], [ -1.28972, 53.1063 ], [ -1.26128, 53.10062 ] ] ] } },
{ "type": "Feature", "properties": { "small_area": "E01019452" }, "geometry": { "type": "Polygon", "coordinates": [ [ [ -1.33944, 53.01819 ], [ -1.34832, 53.02223 ], [ -1.34648, 53.02551 ], [ -1.33752, 53.02537 ], [ -1.33944, 53.01819 ] ] ] } },
{ "type": "Feature", "properties": { "small_area": "E01013777" }, "geometry": { "type": "Polygon", "coordinates": [ [ [ -1.15381, 52.62345 ], [ -1.15175, 52.61923 ], [ -1.15667, 52.61842 ], [ -1.15381, 52.62345 ] ] ] } },
{ "type": "Feature", "properties": { "small_area": "E01026989" }, "geometry": { "type": "Polygon", "coordinates": [ [ [ -1.1589, 52.2697 ], [ -1.16025, 52.272 ], [ -1.16437, 52.26974 ], [ -1.16756, 52.27397 ], [ -1.15817, 52.27384 ], [ -1.1589, 52.2697 ] ] ] } },
{ "type": "Feature", "properties": { "small_area": "E01013604" }, "geometry": { "type": "Polygon", "coordinates": [ [ [ -1.14023, 52.65781 ], [ -1.14554, 52.65931 ], [ -1.15084, 52.66452 ], [ -1.14685, 52.66106 ], [ -1.13499, 52.66451 ], [ -1.14023, 52.65781 ] ] ] } },
{ "type": "Feature", "properties": { "small_area": "E01026109" }, "geometry": { "type": "Polygon", "coordinates": [ [ [ 0.27183, 53.31285 ], [ 0.24092, 53.30181 ], [ 0.22588, 53.30959 ], [ 0.22961, 53.31629 ], [ 0.22649, 53.32069 ], [ 0.26618, 53.3349 ], [ 0.26749, 53.3393 ], [ 0.28071, 53.31932 ], [ 0.27183, 53.31285 ] ] ] } },
{ "type": "Feature", "properties": { "small_area": "E01026188" }, "geometry": { "type": "Polygon", "coordinates": [ [ [ -0.51974, 53.18017 ], [ -0.52468, 53.1798 ], [ -0.53094, 53.1865 ], [ -0.54097, 53.19093 ], [ -0.53541, 53.19708 ], [ -0.51974, 53.18017 ] ] ] } },
{ "type": "Feature", "properties": { "small_area": "E01026189" }, "geometry": { "type": "Polygon", "coordinates": [ [ [ -0.46921, 53.19347 ], [ -0.47215, 53.19033 ], [ -0.4773, 53.1931 ], [ -0.48685, 53.19223 ], [ -0.48482, 53.19707 ], [ -0.49504, 53.1999 ], [ -0.49631, 53.19506 ], [ -0.50218, 53.19426 ], [ -0.50618, 53.19756 ], [ -0.49706, 53.20409 ], [ -0.48333, 53.19936 ], [ -0.47544, 53.20097 ], [ -0.46921, 53.19347 ] ] ] } },
{ "type": "Feature", "properties": { "small_area": "E01026108" }, "geometry": { "type": "Polygon", "coordinates": [ [ [ 0.01638, 53.36389 ], [ 0.00652, 53.37087 ], [ 0.0229, 53.37358 ], [ 0.01597, 53.37066 ], [ 0.01638, 53.36389 ] ] ] } },
{ "type": "Feature", "properties": { "small_area": "E01013704" }, "geometry": { "type": "Polygon", "coordinates": [ [ [ -1.09592, 52.6076 ], [ -1.10646, 52.60591 ], [ -1.10832, 52.61115 ], [ -1.09592, 52.6076 ] ] ] } },
{ "type": "Feature", "properties": { "small_area": "E01013785" }, "geometry": { "type": "Polygon", "coordinates": [ [ [ -1.17148, 52.6319 ], [ -1.18166, 52.63253 ], [ -1.18735, 52.63807 ], [ -1.18317, 52.64219 ], [ -1.17568, 52.63906 ], [ -1.16552, 52.63965 ], [ -1.17148, 52.6319 ] ] ] } },
{ "type": "Feature", "properties": { "small_area": "E01013705" }, "geometry": { "type": "Polygon", "coordinates": [ [ [ -1.1303, 52.60885 ], [ -1.11572, 52.60914 ], [ -1.11883, 52.60296 ], [ -1.12768, 52.6003 ], [ -1.1303, 52.60885 ] ] ] } },
{ "type": "Feature", "properties": { "small_area": "E01013784" }, "geometry": { "type": "Polygon", "coordinates": [ [ [ -1.15611, 52.62463 ], [ -1.16058, 52.62692 ], [ -1.15902, 52.62885 ], [ -1.15407, 52.62901 ], [ -1.15611, 52.62463 ] ] ] } },
{ "type": "Feature", "properties": { "small_area": "E01019421" }, "geometry": { "type": "Polygon", "coordinates": [ [ [ -1.38146, 53.03796 ], [ -1.38481, 53.04108 ], [ -1.39561, 53.04105 ], [ -1.38084, 53.04727 ], [ -1.37614, 53.04386 ], [ -1.38146, 53.03796 ] ] ] } },
{ "type": "Feature", "properties": { "small_area": "E01025939" }, "geometry": { "type": "Polygon", "coordinates": [ [ [ -1.31813, 52.70196 ], [ -1.34887, 52.69438 ], [ -1.36652, 52.69249 ], [ -1.37208, 52.69469 ], [ -1.3694, 52.70038 ], [ -1.37275, 52.70267 ], [ -1.3404, 52.70889 ], [ -1.31813, 52.70196 ] ] ] } },
{ "type": "Feature", "properties": { "small_area": "E01019802" }, "geometry": { "type": "Polygon", "coordinates": [ [ [ -1.31, 53.32577 ], [ -1.30901, 53.32271 ], [ -1.3199, 53.32229 ], [ -1.32172, 53.32559 ], [ -1.31, 53.32577 ] ] ] } },
{ "type": "Feature", "properties": { "small_area": "E01013981" }, "geometry": { "type": "Polygon", "coordinates": [ [ [ -1.21914, 52.95113 ], [ -1.22118, 52.95324 ], [ -1.21678, 52.95458 ], [ -1.22372, 52.95499 ], [ -1.22603, 52.95844 ], [ -1.21314, 52.96044 ], [ -1.21675, 52.95832 ], [ -1.2104, 52.9546 ], [ -1.21914, 52.95113 ] ] ] } },
{ "type": "Feature", "properties": { "small_area": "E01019805" }, "geometry": { "type": "Polygon", "coordinates": [ [ [ -1.32403, 53.31449 ], [ -1.32512, 53.3176 ], [ -1.31297, 53.31827 ], [ -1.30747, 53.3125 ], [ -1.33935, 53.30782 ], [ -1.34322, 53.31149 ], [ -1.32835, 53.32663 ], [ -1.32804, 53.31892 ], [ -1.32403, 53.31449 ] ] ] } },
{ "type": "Feature", "properties": { "small_area": "E01019804" }, "geometry": { "type": "Polygon", "coordinates": [ [ [ -1.32512, 53.3176 ], [ -1.32403, 53.31449 ], [ -1.32804, 53.31892 ], [ -1.32133, 53.32081 ], [ -1.31941, 53.31623 ], [ -1.32512, 53.3176 ] ] ] } },
{ "type": "Feature", "properties": { "small_area": "E01019885" }, "geometry": { "type": "Polygon", "coordinates": [ [ [ -1.5253, 52.76552 ], [ -1.53682, 52.77154 ], [ -1.53188, 52.77467 ], [ -1.53431, 52.77654 ], [ -1.52983, 52.77745 ], [ -1.5262, 52.77039 ], [ -1.51485, 52.76704 ], [ -1.5253, 52.76552 ] ] ] } },
{ "type": "Feature", "properties": { "small_area": "E01025976" }, "geometry": { "type": "Polygon", "coordinates": [ [ [ -1.0796, 52.5928 ], [ -1.09488, 52.59421 ], [ -1.09389, 52.5987 ], [ -1.08173, 52.59778 ], [ -1.0796, 52.5928 ] ] ] } },
{ "type": "Feature", "properties": { "small_area": "E01019467" }, "geometry": { "type": "Polygon", "coordinates": [ [ [ -1.40143, 52.98212 ], [ -1.38199, 52.98389 ], [ -1.40931, 52.977 ], [ -1.4156, 52.98055 ], [ -1.44481, 52.97885 ], [ -1.45122, 52.98211 ], [ -1.44811, 52.98778 ], [ -1.45224, 52.99373 ], [ -1.44389, 53.00188 ], [ -1.43733, 53.00563 ], [ -1.43314, 53.00492 ], [ -1.43656, 53.00135 ], [ -1.42473, 53.00253 ], [ -1.42083, 53.01014 ], [ -1.41738, 53.00107 ], [ -1.40979, 53.00015 ], [ -1.41757, 52.99748 ], [ -1.41915, 52.99375 ], [ -1.41295, 52.99109 ], [ -1.41546, 52.98729 ], [ -1.40932, 52.98682 ], [ -1.4025, 52.99301 ], [ -1.40143, 52.98212 ] ] ] } },
{ "type": "Feature", "properties": { "small_area": "E01027062" }, "geometry": { "type": "Polygon", "coordinates": [ [ [ -0.59914, 52.29349 ], [ -0.60281, 52.29617 ], [ -0.60167, 52.30201 ], [ -0.59066, 52.30177 ], [ -0.59914, 52.29349 ] ] ] } },
{ "type": "Feature", "properties": { "small_area": "E01025983" }, "geometry": { "type": "Polygon", "coordinates": [ [ [ -1.06816, 52.59298 ], [ -1.07111, 52.59527 ], [ -1.06062, 52.59644 ], [ -1.06173, 52.59174 ], [ -1.06816, 52.59298 ] ] ] } },
{ "type": "Feature", "properties": { "small_area": "E01025873" }, "geometry": { "type": "Polygon", "coordinates": [ [ [ -1.30642, 52.62745 ], [ -1.30494, 52.61796 ], [ -1.28458, 52.60898 ], [ -1.28464, 52.61468 ], [ -1.28019, 52.613 ], [ -1.27449, 52.61615 ], [ -1.27369, 52.61147 ], [ -1.28034, 52.60897 ], [ -1.2759, 52.60901 ], [ -1.27985, 52.60725 ], [ -1.27459, 52.60097 ], [ -1.29916, 52.58741 ], [ -1.30637, 52.59043 ], [ -1.30708, 52.58724 ], [ -1.33432, 52.59055 ], [ -1.33264, 52.58771 ], [ -1.35236, 52.58447 ], [ -1.36501, 52.5747 ], [ -1.38224, 52.57724 ], [ -1.38133, 52.58652 ], [ -1.37597, 52.58763 ], [ -1.36641, 52.6066 ], [ -1.3602, 52.60524 ], [ -1.35922, 52.60915 ], [ -1.34052, 52.61571 ], [ -1.33909, 52.6195 ], [ -1.3333, 52.61958 ], [ -1.3234, 52.62743 ], [ -1.32074, 52.6356 ], [ -1.30436, 52.63125 ], [ -1.29602, 52.63719 ], [ -1.28975, 52.63438 ], [ -1.2951, 52.62582 ], [ -1.30642, 52.62745 ] ] ] } },
{ "type": "Feature", "properties": { "small_area": "E01025870" }, "geometry": { "type": "Polygon", "coordinates": [ [ [ -1.2535, 52.66957 ], [ -1.25962, 52.66626 ], [ -1.266, 52.67388 ], [ -1.26952, 52.66927 ], [ -1.27593, 52.67617 ], [ -1.28798, 52.66763 ], [ -1.29317, 52.66886 ], [ -1.29742, 52.67771 ], [ -1.29264, 52.68087 ], [ -1.28716, 52.67715 ], [ -1.28161, 52.67765 ], [ -1.28102, 52.68306 ], [ -1.27251, 52.68136 ], [ -1.26558, 52.68615 ], [ -1.25902, 52.68205 ], [ -1.2535, 52.66957 ] ] ] } },
{ "type": "Feature", "properties": { "small_area": "E01025872" }, "geometry": { "type": "Polygon", "coordinates": [ [ [ -1.3234, 52.62743 ], [ -1.3333, 52.61958 ], [ -1.33909, 52.6195 ], [ -1.34052, 52.61571 ], [ -1.35922, 52.60915 ], [ -1.35177, 52.6226 ], [ -1.35471, 52.62079 ], [ -1.36399, 52.62466 ], [ -1.3616, 52.62822 ], [ -1.34064, 52.63153 ], [ -1.3409, 52.62874 ], [ -1.33549, 52.6284 ], [ -1.33022, 52.63616 ], [ -1.32123, 52.63862 ], [ -1.3234, 52.62743 ] ] ] } },
{ "type": "Feature", "properties": { "small_area": "E01025875" }, "geometry": { "type": "Polygon", "coordinates": [ [ [ -1.33022, 52.63616 ], [ -1.33549, 52.6284 ], [ -1.3409, 52.62874 ], [ -1.34064, 52.63153 ], [ -1.3616, 52.62822 ], [ -1.35959, 52.63162 ], [ -1.35071, 52.63265 ], [ -1.35646, 52.63844 ], [ -1.36401, 52.63998 ], [ -1.35908, 52.64359 ], [ -1.34947, 52.64144 ], [ -1.34541, 52.65467 ], [ -1.33628, 52.64995 ], [ -1.31968, 52.64743 ], [ -1.32123, 52.63862 ], [ -1.33022, 52.63616 ] ] ] } },
{ "type": "Feature", "properties": { "small_area": "E01025871" }, "geometry": { "type": "Polygon", "coordinates": [ [ [ -1.28653, 52.69246 ], [ -1.28421, 52.68924 ], [ -1.28946, 52.68452 ], [ -1.28102, 52.68306 ], [ -1.28161, 52.67765 ], [ -1.28716, 52.67715 ], [ -1.29264, 52.68087 ], [ -1.29742, 52.67771 ], [ -1.3183, 52.67741 ], [ -1.32404, 52.68586 ], [ -1.33751, 52.6841 ], [ -1.33812, 52.68139 ], [ -1.34845, 52.68502 ], [ -1.34923, 52.68955 ], [ -1.34261, 52.69018 ], [ -1.35111, 52.69414 ], [ -1.29174, 52.70942 ], [ -1.28272, 52.71462 ], [ -1.28538, 52.70257 ], [ -1.27529, 52.69827 ], [ -1.28653, 52.69246 ] ] ] } },
{ "type": "Feature", "properties": { "small_area": "E01025755" }, "geometry": { "type": "Polygon", "coordinates": [ [ [ -1.08215, 52.69149 ], [ -1.0824, 52.69324 ], [ -1.07695, 52.69628 ], [ -1.07203, 52.69472 ], [ -1.07195, 52.69109 ], [ -1.08215, 52.69149 ] ] ] } },
{ "type": "Feature", "properties": { "small_area": "E01027288" }, "geometry": { "type": "Polygon", "coordinates": [ [ [ -1.26105, 51.99762 ], [ -1.2788, 52.00437 ], [ -1.27849, 52.00821 ], [ -1.28457, 52.0106 ], [ -1.27858, 52.01139 ], [ -1.27816, 52.01423 ], [ -1.28443, 52.0209 ], [ -1.28432, 52.02517 ], [ -1.29421, 52.02789 ], [ -1.29193, 52.03202 ], [ -1.29497, 52.0398 ], [ -1.26072, 52.05624 ], [ -1.241, 52.05777 ], [ -1.23677, 52.05563 ], [ -1.24732, 52.05196 ], [ -1.23788, 52.03798 ], [ -1.24869, 52.03037 ], [ -1.24586, 52.02627 ], [ -1.25094, 52.01921 ], [ -1.23833, 52.00795 ], [ -1.26105, 51.99762 ] ] ] } },
{ "type": "Feature", "properties": { "small_area": "E01019741" }, "geometry": { "type": "Polygon", "coordinates": [ [ [ -1.87945, 53.2988 ], [ -1.89205, 53.28859 ], [ -1.90798, 53.2891 ], [ -1.91067, 53.30411 ], [ -1.90607, 53.30835 ], [ -1.91448, 53.31209 ], [ -1.899, 53.31619 ], [ -1.88635, 53.30992 ], [ -1.87945, 53.2988 ] ] ] } },
{ "type": "Feature", "properties": { "small_area": "E01026049" }, "geometry": { "type": "Polygon", "coordinates": [ [ [ 0.32356, 53.23439 ], [ 0.31623, 53.21345 ], [ 0.30551, 53.20826 ], [ 0.30022, 53.1979 ], [ 0.29035, 53.1939 ], [ 0.27802, 53.19487 ], [ 0.27056, 53.18679 ], [ 0.26223, 53.18334 ], [ 0.25964, 53.1861 ], [ 0.27035, 53.2006 ], [ 0.26616, 53.20262 ], [ 0.2701, 53.20233 ], [ 0.2831, 53.21357 ], [ 0.25897, 53.22002 ], [ 0.26591, 53.22362 ], [ 0.27433, 53.22313 ], [ 0.26647, 53.22454 ], [ 0.27451, 53.22602 ], [ 0.29166, 53.22079 ], [ 0.29088, 53.2276 ], [ 0.28856, 53.2253 ], [ 0.2892, 53.22907 ], [ 0.28423, 53.22999 ], [ 0.28901, 53.23356 ], [ 0.28379, 53.23785 ], [ 0.28783, 53.2397 ], [ 0.28849, 53.23583 ], [ 0.2941, 53.23517 ], [ 0.30132, 53.23944 ], [ 0.30918, 53.2376 ], [ 0.30307, 53.24081 ], [ 0.30242, 53.24832 ], [ 0.29367, 53.25353 ], [ 0.28215, 53.24929 ], [ 0.26781, 53.25577 ], [ 0.27748, 53.26068 ], [ 0.32218, 53.26644 ], [ 0.33911, 53.23185 ], [ 0.32356, 53.23439 ] ] ] } },
{ "type": "Feature", "properties": { "small_area": "E01027203" }, "geometry": { "type": "Polygon", "coordinates": [ [ [ -0.87921, 52.20513 ], [ -0.88466, 52.20731 ], [ -0.87958, 52.20826 ], [ -0.87107, 52.20598 ], [ -0.87921, 52.20513 ] ] ] } },
{ "type": "Feature", "properties": { "small_area": "E01028405" }, "geometry": { "type": "Polygon", "coordinates": [ [ [ -1.16149, 52.89081 ], [ -1.15675, 52.89009 ], [ -1.15936, 52.88714 ], [ -1.15625, 52.88593 ], [ -1.1469, 52.89095 ], [ -1.13652, 52.88318 ], [ -1.14674, 52.87495 ], [ -1.15082, 52.87606 ], [ -1.16323, 52.86488 ], [ -1.16903, 52.86962 ], [ -1.1773, 52.86987 ], [ -1.18221, 52.87971 ], [ -1.17129, 52.89443 ], [ -1.16025, 52.89581 ], [ -1.15458, 52.89181 ], [ -1.16149, 52.89081 ] ] ] } },
{ "type": "Feature", "properties": { "small_area": "E01028404" }, "geometry": { "type": "Polygon", "coordinates": [ [ [ -1.13944, 52.8857 ], [ -1.1469, 52.89095 ], [ -1.15625, 52.88593 ], [ -1.15936, 52.88714 ], [ -1.15675, 52.89009 ], [ -1.16149, 52.89081 ], [ -1.12269, 52.89854 ], [ -1.11955, 52.88878 ], [ -1.11571, 52.88816 ], [ -1.13944, 52.8857 ] ] ] } },
{ "type": "Feature", "properties": { "small_area": "E01026401" }, "geometry": { "type": "Polygon", "coordinates": [ [ [ -0.67781, 53.49855 ], [ -0.66713, 53.49829 ], [ -0.66823, 53.49022 ], [ -0.62795, 53.49169 ], [ -0.63013, 53.48597 ], [ -0.63387, 53.48546 ], [ -0.63365, 53.47758 ], [ -0.66707, 53.48239 ], [ -0.67662, 53.47863 ], [ -0.67793, 53.46891 ], [ -0.69342, 53.46927 ], [ -0.70045, 53.47331 ], [ -0.68396, 53.4881 ], [ -0.7452, 53.49735 ], [ -0.75133, 53.49202 ], [ -0.76218, 53.49267 ], [ -0.75804, 53.50002 ], [ -0.75086, 53.50069 ], [ -0.73858, 53.51983 ], [ -0.70163, 53.51415 ], [ -0.68743, 53.51641 ], [ -0.66781, 53.51309 ], [ -0.67781, 53.49855 ] ] ] } },
{ "type": "Feature", "properties": { "small_area": "E01028402" }, "geometry": { "type": "Polygon", "coordinates": [ [ [ -0.99362, 52.89452 ], [ -0.98057, 52.89136 ], [ -0.96685, 52.8779 ], [ -0.9477, 52.86886 ], [ -0.94718, 52.8631 ], [ -0.94083, 52.86154 ], [ -0.94118, 52.85394 ], [ -0.95278, 52.85039 ], [ -0.96086, 52.84334 ], [ -0.97062, 52.84496 ], [ -0.97715, 52.84056 ], [ -0.97419, 52.83389 ], [ -0.97814, 52.82452 ], [ -0.98908, 52.81821 ], [ -0.99568, 52.82125 ], [ -1.01964, 52.82214 ], [ -1.03665, 52.81594 ], [ -1.02209, 52.90122 ], [ -0.99423, 52.89912 ], [ -0.99362, 52.89452 ] ] ] } },
{ "type": "Feature", "properties": { "small_area": "E01019588" }, "geometry": { "type": "Polygon", "coordinates": [ [ [ -1.46447, 53.22055 ], [ -1.46649, 53.22257 ], [ -1.45916, 53.22321 ], [ -1.46188, 53.22595 ], [ -1.45714, 53.22745 ], [ -1.45155, 53.22411 ], [ -1.45804, 53.22012 ], [ -1.46447, 53.22055 ] ] ] } },
{ "type": "Feature", "properties": { "small_area": "E01027937" }, "geometry": { "type": "Polygon", "coordinates": [ [ [ -1.20566, 53.03989 ], [ -1.21257, 53.04307 ], [ -1.20387, 53.04468 ], [ -1.20566, 53.03989 ] ] ] } },
{ "type": "Feature", "properties": { "small_area": "E01027934" }, "geometry": { "type": "Polygon", "coordinates": [ [ [ -1.19893, 53.03905 ], [ -1.20323, 53.04269 ], [ -1.202, 53.05064 ], [ -1.19495, 53.04208 ], [ -1.19893, 53.03905 ] ] ] } },
{ "type": "Feature", "properties": { "small_area": "E01025949" }, "geometry": { "type": "Polygon", "coordinates": [ [ [ -1.51109, 52.70823 ], [ -1.50453, 52.70627 ], [ -1.50536, 52.70182 ], [ -1.51143, 52.70332 ], [ -1.51661, 52.70025 ], [ -1.52647, 52.70406 ], [ -1.52655, 52.70832 ], [ -1.51109, 52.70823 ] ] ] } },
{ "type": "Feature", "properties": { "small_area": "E01027936" }, "geometry": { "type": "Polygon", "coordinates": [ [ [ -1.19476, 53.04189 ], [ -1.20212, 53.05107 ], [ -1.18539, 53.0483 ], [ -1.19476, 53.04189 ] ] ] } },
{ "type": "Feature", "properties": { "small_area": "E01025948" }, "geometry": { "type": "Polygon", "coordinates": [ [ [ -1.4894, 52.71246 ], [ -1.47162, 52.70383 ], [ -1.47723, 52.70086 ], [ -1.48511, 52.70565 ], [ -1.49108, 52.70006 ], [ -1.50204, 52.69805 ], [ -1.49615, 52.70421 ], [ -1.50128, 52.70531 ], [ -1.49725, 52.70628 ], [ -1.49931, 52.70917 ], [ -1.50453, 52.70627 ], [ -1.51978, 52.70661 ], [ -1.49737, 52.72121 ], [ -1.48894, 52.72008 ], [ -1.4894, 52.71246 ] ] ] } },
{ "type": "Feature", "properties": { "small_area": "E01025941" }, "geometry": { "type": "Polygon", "coordinates": [ [ [ -1.40985, 52.69191 ], [ -1.40685, 52.68704 ], [ -1.40206, 52.68883 ], [ -1.40309, 52.68463 ], [ -1.41707, 52.68598 ], [ -1.4304, 52.68062 ], [ -1.45062, 52.68785 ], [ -1.42088, 52.70722 ], [ -1.41027, 52.6994 ], [ -1.40406, 52.6996 ], [ -1.40985, 52.69191 ] ] ] } },
{ "type": "Feature", "properties": { "small_area": "E01027935" }, "geometry": { "type": "Polygon", "coordinates": [ [ [ -1.20387, 53.04468 ], [ -1.21257, 53.04307 ], [ -1.21743, 53.04901 ], [ -1.202, 53.05064 ], [ -1.20387, 53.04468 ] ] ] } },
{ "type": "Feature", "properties": { "small_area": "E01019786" }, "geometry": { "type": "Polygon", "coordinates": [ [ [ -1.45766, 53.29727 ], [ -1.46674, 53.29577 ], [ -1.47653, 53.29846 ], [ -1.4788, 53.30821 ], [ -1.45766, 53.29727 ] ] ] } },
{ "type": "Feature", "properties": { "small_area": "E01019832" }, "geometry": { "type": "Polygon", "coordinates": [ [ [ -1.37083, 52.89473 ], [ -1.3624, 52.89637 ], [ -1.36142, 52.89234 ], [ -1.3576, 52.89513 ], [ -1.35433, 52.88878 ], [ -1.3393, 52.88967 ], [ -1.34179, 52.88531 ], [ -1.34812, 52.8858 ], [ -1.34998, 52.88077 ], [ -1.33523, 52.87631 ], [ -1.32998, 52.87814 ], [ -1.32755, 52.8745 ], [ -1.32198, 52.87638 ], [ -1.32388, 52.87297 ], [ -1.31931, 52.87285 ], [ -1.32534, 52.86596 ], [ -1.33926, 52.86459 ], [ -1.34487, 52.86751 ], [ -1.34341, 52.86278 ], [ -1.34729, 52.86135 ], [ -1.34857, 52.86627 ], [ -1.37119, 52.86377 ], [ -1.36785, 52.86571 ], [ -1.37255, 52.86797 ], [ -1.37002, 52.87339 ], [ -1.38854, 52.87708 ], [ -1.38926, 52.87966 ], [ -1.40734, 52.88515 ], [ -1.40912, 52.88934 ], [ -1.40278, 52.90044 ], [ -1.38096, 52.90133 ], [ -1.37083, 52.89473 ] ] ] } },
{ "type": "Feature", "properties": { "small_area": "E01025895" }, "geometry": { "type": "Polygon", "coordinates": [ [ [ -0.89841, 52.74051 ], [ -0.89573, 52.75005 ], [ -0.90073, 52.75195 ], [ -0.88816, 52.75667 ], [ -0.89186, 52.74206 ], [ -0.88672, 52.7352 ], [ -0.89841, 52.74051 ] ] ] } },
{ "type": "Feature", "properties": { "small_area": "E01013913" }, "geometry": { "type": "Polygon", "coordinates": [ [ [ -1.11243, 52.95954 ], [ -1.10623, 52.95831 ], [ -1.11484, 52.95912 ], [ -1.1182, 52.96339 ], [ -1.11021, 52.96427 ], [ -1.11243, 52.95954 ] ] ] } },
{ "type": "Feature", "properties": { "small_area": "E01013910" }, "geometry": { "type": "Polygon", "coordinates": [ [ [ -1.17038, 52.89833 ], [ -1.17511, 52.89373 ], [ -1.17949, 52.89763 ], [ -1.18302, 52.8968 ], [ -1.17974, 52.90074 ], [ -1.17038, 52.89833 ] ] ] } },
{ "type": "Feature", "properties": { "small_area": "E01028394" }, "geometry": { "type": "Polygon", "coordinates": [ [ [ -1.04376, 52.94398 ], [ -1.01678, 52.93179 ], [ -1.05544, 52.93383 ], [ -1.06236, 52.95029 ], [ -1.04226, 52.94915 ], [ -1.04376, 52.94398 ] ] ] } },
{ "type": "Feature", "properties": { "small_area": "E01026238" }, "geometry": { "type": "Polygon", "coordinates": [ [ [ -0.5603, 53.16136 ], [ -0.57692, 53.16361 ], [ -0.57373, 53.17492 ], [ -0.58128, 53.17979 ], [ -0.56977, 53.18367 ], [ -0.55694, 53.18329 ], [ -0.5552, 53.17841 ], [ -0.5603, 53.16136 ] ] ] } },
{ "type": "Feature", "properties": { "small_area": "E01028231" }, "geometry": { "type": "Polygon", "coordinates": [ [ [ -1.21264, 53.14663 ], [ -1.22611, 53.1443 ], [ -1.22237, 53.14561 ], [ -1.2157, 53.15046 ], [ -1.21264, 53.14663 ] ] ] } },
{ "type": "Feature", "properties": { "small_area": "E01028233" }, "geometry": { "type": "Polygon", "coordinates": [ [ [ -1.17716, 53.13778 ], [ -1.18348, 53.13766 ], [ -1.18177, 53.1404 ], [ -1.18893, 53.14273 ], [ -1.18051, 53.144 ], [ -1.17716, 53.13778 ] ] ] } },
{ "type": "Feature", "properties": { "small_area": "E01028230" }, "geometry": { "type": "Polygon", "coordinates": [ [ [ -1.22611, 53.1443 ], [ -1.22196, 53.14345 ], [ -1.22464, 53.14244 ], [ -1.23434, 53.14714 ], [ -1.22489, 53.14959 ], [ -1.22237, 53.14561 ], [ -1.22611, 53.1443 ] ] ] } },
{ "type": "Feature", "properties": { "small_area": "E01026239" }, "geometry": { "type": "Polygon", "coordinates": [ [ [ -0.05136, 52.7039 ], [ -0.0623, 52.69401 ], [ -0.08929, 52.6834 ], [ -0.10221, 52.67219 ], [ -0.14108, 52.65149 ], [ -0.18003, 52.66054 ], [ -0.19288, 52.65242 ], [ -0.20605, 52.66805 ], [ -0.21252, 52.66666 ], [ -0.21701, 52.67226 ], [ -0.22092, 52.67166 ], [ -0.23529, 52.69553 ], [ -0.20267, 52.7059 ], [ -0.17067, 52.70698 ], [ -0.13714, 52.71808 ], [ -0.05136, 52.7039 ] ], [ [ -0.17349, 52.6749 ], [ -0.18177, 52.67235 ], [ -0.17346, 52.66889 ], [ -0.17632, 52.66375 ], [ -0.16642, 52.66711 ], [ -0.15637, 52.66603 ], [ -0.16248, 52.67025 ], [ -0.15526, 52.68055 ], [ -0.16081, 52.68074 ], [ -0.16442, 52.68488 ], [ -0.16739, 52.67554 ], [ -0.16413, 52.67277 ], [ -0.16745, 52.67134 ], [ -0.17349, 52.6749 ] ] ] } },
{ "type": "Feature", "properties": { "small_area": "E01013559" }, "geometry": { "type": "Polygon", "coordinates": [ [ [ -1.55254, 52.91086 ], [ -1.54735, 52.91254 ], [ -1.54862, 52.916 ], [ -1.5439, 52.91501 ], [ -1.54685, 52.90939 ], [ -1.55254, 52.91086 ] ] ] } },
{ "type": "Feature", "properties": { "small_area": "E01013558" }, "geometry": { "type": "Polygon", "coordinates": [ [ [ -1.52857, 52.90895 ], [ -1.53543, 52.90851 ], [ -1.53193, 52.92116 ], [ -1.51438, 52.92119 ], [ -1.52857, 52.90895 ] ] ] } },
{ "type": "Feature", "properties": { "small_area": "E01033399" }, "geometry": { "type": "Polygon", "coordinates": [ [ [ -1.14325, 52.95788 ], [ -1.15123, 52.95652 ], [ -1.15115, 52.95928 ], [ -1.14239, 52.9607 ], [ -1.14325, 52.95788 ] ] ] } },
{ "type": "Feature", "properties": { "small_area": "E01033396" }, "geometry": { "type": "Polygon", "coordinates": [ [ [ -1.17529, 52.95373 ], [ -1.17923, 52.95195 ], [ -1.17934, 52.95744 ], [ -1.17262, 52.95575 ], [ -1.17529, 52.95373 ] ] ] } },
{ "type": "Feature", "properties": { "small_area": "E01027103" }, "geometry": { "type": "Polygon", "coordinates": [ [ [ -0.67133, 52.4689 ], [ -0.67617, 52.4673 ], [ -0.67318, 52.46491 ], [ -0.68377, 52.46217 ], [ -0.66989, 52.46374 ], [ -0.67027, 52.4551 ], [ -0.6545, 52.44815 ], [ -0.66017, 52.44583 ], [ -0.65952, 52.43731 ], [ -0.66439, 52.42437 ], [ -0.67892, 52.43023 ], [ -0.69031, 52.42999 ], [ -0.69376, 52.42474 ], [ -0.69958, 52.42547 ], [ -0.70111, 52.42921 ], [ -0.70447, 52.42794 ], [ -0.71502, 52.43354 ], [ -0.72918, 52.43288 ], [ -0.72692, 52.42879 ], [ -0.73109, 52.42837 ], [ -0.73603, 52.43606 ], [ -0.73283, 52.44419 ], [ -0.73804, 52.45807 ], [ -0.72269, 52.45948 ], [ -0.72024, 52.45676 ], [ -0.70482, 52.46237 ], [ -0.69289, 52.47655 ], [ -0.67875, 52.47639 ], [ -0.67133, 52.4689 ] ] ] } },
{ "type": "Feature", "properties": { "small_area": "E01013504" }, "geometry": { "type": "Polygon", "coordinates": [ [ [ -1.4528, 52.89173 ], [ -1.44581, 52.89203 ], [ -1.44581, 52.88746 ], [ -1.43999, 52.88778 ], [ -1.44904, 52.8845 ], [ -1.4528, 52.89173 ] ] ] } },
{ "type": "Feature", "properties": { "small_area": "E01019693" }, "geometry": { "type": "Polygon", "coordinates": [ [ [ -1.29794, 52.92103 ], [ -1.30024, 52.92552 ], [ -1.28573, 52.92553 ], [ -1.28369, 52.92264 ], [ -1.29794, 52.92103 ] ] ] } },
{ "type": "Feature", "properties": { "small_area": "E01027991" }, "geometry": { "type": "Polygon", "coordinates": [ [ [ -1.28438, 53.11861 ], [ -1.28181, 53.11744 ], [ -1.28963, 53.1158 ], [ -1.2855, 53.121 ], [ -1.28838, 53.12448 ], [ -1.27685, 53.12498 ], [ -1.28438, 53.11861 ] ] ] } },
{ "type": "Feature", "properties": { "small_area": "E01027997" }, "geometry": { "type": "Polygon", "coordinates": [ [ [ -1.24829, 53.08334 ], [ -1.24399, 53.08248 ], [ -1.24223, 53.08527 ], [ -1.22631, 53.08102 ], [ -1.22893, 53.06946 ], [ -1.2313, 53.07533 ], [ -1.24486, 53.0786 ], [ -1.24829, 53.08334 ] ] ] } },
{ "type": "Feature", "properties": { "small_area": "E01013603" }, "geometry": { "type": "Polygon", "coordinates": [ [ [ -1.12546, 52.65724 ], [ -1.13284, 52.65669 ], [ -1.13117, 52.6612 ], [ -1.13803, 52.66028 ], [ -1.13499, 52.66451 ], [ -1.12683, 52.66293 ], [ -1.12546, 52.65724 ] ] ] } },
{ "type": "Feature", "properties": { "small_area": "E01019511" }, "geometry": { "type": "Polygon", "coordinates": [ [ [ -1.19506, 53.18934 ], [ -1.1988, 53.18307 ], [ -1.21562, 53.18091 ], [ -1.22651, 53.1916 ], [ -1.22344, 53.20162 ], [ -1.2016, 53.2001 ], [ -1.19506, 53.18934 ] ] ] } },
{ "type": "Feature", "properties": { "small_area": "E01026413" }, "geometry": { "type": "Polygon", "coordinates": [ [ [ -0.48994, 53.29898 ], [ -0.48349, 53.30579 ], [ -0.4886, 53.30501 ], [ -0.49217, 53.30828 ], [ -0.47719, 53.30719 ], [ -0.47331, 53.31076 ], [ -0.46898, 53.3066 ], [ -0.48994, 53.29898 ] ] ] } },
{ "type": "Feature", "properties": { "small_area": "E01025863" }, "geometry": { "type": "Polygon", "coordinates": [ [ [ -1.36449, 52.55003 ], [ -1.36763, 52.54632 ], [ -1.37207, 52.54691 ], [ -1.37517, 52.55168 ], [ -1.3721, 52.5556 ], [ -1.36449, 52.55003 ] ] ] } },
{ "type": "Feature", "properties": { "small_area": "E01025901" }, "geometry": { "type": "Polygon", "coordinates": [ [ [ -0.87419, 52.77615 ], [ -0.88107, 52.77616 ], [ -0.88315, 52.76669 ], [ -0.88808, 52.76686 ], [ -0.88637, 52.77797 ], [ -0.87913, 52.77669 ], [ -0.88697, 52.78438 ], [ -0.88938, 52.79336 ], [ -0.87449, 52.78751 ], [ -0.87419, 52.77615 ] ] ] } },
{ "type": "Feature", "properties": { "small_area": "E01028020" }, "geometry": { "type": "Polygon", "coordinates": [ [ [ -0.94443, 53.31313 ], [ -0.95398, 53.31897 ], [ -0.94055, 53.32521 ], [ -0.94005, 53.31876 ], [ -0.94443, 53.31313 ] ] ] } },
{ "type": "Feature", "properties": { "small_area": "E01027120" }, "geometry": { "type": "Polygon", "coordinates": [ [ [ -0.6998, 52.39024 ], [ -0.69317, 52.39176 ], [ -0.68889, 52.38739 ], [ -0.6998, 52.39024 ] ] ] } },
{ "type": "Feature", "properties": { "small_area": "E01027224" }, "geometry": { "type": "Polygon", "coordinates": [ [ [ -0.87042, 52.2285 ], [ -0.88454, 52.23184 ], [ -0.88204, 52.24135 ], [ -0.87674, 52.24192 ], [ -0.87042, 52.2285 ] ] ] } },
{ "type": "Feature", "properties": { "small_area": "E01019727" }, "geometry": { "type": "Polygon", "coordinates": [ [ [ -1.94446, 53.44475 ], [ -1.97138, 53.44874 ], [ -1.97016, 53.45372 ], [ -1.95804, 53.45563 ], [ -1.95645, 53.45894 ], [ -1.94272, 53.45923 ], [ -1.94446, 53.44475 ] ] ] } },
{ "type": "Feature", "properties": { "small_area": "E01028262" }, "geometry": { "type": "Polygon", "coordinates": [ [ [ -1.16024, 53.14181 ], [ -1.16351, 53.14024 ], [ -1.16263, 53.14694 ], [ -1.15037, 53.1488 ], [ -1.15865, 53.14511 ], [ -1.15723, 53.1375 ], [ -1.16024, 53.14181 ] ] ] } },
{ "type": "Feature", "properties": { "small_area": "E01028263" }, "geometry": { "type": "Polygon", "coordinates": [ [ [ -1.12874, 53.13892 ], [ -1.1482, 53.13717 ], [ -1.14954, 53.1313 ], [ -1.15692, 53.13346 ], [ -1.14937, 53.14485 ], [ -1.1288, 53.14332 ], [ -1.12874, 53.13892 ] ] ] } },
{ "type": "Feature", "properties": { "small_area": "E01028264" }, "geometry": { "type": "Polygon", "coordinates": [ [ [ -1.15692, 53.13346 ], [ -1.16868, 53.13449 ], [ -1.16351, 53.14024 ], [ -1.16024, 53.14181 ], [ -1.15692, 53.13346 ] ] ] } },
{ "type": "Feature", "properties": { "small_area": "E01026260" }, "geometry": { "type": "Polygon", "coordinates": [ [ [ -0.15414, 52.82669 ], [ -0.14374, 52.82291 ], [ -0.15771, 52.81855 ], [ -0.1607, 52.81117 ], [ -0.16743, 52.80974 ], [ -0.1635, 52.81534 ], [ -0.16727, 52.81694 ], [ -0.16629, 52.82011 ], [ -0.17052, 52.81869 ], [ -0.17226, 52.82241 ], [ -0.17831, 52.82182 ], [ -0.17692, 52.82436 ], [ -0.18874, 52.83486 ], [ -0.16309, 52.8339 ], [ -0.15385, 52.83659 ], [ -0.15161, 52.83339 ], [ -0.15816, 52.83134 ], [ -0.15188, 52.83101 ], [ -0.15414, 52.82669 ] ] ] } },
{ "type": "Feature", "properties": { "small_area": "E01028267" }, "geometry": { "type": "Polygon", "coordinates": [ [ [ -1.2172, 53.15698 ], [ -1.2263, 53.15639 ], [ -1.22799, 53.1533 ], [ -1.23812, 53.16066 ], [ -1.2172, 53.15698 ] ] ] } },
{ "type": "Feature", "properties": { "small_area": "E01026263" }, "geometry": { "type": "Polygon", "coordinates": [ [ [ -0.16709, 52.77657 ], [ -0.18043, 52.77019 ], [ -0.18947, 52.77832 ], [ -0.16605, 52.78207 ], [ -0.16709, 52.77657 ] ] ] } },
{ "type": "Feature", "properties": { "small_area": "E01027246" }, "geometry": { "type": "Polygon", "coordinates": [ [ [ -0.81509, 52.27499 ], [ -0.81543, 52.27223 ], [ -0.82888, 52.26878 ], [ -0.8262, 52.27665 ], [ -0.81509, 52.27499 ] ] ] } },
{ "type": "Feature", "properties": { "small_area": "E01027247" }, "geometry": { "type": "Polygon", "coordinates": [ [ [ -0.82888, 52.26878 ], [ -0.83563, 52.26646 ], [ -0.83272, 52.27639 ], [ -0.82768, 52.27251 ], [ -0.82888, 52.26878 ] ] ] } },
{ "type": "Feature", "properties": { "small_area": "E01019846" }, "geometry": { "type": "Polygon", "coordinates": [ [ [ -1.68999, 52.86442 ], [ -1.68739, 52.8714 ], [ -1.68091, 52.87044 ], [ -1.68284, 52.86276 ], [ -1.68999, 52.86442 ] ] ] } },
{ "type": "Feature", "properties": { "small_area": "E01019716" }, "geometry": { "type": "Polygon", "coordinates": [ [ [ -1.91308, 53.25539 ], [ -1.90955, 53.25889 ], [ -1.89523, 53.25186 ], [ -1.91021, 53.2527 ], [ -1.91308, 53.25539 ] ] ] } },
{ "type": "Feature", "properties": { "small_area": "E01019797" }, "geometry": { "type": "Polygon", "coordinates": [ [ [ -1.39477, 53.19197 ], [ -1.39253, 53.19567 ], [ -1.39663, 53.19921 ], [ -1.39312, 53.20202 ], [ -1.39045, 53.19687 ], [ -1.38299, 53.19588 ], [ -1.39477, 53.19197 ] ] ] } },
{ "type": "Feature", "properties": { "small_area": "E01019845" }, "geometry": { "type": "Polygon", "coordinates": [ [ [ -1.68284, 52.86276 ], [ -1.68091, 52.87044 ], [ -1.69433, 52.87543 ], [ -1.67168, 52.87434 ], [ -1.67462, 52.86112 ], [ -1.68284, 52.86276 ] ] ] } },
{ "type": "Feature", "properties": { "small_area": "E01028344" }, "geometry": { "type": "Polygon", "coordinates": [ [ [ -1.10231, 53.11281 ], [ -1.10957, 53.11837 ], [ -1.09755, 53.11686 ], [ -1.10231, 53.11281 ] ] ] } },
{ "type": "Feature", "properties": { "small_area": "E01026341" }, "geometry": { "type": "Polygon", "coordinates": [ [ [ -0.41373, 52.79249 ], [ -0.41632, 52.80572 ], [ -0.36085, 52.81023 ], [ -0.36837, 52.80282 ], [ -0.35403, 52.80165 ], [ -0.37219, 52.8013 ], [ -0.36758, 52.79404 ], [ -0.41373, 52.79249 ] ] ] } },
{ "type": "Feature", "properties": { "small_area": "E01028347" }, "geometry": { "type": "MultiPolygon", "coordinates": [ [ [ [ -0.96841, 53.07577 ], [ -0.96877, 53.07582 ], [ -0.96838, 53.07581 ], [ -0.96841, 53.07577 ] ] ], [ [ [ -0.96182, 53.08215 ], [ -0.95284, 53.07705 ], [ -0.95177, 53.07 ], [ -0.95959, 53.07132 ], [ -0.95844, 53.07534 ], [ -0.96838, 53.07581 ], [ -0.96182, 53.08215 ] ] ] ] } },
{ "type": "Feature", "properties": { "small_area": "E01026340" }, "geometry": { "type": "Polygon", "coordinates": [ [ [ -0.63938, 52.94877 ], [ -0.64517, 52.93403 ], [ -0.6547, 52.93617 ], [ -0.66529, 52.92219 ], [ -0.66985, 52.92273 ], [ -0.67045, 52.92794 ], [ -0.68215, 52.93031 ], [ -0.67943, 52.93709 ], [ -0.7067, 52.942 ], [ -0.69584, 52.96528 ], [ -0.63938, 52.94877 ] ] ] } },
{ "type": "Feature", "properties": { "small_area": "E01028346" }, "geometry": { "type": "Polygon", "coordinates": [ [ [ -0.97074, 53.09093 ], [ -0.96513, 53.09546 ], [ -0.94671, 53.08196 ], [ -0.95317, 53.08294 ], [ -0.95737, 53.07892 ], [ -0.97074, 53.09093 ] ] ] } },
{ "type": "Feature", "properties": { "small_area": "E01026343" }, "geometry": { "type": "Polygon", "coordinates": [ [ [ -0.62569, 52.90285 ], [ -0.63125, 52.90184 ], [ -0.63981, 52.90951 ], [ -0.62678, 52.90849 ], [ -0.62569, 52.90285 ] ] ] } },
{ "type": "Feature", "properties": { "small_area": "E01028342" }, "geometry": { "type": "Polygon", "coordinates": [ [ [ -1.11705, 53.11905 ], [ -1.10957, 53.11837 ], [ -1.10395, 53.11306 ], [ -1.11705, 53.11905 ] ] ] } },
{ "type": "Feature", "properties": { "small_area": "E01028345" }, "geometry": { "type": "Polygon", "coordinates": [ [ [ -0.92044, 53.08401 ], [ -0.93062, 53.084 ], [ -0.93443, 53.08683 ], [ -0.94119, 53.0796 ], [ -0.90643, 53.07202 ], [ -0.91443, 53.06612 ], [ -0.91262, 53.06369 ], [ -0.92716, 53.06366 ], [ -0.94273, 53.05694 ], [ -0.94934, 53.05874 ], [ -0.95284, 53.07705 ], [ -0.95737, 53.07892 ], [ -0.95317, 53.08294 ], [ -0.94671, 53.08196 ], [ -0.96782, 53.09713 ], [ -0.95875, 53.10655 ], [ -0.94474, 53.10238 ], [ -0.94589, 53.09724 ], [ -0.94057, 53.09428 ], [ -0.92004, 53.09362 ], [ -0.92044, 53.08401 ] ] ] } },
{ "type": "Feature", "properties": { "small_area": "E01026329" }, "geometry": { "type": "Polygon", "coordinates": [ [ [ -0.52282, 53.04962 ], [ -0.52786, 53.0177 ], [ -0.5734, 53.01588 ], [ -0.59881, 53.01042 ], [ -0.6103, 53.01775 ], [ -0.6687, 53.03602 ], [ -0.662, 53.05498 ], [ -0.60415, 53.05213 ], [ -0.58494, 53.04565 ], [ -0.5741, 53.04697 ], [ -0.5736, 53.0496 ], [ -0.52282, 53.04962 ] ] ] } },
{ "type": "Feature", "properties": { "small_area": "E01026328" }, "geometry": { "type": "Polygon", "coordinates": [ [ [ -0.61295, 52.91578 ], [ -0.61839, 52.91437 ], [ -0.6234, 52.91844 ], [ -0.61168, 52.91995 ], [ -0.61295, 52.91578 ] ] ] } },
{ "type": "Feature", "properties": { "small_area": "E01028321" }, "geometry": { "type": "Polygon", "coordinates": [ [ [ -1.06836, 53.19657 ], [ -1.07674, 53.19229 ], [ -1.07472, 53.18882 ], [ -1.06338, 53.19076 ], [ -1.06314, 53.18559 ], [ -1.0589, 53.18507 ], [ -1.06266, 53.18369 ], [ -1.05146, 53.17764 ], [ -1.07272, 53.16702 ], [ -1.08288, 53.17389 ], [ -1.07384, 53.18087 ], [ -1.08209, 53.18613 ], [ -1.08917, 53.18547 ], [ -1.10236, 53.19186 ], [ -1.11696, 53.19389 ], [ -1.10424, 53.20884 ], [ -1.05416, 53.21098 ], [ -1.05577, 53.20217 ], [ -1.06389, 53.19518 ], [ -1.06836, 53.19657 ] ] ] } },
{ "type": "Feature", "properties": { "small_area": "E01027210" }, "geometry": { "type": "Polygon", "coordinates": [ [ [ -0.95003, 52.24864 ], [ -0.95258, 52.25156 ], [ -0.94694, 52.25489 ], [ -0.94346, 52.253 ], [ -0.95003, 52.24864 ] ] ] } },
{ "type": "Feature", "properties": { "small_area": "E01027291" }, "geometry": { "type": "Polygon", "coordinates": [ [ [ -1.27608, 52.07027 ], [ -1.26052, 52.06803 ], [ -1.25277, 52.07113 ], [ -1.25272, 52.0679 ], [ -1.24594, 52.06825 ], [ -1.24543, 52.0649 ], [ -1.23742, 52.06415 ], [ -1.23492, 52.0608 ], [ -1.26072, 52.05624 ], [ -1.29497, 52.0398 ], [ -1.31289, 52.05118 ], [ -1.30645, 52.06445 ], [ -1.30127, 52.06609 ], [ -1.30008, 52.06935 ], [ -1.30692, 52.0703 ], [ -1.29851, 52.07569 ], [ -1.29938, 52.08009 ], [ -1.28219, 52.07744 ], [ -1.26749, 52.08041 ], [ -1.27608, 52.07027 ] ] ] } },
{ "type": "Feature", "properties": { "small_area": "E01027213" }, "geometry": { "type": "Polygon", "coordinates": [ [ [ -0.94335, 52.2457 ], [ -0.94481, 52.24665 ], [ -0.94475, 52.25143 ], [ -0.9395, 52.25501 ], [ -0.93768, 52.24946 ], [ -0.94335, 52.2457 ] ] ] } },
{ "type": "Feature", "properties": { "small_area": "E01027292" }, "geometry": { "type": "Polygon", "coordinates": [ [ [ -1.27608, 52.07027 ], [ -1.26345, 52.08173 ], [ -1.26354, 52.07409 ], [ -1.27608, 52.07027 ] ] ] } },
{ "type": "Feature", "properties": { "small_area": "E01027212" }, "geometry": { "type": "Polygon", "coordinates": [ [ [ -0.96192, 52.24889 ], [ -0.96734, 52.25186 ], [ -0.96053, 52.25389 ], [ -0.95901, 52.25052 ], [ -0.96192, 52.24889 ] ] ] } },
{ "type": "Feature", "properties": { "small_area": "E01028414" }, "geometry": { "type": "Polygon", "coordinates": [ [ [ -1.03579, 52.94559 ], [ -1.02614, 52.94775 ], [ -1.03577, 52.9425 ], [ -1.04226, 52.94915 ], [ -1.05406, 52.95111 ], [ -1.03954, 52.95342 ], [ -1.03421, 52.95113 ], [ -1.03579, 52.94559 ] ] ] } },
{ "type": "Feature", "properties": { "small_area": "E01026991" }, "geometry": { "type": "Polygon", "coordinates": [ [ [ -1.15615, 52.2599 ], [ -1.1523, 52.25142 ], [ -1.15529, 52.24813 ], [ -1.16704, 52.25192 ], [ -1.15615, 52.2599 ] ] ] } },
{ "type": "Feature", "properties": { "small_area": "E01013909" }, "geometry": { "type": "Polygon", "coordinates": [ [ [ -1.19396, 52.89749 ], [ -1.21131, 52.90259 ], [ -1.21658, 52.90015 ], [ -1.21356, 52.90882 ], [ -1.19752, 52.90322 ], [ -1.19088, 52.90509 ], [ -1.19396, 52.89749 ] ] ] } },
{ "type": "Feature", "properties": { "small_area": "E01027256" }, "geometry": { "type": "Polygon", "coordinates": [ [ [ -0.85615, 52.24652 ], [ -0.85251, 52.24233 ], [ -0.85953, 52.24395 ], [ -0.86179, 52.24054 ], [ -0.86875, 52.24936 ], [ -0.84944, 52.25172 ], [ -0.84375, 52.24797 ], [ -0.85615, 52.24652 ] ] ] } },
{ "type": "Feature", "properties": { "small_area": "E01027257" }, "geometry": { "type": "Polygon", "coordinates": [ [ [ -0.85978, 52.23375 ], [ -0.8695, 52.2299 ], [ -0.87539, 52.23859 ], [ -0.86179, 52.24054 ], [ -0.85953, 52.24395 ], [ -0.85675, 52.24158 ], [ -0.85978, 52.23375 ] ] ] } },
{ "type": "Feature", "properties": { "small_area": "E01027254" }, "geometry": { "type": "Polygon", "coordinates": [ [ [ -0.93199, 52.22055 ], [ -0.93675, 52.20816 ], [ -0.96066, 52.2157 ], [ -0.9363, 52.22295 ], [ -0.93199, 52.22055 ] ] ] } },
{ "type": "Feature", "properties": { "small_area": "E01027019" }, "geometry": { "type": "Polygon", "coordinates": [ [ [ -0.84657, 52.31344 ], [ -0.85271, 52.3069 ], [ -0.85098, 52.29113 ], [ -0.8536, 52.28534 ], [ -0.86745, 52.28018 ], [ -0.87693, 52.28896 ], [ -0.87568, 52.3045 ], [ -0.88928, 52.31677 ], [ -0.88523, 52.3199 ], [ -0.86327, 52.31814 ], [ -0.8545, 52.32239 ], [ -0.84657, 52.31344 ] ] ] } },
{ "type": "Feature", "properties": { "small_area": "E01013757" }, "geometry": { "type": "Polygon", "coordinates": [ [ [ -1.09324, 52.61615 ], [ -1.09816, 52.6166 ], [ -1.09403, 52.62234 ], [ -1.0962, 52.62345 ], [ -1.09245, 52.62462 ], [ -1.09034, 52.62161 ], [ -1.09324, 52.61615 ] ] ] } },
{ "type": "Feature", "properties": { "small_area": "E01019558" }, "geometry": { "type": "Polygon", "coordinates": [ [ [ -1.46125, 53.25308 ], [ -1.46427, 53.24887 ], [ -1.48009, 53.24582 ], [ -1.47379, 53.2496 ], [ -1.47702, 53.25287 ], [ -1.47069, 53.25725 ], [ -1.46125, 53.25308 ] ] ] } },
{ "type": "Feature", "properties": { "small_area": "E01019559" }, "geometry": { "type": "Polygon", "coordinates": [ [ [ -1.47914, 53.24825 ], [ -1.48009, 53.24582 ], [ -1.47406, 53.24552 ], [ -1.46664, 53.23944 ], [ -1.47755, 53.2397 ], [ -1.48171, 53.24646 ], [ -1.47914, 53.24825 ] ] ] } },
{ "type": "Feature", "properties": { "small_area": "E01027091" }, "geometry": { "type": "Polygon", "coordinates": [ [ [ -0.68469, 52.36401 ], [ -0.69279, 52.36736 ], [ -0.69377, 52.37148 ], [ -0.67992, 52.37838 ], [ -0.66311, 52.37976 ], [ -0.67165, 52.36695 ], [ -0.68469, 52.36401 ] ] ] } },
{ "type": "Feature", "properties": { "small_area": "E01033413" }, "geometry": { "type": "Polygon", "coordinates": [ [ [ -1.27238, 52.99304 ], [ -1.27861, 52.98701 ], [ -1.29473, 52.98638 ], [ -1.30072, 52.99181 ], [ -1.28922, 52.99722 ], [ -1.27238, 52.99304 ] ] ] } },
{ "type": "Feature", "properties": { "small_area": "E01027341" }, "geometry": { "type": "Polygon", "coordinates": [ [ [ -0.72681, 52.29677 ], [ -0.74059, 52.29861 ], [ -0.73269, 52.29916 ], [ -0.72965, 52.30341 ], [ -0.72921, 52.30051 ], [ -0.72408, 52.301 ], [ -0.72681, 52.29677 ] ] ] } },
{ "type": "Feature", "properties": { "small_area": "E01027340" }, "geometry": { "type": "Polygon", "coordinates": [ [ [ -0.71884, 52.29759 ], [ -0.7225, 52.29511 ], [ -0.72681, 52.29677 ], [ -0.72265, 52.30436 ], [ -0.71685, 52.30511 ], [ -0.72011, 52.30145 ], [ -0.71884, 52.29759 ] ] ] } },
{ "type": "Feature", "properties": { "small_area": "E01027343" }, "geometry": { "type": "Polygon", "coordinates": [ [ [ -0.71112, 52.31089 ], [ -0.71553, 52.30827 ], [ -0.71563, 52.31435 ], [ -0.70589, 52.31165 ], [ -0.70343, 52.31462 ], [ -0.69998, 52.30946 ], [ -0.71112, 52.31089 ] ] ] } },
{ "type": "Feature", "properties": { "small_area": "E01013560" }, "geometry": { "type": "Polygon", "coordinates": [ [ [ -1.54229, 52.90066 ], [ -1.54262, 52.90495 ], [ -1.52857, 52.90895 ], [ -1.54229, 52.90066 ] ] ] } },
{ "type": "Feature", "properties": { "small_area": "E01013563" }, "geometry": { "type": "Polygon", "coordinates": [ [ [ -1.54643, 52.90613 ], [ -1.55036, 52.90208 ], [ -1.55427, 52.90901 ], [ -1.549, 52.90972 ], [ -1.54643, 52.90613 ] ] ] } },
{ "type": "Feature", "properties": { "small_area": "E01013495" }, "geometry": { "type": "Polygon", "coordinates": [ [ [ -1.50196, 52.88159 ], [ -1.50309, 52.88455 ], [ -1.50094, 52.88782 ], [ -1.49232, 52.88664 ], [ -1.50196, 52.88159 ] ] ] } },
{ "type": "Feature", "properties": { "small_area": "E01027329" }, "geometry": { "type": "Polygon", "coordinates": [ [ [ -0.7225, 52.29511 ], [ -0.72073, 52.29043 ], [ -0.71125, 52.28376 ], [ -0.68552, 52.28017 ], [ -0.68515, 52.27742 ], [ -0.69945, 52.27204 ], [ -0.72272, 52.25349 ], [ -0.72196, 52.25982 ], [ -0.72952, 52.26731 ], [ -0.73446, 52.2792 ], [ -0.74527, 52.27974 ], [ -0.75109, 52.28536 ], [ -0.74715, 52.2903 ], [ -0.7546, 52.29038 ], [ -0.75385, 52.29339 ], [ -0.76073, 52.29596 ], [ -0.76137, 52.30594 ], [ -0.74446, 52.30311 ], [ -0.74059, 52.29861 ], [ -0.7225, 52.29511 ] ] ] } },
{ "type": "Feature", "properties": { "small_area": "E01019705" }, "geometry": { "type": "Polygon", "coordinates": [ [ [ -1.29402, 52.88551 ], [ -1.29199, 52.88852 ], [ -1.29588, 52.88919 ], [ -1.28242, 52.88778 ], [ -1.28639, 52.88494 ], [ -1.29402, 52.88551 ] ] ] } },
{ "type": "Feature", "properties": { "small_area": "E01028338" }, "geometry": { "type": "Polygon", "coordinates": [ [ [ -1.00198, 53.20082 ], [ -1.00978, 53.20638 ], [ -1.00254, 53.2125 ], [ -1.00198, 53.20082 ] ] ] } },
{ "type": "Feature", "properties": { "small_area": "E01019477" }, "geometry": { "type": "Polygon", "coordinates": [ [ [ -1.40804, 53.08413 ], [ -1.40715, 53.07158 ], [ -1.40273, 53.06362 ], [ -1.40757, 53.06019 ], [ -1.43601, 53.05834 ], [ -1.4429, 53.06468 ], [ -1.46942, 53.0707 ], [ -1.47699, 53.06837 ], [ -1.48004, 53.07375 ], [ -1.46998, 53.07579 ], [ -1.4657, 53.08257 ], [ -1.45811, 53.08344 ], [ -1.47158, 53.09922 ], [ -1.46537, 53.11078 ], [ -1.45555, 53.1096 ], [ -1.44821, 53.10365 ], [ -1.40424, 53.10659 ], [ -1.40804, 53.08413 ] ] ] } },
{ "type": "Feature", "properties": { "small_area": "E01028311" }, "geometry": { "type": "Polygon", "coordinates": [ [ [ -0.81516, 53.07026 ], [ -0.81593, 53.07417 ], [ -0.82954, 53.07128 ], [ -0.83743, 53.07525 ], [ -0.82186, 53.0915 ], [ -0.81612, 53.08319 ], [ -0.82546, 53.07971 ], [ -0.82421, 53.07696 ], [ -0.80781, 53.08199 ], [ -0.81276, 53.07661 ], [ -0.8098, 53.07446 ], [ -0.81516, 53.07026 ] ] ] } },
{ "type": "Feature", "properties": { "small_area": "E01026314" }, "geometry": { "type": "Polygon", "coordinates": [ [ [ -0.52939, 52.9762 ], [ -0.54426, 52.97677 ], [ -0.54142, 52.98133 ], [ -0.54612, 52.98549 ], [ -0.53703, 52.98814 ], [ -0.54035, 52.99151 ], [ -0.53166, 52.99265 ], [ -0.53195, 52.98979 ], [ -0.52354, 52.98816 ], [ -0.52939, 52.9762 ] ] ] } },
{ "type": "Feature", "properties": { "small_area": "E01026082" }, "geometry": { "type": "Polygon", "coordinates": [ [ [ -0.15427, 53.27126 ], [ -0.15152, 53.26515 ], [ -0.1553, 53.25906 ], [ -0.14785, 53.24556 ], [ -0.13702, 53.2406 ], [ -0.1301, 53.22953 ], [ -0.18127, 53.20838 ], [ -0.169, 53.20002 ], [ -0.13673, 53.21053 ], [ -0.13771, 53.20198 ], [ -0.12734, 53.20479 ], [ -0.12055, 53.20192 ], [ -0.11491, 53.19144 ], [ -0.12444, 53.18621 ], [ -0.11889, 53.18468 ], [ -0.12473, 53.16839 ], [ -0.10726, 53.1615 ], [ -0.1127, 53.1452 ], [ -0.13838, 53.14782 ], [ -0.14645, 53.15204 ], [ -0.13775, 53.15824 ], [ -0.16759, 53.16223 ], [ -0.18898, 53.15155 ], [ -0.19536, 53.15396 ], [ -0.17762, 53.16384 ], [ -0.21233, 53.17415 ], [ -0.21687, 53.16776 ], [ -0.24673, 53.14806 ], [ -0.28965, 53.17934 ], [ -0.2909, 53.19464 ], [ -0.30219, 53.2104 ], [ -0.2765, 53.23178 ], [ -0.28247, 53.24001 ], [ -0.28024, 53.24974 ], [ -0.27219, 53.25376 ], [ -0.26084, 53.25282 ], [ -0.22332, 53.27109 ], [ -0.17889, 53.28329 ], [ -0.14372, 53.27596 ], [ -0.15427, 53.27126 ] ] ] } },
{ "type": "Feature", "properties": { "small_area": "E01026083" }, "geometry": { "type": "Polygon", "coordinates": [ [ [ 0.33426, 53.15079 ], [ 0.33056, 53.14811 ], [ 0.31929, 53.1534 ], [ 0.30999, 53.14845 ], [ 0.30157, 53.15517 ], [ 0.31354, 53.15431 ], [ 0.31642, 53.15749 ], [ 0.33426, 53.15079 ] ] ] } },
{ "type": "Feature", "properties": { "small_area": "E01026084" }, "geometry": { "type": "Polygon", "coordinates": [ [ [ 0.33056, 53.14811 ], [ 0.33426, 53.15079 ], [ 0.32345, 53.15513 ], [ 0.32682, 53.15742 ], [ 0.32761, 53.15525 ], [ 0.3425, 53.15487 ], [ 0.33725, 53.14736 ], [ 0.33056, 53.14811 ] ] ] } },
{ "type": "Feature", "properties": { "small_area": "E01026005" }, "geometry": { "type": "Polygon", "coordinates": [ [ [ -1.10683, 52.58637 ], [ -1.1148, 52.58799 ], [ -1.10776, 52.59219 ], [ -1.10683, 52.58637 ] ] ] } },
{ "type": "Feature", "properties": { "small_area": "E01026004" }, "geometry": { "type": "Polygon", "coordinates": [ [ [ -1.08794, 52.588 ], [ -1.10152, 52.5879 ], [ -1.09454, 52.59257 ], [ -1.0903, 52.59335 ], [ -1.08794, 52.588 ] ] ] } },
{ "type": "Feature", "properties": { "small_area": "E01026073" }, "geometry": { "type": "Polygon", "coordinates": [ [ [ 0.26618, 53.3349 ], [ 0.25914, 53.33309 ], [ 0.25387, 53.33902 ], [ 0.2633, 53.34517 ], [ 0.26749, 53.3393 ], [ 0.26618, 53.3349 ] ] ] } },
{ "type": "Feature", "properties": { "small_area": "E01028076" }, "geometry": { "type": "Polygon", "coordinates": [ [ [ -1.22694, 52.93772 ], [ -1.23313, 52.93755 ], [ -1.23243, 52.94203 ], [ -1.22197, 52.94108 ], [ -1.22694, 52.93772 ] ] ] } },
{ "type": "Feature", "properties": { "small_area": "E01026003" }, "geometry": { "type": "Polygon", "coordinates": [ [ [ -1.09454, 52.59257 ], [ -1.1032, 52.58551 ], [ -1.10683, 52.58637 ], [ -1.10484, 52.59432 ], [ -1.09454, 52.59257 ] ] ] } },
{ "type": "Feature", "properties": { "small_area": "E01028006" }, "geometry": { "type": "Polygon", "coordinates": [ [ [ -0.90114, 53.30018 ], [ -0.90705, 53.29611 ], [ -0.90804, 53.28672 ], [ -0.87833, 53.2718 ], [ -0.86375, 53.27076 ], [ -0.84781, 53.25506 ], [ -0.87066, 53.24631 ], [ -0.87183, 53.2502 ], [ -0.88341, 53.25215 ], [ -0.88553, 53.25042 ], [ -0.88012, 53.24755 ], [ -0.88685, 53.24832 ], [ -0.89276, 53.254 ], [ -0.89091, 53.26321 ], [ -0.89938, 53.26282 ], [ -0.90966, 53.26845 ], [ -0.92048, 53.2671 ], [ -0.92363, 53.25365 ], [ -0.93239, 53.25558 ], [ -0.93648, 53.24875 ], [ -0.9511, 53.24757 ], [ -0.945, 53.24312 ], [ -0.94217, 53.23049 ], [ -0.94324, 53.22682 ], [ -0.95019, 53.22617 ], [ -0.96754, 53.23531 ], [ -1.0084, 53.23779 ], [ -1.02355, 53.24778 ], [ -1.02745, 53.26082 ], [ -1.01236, 53.2638 ], [ -0.99812, 53.27084 ], [ -0.99363, 53.26539 ], [ -0.98597, 53.26426 ], [ -0.9689, 53.26664 ], [ -0.96613, 53.2703 ], [ -0.95817, 53.26798 ], [ -0.95171, 53.26979 ], [ -0.94791, 53.27481 ], [ -0.97246, 53.28381 ], [ -0.97056, 53.29742 ], [ -0.93421, 53.30378 ], [ -0.90114, 53.30018 ] ] ] } },
{ "type": "Feature", "properties": { "small_area": "E01026072" }, "geometry": { "type": "Polygon", "coordinates": [ [ [ 0.24705, 53.33868 ], [ 0.25159, 53.34482 ], [ 0.25959, 53.34401 ], [ 0.26055, 53.34146 ], [ 0.25387, 53.33902 ], [ 0.25914, 53.33309 ], [ 0.22649, 53.32069 ], [ 0.21894, 53.32695 ], [ 0.24705, 53.33868 ] ] ] } },
{ "type": "Feature", "properties": { "small_area": "E01026075" }, "geometry": { "type": "Polygon", "coordinates": [ [ [ -0.01462, 53.16993 ], [ -0.01726, 53.16573 ], [ -0.00789, 53.16377 ], [ -0.03012, 53.14367 ], [ -0.02585, 53.12682 ], [ -0.04979, 53.12424 ], [ -0.04035, 53.11222 ], [ -0.05919, 53.11381 ], [ -0.06968, 53.10399 ], [ -0.06763, 53.08674 ], [ -0.07697, 53.08637 ], [ -0.0764, 53.08152 ], [ -0.09525, 53.08088 ], [ -0.10018, 53.07863 ], [ -0.10282, 53.06891 ], [ -0.11473, 53.06831 ], [ -0.09983, 53.04527 ], [ -0.10786, 53.0412 ], [ -0.11871, 53.04881 ], [ -0.13848, 53.04558 ], [ -0.14226, 53.04081 ], [ -0.1364, 53.0385 ], [ -0.13805, 53.03002 ], [ -0.18908, 53.06274 ], [ -0.17882, 53.06265 ], [ -0.18314, 53.07133 ], [ -0.16142, 53.0724 ], [ -0.16266, 53.08354 ], [ -0.14088, 53.08114 ], [ -0.14249, 53.08587 ], [ -0.12492, 53.09323 ], [ -0.14454, 53.10983 ], [ -0.15795, 53.11567 ], [ -0.16071, 53.12087 ], [ -0.15348, 53.12397 ], [ -0.13844, 53.14292 ], [ -0.13838, 53.14782 ], [ -0.1127, 53.1452 ], [ -0.10726, 53.1615 ], [ -0.0903, 53.16021 ], [ -0.07597, 53.1703 ], [ -0.01462, 53.16993 ] ] ] } },
{ "type": "Feature", "properties": { "small_area": "E01027179" }, "geometry": { "type": "Polygon", "coordinates": [ [ [ -0.85825, 52.25349 ], [ -0.86063, 52.25625 ], [ -0.86024, 52.25852 ], [ -0.85077, 52.26154 ], [ -0.85825, 52.25349 ] ] ] } },
{ "type": "Feature", "properties": { "small_area": "E01013540" }, "geometry": { "type": "Polygon", "coordinates": [ [ [ -1.52673, 52.89599 ], [ -1.5285, 52.89278 ], [ -1.54158, 52.898 ], [ -1.54303, 52.89628 ], [ -1.54863, 52.90085 ], [ -1.53437, 52.90314 ], [ -1.52673, 52.89599 ] ] ] } },
{ "type": "Feature", "properties": { "small_area": "E01013543" }, "geometry": { "type": "Polygon", "coordinates": [ [ [ -1.52594, 52.90619 ], [ -1.52242, 52.91075 ], [ -1.52598, 52.91148 ], [ -1.52253, 52.91474 ], [ -1.51374, 52.91224 ], [ -1.512, 52.90716 ], [ -1.52594, 52.90619 ] ] ] } },
{ "type": "Feature", "properties": { "small_area": "E01013542" }, "geometry": { "type": "Polygon", "coordinates": [ [ [ -1.50113, 52.90783 ], [ -1.50726, 52.90818 ], [ -1.50719, 52.90563 ], [ -1.512, 52.90716 ], [ -1.51374, 52.91224 ], [ -1.52253, 52.91474 ], [ -1.51266, 52.92137 ], [ -1.50113, 52.90783 ] ] ] } },
{ "type": "Feature", "properties": { "small_area": "E01013541" }, "geometry": { "type": "Polygon", "coordinates": [ [ [ -1.54158, 52.898 ], [ -1.5285, 52.89278 ], [ -1.52673, 52.89599 ], [ -1.52517, 52.89069 ], [ -1.53868, 52.88853 ], [ -1.54158, 52.898 ] ] ] } },
{ "type": "Feature", "properties": { "small_area": "E01027244" }, "geometry": { "type": "Polygon", "coordinates": [ [ [ -0.91828, 52.25718 ], [ -0.92134, 52.25226 ], [ -0.9298, 52.25222 ], [ -0.91828, 52.25718 ] ] ] } },
{ "type": "Feature", "properties": { "small_area": "E01027245" }, "geometry": { "type": "Polygon", "coordinates": [ [ [ -0.8262, 52.27665 ], [ -0.82768, 52.27251 ], [ -0.83855, 52.277 ], [ -0.83917, 52.28121 ], [ -0.82718, 52.28089 ], [ -0.82099, 52.27498 ], [ -0.8262, 52.27665 ] ] ] } },
{ "type": "Feature", "properties": { "small_area": "E01028388" }, "geometry": { "type": "Polygon", "coordinates": [ [ [ -1.19485, 52.838 ], [ -1.18037, 52.83943 ], [ -1.18118, 52.82934 ], [ -1.18484, 52.82707 ], [ -1.1832, 52.82894 ], [ -1.19006, 52.83101 ], [ -1.18776, 52.83352 ], [ -1.20217, 52.83231 ], [ -1.20689, 52.82398 ], [ -1.22651, 52.83374 ], [ -1.24157, 52.83726 ], [ -1.22407, 52.8484 ], [ -1.22356, 52.85426 ], [ -1.20353, 52.85194 ], [ -1.18862, 52.84428 ], [ -1.19485, 52.838 ] ] ] } },
{ "type": "Feature", "properties": { "small_area": "E01028309" }, "geometry": { "type": "Polygon", "coordinates": [ [ [ -0.8262, 53.05859 ], [ -0.83154, 53.05847 ], [ -0.83031, 53.06211 ], [ -0.84045, 53.06679 ], [ -0.81971, 53.07192 ], [ -0.8264, 53.06548 ], [ -0.81991, 53.06504 ], [ -0.8262, 53.05859 ] ] ] } },
{ "type": "Feature", "properties": { "small_area": "E01028260" }, "geometry": { "type": "Polygon", "coordinates": [ [ [ -1.16105, 53.19925 ], [ -1.13612, 53.18867 ], [ -1.14605, 53.18165 ], [ -1.152, 53.17273 ], [ -1.1988, 53.18307 ], [ -1.19506, 53.18934 ], [ -1.2016, 53.2001 ], [ -1.20098, 53.20393 ], [ -1.17398, 53.20244 ], [ -1.15917, 53.20767 ], [ -1.15503, 53.20411 ], [ -1.16105, 53.19925 ] ] ] } },
{ "type": "Feature", "properties": { "small_area": "E01028190" }, "geometry": { "type": "Polygon", "coordinates": [ [ [ -1.09036, 52.972 ], [ -1.09455, 52.97471 ], [ -1.09206, 52.98039 ], [ -1.08581, 52.97671 ], [ -1.09036, 52.972 ] ] ] } },
{ "type": "Feature", "properties": { "small_area": "E01028111" }, "geometry": { "type": "Polygon", "coordinates": [ [ [ -1.30779, 53.01399 ], [ -1.3188, 53.01602 ], [ -1.32271, 53.02158 ], [ -1.30815, 53.01926 ], [ -1.30779, 53.01399 ] ] ] } },
{ "type": "Feature", "properties": { "small_area": "E01028110" }, "geometry": { "type": "Polygon", "coordinates": [ [ [ -1.31927, 53.01034 ], [ -1.3188, 53.01602 ], [ -1.29398, 53.00901 ], [ -1.3066, 53.01008 ], [ -1.30799, 53.00385 ], [ -1.31927, 53.01034 ] ] ] } },
{ "type": "Feature", "properties": { "small_area": "E01028191" }, "geometry": { "type": "Polygon", "coordinates": [ [ [ -1.08095, 52.97413 ], [ -1.08571, 52.97045 ], [ -1.09036, 52.972 ], [ -1.08581, 52.97671 ], [ -1.08095, 52.97413 ] ] ] } },
{ "type": "Feature", "properties": { "small_area": "E01026118" }, "geometry": { "type": "Polygon", "coordinates": [ [ [ -0.20151, 53.15446 ], [ -0.20358, 53.1643 ], [ -0.21075, 53.16206 ], [ -0.21612, 53.15548 ], [ -0.22166, 53.15835 ], [ -0.22835, 53.15372 ], [ -0.21579, 53.14502 ], [ -0.21399, 53.14033 ], [ -0.20586, 53.14338 ], [ -0.18941, 53.14092 ], [ -0.21072, 53.13179 ], [ -0.22644, 53.11888 ], [ -0.22588, 53.12437 ], [ -0.24673, 53.14806 ], [ -0.21687, 53.16776 ], [ -0.21233, 53.17415 ], [ -0.17762, 53.16384 ], [ -0.19536, 53.15396 ], [ -0.20151, 53.15446 ] ] ] } },
{ "type": "Feature", "properties": { "small_area": "E01026199" }, "geometry": { "type": "Polygon", "coordinates": [ [ [ -0.61741, 53.2143 ], [ -0.62242, 53.20267 ], [ -0.61217, 53.18887 ], [ -0.62603, 53.18834 ], [ -0.62646, 53.18144 ], [ -0.61853, 53.17876 ], [ -0.66996, 53.1573 ], [ -0.67828, 53.16432 ], [ -0.68117, 53.17466 ], [ -0.68665, 53.17439 ], [ -0.68502, 53.17037 ], [ -0.68967, 53.17315 ], [ -0.70544, 53.16801 ], [ -0.71603, 53.17039 ], [ -0.71816, 53.17727 ], [ -0.76414, 53.18152 ], [ -0.76212, 53.18819 ], [ -0.75371, 53.18813 ], [ -0.73043, 53.2107 ], [ -0.71475, 53.20759 ], [ -0.6975, 53.22023 ], [ -0.67587, 53.21762 ], [ -0.6664, 53.2346 ], [ -0.66658, 53.23968 ], [ -0.65362, 53.24229 ], [ -0.65411, 53.23651 ], [ -0.6393, 53.23572 ], [ -0.63602, 53.22956 ], [ -0.61741, 53.2143 ] ] ] } },
{ "type": "Feature", "properties": { "small_area": "E01013671" }, "geometry": { "type": "Polygon", "coordinates": [ [ [ -1.06755, 52.63571 ], [ -1.07119, 52.63271 ], [ -1.07541, 52.63409 ], [ -1.08298, 52.64125 ], [ -1.06755, 52.63571 ] ] ] } },
{ "type": "Feature", "properties": { "small_area": "E01027003" }, "geometry": { "type": "Polygon", "coordinates": [ [ [ -0.91042, 52.32553 ], [ -0.89706, 52.32957 ], [ -0.90323, 52.32293 ], [ -0.91042, 52.32553 ] ] ] } },
{ "type": "Feature", "properties": { "small_area": "E01019700" }, "geometry": { "type": "Polygon", "coordinates": [ [ [ -1.28988, 52.88507 ], [ -1.28572, 52.87962 ], [ -1.29061, 52.87275 ], [ -1.30121, 52.8754 ], [ -1.30003, 52.87876 ], [ -1.30321, 52.87873 ], [ -1.29402, 52.88551 ], [ -1.28988, 52.88507 ] ] ] } },
{ "type": "Feature", "properties": { "small_area": "E01027080" }, "geometry": { "type": "Polygon", "coordinates": [ [ [ -0.71857, 52.4108 ], [ -0.72993, 52.41191 ], [ -0.72614, 52.41463 ], [ -0.71936, 52.41644 ], [ -0.71857, 52.4108 ] ] ] } },
{ "type": "Feature", "properties": { "small_area": "E01027000" }, "geometry": { "type": "Polygon", "coordinates": [ [ [ -0.91042, 52.32553 ], [ -0.90867, 52.32346 ], [ -0.9237, 52.3172 ], [ -0.92562, 52.32321 ], [ -0.91691, 52.34641 ], [ -0.90157, 52.34275 ], [ -0.90349, 52.32916 ], [ -0.91042, 52.32553 ] ] ] } },
{ "type": "Feature", "properties": { "small_area": "E01027081" }, "geometry": { "type": "Polygon", "coordinates": [ [ [ -0.7151, 52.41054 ], [ -0.70263, 52.41224 ], [ -0.70908, 52.4064 ], [ -0.7151, 52.41054 ] ] ] } },
{ "type": "Feature", "properties": { "small_area": "E01026156" }, "geometry": { "type": "Polygon", "coordinates": [ [ [ -0.52462, 53.23997 ], [ -0.52731, 53.24288 ], [ -0.52237, 53.24724 ], [ -0.51781, 53.2444 ], [ -0.52462, 53.23997 ] ] ] } },
{ "type": "Feature", "properties": { "small_area": "E01027082" }, "geometry": { "type": "Polygon", "coordinates": [ [ [ -0.70908, 52.4064 ], [ -0.71291, 52.40385 ], [ -0.71843, 52.40602 ], [ -0.71823, 52.40915 ], [ -0.71408, 52.40671 ], [ -0.71205, 52.40901 ], [ -0.70908, 52.4064 ] ] ] } },
{ "type": "Feature", "properties": { "small_area": "E01026157" }, "geometry": { "type": "Polygon", "coordinates": [ [ [ -0.51184, 53.2503 ], [ -0.51128, 53.24776 ], [ -0.52237, 53.24724 ], [ -0.51409, 53.25378 ], [ -0.50711, 53.25035 ], [ -0.51184, 53.2503 ] ] ] } },
{ "type": "Feature", "properties": { "small_area": "E01027001" }, "geometry": { "type": "Polygon", "coordinates": [ [ [ -0.89614, 52.30956 ], [ -0.91559, 52.30687 ], [ -0.92355, 52.30197 ], [ -0.92923, 52.30724 ], [ -0.92601, 52.31086 ], [ -0.92004, 52.31119 ], [ -0.9237, 52.3172 ], [ -0.90323, 52.32293 ], [ -0.89706, 52.32957 ], [ -0.88472, 52.32448 ], [ -0.88523, 52.3199 ], [ -0.89614, 52.30956 ] ] ] } },
{ "type": "Feature", "properties": { "small_area": "E01026154" }, "geometry": { "type": "Polygon", "coordinates": [ [ [ -0.52316, 53.2384 ], [ -0.52462, 53.23997 ], [ -0.51781, 53.2444 ], [ -0.51088, 53.24276 ], [ -0.52316, 53.2384 ] ] ] } },
{ "type": "Feature", "properties": { "small_area": "E01026155" }, "geometry": { "type": "Polygon", "coordinates": [ [ [ -0.4998, 53.24249 ], [ -0.50014, 53.24704 ], [ -0.5051, 53.24618 ], [ -0.5076, 53.24993 ], [ -0.4976, 53.24918 ], [ -0.49581, 53.2438 ], [ -0.4998, 53.24249 ] ] ] } },
{ "type": "Feature", "properties": { "small_area": "E01025676" }, "geometry": { "type": "Polygon", "coordinates": [ [ [ -1.10894, 52.75363 ], [ -1.11873, 52.74513 ], [ -1.14065, 52.75666 ], [ -1.1332, 52.75959 ], [ -1.14465, 52.76161 ], [ -1.1472, 52.75988 ], [ -1.14317, 52.75685 ], [ -1.15473, 52.74615 ], [ -1.15854, 52.74833 ], [ -1.15313, 52.75081 ], [ -1.16294, 52.75687 ], [ -1.16832, 52.76694 ], [ -1.13063, 52.77137 ], [ -1.10894, 52.75363 ] ] ] } },
{ "type": "Feature", "properties": { "small_area": "E01027180" }, "geometry": { "type": "Polygon", "coordinates": [ [ [ -0.85825, 52.25349 ], [ -0.85309, 52.25894 ], [ -0.85434, 52.25676 ], [ -0.84811, 52.25767 ], [ -0.84601, 52.25438 ], [ -0.85688, 52.2506 ], [ -0.85825, 52.25349 ] ] ] } },
{ "type": "Feature", "properties": { "small_area": "E01013503" }, "geometry": { "type": "Polygon", "coordinates": [ [ [ -1.44581, 52.88746 ], [ -1.44581, 52.89203 ], [ -1.43993, 52.89284 ], [ -1.4354, 52.88859 ], [ -1.44581, 52.88746 ] ] ] } },
{ "type": "Feature", "properties": { "small_area": "E01026038" }, "geometry": { "type": "Polygon", "coordinates": [ [ [ -0.02448, 52.9863 ], [ -0.03368, 52.9879 ], [ -0.03465, 52.98488 ], [ -0.047, 52.99346 ], [ -0.04673, 53.00164 ], [ -0.03402, 52.99983 ], [ -0.03267, 52.99171 ], [ -0.02536, 52.99216 ], [ -0.02448, 52.9863 ] ] ] } },
{ "type": "Feature", "properties": { "small_area": "E01028031" }, "geometry": { "type": "Polygon", "coordinates": [ [ [ -0.82003, 53.43705 ], [ -0.85176, 53.43347 ], [ -0.85142, 53.43914 ], [ -0.8475, 53.44055 ], [ -0.84277, 53.43598 ], [ -0.83952, 53.44022 ], [ -0.84507, 53.44272 ], [ -0.84472, 53.44645 ], [ -0.85007, 53.44453 ], [ -0.85392, 53.4484 ], [ -0.84962, 53.44808 ], [ -0.84876, 53.4572 ], [ -0.83597, 53.454 ], [ -0.82056, 53.44142 ], [ -0.82003, 53.43705 ] ] ] } },
{ "type": "Feature", "properties": { "small_area": "E01028030" }, "geometry": { "type": "Polygon", "coordinates": [ [ [ -1.13217, 53.38428 ], [ -1.1283, 53.38043 ], [ -1.12008, 53.37963 ], [ -1.12422, 53.37491 ], [ -1.13055, 53.37562 ], [ -1.13217, 53.38428 ] ] ] } },
{ "type": "Feature", "properties": { "small_area": "E01028033" }, "geometry": { "type": "Polygon", "coordinates": [ [ [ -0.7541, 53.31023 ], [ -0.74787, 53.30445 ], [ -0.75009, 53.29374 ], [ -0.75767, 53.29308 ], [ -0.7589, 53.29858 ], [ -0.76374, 53.2999 ], [ -0.76897, 53.29112 ], [ -0.77358, 53.29432 ], [ -0.81275, 53.2868 ], [ -0.81589, 53.27838 ], [ -0.83766, 53.27906 ], [ -0.83974, 53.28208 ], [ -0.86129, 53.27906 ], [ -0.85772, 53.26685 ], [ -0.86375, 53.27076 ], [ -0.87833, 53.2718 ], [ -0.90804, 53.28672 ], [ -0.90705, 53.29611 ], [ -0.90114, 53.30018 ], [ -0.90888, 53.30648 ], [ -0.90241, 53.31777 ], [ -0.87206, 53.32162 ], [ -0.87245, 53.32493 ], [ -0.85511, 53.32307 ], [ -0.80545, 53.32646 ], [ -0.80539, 53.32128 ], [ -0.75436, 53.32018 ], [ -0.7541, 53.31023 ] ] ] } },
{ "type": "Feature", "properties": { "small_area": "E01028032" }, "geometry": { "type": "Polygon", "coordinates": [ [ [ -0.80986, 53.4438 ], [ -0.82056, 53.44142 ], [ -0.83597, 53.454 ], [ -0.84876, 53.4572 ], [ -0.84962, 53.44808 ], [ -0.85392, 53.4484 ], [ -0.85007, 53.44453 ], [ -0.84472, 53.44645 ], [ -0.84507, 53.44272 ], [ -0.83952, 53.44022 ], [ -0.84277, 53.43598 ], [ -0.8475, 53.44055 ], [ -0.85142, 53.43914 ], [ -0.85176, 53.43347 ], [ -0.8925, 53.43871 ], [ -0.90439, 53.4342 ], [ -0.91141, 53.43645 ], [ -0.91342, 53.44955 ], [ -0.90652, 53.45949 ], [ -0.92211, 53.45649 ], [ -0.91626, 53.46028 ], [ -0.87373, 53.4615 ], [ -0.86999, 53.46608 ], [ -0.79791, 53.45534 ], [ -0.80986, 53.4438 ] ] ] } },
{ "type": "Feature", "properties": { "small_area": "E01028035" }, "geometry": { "type": "Polygon", "coordinates": [ [ [ -0.77437, 53.37852 ], [ -0.78515, 53.37458 ], [ -0.79041, 53.36346 ], [ -0.78062, 53.36166 ], [ -0.77283, 53.36416 ], [ -0.75818, 53.35398 ], [ -0.76429, 53.34632 ], [ -0.75618, 53.33941 ], [ -0.76593, 53.3301 ], [ -0.75991, 53.325 ], [ -0.7515, 53.32549 ], [ -0.75436, 53.32018 ], [ -0.80539, 53.32128 ], [ -0.80545, 53.32646 ], [ -0.85511, 53.32307 ], [ -0.87245, 53.32493 ], [ -0.86718, 53.34059 ], [ -0.88712, 53.36145 ], [ -0.88222, 53.38104 ], [ -0.89137, 53.38176 ], [ -0.88862, 53.38509 ], [ -0.85986, 53.38997 ], [ -0.84937, 53.38411 ], [ -0.82436, 53.3817 ], [ -0.78066, 53.38334 ], [ -0.77437, 53.37852 ] ] ] } },
{ "type": "Feature", "properties": { "small_area": "E01026039" }, "geometry": { "type": "Polygon", "coordinates": [ [ [ -0.05838, 52.96989 ], [ -0.04968, 52.97014 ], [ -0.0501, 52.96202 ], [ -0.0456, 52.96418 ], [ -0.03721, 52.9605 ], [ -0.03597, 52.95549 ], [ -0.05354, 52.95354 ], [ -0.07215, 52.96822 ], [ -0.0846, 52.96753 ], [ -0.08238, 52.9846 ], [ -0.05766, 52.98259 ], [ -0.05838, 52.96989 ] ] ] } },
{ "type": "Feature", "properties": { "small_area": "E01027267" }, "geometry": { "type": "Polygon", "coordinates": [ [ [ -1.14375, 52.0326 ], [ -1.14723, 52.02894 ], [ -1.15777, 52.03434 ], [ -1.14375, 52.0326 ] ] ] } },
{ "type": "Feature", "properties": { "small_area": "E01027072" }, "geometry": { "type": "Polygon", "coordinates": [ [ [ -0.62065, 52.28908 ], [ -0.61294, 52.2917 ], [ -0.61135, 52.28736 ], [ -0.61542, 52.28507 ], [ -0.62065, 52.28908 ] ] ] } },
{ "type": "Feature", "properties": { "small_area": "E01027075" }, "geometry": { "type": "Polygon", "coordinates": [ [ [ -0.523, 52.39452 ], [ -0.52971, 52.39558 ], [ -0.5279, 52.39981 ], [ -0.53985, 52.40607 ], [ -0.53357, 52.40888 ], [ -0.51596, 52.40734 ], [ -0.523, 52.39452 ] ] ] } },
{ "type": "Feature", "properties": { "small_area": "E01027073" }, "geometry": { "type": "Polygon", "coordinates": [ [ [ -0.61135, 52.28736 ], [ -0.61294, 52.2917 ], [ -0.60021, 52.28907 ], [ -0.61135, 52.28736 ] ] ] } },
{ "type": "Feature", "properties": { "small_area": "E01013799" }, "geometry": { "type": "Polygon", "coordinates": [ [ [ -0.72756, 52.66817 ], [ -0.73357, 52.6688 ], [ -0.73202, 52.67865 ], [ -0.72202, 52.67617 ], [ -0.72756, 52.66817 ] ] ] } },
{ "type": "Feature", "properties": { "small_area": "E01019771" }, "geometry": { "type": "Polygon", "coordinates": [ [ [ -1.47069, 53.25725 ], [ -1.47702, 53.25287 ], [ -1.47379, 53.2496 ], [ -1.48171, 53.24646 ], [ -1.47755, 53.2397 ], [ -1.47186, 53.23947 ], [ -1.47188, 53.2334 ], [ -1.48398, 53.23246 ], [ -1.48196, 53.22623 ], [ -1.47714, 53.22606 ], [ -1.47955, 53.22225 ], [ -1.48785, 53.22228 ], [ -1.49751, 53.21451 ], [ -1.49569, 53.21994 ], [ -1.51763, 53.22537 ], [ -1.52146, 53.21788 ], [ -1.5361, 53.21602 ], [ -1.54251, 53.21185 ], [ -1.56915, 53.22313 ], [ -1.56507, 53.22984 ], [ -1.57205, 53.24101 ], [ -1.5513, 53.25435 ], [ -1.4806, 53.26333 ], [ -1.47069, 53.25725 ] ] ] } },
{ "type": "Feature", "properties": { "small_area": "E01019770" }, "geometry": { "type": "Polygon", "coordinates": [ [ [ -1.537, 53.3047 ], [ -1.53128, 53.31062 ], [ -1.52617, 53.3104 ], [ -1.5235, 53.30499 ], [ -1.4984, 53.29585 ], [ -1.48233, 53.29566 ], [ -1.48522, 53.28708 ], [ -1.45979, 53.27992 ], [ -1.46694, 53.27463 ], [ -1.46273, 53.27033 ], [ -1.4806, 53.26333 ], [ -1.53122, 53.25881 ], [ -1.5513, 53.25435 ], [ -1.55722, 53.24949 ], [ -1.56578, 53.26141 ], [ -1.58494, 53.26268 ], [ -1.58282, 53.27043 ], [ -1.58939, 53.27872 ], [ -1.57886, 53.28696 ], [ -1.59744, 53.29574 ], [ -1.59908, 53.31136 ], [ -1.58503, 53.32157 ], [ -1.579, 53.31667 ], [ -1.58308, 53.31568 ], [ -1.58053, 53.31172 ], [ -1.56132, 53.31586 ], [ -1.55582, 53.31169 ], [ -1.56186, 53.30663 ], [ -1.537, 53.3047 ] ] ] } },
{ "type": "Feature", "properties": { "small_area": "E01025711" }, "geometry": { "type": "Polygon", "coordinates": [ [ [ -1.2188, 52.75179 ], [ -1.22753, 52.75765 ], [ -1.22233, 52.76066 ], [ -1.21238, 52.75762 ], [ -1.2188, 52.75179 ] ] ] } },
{ "type": "Feature", "properties": { "small_area": "E01025790" }, "geometry": { "type": "Polygon", "coordinates": [ [ [ -1.21061, 52.45754 ], [ -1.22552, 52.45335 ], [ -1.22652, 52.45605 ], [ -1.22228, 52.45932 ], [ -1.20698, 52.4667 ], [ -1.21061, 52.45754 ] ] ] } },
{ "type": "Feature", "properties": { "small_area": "E01013798" }, "geometry": { "type": "Polygon", "coordinates": [ [ [ -0.72359, 52.67346 ], [ -0.72202, 52.67617 ], [ -0.73202, 52.67865 ], [ -0.73048, 52.68118 ], [ -0.72239, 52.68012 ], [ -0.7213, 52.68328 ], [ -0.71214, 52.67861 ], [ -0.72359, 52.67346 ] ] ] } },
{ "type": "Feature", "properties": { "small_area": "E01013718" }, "geometry": { "type": "Polygon", "coordinates": [ [ [ -1.11177, 52.6481 ], [ -1.11662, 52.64709 ], [ -1.1187, 52.64891 ], [ -1.11177, 52.6481 ] ] ] } },
{ "type": "Feature", "properties": { "small_area": "E01013625" }, "geometry": { "type": "Polygon", "coordinates": [ [ [ -1.11651, 52.65747 ], [ -1.12179, 52.65124 ], [ -1.12258, 52.65379 ], [ -1.12016, 52.65868 ], [ -1.11651, 52.65747 ] ] ] } },
{ "type": "Feature", "properties": { "small_area": "E01028091" }, "geometry": { "type": "Polygon", "coordinates": [ [ [ -1.23313, 52.93755 ], [ -1.22694, 52.93772 ], [ -1.22337, 52.93372 ], [ -1.24167, 52.93846 ], [ -1.23243, 52.94203 ], [ -1.23313, 52.93755 ] ] ] } },
{ "type": "Feature", "properties": { "small_area": "E01028010" }, "geometry": { "type": "Polygon", "coordinates": [ [ [ -0.90888, 53.30648 ], [ -0.90437, 53.30095 ], [ -0.93421, 53.30378 ], [ -0.93722, 53.31017 ], [ -0.93514, 53.31581 ], [ -0.92906, 53.31209 ], [ -0.92241, 53.31283 ], [ -0.9237, 53.31981 ], [ -0.90344, 53.31362 ], [ -0.90888, 53.30648 ] ] ] } },
{ "type": "Feature", "properties": { "small_area": "E01028013" }, "geometry": { "type": "Polygon", "coordinates": [ [ [ -0.95008, 53.3229 ], [ -0.95541, 53.32527 ], [ -0.95297, 53.33062 ], [ -0.94903, 53.32729 ], [ -0.94801, 53.32972 ], [ -0.94125, 53.32875 ], [ -0.94172, 53.3363 ], [ -0.93545, 53.32918 ], [ -0.95008, 53.3229 ] ] ] } },
{ "type": "Feature", "properties": { "small_area": "E01028092" }, "geometry": { "type": "Polygon", "coordinates": [ [ [ -1.30709, 53.03873 ], [ -1.30852, 53.02929 ], [ -1.32803, 53.02922 ], [ -1.33281, 53.03514 ], [ -1.32598, 53.03527 ], [ -1.32167, 53.04078 ], [ -1.31526, 53.03644 ], [ -1.31033, 53.04062 ], [ -1.31461, 53.04821 ], [ -1.30682, 53.04724 ], [ -1.30785, 53.04299 ], [ -1.30111, 53.04326 ], [ -1.30709, 53.03873 ] ] ] } },
{ "type": "Feature", "properties": { "small_area": "E01028012" }, "geometry": { "type": "Polygon", "coordinates": [ [ [ -0.92241, 53.31283 ], [ -0.92906, 53.31209 ], [ -0.93877, 53.318 ], [ -0.93549, 53.32183 ], [ -0.92958, 53.31871 ], [ -0.9237, 53.31981 ], [ -0.92241, 53.31283 ] ] ] } },
{ "type": "Feature", "properties": { "small_area": "E01032971" }, "geometry": { "type": "Polygon", "coordinates": [ [ [ -0.82068, 52.44081 ], [ -0.82253, 52.4468 ], [ -0.81237, 52.4451 ], [ -0.82068, 52.44081 ] ] ] } },
{ "type": "Feature", "properties": { "small_area": "E01028093" }, "geometry": { "type": "Polygon", "coordinates": [ [ [ -1.319, 53.04731 ], [ -1.31461, 53.04821 ], [ -1.31033, 53.04062 ], [ -1.31526, 53.03644 ], [ -1.32167, 53.04078 ], [ -1.32598, 53.03527 ], [ -1.33281, 53.03514 ], [ -1.33587, 53.05295 ], [ -1.32963, 53.05446 ], [ -1.319, 53.04731 ] ] ] } },
{ "type": "Feature", "properties": { "small_area": "E01028011" }, "geometry": { "type": "Polygon", "coordinates": [ [ [ -0.93805, 53.32528 ], [ -0.93397, 53.32387 ], [ -0.93877, 53.318 ], [ -0.94055, 53.32521 ], [ -0.93426, 53.32909 ], [ -0.93805, 53.32528 ] ] ] } },
{ "type": "Feature", "properties": { "small_area": "E01019668" }, "geometry": { "type": "Polygon", "coordinates": [ [ [ -1.31907, 52.95864 ], [ -1.32367, 52.95902 ], [ -1.32657, 52.96346 ], [ -1.31333, 52.95819 ], [ -1.32201, 52.95731 ], [ -1.31907, 52.95864 ] ] ] } },
{ "type": "Feature", "properties": { "small_area": "E01019606" }, "geometry": { "type": "Polygon", "coordinates": [ [ [ -1.57886, 53.28696 ], [ -1.58939, 53.27872 ], [ -1.58282, 53.27043 ], [ -1.58494, 53.26268 ], [ -1.56578, 53.26141 ], [ -1.55722, 53.24949 ], [ -1.57205, 53.24101 ], [ -1.56507, 53.22984 ], [ -1.56915, 53.22313 ], [ -1.54251, 53.21185 ], [ -1.51724, 53.20605 ], [ -1.51765, 53.20075 ], [ -1.5483, 53.1999 ], [ -1.55299, 53.19627 ], [ -1.58173, 53.19157 ], [ -1.61446, 53.19822 ], [ -1.62026, 53.19655 ], [ -1.66084, 53.21858 ], [ -1.65301, 53.23791 ], [ -1.6475, 53.23865 ], [ -1.65534, 53.24426 ], [ -1.65022, 53.24366 ], [ -1.65348, 53.24879 ], [ -1.63829, 53.26244 ], [ -1.62995, 53.2618 ], [ -1.62672, 53.25667 ], [ -1.61907, 53.26017 ], [ -1.60058, 53.25747 ], [ -1.5849, 53.2623 ], [ -1.60006, 53.26645 ], [ -1.59649, 53.26962 ], [ -1.60847, 53.2775 ], [ -1.61922, 53.27385 ], [ -1.6304, 53.28199 ], [ -1.62331, 53.28252 ], [ -1.62721, 53.28715 ], [ -1.61827, 53.28935 ], [ -1.61687, 53.29432 ], [ -1.60751, 53.29786 ], [ -1.57886, 53.28696 ] ] ] } },
{ "type": "Feature", "properties": { "small_area": "E01019687" }, "geometry": { "type": "Polygon", "coordinates": [ [ [ -1.37875, 52.91059 ], [ -1.37609, 52.91332 ], [ -1.36899, 52.91187 ], [ -1.37134, 52.90609 ], [ -1.3769, 52.90606 ], [ -1.37875, 52.91059 ] ] ] } },
{ "type": "Feature", "properties": { "small_area": "E01019818" }, "geometry": { "type": "Polygon", "coordinates": [ [ [ -1.40984, 53.12078 ], [ -1.41393, 53.12036 ], [ -1.41113, 53.12242 ], [ -1.41496, 53.12411 ], [ -1.41864, 53.12334 ], [ -1.41662, 53.12028 ], [ -1.42451, 53.11938 ], [ -1.42966, 53.12878 ], [ -1.42125, 53.14339 ], [ -1.41323, 53.1419 ], [ -1.41251, 53.13418 ], [ -1.41903, 53.134 ], [ -1.41404, 53.13145 ], [ -1.41725, 53.12921 ], [ -1.41205, 53.12937 ], [ -1.40699, 53.12513 ], [ -1.40984, 53.12078 ] ] ] } },
{ "type": "Feature", "properties": { "small_area": "E01025659" }, "geometry": { "type": "Polygon", "coordinates": [ [ [ -1.15493, 52.57822 ], [ -1.14384, 52.57277 ], [ -1.13268, 52.57356 ], [ -1.1344, 52.56576 ], [ -1.15981, 52.57076 ], [ -1.16329, 52.57443 ], [ -1.1731, 52.57354 ], [ -1.1689, 52.58157 ], [ -1.1635, 52.58057 ], [ -1.16102, 52.58323 ], [ -1.15274, 52.58068 ], [ -1.15493, 52.57822 ] ] ] } },
{ "type": "Feature", "properties": { "small_area": "E01019607" }, "geometry": { "type": "Polygon", "coordinates": [ [ [ -1.638, 52.98713 ], [ -1.65256, 52.99302 ], [ -1.65697, 52.98784 ], [ -1.6691, 52.98706 ], [ -1.66036, 52.97283 ], [ -1.67401, 52.95422 ], [ -1.70806, 52.97028 ], [ -1.72125, 52.97065 ], [ -1.72926, 52.97551 ], [ -1.73465, 52.97145 ], [ -1.75017, 52.97366 ], [ -1.75782, 52.96355 ], [ -1.76361, 52.9636 ], [ -1.76463, 52.95841 ], [ -1.7866, 52.9731 ], [ -1.7833, 52.97574 ], [ -1.78908, 52.97636 ], [ -1.79678, 52.98509 ], [ -1.79339, 52.98962 ], [ -1.78753, 52.98941 ], [ -1.7892, 52.99281 ], [ -1.76257, 52.99965 ], [ -1.76622, 53.00707 ], [ -1.76349, 53.01135 ], [ -1.75155, 53.00677 ], [ -1.74507, 53.01042 ], [ -1.72706, 53.0035 ], [ -1.70776, 53.00067 ], [ -1.70782, 53.01385 ], [ -1.68745, 53.01389 ], [ -1.6921, 53.02115 ], [ -1.66566, 53.02732 ], [ -1.65958, 53.02302 ], [ -1.63972, 53.02869 ], [ -1.64638, 53.02325 ], [ -1.64854, 53.01421 ], [ -1.64684, 53.00881 ], [ -1.63306, 53.00288 ], [ -1.638, 52.98713 ] ] ] } },
{ "type": "Feature", "properties": { "small_area": "E01019686" }, "geometry": { "type": "Polygon", "coordinates": [ [ [ -1.35792, 52.92737 ], [ -1.35527, 52.91964 ], [ -1.35971, 52.91282 ], [ -1.36908, 52.91786 ], [ -1.38817, 52.91695 ], [ -1.38901, 52.92262 ], [ -1.38394, 52.9238 ], [ -1.3853, 52.92636 ], [ -1.3726, 52.9419 ], [ -1.35459, 52.94298 ], [ -1.35315, 52.93574 ], [ -1.34477, 52.92989 ], [ -1.35792, 52.92737 ] ] ] } },
{ "type": "Feature", "properties": { "small_area": "E01025868" }, "geometry": { "type": "Polygon", "coordinates": [ [ [ -1.2774, 52.68767 ], [ -1.27279, 52.68714 ], [ -1.27676, 52.68337 ], [ -1.28946, 52.68452 ], [ -1.28421, 52.68924 ], [ -1.28653, 52.69246 ], [ -1.28103, 52.69394 ], [ -1.2774, 52.68767 ] ] ] } },
{ "type": "Feature", "properties": { "small_area": "E01028173" }, "geometry": { "type": "Polygon", "coordinates": [ [ [ -1.09928, 53.01845 ], [ -1.09942, 53.0154 ], [ -1.10547, 53.01519 ], [ -1.11415, 53.00644 ], [ -1.11808, 53.00957 ], [ -1.11491, 53.02141 ], [ -1.09928, 53.01845 ] ] ] } },
{ "type": "Feature", "properties": { "small_area": "E01032600" }, "geometry": { "type": "Polygon", "coordinates": [ [ [ -1.11441, 52.58826 ], [ -1.11882, 52.59214 ], [ -1.1144, 52.59428 ], [ -1.11812, 52.59436 ], [ -1.11733, 52.59695 ], [ -1.10776, 52.59219 ], [ -1.11441, 52.58826 ] ] ] } },
{ "type": "Feature", "properties": { "small_area": "E01027967" }, "geometry": { "type": "Polygon", "coordinates": [ [ [ -1.25004, 53.13229 ], [ -1.25818, 53.12696 ], [ -1.26001, 53.12913 ], [ -1.25317, 53.13499 ], [ -1.25004, 53.13229 ] ] ] } },
{ "type": "Feature", "properties": { "small_area": "E01027159" }, "geometry": { "type": "Polygon", "coordinates": [ [ [ -0.90171, 52.2144 ], [ -0.90371, 52.21834 ], [ -0.8932, 52.2256 ], [ -0.88643, 52.21699 ], [ -0.90171, 52.2144 ] ] ] } },
{ "type": "Feature", "properties": { "small_area": "E01027158" }, "geometry": { "type": "Polygon", "coordinates": [ [ [ -0.89923, 52.22595 ], [ -0.91403, 52.22554 ], [ -0.91223, 52.22981 ], [ -0.90358, 52.23037 ], [ -0.89923, 52.22595 ] ] ] } },
{ "type": "Feature", "properties": { "small_area": "E01013733" }, "geometry": { "type": "Polygon", "coordinates": [ [ [ -1.07049, 52.66509 ], [ -1.0878, 52.6554 ], [ -1.09877, 52.65627 ], [ -1.09399, 52.66365 ], [ -1.08936, 52.66234 ], [ -1.08784, 52.66676 ], [ -1.08043, 52.66622 ], [ -1.07509, 52.66961 ], [ -1.06446, 52.66471 ], [ -1.07049, 52.66509 ] ] ] } },
{ "type": "Feature", "properties": { "small_area": "E01013732" }, "geometry": { "type": "Polygon", "coordinates": [ [ [ -1.09877, 52.65627 ], [ -1.0878, 52.6554 ], [ -1.09297, 52.65153 ], [ -1.10607, 52.65474 ], [ -1.09877, 52.65627 ] ] ] } },
{ "type": "Feature", "properties": { "small_area": "E01025737" }, "geometry": { "type": "Polygon", "coordinates": [ [ [ -1.11997, 52.72009 ], [ -1.12387, 52.71413 ], [ -1.12019, 52.70585 ], [ -1.12845, 52.70282 ], [ -1.13186, 52.70913 ], [ -1.13847, 52.70988 ], [ -1.13852, 52.71519 ], [ -1.14312, 52.71585 ], [ -1.12834, 52.72873 ], [ -1.11997, 52.72009 ] ] ] } },
{ "type": "Feature", "properties": { "small_area": "E01025734" }, "geometry": { "type": "Polygon", "coordinates": [ [ [ -1.17352, 52.73277 ], [ -1.1643, 52.72722 ], [ -1.18104, 52.72265 ], [ -1.18703, 52.7374 ], [ -1.19419, 52.73906 ], [ -1.19909, 52.74457 ], [ -1.18339, 52.74896 ], [ -1.17294, 52.74443 ], [ -1.17352, 52.73277 ] ] ] } },
{ "type": "Feature", "properties": { "small_area": "E01028129" }, "geometry": { "type": "Polygon", "coordinates": [ [ [ -1.25762, 52.92848 ], [ -1.26694, 52.92943 ], [ -1.2616, 52.93316 ], [ -1.26782, 52.93598 ], [ -1.26028, 52.93923 ], [ -1.25762, 52.92848 ] ] ] } },
{ "type": "Feature", "properties": { "small_area": "E01027142" }, "geometry": { "type": "Polygon", "coordinates": [ [ [ -0.80868, 52.25177 ], [ -0.81183, 52.25006 ], [ -0.81579, 52.25488 ], [ -0.81939, 52.25433 ], [ -0.8103, 52.26038 ], [ -0.80868, 52.25177 ] ] ] } },
{ "type": "Feature", "properties": { "small_area": "E01027143" }, "geometry": { "type": "Polygon", "coordinates": [ [ [ -0.90454, 52.26568 ], [ -0.91524, 52.27087 ], [ -0.9113, 52.27265 ], [ -0.90922, 52.26956 ], [ -0.90199, 52.27255 ], [ -0.90454, 52.26568 ] ] ] } },
{ "type": "Feature", "properties": { "small_area": "E01027144" }, "geometry": { "type": "Polygon", "coordinates": [ [ [ -0.91524, 52.27087 ], [ -0.92156, 52.27659 ], [ -0.91025, 52.2767 ], [ -0.91524, 52.27087 ] ] ] } },
{ "type": "Feature", "properties": { "small_area": "E01027145" }, "geometry": { "type": "Polygon", "coordinates": [ [ [ -0.89494, 52.26851 ], [ -0.89318, 52.27063 ], [ -0.90021, 52.27242 ], [ -0.88513, 52.27537 ], [ -0.89494, 52.26851 ] ] ] } },
{ "type": "Feature", "properties": { "small_area": "E01027146" }, "geometry": { "type": "Polygon", "coordinates": [ [ [ -0.90922, 52.26956 ], [ -0.9113, 52.27265 ], [ -0.91025, 52.2767 ], [ -0.90508, 52.27821 ], [ -0.90021, 52.27242 ], [ -0.90922, 52.26956 ] ] ] } },
{ "type": "Feature", "properties": { "small_area": "E01027147" }, "geometry": { "type": "Polygon", "coordinates": [ [ [ -0.89318, 52.27063 ], [ -0.90009, 52.26276 ], [ -0.90454, 52.26568 ], [ -0.90199, 52.27255 ], [ -0.89318, 52.27063 ] ] ] } },
{ "type": "Feature", "properties": { "small_area": "E01019678" }, "geometry": { "type": "Polygon", "coordinates": [ [ [ -1.27753, 52.88362 ], [ -1.27426, 52.88731 ], [ -1.2659, 52.88769 ], [ -1.26522, 52.89351 ], [ -1.26229, 52.88982 ], [ -1.26748, 52.87674 ], [ -1.27753, 52.88362 ] ] ] } },
{ "type": "Feature", "properties": { "small_area": "E01027140" }, "geometry": { "type": "Polygon", "coordinates": [ [ [ -0.7951, 52.25407 ], [ -0.79137, 52.24194 ], [ -0.84008, 52.23737 ], [ -0.84468, 52.24017 ], [ -0.83755, 52.24559 ], [ -0.83366, 52.24139 ], [ -0.81365, 52.24922 ], [ -0.8191, 52.25397 ], [ -0.81579, 52.25488 ], [ -0.81183, 52.25006 ], [ -0.7951, 52.25407 ] ] ] } },
{ "type": "Feature", "properties": { "small_area": "E01025698" }, "geometry": { "type": "Polygon", "coordinates": [ [ [ -1.25046, 52.76615 ], [ -1.24341, 52.76739 ], [ -1.24494, 52.7712 ], [ -1.24884, 52.77102 ], [ -1.24671, 52.77501 ], [ -1.2375, 52.77374 ], [ -1.24039, 52.76795 ], [ -1.24807, 52.76468 ], [ -1.25046, 52.76615 ] ] ] } },
{ "type": "Feature", "properties": { "small_area": "E01025619" }, "geometry": { "type": "Polygon", "coordinates": [ [ [ -1.15381, 52.55433 ], [ -1.15123, 52.55616 ], [ -1.15535, 52.56004 ], [ -1.14005, 52.5631 ], [ -1.14031, 52.55557 ], [ -1.15381, 52.55433 ] ] ] } },
{ "type": "Feature", "properties": { "small_area": "E01025699" }, "geometry": { "type": "Polygon", "coordinates": [ [ [ -1.20573, 52.7719 ], [ -1.20015, 52.77519 ], [ -1.19732, 52.77258 ], [ -1.20099, 52.76799 ], [ -1.20573, 52.7719 ] ] ] } },
{ "type": "Feature", "properties": { "small_area": "E01025618" }, "geometry": { "type": "MultiPolygon", "coordinates": [ [ [ [ -1.13199, 52.55396 ], [ -1.14338, 52.55299 ], [ -1.14594, 52.54709 ], [ -1.154, 52.5517 ], [ -1.13221, 52.557 ], [ -1.13199, 52.55396 ] ] ], [ [ [ -1.13226, 52.55774 ], [ -1.12692, 52.55793 ], [ -1.13221, 52.557 ], [ -1.13226, 52.55774 ] ] ] ] } },
{ "type": "Feature", "properties": { "small_area": "E01019679" }, "geometry": { "type": "Polygon", "coordinates": [ [ [ -1.26581, 52.90001 ], [ -1.27159, 52.89973 ], [ -1.27645, 52.90459 ], [ -1.26233, 52.90417 ], [ -1.26581, 52.90001 ] ] ] } },
{ "type": "Feature", "properties": { "small_area": "E01025620" }, "geometry": { "type": "Polygon", "coordinates": [ [ [ -1.24798, 52.54202 ], [ -1.24705, 52.54528 ], [ -1.258, 52.54836 ], [ -1.25116, 52.5574 ], [ -1.23861, 52.55833 ], [ -1.23833, 52.55492 ], [ -1.24581, 52.55413 ], [ -1.23618, 52.55167 ], [ -1.24798, 52.54202 ] ] ] } },
{ "type": "Feature", "properties": { "small_area": "E01013905" }, "geometry": { "type": "Polygon", "coordinates": [ [ [ -1.18829, 52.89833 ], [ -1.19374, 52.89793 ], [ -1.19186, 52.90279 ], [ -1.18392, 52.90439 ], [ -1.18829, 52.89833 ] ] ] } },
{ "type": "Feature", "properties": { "small_area": "E01013824" }, "geometry": { "type": "Polygon", "coordinates": [ [ [ -1.20906, 52.97304 ], [ -1.20945, 52.97597 ], [ -1.2003, 52.97399 ], [ -1.20906, 52.97304 ] ] ] } },
{ "type": "Feature", "properties": { "small_area": "E01013827" }, "geometry": { "type": "Polygon", "coordinates": [ [ [ -1.15945, 52.98692 ], [ -1.17035, 52.98451 ], [ -1.17536, 52.98818 ], [ -1.1658, 52.98979 ], [ -1.15945, 52.98692 ] ] ] } },
{ "type": "Feature", "properties": { "small_area": "E01013826" }, "geometry": { "type": "Polygon", "coordinates": [ [ [ -1.22322, 52.98198 ], [ -1.22253, 52.98601 ], [ -1.2175, 52.98381 ], [ -1.20707, 52.98693 ], [ -1.20682, 52.98042 ], [ -1.22322, 52.98198 ] ] ] } },
{ "type": "Feature", "properties": { "small_area": "E01025847" }, "geometry": { "type": "Polygon", "coordinates": [ [ [ -1.21273, 52.65428 ], [ -1.22417, 52.65048 ], [ -1.22939, 52.65309 ], [ -1.22986, 52.65708 ], [ -1.21621, 52.65643 ], [ -1.20436, 52.66136 ], [ -1.21273, 52.65428 ] ] ] } },
{ "type": "Feature", "properties": { "small_area": "E01033411" }, "geometry": { "type": "Polygon", "coordinates": [ [ [ -1.14212, 52.9577 ], [ -1.14169, 52.96328 ], [ -1.13544, 52.95935 ], [ -1.14212, 52.9577 ] ] ] } },
{ "type": "Feature", "properties": { "small_area": "E01026043" }, "geometry": { "type": "Polygon", "coordinates": [ [ [ 0.19181, 53.25108 ], [ 0.17488, 53.24827 ], [ 0.16646, 53.25031 ], [ 0.16036, 53.25691 ], [ 0.16699, 53.25952 ], [ 0.15847, 53.26104 ], [ 0.1617, 53.26254 ], [ 0.1589, 53.2641 ], [ 0.17509, 53.25911 ], [ 0.17701, 53.25325 ], [ 0.18032, 53.25884 ], [ 0.18898, 53.25761 ], [ 0.19181, 53.25108 ] ] ] } },
{ "type": "Feature", "properties": { "small_area": "E01027207" }, "geometry": { "type": "Polygon", "coordinates": [ [ [ -0.9395, 52.25501 ], [ -0.95169, 52.25312 ], [ -0.95394, 52.25712 ], [ -0.95172, 52.25969 ], [ -0.9395, 52.25501 ] ] ] } },
{ "type": "Feature", "properties": { "small_area": "E01025758" }, "geometry": { "type": "Polygon", "coordinates": [ [ [ -1.09573, 52.69922 ], [ -1.0824, 52.69324 ], [ -1.0826, 52.68547 ], [ -1.10808, 52.69195 ], [ -1.11015, 52.70025 ], [ -1.11944, 52.70218 ], [ -1.1199, 52.70913 ], [ -1.09864, 52.70309 ], [ -1.08036, 52.71042 ], [ -1.08853, 52.70076 ], [ -1.09573, 52.69922 ] ] ] } },
{ "type": "Feature", "properties": { "small_area": "E01025897" }, "geometry": { "type": "Polygon", "coordinates": [ [ [ -0.88845, 52.75796 ], [ -0.91089, 52.75674 ], [ -0.90438, 52.76427 ], [ -0.89563, 52.76647 ], [ -0.88972, 52.76438 ], [ -0.88845, 52.75796 ] ] ] } },
{ "type": "Feature", "properties": { "small_area": "E01019475" }, "geometry": { "type": "Polygon", "coordinates": [ [ [ -1.39352, 53.06704 ], [ -1.40715, 53.07158 ], [ -1.40804, 53.08413 ], [ -1.39352, 53.06704 ] ] ] } },
{ "type": "Feature", "properties": { "small_area": "E01028337" }, "geometry": { "type": "Polygon", "coordinates": [ [ [ -0.79189, 53.13589 ], [ -0.80192, 53.13372 ], [ -0.80834, 53.12274 ], [ -0.80182, 53.11693 ], [ -0.80422, 53.11046 ], [ -0.79302, 53.10793 ], [ -0.80339, 53.09724 ], [ -0.82084, 53.10724 ], [ -0.83545, 53.09953 ], [ -0.86299, 53.10652 ], [ -0.89706, 53.10969 ], [ -0.90023, 53.1147 ], [ -0.88671, 53.11358 ], [ -0.88447, 53.11684 ], [ -0.86268, 53.11823 ], [ -0.85939, 53.12734 ], [ -0.86764, 53.12827 ], [ -0.86456, 53.13382 ], [ -0.84324, 53.14309 ], [ -0.82259, 53.13842 ], [ -0.81632, 53.1341 ], [ -0.80482, 53.13652 ], [ -0.79939, 53.14222 ], [ -0.79143, 53.14203 ], [ -0.79189, 53.13589 ] ] ] } },
{ "type": "Feature", "properties": { "small_area": "E01026398" }, "geometry": { "type": "Polygon", "coordinates": [ [ [ -0.66315, 53.26797 ], [ -0.65987, 53.26995 ], [ -0.6589, 53.2669 ], [ -0.65546, 53.26827 ], [ -0.65445, 53.26548 ], [ -0.62574, 53.26297 ], [ -0.61147, 53.2564 ], [ -0.62248, 53.25811 ], [ -0.64848, 53.25308 ], [ -0.64695, 53.24588 ], [ -0.66658, 53.23968 ], [ -0.68803, 53.25837 ], [ -0.69178, 53.25786 ], [ -0.67344, 53.27357 ], [ -0.66315, 53.26797 ] ] ] } },
{ "type": "Feature", "properties": { "small_area": "E01026313" }, "geometry": { "type": "Polygon", "coordinates": [ [ [ -0.54035, 52.99151 ], [ -0.53703, 52.98814 ], [ -0.54612, 52.98549 ], [ -0.54142, 52.98133 ], [ -0.54426, 52.97677 ], [ -0.52939, 52.9762 ], [ -0.52618, 52.96937 ], [ -0.54039, 52.96731 ], [ -0.54316, 52.97172 ], [ -0.56578, 52.93639 ], [ -0.59008, 52.93681 ], [ -0.62229, 52.94219 ], [ -0.63002, 52.92616 ], [ -0.64517, 52.93403 ], [ -0.63938, 52.94877 ], [ -0.65776, 52.9537 ], [ -0.64548, 52.97445 ], [ -0.63519, 52.97682 ], [ -0.63535, 52.98586 ], [ -0.58846, 52.96743 ], [ -0.57691, 52.96568 ], [ -0.56809, 53.00397 ], [ -0.52892, 53.01063 ], [ -0.53166, 52.99265 ], [ -0.54035, 52.99151 ] ] ] } },
{ "type": "Feature", "properties": { "small_area": "E01013845" }, "geometry": { "type": "Polygon", "coordinates": [ [ [ -1.16713, 52.96971 ], [ -1.16754, 52.97226 ], [ -1.16204, 52.97019 ], [ -1.16713, 52.96971 ] ] ] } },
{ "type": "Feature", "properties": { "small_area": "E01013891" }, "geometry": { "type": "Polygon", "coordinates": [ [ [ -1.1846, 52.99449 ], [ -1.19076, 52.99059 ], [ -1.19567, 52.99842 ], [ -1.19106, 52.99479 ], [ -1.18788, 52.99705 ], [ -1.1846, 52.99449 ] ] ] } },
{ "type": "Feature", "properties": { "small_area": "E01025829" }, "geometry": { "type": "Polygon", "coordinates": [ [ [ -1.37155, 52.52981 ], [ -1.37614, 52.53442 ], [ -1.36325, 52.53459 ], [ -1.36006, 52.53142 ], [ -1.37155, 52.52981 ] ] ] } },
{ "type": "Feature", "properties": { "small_area": "E01027355" }, "geometry": { "type": "Polygon", "coordinates": [ [ [ -0.64984, 52.2542 ], [ -0.66011, 52.25258 ], [ -0.66493, 52.25624 ], [ -0.66914, 52.2547 ], [ -0.67143, 52.25773 ], [ -0.68651, 52.25956 ], [ -0.68807, 52.26334 ], [ -0.67766, 52.26053 ], [ -0.67757, 52.2661 ], [ -0.65367, 52.26828 ], [ -0.64984, 52.2542 ] ] ] } },
{ "type": "Feature", "properties": { "small_area": "E01027334" }, "geometry": { "type": "Polygon", "coordinates": [ [ [ -0.6882, 52.31525 ], [ -0.69516, 52.31745 ], [ -0.69693, 52.32691 ], [ -0.68137, 52.32846 ], [ -0.67502, 52.31975 ], [ -0.6882, 52.31525 ] ] ] } },
{ "type": "Feature", "properties": { "small_area": "E01033397" }, "geometry": { "type": "Polygon", "coordinates": [ [ [ -1.16267, 52.99313 ], [ -1.16763, 52.99106 ], [ -1.16477, 52.99338 ], [ -1.1702, 52.99424 ], [ -1.17037, 52.99119 ], [ -1.17732, 52.99432 ], [ -1.16759, 52.99632 ], [ -1.16267, 52.99313 ] ] ] } },
{ "type": "Feature", "properties": { "small_area": "E01013568" }, "geometry": { "type": "Polygon", "coordinates": [ [ [ -1.48095, 52.90425 ], [ -1.49069, 52.8994 ], [ -1.49535, 52.90339 ], [ -1.48095, 52.90425 ] ] ] } },
{ "type": "Feature", "properties": { "small_area": "E01013569" }, "geometry": { "type": "Polygon", "coordinates": [ [ [ -1.46933, 52.89996 ], [ -1.47325, 52.89691 ], [ -1.48222, 52.90016 ], [ -1.46933, 52.89996 ] ] ] } },
{ "type": "Feature", "properties": { "small_area": "E01028019" }, "geometry": { "type": "Polygon", "coordinates": [ [ [ -0.94867, 53.30441 ], [ -0.95507, 53.30553 ], [ -0.95377, 53.31162 ], [ -0.94469, 53.30935 ], [ -0.94867, 53.30441 ] ] ] } },
{ "type": "Feature", "properties": { "small_area": "E01028018" }, "geometry": { "type": "Polygon", "coordinates": [ [ [ -0.93421, 53.30378 ], [ -0.97056, 53.29742 ], [ -0.96626, 53.30641 ], [ -0.94867, 53.30441 ], [ -0.9422, 53.31219 ], [ -0.93722, 53.31017 ], [ -0.93421, 53.30378 ] ] ] } },
{ "type": "Feature", "properties": { "small_area": "E01028099" }, "geometry": { "type": "Polygon", "coordinates": [ [ [ -1.23697, 52.90605 ], [ -1.24045, 52.91283 ], [ -1.25155, 52.91283 ], [ -1.23545, 52.91601 ], [ -1.23697, 52.90605 ] ] ] } },
{ "type": "Feature", "properties": { "small_area": "E01028098" }, "geometry": { "type": "Polygon", "coordinates": [ [ [ -1.24511, 52.91499 ], [ -1.25155, 52.91283 ], [ -1.24836, 52.91131 ], [ -1.25874, 52.90883 ], [ -1.25846, 52.92037 ], [ -1.24688, 52.9185 ], [ -1.24511, 52.91499 ] ] ] } },
{ "type": "Feature", "properties": { "small_area": "E01033168" }, "geometry": { "type": "Polygon", "coordinates": [ [ [ -1.44009, 52.87105 ], [ -1.45032, 52.87517 ], [ -1.44518, 52.87712 ], [ -1.44009, 52.87105 ] ] ] } },
{ "type": "Feature", "properties": { "small_area": "E01033169" }, "geometry": { "type": "Polygon", "coordinates": [ [ [ -1.44698, 52.8717 ], [ -1.44573, 52.86504 ], [ -1.46717, 52.87291 ], [ -1.46205, 52.88132 ], [ -1.4576, 52.88164 ], [ -1.45837, 52.87854 ], [ -1.44698, 52.8717 ] ] ] } },
{ "type": "Feature", "properties": { "small_area": "E01033166" }, "geometry": { "type": "Polygon", "coordinates": [ [ [ -1.46238, 52.91678 ], [ -1.46863, 52.91543 ], [ -1.46866, 52.9121 ], [ -1.47464, 52.91314 ], [ -1.46971, 52.92368 ], [ -1.46238, 52.91678 ] ] ] } },
{ "type": "Feature", "properties": { "small_area": "E01026044" }, "geometry": { "type": "Polygon", "coordinates": [ [ [ 0.24211, 53.25335 ], [ 0.23587, 53.24085 ], [ 0.22021, 53.23601 ], [ 0.21287, 53.24161 ], [ 0.20364, 53.23761 ], [ 0.1931, 53.24402 ], [ 0.18949, 53.26115 ], [ 0.18246, 53.26078 ], [ 0.1737, 53.2698 ], [ 0.18988, 53.27116 ], [ 0.19721, 53.2681 ], [ 0.2121, 53.28057 ], [ 0.21362, 53.29127 ], [ 0.24068, 53.29078 ], [ 0.25295, 53.28618 ], [ 0.25767, 53.28865 ], [ 0.25901, 53.2849 ], [ 0.29998, 53.29444 ], [ 0.32218, 53.26644 ], [ 0.24211, 53.25335 ] ] ] } },
{ "type": "Feature", "properties": { "small_area": "E01033167" }, "geometry": { "type": "Polygon", "coordinates": [ [ [ -1.47122, 52.91113 ], [ -1.46863, 52.91543 ], [ -1.46238, 52.91678 ], [ -1.46387, 52.90727 ], [ -1.46838, 52.90789 ], [ -1.46674, 52.91038 ], [ -1.47122, 52.91113 ] ] ] } },
{ "type": "Feature", "properties": { "small_area": "E01027149" }, "geometry": { "type": "Polygon", "coordinates": [ [ [ -0.89038, 52.27483 ], [ -0.89823, 52.28031 ], [ -0.88802, 52.27616 ], [ -0.89038, 52.27483 ] ] ] } },
{ "type": "Feature", "properties": { "small_area": "E01019844" }, "geometry": { "type": "Polygon", "coordinates": [ [ [ -1.52562, 52.77991 ], [ -1.53719, 52.77457 ], [ -1.55969, 52.79138 ], [ -1.55128, 52.79347 ], [ -1.52562, 52.77991 ] ] ] } },
{ "type": "Feature", "properties": { "small_area": "E01019847" }, "geometry": { "type": "Polygon", "coordinates": [ [ [ -1.60838, 52.874 ], [ -1.62191, 52.87034 ], [ -1.62831, 52.87535 ], [ -1.6292, 52.87166 ], [ -1.63788, 52.87256 ], [ -1.63507, 52.86951 ], [ -1.63887, 52.87039 ], [ -1.63813, 52.87865 ], [ -1.62269, 52.87776 ], [ -1.62022, 52.88648 ], [ -1.6105, 52.88454 ], [ -1.60838, 52.874 ] ] ] } },
{ "type": "Feature", "properties": { "small_area": "E01025828" }, "geometry": { "type": "Polygon", "coordinates": [ [ [ -1.33239, 52.53175 ], [ -1.33996, 52.53024 ], [ -1.34675, 52.53242 ], [ -1.34603, 52.53522 ], [ -1.35136, 52.53313 ], [ -1.35666, 52.53988 ], [ -1.33658, 52.54859 ], [ -1.33239, 52.53175 ] ] ] } },
{ "type": "Feature", "properties": { "small_area": "E01019568" }, "geometry": { "type": "Polygon", "coordinates": [ [ [ -1.36185, 53.25733 ], [ -1.36846, 53.25966 ], [ -1.36001, 53.26333 ], [ -1.35697, 53.2609 ], [ -1.36185, 53.25733 ] ] ] } },
{ "type": "Feature", "properties": { "small_area": "E01028275" }, "geometry": { "type": "Polygon", "coordinates": [ [ [ -1.18084, 53.1479 ], [ -1.17392, 53.15094 ], [ -1.16282, 53.147 ], [ -1.17618, 53.14508 ], [ -1.18084, 53.1479 ] ] ] } },
{ "type": "Feature", "properties": { "small_area": "E01019697" }, "geometry": { "type": "Polygon", "coordinates": [ [ [ -1.30321, 52.87873 ], [ -1.30003, 52.87876 ], [ -1.30121, 52.8754 ], [ -1.30626, 52.87704 ], [ -1.30934, 52.87334 ], [ -1.30911, 52.88503 ], [ -1.29815, 52.88349 ], [ -1.30321, 52.87873 ] ] ] } },
{ "type": "Feature", "properties": { "small_area": "E01025766" }, "geometry": { "type": "Polygon", "coordinates": [ [ [ -1.09099, 52.67724 ], [ -1.09298, 52.68132 ], [ -1.09869, 52.67858 ], [ -1.10808, 52.69195 ], [ -1.08722, 52.68724 ], [ -1.09099, 52.67724 ] ] ] } },
{ "type": "Feature", "properties": { "small_area": "E01019454" }, "geometry": { "type": "Polygon", "coordinates": [ [ [ -1.41689, 53.05189 ], [ -1.4263, 53.0461 ], [ -1.41281, 53.06146 ], [ -1.40709, 53.05075 ], [ -1.41689, 53.05189 ] ] ] } },
{ "type": "Feature", "properties": { "small_area": "E01019651" }, "geometry": { "type": "Polygon", "coordinates": [ [ [ -1.28568, 52.90425 ], [ -1.29564, 52.91024 ], [ -1.29116, 52.91252 ], [ -1.28568, 52.90425 ] ] ] } },
{ "type": "Feature", "properties": { "small_area": "E01019650" }, "geometry": { "type": "Polygon", "coordinates": [ [ [ -1.29024, 52.90888 ], [ -1.29463, 52.90312 ], [ -1.30073, 52.90519 ], [ -1.30054, 52.91404 ], [ -1.29024, 52.90888 ] ] ] } },
{ "type": "Feature", "properties": { "small_area": "E01025660" }, "geometry": { "type": "Polygon", "coordinates": [ [ [ -1.1668, 52.58431 ], [ -1.16576, 52.58874 ], [ -1.17175, 52.58826 ], [ -1.16945, 52.5916 ], [ -1.15934, 52.59121 ], [ -1.1668, 52.58431 ] ] ] } },
{ "type": "Feature", "properties": { "small_area": "E01019653" }, "geometry": { "type": "Polygon", "coordinates": [ [ [ -1.28511, 52.90125 ], [ -1.28509, 52.89757 ], [ -1.29897, 52.89866 ], [ -1.30073, 52.90519 ], [ -1.28511, 52.90125 ] ] ] } },
{ "type": "Feature", "properties": { "small_area": "E01025661" }, "geometry": { "type": "Polygon", "coordinates": [ [ [ -1.27579, 52.55225 ], [ -1.27843, 52.55495 ], [ -1.2787, 52.55016 ], [ -1.28631, 52.546 ], [ -1.29141, 52.54863 ], [ -1.29665, 52.54481 ], [ -1.30938, 52.54906 ], [ -1.30599, 52.55342 ], [ -1.28612, 52.55722 ], [ -1.28585, 52.56036 ], [ -1.2688, 52.55832 ], [ -1.26696, 52.55479 ], [ -1.27579, 52.55225 ] ] ] } },
{ "type": "Feature", "properties": { "small_area": "E01019652" }, "geometry": { "type": "Polygon", "coordinates": [ [ [ -1.28157, 52.90181 ], [ -1.28325, 52.89731 ], [ -1.28511, 52.90125 ], [ -1.29463, 52.90312 ], [ -1.29092, 52.90572 ], [ -1.28568, 52.90425 ], [ -1.28517, 52.90773 ], [ -1.28157, 52.90181 ] ] ] } },
{ "type": "Feature", "properties": { "small_area": "E01019655" }, "geometry": { "type": "Polygon", "coordinates": [ [ [ -1.32765, 52.88956 ], [ -1.33206, 52.88636 ], [ -1.32731, 52.88337 ], [ -1.32755, 52.8745 ], [ -1.32998, 52.87814 ], [ -1.33523, 52.87631 ], [ -1.34998, 52.88077 ], [ -1.34812, 52.8858 ], [ -1.34179, 52.88531 ], [ -1.3393, 52.88967 ], [ -1.35433, 52.88878 ], [ -1.34768, 52.89389 ], [ -1.34194, 52.89178 ], [ -1.34261, 52.89731 ], [ -1.33608, 52.90144 ], [ -1.32765, 52.88956 ] ] ] } },
{ "type": "Feature", "properties": { "small_area": "E01025663" }, "geometry": { "type": "Polygon", "coordinates": [ [ [ -1.25742, 52.53347 ], [ -1.27463, 52.54136 ], [ -1.29032, 52.54341 ], [ -1.28144, 52.54702 ], [ -1.27927, 52.54511 ], [ -1.27843, 52.55495 ], [ -1.27579, 52.55225 ], [ -1.26696, 52.55479 ], [ -1.25815, 52.55173 ], [ -1.25116, 52.5574 ], [ -1.258, 52.54836 ], [ -1.24705, 52.54528 ], [ -1.25742, 52.53347 ] ] ] } },
{ "type": "Feature", "properties": { "small_area": "E01019654" }, "geometry": { "type": "Polygon", "coordinates": [ [ [ -1.33608, 52.90144 ], [ -1.34261, 52.89731 ], [ -1.34194, 52.89178 ], [ -1.34768, 52.89389 ], [ -1.35433, 52.88878 ], [ -1.3576, 52.89513 ], [ -1.36142, 52.89234 ], [ -1.3624, 52.89637 ], [ -1.37083, 52.89473 ], [ -1.36217, 52.90711 ], [ -1.34052, 52.91412 ], [ -1.33608, 52.90144 ] ] ] } },
{ "type": "Feature", "properties": { "small_area": "E01025662" }, "geometry": { "type": "Polygon", "coordinates": [ [ [ -1.28868, 52.54075 ], [ -1.28054, 52.53679 ], [ -1.2819, 52.53421 ], [ -1.27997, 52.53621 ], [ -1.27254, 52.53303 ], [ -1.27031, 52.53563 ], [ -1.25742, 52.53347 ], [ -1.2755, 52.5179 ], [ -1.28797, 52.5286 ], [ -1.29184, 52.52699 ], [ -1.30512, 52.53295 ], [ -1.32184, 52.54097 ], [ -1.32264, 52.54443 ], [ -1.30938, 52.54906 ], [ -1.29665, 52.54481 ], [ -1.29141, 52.54863 ], [ -1.28631, 52.546 ], [ -1.2787, 52.55016 ], [ -1.27927, 52.54511 ], [ -1.28144, 52.54702 ], [ -1.29032, 52.54341 ], [ -1.28634, 52.54347 ], [ -1.28868, 52.54075 ] ] ] } },
{ "type": "Feature", "properties": { "small_area": "E01019657" }, "geometry": { "type": "Polygon", "coordinates": [ [ [ -1.29443, 52.96075 ], [ -1.30706, 52.96028 ], [ -1.30735, 52.96639 ], [ -1.29443, 52.96075 ] ] ] } },
{ "type": "Feature", "properties": { "small_area": "E01025639" }, "geometry": { "type": "Polygon", "coordinates": [ [ [ -1.22522, 52.63497 ], [ -1.22269, 52.6322 ], [ -1.22721, 52.63039 ], [ -1.23442, 52.63449 ], [ -1.2313, 52.63675 ], [ -1.25612, 52.63433 ], [ -1.26057, 52.63743 ], [ -1.24168, 52.64182 ], [ -1.23406, 52.64019 ], [ -1.22315, 52.64624 ], [ -1.21531, 52.63802 ], [ -1.22522, 52.63497 ] ] ] } },
{ "type": "Feature", "properties": { "small_area": "E01027161" }, "geometry": { "type": "Polygon", "coordinates": [ [ [ -0.90942, 52.21579 ], [ -0.90775, 52.21783 ], [ -0.91282, 52.21783 ], [ -0.9073, 52.22192 ], [ -0.89972, 52.22103 ], [ -0.90371, 52.21834 ], [ -0.90171, 52.2144 ], [ -0.90942, 52.21579 ] ] ] } },
{ "type": "Feature", "properties": { "small_area": "E01027160" }, "geometry": { "type": "Polygon", "coordinates": [ [ [ -0.91282, 52.21783 ], [ -0.90775, 52.21783 ], [ -0.90942, 52.21579 ], [ -0.91663, 52.21939 ], [ -0.91403, 52.22554 ], [ -0.9056, 52.22487 ], [ -0.91282, 52.21783 ] ] ] } },
{ "type": "Feature", "properties": { "small_area": "E01027065" }, "geometry": { "type": "Polygon", "coordinates": [ [ [ -0.59722, 52.289 ], [ -0.61245, 52.29187 ], [ -0.60281, 52.29617 ], [ -0.59722, 52.289 ] ] ] } },
{ "type": "Feature", "properties": { "small_area": "E01025638" }, "geometry": { "type": "Polygon", "coordinates": [ [ [ -1.2054, 52.6288 ], [ -1.22452, 52.62661 ], [ -1.22077, 52.6248 ], [ -1.23728, 52.61747 ], [ -1.24082, 52.62064 ], [ -1.24976, 52.61978 ], [ -1.25467, 52.62497 ], [ -1.24075, 52.62707 ], [ -1.23943, 52.63176 ], [ -1.23373, 52.62885 ], [ -1.22721, 52.63039 ], [ -1.22269, 52.6322 ], [ -1.22522, 52.63497 ], [ -1.21762, 52.6358 ], [ -1.2054, 52.6288 ] ] ] } },
{ "type": "Feature", "properties": { "small_area": "E01013776" }, "geometry": { "type": "Polygon", "coordinates": [ [ [ -1.14843, 52.62654 ], [ -1.1461, 52.62574 ], [ -1.15383, 52.62346 ], [ -1.15611, 52.62463 ], [ -1.15418, 52.62756 ], [ -1.14843, 52.62654 ] ] ] } },
{ "type": "Feature", "properties": { "small_area": "E01019861" }, "geometry": { "type": "Polygon", "coordinates": [ [ [ -1.57612, 52.78671 ], [ -1.57234, 52.78199 ], [ -1.58265, 52.78248 ], [ -1.5762, 52.79129 ], [ -1.56743, 52.7902 ], [ -1.57612, 52.78671 ] ] ] } },
{ "type": "Feature", "properties": { "small_area": "E01019860" }, "geometry": { "type": "Polygon", "coordinates": [ [ [ -1.56403, 52.78662 ], [ -1.56907, 52.7876 ], [ -1.57006, 52.78464 ], [ -1.57612, 52.78671 ], [ -1.5674, 52.78974 ], [ -1.56403, 52.78662 ] ] ] } },
{ "type": "Feature", "properties": { "small_area": "E01025801" }, "geometry": { "type": "Polygon", "coordinates": [ [ [ -0.92845, 52.48107 ], [ -0.9248, 52.47868 ], [ -0.92512, 52.48165 ], [ -0.91945, 52.47708 ], [ -0.93124, 52.47555 ], [ -0.93238, 52.47904 ], [ -0.92845, 52.48107 ] ] ] } },
{ "type": "Feature", "properties": { "small_area": "E01019863" }, "geometry": { "type": "Polygon", "coordinates": [ [ [ -1.56295, 52.78092 ], [ -1.57896, 52.78045 ], [ -1.57234, 52.78199 ], [ -1.57277, 52.78519 ], [ -1.56295, 52.78092 ] ] ] } },
{ "type": "Feature", "properties": { "small_area": "E01026414" }, "geometry": { "type": "Polygon", "coordinates": [ [ [ -0.38253, 53.34296 ], [ -0.38752, 53.34066 ], [ -0.44181, 53.34004 ], [ -0.4419, 53.3353 ], [ -0.42801, 53.32516 ], [ -0.42435, 53.31534 ], [ -0.44277, 53.3154 ], [ -0.46898, 53.3066 ], [ -0.47331, 53.31076 ], [ -0.46074, 53.31622 ], [ -0.46441, 53.31946 ], [ -0.4773, 53.31488 ], [ -0.47949, 53.32122 ], [ -0.54229, 53.31107 ], [ -0.54458, 53.34625 ], [ -0.45389, 53.35843 ], [ -0.45835, 53.36973 ], [ -0.44541, 53.3781 ], [ -0.44394, 53.38406 ], [ -0.40597, 53.38663 ], [ -0.40322, 53.3726 ], [ -0.39663, 53.36482 ], [ -0.38501, 53.36592 ], [ -0.38253, 53.34296 ] ] ] } },
{ "type": "Feature", "properties": { "small_area": "E01025867" }, "geometry": { "type": "Polygon", "coordinates": [ [ [ -1.38505, 52.54277 ], [ -1.39327, 52.54783 ], [ -1.38267, 52.54783 ], [ -1.38505, 52.54277 ] ] ] } },
{ "type": "Feature", "properties": { "small_area": "E01026024" }, "geometry": { "type": "Polygon", "coordinates": [ [ [ 0.16243, 53.01349 ], [ 0.12867, 53.02049 ], [ 0.11134, 53.01678 ], [ 0.09218, 53.01889 ], [ 0.07516, 53.0231 ], [ 0.06166, 53.03108 ], [ 0.04604, 53.03217 ], [ 0.03621, 53.06939 ], [ 0.09173, 53.07253 ], [ 0.09848, 53.04984 ], [ 0.1162, 53.0302 ], [ 0.12712, 53.02909 ], [ 0.13287, 53.02529 ], [ 0.13952, 53.02785 ], [ 0.1659, 53.01583 ], [ 0.16243, 53.01349 ] ] ] } },
{ "type": "Feature", "properties": { "small_area": "E01019828" }, "geometry": { "type": "MultiPolygon", "coordinates": [ [ [ [ -1.44145, 53.2072 ], [ -1.43905, 53.20482 ], [ -1.44235, 53.20397 ], [ -1.44145, 53.2072 ] ] ], [ [ [ -1.44147, 53.20721 ], [ -1.44136, 53.20754 ], [ -1.44145, 53.2072 ], [ -1.44147, 53.20721 ] ] ], [ [ [ -1.4432, 53.20091 ], [ -1.4484, 53.19961 ], [ -1.45565, 53.21107 ], [ -1.43994, 53.21356 ], [ -1.4432, 53.20091 ] ] ] ] } },
{ "type": "Feature", "properties": { "small_area": "E01013485" }, "geometry": { "type": "Polygon", "coordinates": [ [ [ -1.4796, 52.90883 ], [ -1.48523, 52.90797 ], [ -1.48637, 52.91213 ], [ -1.4796, 52.90883 ] ] ] } },
{ "type": "Feature", "properties": { "small_area": "E01013575" }, "geometry": { "type": "Polygon", "coordinates": [ [ [ -1.44401, 52.94216 ], [ -1.4536, 52.94527 ], [ -1.44745, 52.94871 ], [ -1.44202, 52.94516 ], [ -1.44401, 52.94216 ] ] ] } },
{ "type": "Feature", "properties": { "small_area": "E01013574" }, "geometry": { "type": "Polygon", "coordinates": [ [ [ -1.43748, 52.94416 ], [ -1.44745, 52.94871 ], [ -1.4317, 52.95062 ], [ -1.43748, 52.94416 ] ] ] } },
{ "type": "Feature", "properties": { "small_area": "E01013781" }, "geometry": { "type": "Polygon", "coordinates": [ [ [ -1.1524, 52.63661 ], [ -1.1527, 52.63192 ], [ -1.15733, 52.63536 ], [ -1.1524, 52.63661 ] ] ] } },
{ "type": "Feature", "properties": { "small_area": "E01013749" }, "geometry": { "type": "Polygon", "coordinates": [ [ [ -1.09112, 52.62904 ], [ -1.09954, 52.62997 ], [ -1.08931, 52.63244 ], [ -1.08826, 52.62634 ], [ -1.09112, 52.62904 ] ] ] } },
{ "type": "Feature", "properties": { "small_area": "E01013748" }, "geometry": { "type": "Polygon", "coordinates": [ [ [ -1.11708, 52.62994 ], [ -1.12054, 52.63186 ], [ -1.11404, 52.6336 ], [ -1.11708, 52.62994 ] ] ] } },
{ "type": "Feature", "properties": { "small_area": "E01013703" }, "geometry": { "type": "Polygon", "coordinates": [ [ [ -1.10831, 52.60275 ], [ -1.11542, 52.6057 ], [ -1.11572, 52.60914 ], [ -1.10832, 52.61115 ], [ -1.10831, 52.60275 ] ] ] } },
{ "type": "Feature", "properties": { "small_area": "E01013700" }, "geometry": { "type": "Polygon", "coordinates": [ [ [ -1.05954, 52.64321 ], [ -1.07227, 52.64346 ], [ -1.06688, 52.64773 ], [ -1.06622, 52.64553 ], [ -1.06032, 52.64761 ], [ -1.05954, 52.64321 ] ] ] } },
{ "type": "Feature", "properties": { "small_area": "E01019429" }, "geometry": { "type": "Polygon", "coordinates": [ [ [ -1.42826, 53.0438 ], [ -1.42038, 53.04484 ], [ -1.41872, 53.0421 ], [ -1.42452, 53.03098 ], [ -1.44671, 53.02698 ], [ -1.44303, 53.03656 ], [ -1.45038, 53.03642 ], [ -1.45268, 53.03993 ], [ -1.44571, 53.04002 ], [ -1.44132, 53.04623 ], [ -1.44755, 53.04927 ], [ -1.45724, 53.04776 ], [ -1.46153, 53.05487 ], [ -1.45304, 53.0554 ], [ -1.45343, 53.0582 ], [ -1.46612, 53.06385 ], [ -1.46145, 53.06748 ], [ -1.4429, 53.06468 ], [ -1.43601, 53.05834 ], [ -1.41254, 53.06169 ], [ -1.42826, 53.0438 ] ] ] } },
{ "type": "Feature", "properties": { "small_area": "E01019428" }, "geometry": { "type": "Polygon", "coordinates": [ [ [ -1.44755, 53.04927 ], [ -1.44132, 53.04623 ], [ -1.44571, 53.04002 ], [ -1.45268, 53.03993 ], [ -1.4817, 53.04745 ], [ -1.46619, 53.05401 ], [ -1.45724, 53.04776 ], [ -1.44755, 53.04927 ] ] ] } },
{ "type": "Feature", "properties": { "small_area": "E01028411" }, "geometry": { "type": "Polygon", "coordinates": [ [ [ -0.82033, 52.98767 ], [ -0.81519, 52.9856 ], [ -0.82545, 52.97331 ], [ -0.83608, 52.9679 ], [ -0.82003, 52.96044 ], [ -0.83387, 52.94577 ], [ -0.82254, 52.94412 ], [ -0.83568, 52.93856 ], [ -0.84138, 52.92836 ], [ -0.8629, 52.91309 ], [ -0.85764, 52.90562 ], [ -0.87432, 52.8982 ], [ -0.90058, 52.91716 ], [ -0.89688, 52.92725 ], [ -0.89199, 52.92576 ], [ -0.87928, 52.93351 ], [ -0.87016, 52.94968 ], [ -0.87335, 52.9555 ], [ -0.86504, 52.95901 ], [ -0.88803, 52.96695 ], [ -0.88545, 52.97301 ], [ -0.89438, 52.97765 ], [ -0.88202, 52.98861 ], [ -0.89754, 52.99777 ], [ -0.91679, 53.00327 ], [ -0.91189, 53.00783 ], [ -0.93153, 53.01882 ], [ -0.91013, 53.03591 ], [ -0.90996, 53.03021 ], [ -0.89696, 53.0166 ], [ -0.87979, 53.00633 ], [ -0.86456, 53.01132 ], [ -0.85508, 53.00665 ], [ -0.84897, 53.00964 ], [ -0.83576, 53.00567 ], [ -0.83336, 53.0077 ], [ -0.82232, 53.00037 ], [ -0.82033, 52.98767 ] ] ] } },
{ "type": "Feature", "properties": { "small_area": "E01019540" }, "geometry": { "type": "Polygon", "coordinates": [ [ [ -1.44128, 53.23792 ], [ -1.45276, 53.23943 ], [ -1.44826, 53.24274 ], [ -1.44159, 53.23995 ], [ -1.4399, 53.24242 ], [ -1.44128, 53.23792 ] ] ] } },
{ "type": "Feature", "properties": { "small_area": "E01019541" }, "geometry": { "type": "Polygon", "coordinates": [ [ [ -1.45362, 53.25558 ], [ -1.44855, 53.25604 ], [ -1.44881, 53.25234 ], [ -1.47274, 53.25977 ], [ -1.45687, 53.26304 ], [ -1.45961, 53.25781 ], [ -1.45118, 53.25804 ], [ -1.45362, 53.25558 ] ] ] } },
{ "type": "Feature", "properties": { "small_area": "E01019542" }, "geometry": { "type": "Polygon", "coordinates": [ [ [ -1.42584, 53.25871 ], [ -1.4441, 53.25854 ], [ -1.43867, 53.25966 ], [ -1.43695, 53.26385 ], [ -1.44301, 53.26608 ], [ -1.44318, 53.26892 ], [ -1.42584, 53.25871 ] ] ] } },
{ "type": "Feature", "properties": { "small_area": "E01019543" }, "geometry": { "type": "Polygon", "coordinates": [ [ [ -1.44232, 53.26309 ], [ -1.45118, 53.25804 ], [ -1.45961, 53.25781 ], [ -1.45687, 53.26304 ], [ -1.47274, 53.25977 ], [ -1.4806, 53.26333 ], [ -1.45511, 53.27351 ], [ -1.44318, 53.26892 ], [ -1.44232, 53.26309 ] ] ] } },
{ "type": "Feature", "properties": { "small_area": "E01019544" }, "geometry": { "type": "Polygon", "coordinates": [ [ [ -1.44693, 53.25586 ], [ -1.44834, 53.2521 ], [ -1.44855, 53.25604 ], [ -1.45362, 53.25558 ], [ -1.44232, 53.26309 ], [ -1.44301, 53.26608 ], [ -1.43695, 53.26385 ], [ -1.43867, 53.25966 ], [ -1.4441, 53.25854 ], [ -1.43929, 53.25739 ], [ -1.44693, 53.25586 ] ] ] } },
{ "type": "Feature", "properties": { "small_area": "E01019545" }, "geometry": { "type": "Polygon", "coordinates": [ [ [ -1.40141, 53.21373 ], [ -1.40912, 53.21541 ], [ -1.40827, 53.22064 ], [ -1.40393, 53.22159 ], [ -1.40141, 53.21373 ] ] ] } },
{ "type": "Feature", "properties": { "small_area": "E01019463" }, "geometry": { "type": "Polygon", "coordinates": [ [ [ -1.41456, 53.03991 ], [ -1.41021, 53.04734 ], [ -1.40635, 53.04801 ], [ -1.40513, 53.04188 ], [ -1.41456, 53.03991 ] ] ] } },
{ "type": "Feature", "properties": { "small_area": "E01025970" }, "geometry": { "type": "Polygon", "coordinates": [ [ [ -1.06737, 52.57978 ], [ -1.0836, 52.58686 ], [ -1.07431, 52.58737 ], [ -1.07549, 52.58913 ], [ -1.06947, 52.58939 ], [ -1.06767, 52.5926 ], [ -1.05838, 52.58536 ], [ -1.06737, 52.57978 ] ] ] } },
{ "type": "Feature", "properties": { "small_area": "E01019462" }, "geometry": { "type": "Polygon", "coordinates": [ [ [ -1.41456, 53.03991 ], [ -1.42156, 53.03816 ], [ -1.41872, 53.0421 ], [ -1.42038, 53.04484 ], [ -1.42826, 53.0438 ], [ -1.41689, 53.05189 ], [ -1.41595, 53.04718 ], [ -1.41021, 53.04734 ], [ -1.41456, 53.03991 ] ] ] } },
{ "type": "Feature", "properties": { "small_area": "E01025971" }, "geometry": { "type": "Polygon", "coordinates": [ [ [ -1.06767, 52.5926 ], [ -1.06947, 52.58939 ], [ -1.07549, 52.58913 ], [ -1.07754, 52.59265 ], [ -1.07111, 52.59527 ], [ -1.06767, 52.5926 ] ] ] } },
{ "type": "Feature", "properties": { "small_area": "E01025973" }, "geometry": { "type": "Polygon", "coordinates": [ [ [ -1.07741, 52.60703 ], [ -1.09728, 52.61084 ], [ -1.09664, 52.61636 ], [ -1.07437, 52.61341 ], [ -1.0705, 52.61805 ], [ -1.06676, 52.617 ], [ -1.07741, 52.60703 ] ] ] } },
{ "type": "Feature", "properties": { "small_area": "E01025972" }, "geometry": { "type": "Polygon", "coordinates": [ [ [ -1.07754, 52.59265 ], [ -1.07431, 52.58737 ], [ -1.08794, 52.588 ], [ -1.0903, 52.59335 ], [ -1.07754, 52.59265 ] ] ] } },
{ "type": "Feature", "properties": { "small_area": "E01019460" }, "geometry": { "type": "Polygon", "coordinates": [ [ [ -1.40546, 53.03204 ], [ -1.42452, 53.03098 ], [ -1.42156, 53.03816 ], [ -1.40513, 53.04188 ], [ -1.40546, 53.03204 ] ] ] } },
{ "type": "Feature", "properties": { "small_area": "E01019761" }, "geometry": { "type": "Polygon", "coordinates": [ [ [ -1.89815, 53.25427 ], [ -1.88855, 53.2557 ], [ -1.88629, 53.25069 ], [ -1.89812, 53.25273 ], [ -1.90369, 53.25788 ], [ -1.89815, 53.25427 ] ] ] } },
{ "type": "Feature", "properties": { "small_area": "E01013471" }, "geometry": { "type": "Polygon", "coordinates": [ [ [ -1.44116, 52.89989 ], [ -1.43827, 52.89744 ], [ -1.44427, 52.89747 ], [ -1.44215, 52.90385 ], [ -1.43834, 52.90195 ], [ -1.44116, 52.89989 ] ] ] } },
{ "type": "Feature", "properties": { "small_area": "E01027208" }, "geometry": { "type": "Polygon", "coordinates": [ [ [ -0.95505, 52.26194 ], [ -0.95172, 52.25969 ], [ -0.95684, 52.25649 ], [ -0.96416, 52.25736 ], [ -0.95505, 52.26194 ] ] ] } },
{ "type": "Feature", "properties": { "small_area": "E01027202" }, "geometry": { "type": "Polygon", "coordinates": [ [ [ -0.83015, 52.22345 ], [ -0.83835, 52.21786 ], [ -0.83702, 52.21167 ], [ -0.86568, 52.20477 ], [ -0.88291, 52.21056 ], [ -0.87924, 52.21324 ], [ -0.88796, 52.21427 ], [ -0.88841, 52.21682 ], [ -0.87799, 52.21989 ], [ -0.8695, 52.2299 ], [ -0.84468, 52.24017 ], [ -0.83015, 52.22345 ] ] ] } },
{ "type": "Feature", "properties": { "small_area": "E01025648" }, "geometry": { "type": "Polygon", "coordinates": [ [ [ -1.17434, 52.56876 ], [ -1.17098, 52.55941 ], [ -1.18001, 52.56304 ], [ -1.17949, 52.56718 ], [ -1.17434, 52.56876 ] ] ] } },
{ "type": "Feature", "properties": { "small_area": "E01025649" }, "geometry": { "type": "Polygon", "coordinates": [ [ [ -1.19689, 52.57801 ], [ -1.20793, 52.57365 ], [ -1.21639, 52.57455 ], [ -1.22145, 52.57895 ], [ -1.21238, 52.58399 ], [ -1.19689, 52.57801 ] ] ] } },
{ "type": "Feature", "properties": { "small_area": "E01019880" }, "geometry": { "type": "Polygon", "coordinates": [ [ [ -1.55855, 52.84934 ], [ -1.56848, 52.84378 ], [ -1.56702, 52.83929 ], [ -1.57861, 52.83869 ], [ -1.58577, 52.85227 ], [ -1.57536, 52.86025 ], [ -1.57029, 52.85829 ], [ -1.57012, 52.84877 ], [ -1.56464, 52.8533 ], [ -1.55577, 52.85116 ], [ -1.54864, 52.85321 ], [ -1.54791, 52.84762 ], [ -1.55855, 52.84934 ] ] ] } },
{ "type": "Feature", "properties": { "small_area": "E01028398" }, "geometry": { "type": "Polygon", "coordinates": [ [ [ -1.12237, 52.92503 ], [ -1.13242, 52.92878 ], [ -1.12602, 52.93127 ], [ -1.12237, 52.92503 ] ] ] } },
{ "type": "Feature", "properties": { "small_area": "E01026979" }, "geometry": { "type": "Polygon", "coordinates": [ [ [ -0.69129, 52.5112 ], [ -0.69321, 52.51516 ], [ -0.70261, 52.51409 ], [ -0.71064, 52.50849 ], [ -0.71781, 52.51058 ], [ -0.72197, 52.50501 ], [ -0.74208, 52.51209 ], [ -0.74223, 52.51701 ], [ -0.72685, 52.52315 ], [ -0.71577, 52.52233 ], [ -0.69644, 52.53853 ], [ -0.69718, 52.54624 ], [ -0.68846, 52.54612 ], [ -0.67488, 52.55862 ], [ -0.66559, 52.55223 ], [ -0.66921, 52.54467 ], [ -0.63829, 52.53324 ], [ -0.6408, 52.52889 ], [ -0.63586, 52.52388 ], [ -0.64939, 52.5189 ], [ -0.66248, 52.51893 ], [ -0.67468, 52.5132 ], [ -0.69129, 52.5112 ] ] ] } },
{ "type": "Feature", "properties": { "small_area": "E01033400" }, "geometry": { "type": "Polygon", "coordinates": [ [ [ -1.13984, 52.94381 ], [ -1.14213, 52.93998 ], [ -1.14272, 52.94462 ], [ -1.15188, 52.94725 ], [ -1.15522, 52.95422 ], [ -1.14623, 52.9515 ], [ -1.13984, 52.94381 ] ] ] } },
{ "type": "Feature", "properties": { "small_area": "E01026390" }, "geometry": { "type": "Polygon", "coordinates": [ [ [ -0.33826, 53.38914 ], [ -0.34189, 53.39129 ], [ -0.34258, 53.38805 ], [ -0.33654, 53.38832 ], [ -0.33761, 53.38292 ], [ -0.33311, 53.38555 ], [ -0.32576, 53.37517 ], [ -0.30289, 53.3791 ], [ -0.29278, 53.37377 ], [ -0.29297, 53.36988 ], [ -0.30581, 53.37181 ], [ -0.30235, 53.36645 ], [ -0.31407, 53.35992 ], [ -0.31339, 53.35594 ], [ -0.33632, 53.34786 ], [ -0.3845, 53.33766 ], [ -0.38752, 53.34066 ], [ -0.38253, 53.34296 ], [ -0.38501, 53.36592 ], [ -0.34939, 53.37168 ], [ -0.34385, 53.39219 ], [ -0.3354, 53.39205 ], [ -0.33826, 53.38914 ] ] ] } },
{ "type": "Feature", "properties": { "small_area": "E01013841" }, "geometry": { "type": "Polygon", "coordinates": [ [ [ -1.15978, 52.97435 ], [ -1.16033, 52.97296 ], [ -1.16709, 52.97166 ], [ -1.17119, 52.97435 ], [ -1.16633, 52.97686 ], [ -1.15978, 52.97435 ] ] ] } },
{ "type": "Feature", "properties": { "small_area": "E01027277" }, "geometry": { "type": "Polygon", "coordinates": [ [ [ -0.95656, 52.16665 ], [ -0.93739, 52.16533 ], [ -0.93903, 52.16053 ], [ -0.94642, 52.1608 ], [ -0.9467, 52.1543 ], [ -0.96269, 52.16024 ], [ -0.96567, 52.15593 ], [ -0.98209, 52.14965 ], [ -0.99378, 52.16472 ], [ -1.01127, 52.16012 ], [ -1.01316, 52.16262 ], [ -1.02268, 52.16172 ], [ -1.023, 52.16781 ], [ -1.0306, 52.17206 ], [ -1.02548, 52.17926 ], [ -1.03844, 52.19566 ], [ -1.02071, 52.20289 ], [ -1.02104, 52.19885 ], [ -0.99128, 52.19469 ], [ -0.98841, 52.16786 ], [ -0.98339, 52.17293 ], [ -0.95958, 52.17023 ], [ -0.95656, 52.16665 ] ] ] } },
{ "type": "Feature", "properties": { "small_area": "E01027274" }, "geometry": { "type": "Polygon", "coordinates": [ [ [ -0.77931, 52.19005 ], [ -0.7833, 52.18621 ], [ -0.77721, 52.1847 ], [ -0.77585, 52.17727 ], [ -0.76535, 52.17109 ], [ -0.78321, 52.16591 ], [ -0.78033, 52.16334 ], [ -0.79211, 52.15132 ], [ -0.80197, 52.15867 ], [ -0.80761, 52.15697 ], [ -0.8093, 52.15 ], [ -0.81519, 52.15585 ], [ -0.84045, 52.16206 ], [ -0.8514, 52.15708 ], [ -0.85729, 52.16431 ], [ -0.86536, 52.16038 ], [ -0.87151, 52.1652 ], [ -0.86471, 52.16849 ], [ -0.86839, 52.17398 ], [ -0.87267, 52.17246 ], [ -0.87106, 52.1794 ], [ -0.8799, 52.19509 ], [ -0.86568, 52.20477 ], [ -0.85783, 52.20234 ], [ -0.86588, 52.19223 ], [ -0.85403, 52.18367 ], [ -0.85535, 52.17811 ], [ -0.84024, 52.17273 ], [ -0.8404, 52.18053 ], [ -0.83511, 52.18643 ], [ -0.82789, 52.18719 ], [ -0.83038, 52.18286 ], [ -0.82686, 52.18172 ], [ -0.82027, 52.18895 ], [ -0.82529, 52.19231 ], [ -0.81816, 52.19988 ], [ -0.79261, 52.1963 ], [ -0.77931, 52.19005 ] ] ] } },
{ "type": "Feature", "properties": { "small_area": "E01025951" }, "geometry": { "type": "Polygon", "coordinates": [ [ [ -1.5148, 52.74433 ], [ -1.51048, 52.73374 ], [ -1.51904, 52.7318 ], [ -1.51505, 52.72842 ], [ -1.54532, 52.72822 ], [ -1.54534, 52.7329 ], [ -1.5519, 52.73642 ], [ -1.53172, 52.74919 ], [ -1.52497, 52.74107 ], [ -1.52389, 52.74487 ], [ -1.51502, 52.74568 ], [ -1.51058, 52.75204 ], [ -1.50865, 52.74665 ], [ -1.5148, 52.74433 ] ] ] } },
{ "type": "Feature", "properties": { "small_area": "E01025953" }, "geometry": { "type": "Polygon", "coordinates": [ [ [ -1.51834, 52.70893 ], [ -1.52594, 52.71334 ], [ -1.52078, 52.71738 ], [ -1.52441, 52.72089 ], [ -1.52932, 52.71743 ], [ -1.5365, 52.72105 ], [ -1.53928, 52.71492 ], [ -1.54004, 52.72016 ], [ -1.53172, 52.72672 ], [ -1.51505, 52.72842 ], [ -1.51154, 52.72322 ], [ -1.50287, 52.72539 ], [ -1.49737, 52.72121 ], [ -1.51834, 52.70893 ] ] ] } },
{ "type": "Feature", "properties": { "small_area": "E01025950" }, "geometry": { "type": "Polygon", "coordinates": [ [ [ -1.51502, 52.74568 ], [ -1.52389, 52.74487 ], [ -1.52497, 52.74107 ], [ -1.53172, 52.74919 ], [ -1.5519, 52.73642 ], [ -1.5625, 52.75057 ], [ -1.55485, 52.762 ], [ -1.54744, 52.76412 ], [ -1.54008, 52.7601 ], [ -1.52694, 52.7623 ], [ -1.51502, 52.74568 ] ] ] } },
{ "type": "Feature", "properties": { "small_area": "E01025955" }, "geometry": { "type": "Polygon", "coordinates": [ [ [ -1.43734, 52.72336 ], [ -1.42694, 52.72027 ], [ -1.40959, 52.7212 ], [ -1.39866, 52.71707 ], [ -1.40134, 52.69936 ], [ -1.41027, 52.6994 ], [ -1.42088, 52.70722 ], [ -1.4286, 52.69991 ], [ -1.43517, 52.70398 ], [ -1.45584, 52.70291 ], [ -1.4668, 52.70705 ], [ -1.47162, 52.70383 ], [ -1.4894, 52.71246 ], [ -1.48894, 52.72008 ], [ -1.48127, 52.72013 ], [ -1.47384, 52.72461 ], [ -1.47955, 52.72511 ], [ -1.47238, 52.73683 ], [ -1.46392, 52.73394 ], [ -1.45639, 52.73993 ], [ -1.44933, 52.73715 ], [ -1.44401, 52.74075 ], [ -1.43336, 52.73329 ], [ -1.43734, 52.72336 ] ] ] } },
{ "type": "Feature", "properties": { "small_area": "E01025952" }, "geometry": { "type": "Polygon", "coordinates": [ [ [ -1.503, 52.75577 ], [ -1.50265, 52.74627 ], [ -1.50865, 52.74665 ], [ -1.51058, 52.75204 ], [ -1.51502, 52.74568 ], [ -1.52694, 52.7623 ], [ -1.5253, 52.76552 ], [ -1.50374, 52.76737 ], [ -1.49576, 52.75987 ], [ -1.503, 52.75577 ] ] ] } },
{ "type": "Feature", "properties": { "small_area": "E01025954" }, "geometry": { "type": "Polygon", "coordinates": [ [ [ -1.54004, 52.72016 ], [ -1.53928, 52.71492 ], [ -1.5365, 52.72105 ], [ -1.52932, 52.71743 ], [ -1.52441, 52.72089 ], [ -1.52078, 52.71738 ], [ -1.52594, 52.71334 ], [ -1.51834, 52.70893 ], [ -1.51978, 52.70661 ], [ -1.52655, 52.70832 ], [ -1.52647, 52.70406 ], [ -1.53526, 52.70414 ], [ -1.54858, 52.70956 ], [ -1.55865, 52.70766 ], [ -1.56694, 52.71005 ], [ -1.55122, 52.71986 ], [ -1.54532, 52.72822 ], [ -1.53172, 52.72672 ], [ -1.54004, 52.72016 ] ] ] } },
{ "type": "Feature", "properties": { "small_area": "E01019749" }, "geometry": { "type": "Polygon", "coordinates": [ [ [ -1.93448, 53.43856 ], [ -1.92865, 53.44221 ], [ -1.93205, 53.44495 ], [ -1.92839, 53.44484 ], [ -1.92757, 53.44881 ], [ -1.92571, 53.44122 ], [ -1.93133, 53.43373 ], [ -1.93448, 53.43856 ] ] ] } },
{ "type": "Feature", "properties": { "small_area": "E01019748" }, "geometry": { "type": "Polygon", "coordinates": [ [ [ -1.99957, 53.36337 ], [ -1.99683, 53.35746 ], [ -2.00807, 53.35495 ], [ -2.009, 53.36199 ], [ -2.01602, 53.3631 ], [ -2.01465, 53.36573 ], [ -1.99398, 53.36677 ], [ -1.99957, 53.36337 ] ] ] } },
{ "type": "Feature", "properties": { "small_area": "E01025850" }, "geometry": { "type": "Polygon", "coordinates": [ [ [ -1.35667, 52.53987 ], [ -1.36702, 52.53597 ], [ -1.36905, 52.53831 ], [ -1.36558, 52.54126 ], [ -1.36284, 52.53888 ], [ -1.36225, 52.542 ], [ -1.35667, 52.53987 ] ] ] } },
{ "type": "Feature", "properties": { "small_area": "E01025851" }, "geometry": { "type": "Polygon", "coordinates": [ [ [ -1.38011, 52.53893 ], [ -1.38505, 52.54277 ], [ -1.38306, 52.54582 ], [ -1.37504, 52.54479 ], [ -1.38011, 52.53893 ] ] ] } },
{ "type": "Feature", "properties": { "small_area": "E01025852" }, "geometry": { "type": "Polygon", "coordinates": [ [ [ -1.36284, 52.53888 ], [ -1.36558, 52.54126 ], [ -1.37861, 52.53728 ], [ -1.37503, 52.54479 ], [ -1.37343, 52.54213 ], [ -1.36628, 52.54417 ], [ -1.36225, 52.542 ], [ -1.36284, 52.53888 ] ] ] } },
{ "type": "Feature", "properties": { "small_area": "E01025854" }, "geometry": { "type": "Polygon", "coordinates": [ [ [ -1.39327, 52.54783 ], [ -1.38465, 52.54247 ], [ -1.39622, 52.54133 ], [ -1.39933, 52.54682 ], [ -1.39327, 52.54783 ] ] ] } },
{ "type": "Feature", "properties": { "small_area": "E01025855" }, "geometry": { "type": "Polygon", "coordinates": [ [ [ -1.39687, 52.53612 ], [ -1.40207, 52.53985 ], [ -1.3869, 52.54143 ], [ -1.39687, 52.53612 ] ] ] } },
{ "type": "Feature", "properties": { "small_area": "E01025857" }, "geometry": { "type": "Polygon", "coordinates": [ [ [ -1.39441, 52.53222 ], [ -1.39178, 52.5355 ], [ -1.39687, 52.53612 ], [ -1.39411, 52.53887 ], [ -1.38431, 52.53542 ], [ -1.38986, 52.53552 ], [ -1.38908, 52.53306 ], [ -1.39441, 52.53222 ] ] ] } },
{ "type": "Feature", "properties": { "small_area": "E01028401" }, "geometry": { "type": "Polygon", "coordinates": [ [ [ -1.12224, 52.91396 ], [ -1.12909, 52.9154 ], [ -1.13693, 52.91224 ], [ -1.13238, 52.91991 ], [ -1.13105, 52.91548 ], [ -1.1249, 52.9176 ], [ -1.12224, 52.91396 ] ] ] } },
{ "type": "Feature", "properties": { "small_area": "E01027336" }, "geometry": { "type": "Polygon", "coordinates": [ [ [ -0.62065, 52.28908 ], [ -0.61063, 52.27948 ], [ -0.623, 52.27612 ], [ -0.62626, 52.28654 ], [ -0.63183, 52.28454 ], [ -0.63567, 52.28854 ], [ -0.64526, 52.28095 ], [ -0.65437, 52.27911 ], [ -0.65371, 52.28113 ], [ -0.67689, 52.28248 ], [ -0.677, 52.27541 ], [ -0.68515, 52.27742 ], [ -0.67793, 52.29231 ], [ -0.66578, 52.29507 ], [ -0.6547, 52.29375 ], [ -0.63705, 52.30519 ], [ -0.63508, 52.29552 ], [ -0.62065, 52.28908 ] ] ] } },
{ "type": "Feature", "properties": { "small_area": "E01027337" }, "geometry": { "type": "Polygon", "coordinates": [ [ [ -0.63143, 52.27003 ], [ -0.64093, 52.27224 ], [ -0.64526, 52.28095 ], [ -0.63567, 52.28854 ], [ -0.63183, 52.28454 ], [ -0.62626, 52.28654 ], [ -0.623, 52.27612 ], [ -0.63143, 52.27003 ] ] ] } },
{ "type": "Feature", "properties": { "small_area": "E01019487" }, "geometry": { "type": "Polygon", "coordinates": [ [ [ -1.26491, 53.22743 ], [ -1.26315, 53.22254 ], [ -1.28435, 53.22338 ], [ -1.28931, 53.22867 ], [ -1.27989, 53.22987 ], [ -1.28513, 53.22862 ], [ -1.27827, 53.22762 ], [ -1.27861, 53.22519 ], [ -1.26491, 53.22743 ] ] ] } },
{ "type": "Feature", "properties": { "small_area": "E01019406" }, "geometry": { "type": "Polygon", "coordinates": [ [ [ -1.48602, 53.116 ], [ -1.49737, 53.09833 ], [ -1.50982, 53.0932 ], [ -1.51764, 53.09652 ], [ -1.52983, 53.09546 ], [ -1.53111, 53.10046 ], [ -1.5206, 53.11447 ], [ -1.52351, 53.12041 ], [ -1.51756, 53.12491 ], [ -1.5001, 53.12827 ], [ -1.49544, 53.13389 ], [ -1.48679, 53.12288 ], [ -1.48602, 53.116 ] ] ] } },
{ "type": "Feature", "properties": { "small_area": "E01013945" }, "geometry": { "type": "Polygon", "coordinates": [ [ [ -1.16966, 52.96082 ], [ -1.1759, 52.96009 ], [ -1.17132, 52.95794 ], [ -1.17653, 52.96032 ], [ -1.17697, 52.96379 ], [ -1.16966, 52.96082 ] ] ] } },
{ "type": "Feature", "properties": { "small_area": "E01027939" }, "geometry": { "type": "Polygon", "coordinates": [ [ [ -1.21848, 53.0269 ], [ -1.22885, 53.02735 ], [ -1.22182, 53.0322 ], [ -1.22424, 53.0344 ], [ -1.21935, 53.03463 ], [ -1.21617, 53.02969 ], [ -1.21848, 53.0269 ] ] ] } },
{ "type": "Feature", "properties": { "small_area": "E01013944" }, "geometry": { "type": "Polygon", "coordinates": [ [ [ -1.17697, 52.96379 ], [ -1.17653, 52.96032 ], [ -1.18421, 52.96035 ], [ -1.1831, 52.96676 ], [ -1.17697, 52.96379 ] ] ] } },
{ "type": "Feature", "properties": { "small_area": "E01027938" }, "geometry": { "type": "Polygon", "coordinates": [ [ [ -1.2297, 53.0346 ], [ -1.235, 53.03338 ], [ -1.23628, 53.02829 ], [ -1.24126, 53.03113 ], [ -1.23878, 53.03261 ], [ -1.2577, 53.04094 ], [ -1.24671, 53.04463 ], [ -1.24393, 53.0376 ], [ -1.2297, 53.0346 ] ] ] } },
{ "type": "Feature", "properties": { "small_area": "E01013947" }, "geometry": { "type": "Polygon", "coordinates": [ [ [ -1.17262, 52.95575 ], [ -1.18165, 52.95949 ], [ -1.17653, 52.96032 ], [ -1.17262, 52.95575 ] ] ] } },
{ "type": "Feature", "properties": { "small_area": "E01013514" }, "geometry": { "type": "Polygon", "coordinates": [ [ [ -1.43323, 52.8701 ], [ -1.42953, 52.8701 ], [ -1.43251, 52.86863 ], [ -1.42781, 52.86726 ], [ -1.43392, 52.8658 ], [ -1.44066, 52.87371 ], [ -1.43255, 52.87529 ], [ -1.43323, 52.8701 ] ] ] } },
{ "type": "Feature", "properties": { "small_area": "E01013595" }, "geometry": { "type": "Polygon", "coordinates": [ [ [ -1.40401, 52.91339 ], [ -1.39201, 52.9095 ], [ -1.38781, 52.91154 ], [ -1.39177, 52.90739 ], [ -1.38827, 52.90145 ], [ -1.40627, 52.90019 ], [ -1.43044, 52.90465 ], [ -1.44071, 52.91102 ], [ -1.42322, 52.91439 ], [ -1.41849, 52.92304 ], [ -1.40401, 52.91339 ] ] ] } },
{ "type": "Feature", "properties": { "small_area": "E01013517" }, "geometry": { "type": "Polygon", "coordinates": [ [ [ -1.44785, 52.88421 ], [ -1.44746, 52.88084 ], [ -1.45453, 52.87995 ], [ -1.45143, 52.87521 ], [ -1.45837, 52.87854 ], [ -1.4576, 52.88164 ], [ -1.46205, 52.88132 ], [ -1.4562, 52.88511 ], [ -1.44785, 52.88421 ] ] ] } },
{ "type": "Feature", "properties": { "small_area": "E01013942" }, "geometry": { "type": "Polygon", "coordinates": [ [ [ -1.1252, 52.96438 ], [ -1.13091, 52.96738 ], [ -1.13067, 52.96982 ], [ -1.12351, 52.96925 ], [ -1.1252, 52.96438 ] ] ] } },
{ "type": "Feature", "properties": { "small_area": "E01013596" }, "geometry": { "type": "Polygon", "coordinates": [ [ [ -1.41044, 52.93102 ], [ -1.40434, 52.92335 ], [ -1.40845, 52.91818 ], [ -1.41849, 52.92304 ], [ -1.41616, 52.93134 ], [ -1.41044, 52.93102 ] ] ] } },
{ "type": "Feature", "properties": { "small_area": "E01013943" }, "geometry": { "type": "Polygon", "coordinates": [ [ [ -1.13091, 52.96738 ], [ -1.13862, 52.96565 ], [ -1.14297, 52.96823 ], [ -1.15248, 52.96449 ], [ -1.13724, 52.97301 ], [ -1.13048, 52.97197 ], [ -1.13091, 52.96738 ] ] ] } },
{ "type": "Feature", "properties": { "small_area": "E01013597" }, "geometry": { "type": "Polygon", "coordinates": [ [ [ -1.4014, 52.91729 ], [ -1.39388, 52.9153 ], [ -1.40401, 52.91339 ], [ -1.40644, 52.91731 ], [ -1.40177, 52.92108 ], [ -1.39961, 52.91966 ], [ -1.4014, 52.91729 ] ] ] } },
{ "type": "Feature", "properties": { "small_area": "E01028214" }, "geometry": { "type": "Polygon", "coordinates": [ [ [ -1.12279, 52.98345 ], [ -1.12589, 52.988 ], [ -1.11901, 52.98742 ], [ -1.12001, 52.99061 ], [ -1.11385, 52.98911 ], [ -1.12279, 52.98345 ] ] ] } },
{ "type": "Feature", "properties": { "small_area": "E01028295" }, "geometry": { "type": "Polygon", "coordinates": [ [ [ -0.95717, 53.16745 ], [ -0.9673, 53.15877 ], [ -0.97464, 53.16097 ], [ -1.01598, 53.15918 ], [ -1.02032, 53.15338 ], [ -1.03736, 53.14545 ], [ -1.03962, 53.13963 ], [ -1.00449, 53.13773 ], [ -1.02094, 53.1224 ], [ -1.06214, 53.12004 ], [ -1.07086, 53.11406 ], [ -1.09755, 53.11686 ], [ -1.09694, 53.12678 ], [ -1.11109, 53.15323 ], [ -1.08107, 53.15849 ], [ -1.07272, 53.16702 ], [ -1.05146, 53.17764 ], [ -1.00597, 53.18892 ], [ -1.00128, 53.17632 ], [ -0.99058, 53.17658 ], [ -0.95717, 53.16745 ] ] ] } },
{ "type": "Feature", "properties": { "small_area": "E01026290" }, "geometry": { "type": "Polygon", "coordinates": [ [ [ -0.25656, 52.86834 ], [ -0.2709, 52.87209 ], [ -0.2763, 52.86167 ], [ -0.27086, 52.82117 ], [ -0.28764, 52.81896 ], [ -0.37084, 52.81991 ], [ -0.41307, 52.81457 ], [ -0.41894, 52.81933 ], [ -0.42552, 52.81736 ], [ -0.42845, 52.82248 ], [ -0.4234, 52.82344 ], [ -0.43114, 52.83007 ], [ -0.43304, 52.8402 ], [ -0.44107, 52.84055 ], [ -0.43619, 52.85287 ], [ -0.43655, 52.86373 ], [ -0.41573, 52.86888 ], [ -0.41737, 52.87721 ], [ -0.36209, 52.88597 ], [ -0.34788, 52.88215 ], [ -0.29833, 52.88428 ], [ -0.26953, 52.87694 ], [ -0.25656, 52.86834 ] ] ] } },
{ "type": "Feature", "properties": { "small_area": "E01026211" }, "geometry": { "type": "Polygon", "coordinates": [ [ [ -0.38457, 53.15007 ], [ -0.40607, 53.14639 ], [ -0.40388, 53.14446 ], [ -0.40804, 53.14495 ], [ -0.41485, 53.14 ], [ -0.4079, 53.13507 ], [ -0.49077, 53.12252 ], [ -0.4932, 53.16379 ], [ -0.39952, 53.1775 ], [ -0.32897, 53.19977 ], [ -0.31891, 53.1846 ], [ -0.29423, 53.17977 ], [ -0.38457, 53.15007 ] ] ] } },
{ "type": "Feature", "properties": { "small_area": "E01028217" }, "geometry": { "type": "Polygon", "coordinates": [ [ [ -1.13364, 52.98803 ], [ -1.1273, 52.98501 ], [ -1.14245, 52.98625 ], [ -1.1392, 52.99345 ], [ -1.13336, 52.99224 ], [ -1.13364, 52.98803 ] ] ] } },
{ "type": "Feature", "properties": { "small_area": "E01028296" }, "geometry": { "type": "Polygon", "coordinates": [ [ [ -1.12022, 53.11906 ], [ -1.12724, 53.12448 ], [ -1.1288, 53.14332 ], [ -1.11109, 53.15323 ], [ -1.09694, 53.12678 ], [ -1.09755, 53.11686 ], [ -1.12022, 53.11906 ] ] ] } },
{ "type": "Feature", "properties": { "small_area": "E01026291" }, "geometry": { "type": "Polygon", "coordinates": [ [ [ -0.67322, 52.91811 ], [ -0.67124, 52.91205 ], [ -0.67622, 52.90975 ], [ -0.67692, 52.90034 ], [ -0.69431, 52.90833 ], [ -0.71406, 52.90425 ], [ -0.71693, 52.90057 ], [ -0.71724, 52.90395 ], [ -0.73638, 52.90611 ], [ -0.7396, 52.92301 ], [ -0.72026, 52.92293 ], [ -0.71785, 52.94023 ], [ -0.70737, 52.94511 ], [ -0.7067, 52.942 ], [ -0.67943, 52.93709 ], [ -0.68215, 52.93031 ], [ -0.67045, 52.92794 ], [ -0.67322, 52.91811 ] ] ] } },
{ "type": "Feature", "properties": { "small_area": "E01026210" }, "geometry": { "type": "Polygon", "coordinates": [ [ [ -0.22588, 53.12437 ], [ -0.22456, 53.1091 ], [ -0.2442, 53.10825 ], [ -0.24605, 53.10059 ], [ -0.29971, 53.092 ], [ -0.31691, 53.08072 ], [ -0.3395, 53.08728 ], [ -0.35475, 53.10755 ], [ -0.36601, 53.11065 ], [ -0.37302, 53.12536 ], [ -0.43, 53.11704 ], [ -0.43366, 53.11897 ], [ -0.48942, 53.11391 ], [ -0.49115, 53.12177 ], [ -0.39179, 53.13827 ], [ -0.34983, 53.14165 ], [ -0.33697, 53.14906 ], [ -0.27439, 53.17063 ], [ -0.24673, 53.14806 ], [ -0.22588, 53.12437 ] ] ] } },
{ "type": "Feature", "properties": { "small_area": "E01013594" }, "geometry": { "type": "Polygon", "coordinates": [ [ [ -1.41044, 52.93102 ], [ -1.39978, 52.93042 ], [ -1.39564, 52.92411 ], [ -1.40434, 52.92335 ], [ -1.41044, 52.93102 ] ] ] } },
{ "type": "Feature", "properties": { "small_area": "E01028215" }, "geometry": { "type": "Polygon", "coordinates": [ [ [ -1.12281, 52.98345 ], [ -1.13364, 52.98803 ], [ -1.13336, 52.99224 ], [ -1.12716, 52.99268 ], [ -1.12979, 52.99003 ], [ -1.12281, 52.98345 ] ] ] } },
{ "type": "Feature", "properties": { "small_area": "E01028294" }, "geometry": { "type": "Polygon", "coordinates": [ [ [ -0.79923, 53.06966 ], [ -0.80491, 53.07186 ], [ -0.80394, 53.07484 ], [ -0.79175, 53.07627 ], [ -0.79923, 53.06966 ] ] ] } },
{ "type": "Feature", "properties": { "small_area": "E01026406" }, "geometry": { "type": "Polygon", "coordinates": [ [ [ -0.45686, 53.25995 ], [ -0.46433, 53.27467 ], [ -0.44251, 53.27279 ], [ -0.44798, 53.26991 ], [ -0.44051, 53.26648 ], [ -0.4322, 53.26805 ], [ -0.45686, 53.25995 ] ] ] } },
{ "type": "Feature", "properties": { "small_area": "E01013453" }, "geometry": { "type": "Polygon", "coordinates": [ [ [ -1.49281, 52.91951 ], [ -1.49121, 52.91709 ], [ -1.50094, 52.91761 ], [ -1.50343, 52.92157 ], [ -1.48526, 52.9239 ], [ -1.49281, 52.91951 ] ] ] } },
{ "type": "Feature", "properties": { "small_area": "E01025969" }, "geometry": { "type": "Polygon", "coordinates": [ [ [ -1.36265, 52.72886 ], [ -1.37347, 52.73251 ], [ -1.36585, 52.74226 ], [ -1.35406, 52.7407 ], [ -1.36265, 52.72886 ] ] ] } },
{ "type": "Feature", "properties": { "small_area": "E01027956" }, "geometry": { "type": "Polygon", "coordinates": [ [ [ -1.26109, 53.10756 ], [ -1.25109, 53.10647 ], [ -1.25525, 53.10105 ], [ -1.2606, 53.10368 ], [ -1.26109, 53.10756 ] ] ] } },
{ "type": "Feature", "properties": { "small_area": "E01026278" }, "geometry": { "type": "MultiPolygon", "coordinates": [ [ [ [ 0.20854, 52.79819 ], [ 0.21574, 52.81714 ], [ 0.22157, 52.81845 ], [ 0.26587, 52.81007 ], [ 0.25316, 52.79733 ], [ 0.26089, 52.79604 ], [ 0.25198, 52.79254 ], [ 0.24507, 52.7845 ], [ 0.27219, 52.77279 ], [ 0.20903, 52.7482 ], [ 0.18631, 52.73533 ], [ 0.17121, 52.7382 ], [ 0.19217, 52.76522 ], [ 0.20684, 52.76688 ], [ 0.19914, 52.77139 ], [ 0.19603, 52.76851 ], [ 0.1883, 52.76912 ], [ 0.18408, 52.77732 ], [ 0.17185, 52.78273 ], [ 0.16499, 52.77561 ], [ 0.15369, 52.77864 ], [ 0.15305, 52.80505 ], [ 0.17762, 52.80669 ], [ 0.17797, 52.8107 ], [ 0.19188, 52.81413 ], [ 0.19405, 52.81112 ], [ 0.2149, 52.82283 ], [ 0.20854, 52.79819 ] ] ], [ [ [ 0.21505, 52.82372 ], [ 0.21391, 52.82482 ], [ 0.21481, 52.82562 ], [ 0.21505, 52.82372 ] ] ] ] } },
{ "type": "Feature", "properties": { "small_area": "E01025990" }, "geometry": { "type": "Polygon", "coordinates": [ [ [ -1.11214, 52.57297 ], [ -1.12275, 52.58118 ], [ -1.11155, 52.58298 ], [ -1.11214, 52.57297 ] ] ] } },
{ "type": "Feature", "properties": { "small_area": "E01025911" }, "geometry": { "type": "Polygon", "coordinates": [ [ [ -0.79992, 52.79092 ], [ -0.8206, 52.7943 ], [ -0.82238, 52.78928 ], [ -0.82498, 52.79212 ], [ -0.82954, 52.79029 ], [ -0.84798, 52.76947 ], [ -0.86605, 52.77239 ], [ -0.86276, 52.79428 ], [ -0.87165, 52.79199 ], [ -0.87449, 52.78751 ], [ -0.89029, 52.79339 ], [ -0.89479, 52.80043 ], [ -0.89592, 52.82884 ], [ -0.88982, 52.83041 ], [ -0.88526, 52.82299 ], [ -0.878, 52.82507 ], [ -0.86473, 52.82149 ], [ -0.8544, 52.82402 ], [ -0.8363, 52.82236 ], [ -0.82032, 52.83774 ], [ -0.80312, 52.8369 ], [ -0.80528, 52.82821 ], [ -0.79922, 52.8277 ], [ -0.79542, 52.80615 ], [ -0.79851, 52.79989 ], [ -0.79411, 52.79591 ], [ -0.79992, 52.79092 ] ] ] } },
{ "type": "Feature", "properties": { "small_area": "E01025991" }, "geometry": { "type": "Polygon", "coordinates": [ [ [ -1.10077, 52.56551 ], [ -1.10699, 52.56427 ], [ -1.12303, 52.56879 ], [ -1.11572, 52.57501 ], [ -1.11214, 52.57297 ], [ -1.10976, 52.57777 ], [ -1.10702, 52.57502 ], [ -1.10027, 52.57554 ], [ -1.10077, 52.56551 ] ] ] } },
{ "type": "Feature", "properties": { "small_area": "E01027971" }, "geometry": { "type": "Polygon", "coordinates": [ [ [ -1.25347, 53.13732 ], [ -1.26468, 53.13318 ], [ -1.2667, 53.1398 ], [ -1.25347, 53.13732 ] ] ] } },
{ "type": "Feature", "properties": { "small_area": "E01025910" }, "geometry": { "type": "Polygon", "coordinates": [ [ [ -0.82176, 52.71566 ], [ -0.80024, 52.70778 ], [ -0.80244, 52.70325 ], [ -0.79635, 52.70361 ], [ -0.79586, 52.69697 ], [ -0.78573, 52.69405 ], [ -0.78283, 52.67152 ], [ -0.78338, 52.66786 ], [ -0.79162, 52.66475 ], [ -0.79292, 52.65967 ], [ -0.8087, 52.64611 ], [ -0.82228, 52.64724 ], [ -0.82323, 52.65344 ], [ -0.81711, 52.64998 ], [ -0.80954, 52.65759 ], [ -0.82975, 52.65909 ], [ -0.83472, 52.67309 ], [ -0.84113, 52.67554 ], [ -0.85875, 52.67374 ], [ -0.85555, 52.68495 ], [ -0.87261, 52.68433 ], [ -0.87443, 52.67986 ], [ -0.89337, 52.67365 ], [ -0.91193, 52.67715 ], [ -0.91606, 52.67112 ], [ -0.94893, 52.68036 ], [ -0.9258, 52.71434 ], [ -0.87639, 52.70074 ], [ -0.85645, 52.70145 ], [ -0.84345, 52.70542 ], [ -0.83604, 52.7266 ], [ -0.82945, 52.72922 ], [ -0.81741, 52.72509 ], [ -0.82176, 52.71566 ] ] ] } },
{ "type": "Feature", "properties": { "small_area": "E01027970" }, "geometry": { "type": "Polygon", "coordinates": [ [ [ -1.26001, 53.12913 ], [ -1.2617, 53.13196 ], [ -1.26553, 53.13129 ], [ -1.25317, 53.13499 ], [ -1.26001, 53.12913 ] ] ] } },
{ "type": "Feature", "properties": { "small_area": "E01019619" }, "geometry": { "type": "Polygon", "coordinates": [ [ [ -1.53111, 53.10046 ], [ -1.52983, 53.09546 ], [ -1.51912, 53.09448 ], [ -1.56047, 53.0927 ], [ -1.56458, 53.09395 ], [ -1.56259, 53.0972 ], [ -1.57574, 53.09662 ], [ -1.58018, 53.10037 ], [ -1.57839, 53.113 ], [ -1.56505, 53.10978 ], [ -1.55475, 53.11878 ], [ -1.53355, 53.11244 ], [ -1.5206, 53.11447 ], [ -1.53111, 53.10046 ] ] ] } },
{ "type": "Feature", "properties": { "small_area": "E01019614" }, "geometry": { "type": "Polygon", "coordinates": [ [ [ -1.63277, 53.32081 ], [ -1.62829, 53.31635 ], [ -1.60884, 53.32254 ], [ -1.60153, 53.31819 ], [ -1.59744, 53.29574 ], [ -1.60751, 53.29786 ], [ -1.61687, 53.29432 ], [ -1.6284, 53.297 ], [ -1.64055, 53.29245 ], [ -1.63568, 53.29584 ], [ -1.64107, 53.2951 ], [ -1.63995, 53.31111 ], [ -1.64626, 53.31705 ], [ -1.64543, 53.32175 ], [ -1.65848, 53.32245 ], [ -1.65323, 53.32586 ], [ -1.65562, 53.32957 ], [ -1.65035, 53.3313 ], [ -1.65764, 53.33244 ], [ -1.66132, 53.32729 ], [ -1.66234, 53.33081 ], [ -1.67127, 53.33412 ], [ -1.66886, 53.33588 ], [ -1.66121, 53.33241 ], [ -1.66308, 53.33477 ], [ -1.6571, 53.33857 ], [ -1.65089, 53.33701 ], [ -1.63002, 53.34284 ], [ -1.62644, 53.34026 ], [ -1.6336, 53.33828 ], [ -1.63192, 53.33534 ], [ -1.62465, 53.33577 ], [ -1.62218, 53.33317 ], [ -1.63277, 53.32081 ] ] ] } },
{ "type": "Feature", "properties": { "small_area": "E01019450" }, "geometry": { "type": "Polygon", "coordinates": [ [ [ -1.42892, 53.00401 ], [ -1.43704, 53.00681 ], [ -1.43675, 53.0124 ], [ -1.42696, 53.01133 ], [ -1.42892, 53.00401 ] ] ] } },
{ "type": "Feature", "properties": { "small_area": "E01025968" }, "geometry": { "type": "Polygon", "coordinates": [ [ [ -1.36585, 52.74226 ], [ -1.35963, 52.74647 ], [ -1.34518, 52.74695 ], [ -1.34771, 52.73971 ], [ -1.36585, 52.74226 ] ] ] } },
{ "type": "Feature", "properties": { "small_area": "E01013531" }, "geometry": { "type": "Polygon", "coordinates": [ [ [ -1.46285, 52.94061 ], [ -1.45291, 52.94317 ], [ -1.45142, 52.93808 ], [ -1.46285, 52.94061 ] ] ] } },
{ "type": "Feature", "properties": { "small_area": "E01027957" }, "geometry": { "type": "Polygon", "coordinates": [ [ [ -1.26749, 53.10535 ], [ -1.26302, 53.1045 ], [ -1.26697, 53.1036 ], [ -1.28972, 53.1063 ], [ -1.3007, 53.10166 ], [ -1.31183, 53.10869 ], [ -1.27632, 53.11378 ], [ -1.26878, 53.10736 ], [ -1.26471, 53.10811 ], [ -1.26749, 53.10535 ] ] ] } },
{ "type": "Feature", "properties": { "small_area": "E01027954" }, "geometry": { "type": "Polygon", "coordinates": [ [ [ -1.24451, 53.11052 ], [ -1.23993, 53.11189 ], [ -1.23676, 53.10667 ], [ -1.24265, 53.10203 ], [ -1.24418, 53.10529 ], [ -1.25818, 53.10812 ], [ -1.2538, 53.11873 ], [ -1.24207, 53.11667 ], [ -1.24451, 53.11052 ] ] ] } },
{ "type": "Feature", "properties": { "small_area": "E01013538" }, "geometry": { "type": "Polygon", "coordinates": [ [ [ -1.44085, 52.92506 ], [ -1.44728, 52.91807 ], [ -1.46361, 52.91948 ], [ -1.45858, 52.92619 ], [ -1.46334, 52.92819 ], [ -1.45502, 52.92698 ], [ -1.45312, 52.93079 ], [ -1.44085, 52.92506 ] ] ] } },
{ "type": "Feature", "properties": { "small_area": "E01013602" }, "geometry": { "type": "Polygon", "coordinates": [ [ [ -1.12921, 52.66537 ], [ -1.14137, 52.664 ], [ -1.14485, 52.67514 ], [ -1.13772, 52.67535 ], [ -1.12937, 52.66913 ], [ -1.12921, 52.66537 ] ] ] } },
{ "type": "Feature", "properties": { "small_area": "E01019510" }, "geometry": { "type": "Polygon", "coordinates": [ [ [ -1.21482, 53.20492 ], [ -1.22344, 53.20162 ], [ -1.22628, 53.20797 ], [ -1.22455, 53.21136 ], [ -1.21482, 53.20492 ] ] ] } },
{ "type": "Feature", "properties": { "small_area": "E01028029" }, "geometry": { "type": "Polygon", "coordinates": [ [ [ -1.10775, 53.38914 ], [ -1.08727, 53.3808 ], [ -1.08336, 53.38764 ], [ -1.07311, 53.38744 ], [ -1.0637, 53.38201 ], [ -1.07433, 53.37953 ], [ -1.07607, 53.37483 ], [ -1.06789, 53.36209 ], [ -1.04983, 53.36284 ], [ -1.03302, 53.3487 ], [ -1.06461, 53.34092 ], [ -1.08924, 53.35061 ], [ -1.10859, 53.36909 ], [ -1.13835, 53.3723 ], [ -1.12422, 53.37491 ], [ -1.12008, 53.37963 ], [ -1.1283, 53.38043 ], [ -1.13322, 53.39137 ], [ -1.10775, 53.38914 ] ] ] } },
{ "type": "Feature", "properties": { "small_area": "E01025862" }, "geometry": { "type": "Polygon", "coordinates": [ [ [ -1.33792, 52.55549 ], [ -1.33658, 52.54859 ], [ -1.34513, 52.54505 ], [ -1.36403, 52.55042 ], [ -1.35291, 52.5576 ], [ -1.33792, 52.55549 ] ] ] } },
{ "type": "Feature", "properties": { "small_area": "E01028025" }, "geometry": { "type": "Polygon", "coordinates": [ [ [ -1.04203, 53.42186 ], [ -1.03758, 53.41828 ], [ -1.05156, 53.4166 ], [ -1.04203, 53.42186 ] ] ] } },
{ "type": "Feature", "properties": { "small_area": "E01027122" }, "geometry": { "type": "Polygon", "coordinates": [ [ [ -0.68617, 52.39327 ], [ -0.69457, 52.39625 ], [ -0.68984, 52.39653 ], [ -0.68795, 52.40391 ], [ -0.68484, 52.40162 ], [ -0.68617, 52.39327 ] ] ] } },
{ "type": "Feature", "properties": { "small_area": "E01025900" }, "geometry": { "type": "Polygon", "coordinates": [ [ [ -0.89293, 52.76994 ], [ -0.90443, 52.76836 ], [ -0.918, 52.7751 ], [ -0.91569, 52.77716 ], [ -0.89293, 52.76994 ] ] ] } },
{ "type": "Feature", "properties": { "small_area": "E01019726" }, "geometry": { "type": "Polygon", "coordinates": [ [ [ -1.89287, 53.23193 ], [ -1.887, 53.22707 ], [ -1.898, 53.23018 ], [ -1.90562, 53.22616 ], [ -1.91728, 53.23215 ], [ -1.91152, 53.23723 ], [ -1.91404, 53.24028 ], [ -1.90921, 53.24356 ], [ -1.90786, 53.24026 ], [ -1.89596, 53.24094 ], [ -1.89237, 53.23733 ], [ -1.89287, 53.23193 ] ] ] } },
{ "type": "Feature", "properties": { "small_area": "E01027060" }, "geometry": { "type": "Polygon", "coordinates": [ [ [ -0.59662, 52.291 ], [ -0.59362, 52.28722 ], [ -0.59914, 52.29349 ], [ -0.59337, 52.29675 ], [ -0.58557, 52.29333 ], [ -0.59662, 52.291 ] ] ] } },
{ "type": "Feature", "properties": { "small_area": "E01026949" }, "geometry": { "type": "Polygon", "coordinates": [ [ [ -0.68917, 52.48675 ], [ -0.69929, 52.4894 ], [ -0.69791, 52.48493 ], [ -0.71383, 52.48855 ], [ -0.69639, 52.49495 ], [ -0.6951, 52.4911 ], [ -0.68768, 52.49028 ], [ -0.68917, 52.48675 ] ] ] } },
{ "type": "Feature", "properties": { "small_area": "E01025751" }, "geometry": { "type": "Polygon", "coordinates": [ [ [ -1.09611, 52.72372 ], [ -1.09881, 52.72888 ], [ -1.10422, 52.72833 ], [ -1.10147, 52.72536 ], [ -1.10681, 52.7266 ], [ -1.10796, 52.73302 ], [ -1.0941, 52.7312 ], [ -1.08132, 52.73547 ], [ -1.09611, 52.72372 ] ] ] } },
{ "type": "Feature", "properties": { "small_area": "E01013901" }, "geometry": { "type": "Polygon", "coordinates": [ [ [ -1.15693, 52.92318 ], [ -1.15897, 52.92572 ], [ -1.16477, 52.92401 ], [ -1.15821, 52.93688 ], [ -1.15229, 52.93701 ], [ -1.15693, 52.92318 ] ] ] } },
{ "type": "Feature", "properties": { "small_area": "E01013756" }, "geometry": { "type": "Polygon", "coordinates": [ [ [ -1.10356, 52.62101 ], [ -1.11119, 52.61965 ], [ -1.11464, 52.62351 ], [ -1.10707, 52.62511 ], [ -1.10356, 52.62101 ] ] ] } },
{ "type": "Feature", "properties": { "small_area": "E01027013" }, "geometry": { "type": "Polygon", "coordinates": [ [ [ -1.1495, 52.26074 ], [ -1.14625, 52.25565 ], [ -1.13546, 52.26251 ], [ -1.1364, 52.25291 ], [ -1.14653, 52.24278 ], [ -1.15824, 52.24435 ], [ -1.1523, 52.25142 ], [ -1.15604, 52.25954 ], [ -1.1495, 52.26074 ] ] ] } },
{ "type": "Feature", "properties": { "small_area": "E01028049" }, "geometry": { "type": "Polygon", "coordinates": [ [ [ -1.13033, 53.32966 ], [ -1.12452, 53.32423 ], [ -1.13192, 53.31902 ], [ -1.13632, 53.32653 ], [ -1.13033, 53.32966 ] ] ] } },
{ "type": "Feature", "properties": { "small_area": "E01025818" }, "geometry": { "type": "Polygon", "coordinates": [ [ [ -1.41763, 52.60259 ], [ -1.40359, 52.60949 ], [ -1.3793, 52.61153 ], [ -1.36641, 52.6066 ], [ -1.37597, 52.58763 ], [ -1.39653, 52.58661 ], [ -1.40134, 52.59353 ], [ -1.40969, 52.59169 ], [ -1.40791, 52.5883 ], [ -1.41254, 52.58481 ], [ -1.4164, 52.58414 ], [ -1.41723, 52.59077 ], [ -1.4365, 52.57988 ], [ -1.43618, 52.57652 ], [ -1.41156, 52.57689 ], [ -1.42262, 52.57279 ], [ -1.42286, 52.56456 ], [ -1.40724, 52.55927 ], [ -1.41609, 52.55774 ], [ -1.41022, 52.55351 ], [ -1.41897, 52.53775 ], [ -1.48304, 52.55867 ], [ -1.46749, 52.56992 ], [ -1.45277, 52.57287 ], [ -1.45634, 52.58003 ], [ -1.48124, 52.58991 ], [ -1.48049, 52.6016 ], [ -1.48885, 52.60051 ], [ -1.49633, 52.60373 ], [ -1.4933, 52.60689 ], [ -1.49649, 52.61997 ], [ -1.48982, 52.62032 ], [ -1.46051, 52.63623 ], [ -1.43798, 52.62799 ], [ -1.44438, 52.61281 ], [ -1.42775, 52.60375 ], [ -1.42224, 52.60248 ], [ -1.42042, 52.60523 ], [ -1.41763, 52.60259 ] ] ] } },
{ "type": "Feature", "properties": { "small_area": "E01019785" }, "geometry": { "type": "Polygon", "coordinates": [ [ [ -1.47529, 53.28616 ], [ -1.4761, 53.29405 ], [ -1.46482, 53.29221 ], [ -1.47006, 53.29437 ], [ -1.46024, 53.29511 ], [ -1.45587, 53.29013 ], [ -1.46434, 53.28793 ], [ -1.46754, 53.28306 ], [ -1.47529, 53.28616 ] ] ] } },
{ "type": "Feature", "properties": { "small_area": "E01025815" }, "geometry": { "type": "Polygon", "coordinates": [ [ [ -0.80991, 52.64028 ], [ -0.80176, 52.63882 ], [ -0.81097, 52.62597 ], [ -0.80583, 52.62067 ], [ -0.81936, 52.60966 ], [ -0.82096, 52.59644 ], [ -0.81697, 52.59369 ], [ -0.81593, 52.58283 ], [ -0.84659, 52.58903 ], [ -0.84965, 52.57592 ], [ -0.87327, 52.57407 ], [ -0.87971, 52.58957 ], [ -0.89581, 52.59188 ], [ -0.91876, 52.60665 ], [ -0.92459, 52.61633 ], [ -0.91252, 52.64183 ], [ -0.95963, 52.63326 ], [ -0.9633, 52.63585 ], [ -0.9987, 52.62803 ], [ -1.01838, 52.62916 ], [ -1.02155, 52.63467 ], [ -1.01392, 52.63945 ], [ -1.01231, 52.64842 ], [ -1.01679, 52.65065 ], [ -1.0138, 52.65503 ], [ -0.99959, 52.66283 ], [ -0.98094, 52.68162 ], [ -0.96018, 52.67309 ], [ -0.94893, 52.68036 ], [ -0.91606, 52.67112 ], [ -0.91193, 52.67715 ], [ -0.89337, 52.67365 ], [ -0.87443, 52.67986 ], [ -0.87261, 52.68433 ], [ -0.85555, 52.68495 ], [ -0.85875, 52.67374 ], [ -0.84113, 52.67554 ], [ -0.83472, 52.67309 ], [ -0.82975, 52.65909 ], [ -0.80954, 52.65759 ], [ -0.81711, 52.64998 ], [ -0.82323, 52.65344 ], [ -0.82228, 52.64724 ], [ -0.8087, 52.64611 ], [ -0.80991, 52.64028 ] ] ] } },
{ "type": "Feature", "properties": { "small_area": "E01013758" }, "geometry": { "type": "Polygon", "coordinates": [ [ [ -1.10079, 52.62731 ], [ -1.10621, 52.62284 ], [ -1.10706, 52.62654 ], [ -1.10079, 52.62731 ] ] ] } },
{ "type": "Feature", "properties": { "small_area": "E01028391" }, "geometry": { "type": "Polygon", "coordinates": [ [ [ -1.13914, 52.90529 ], [ -1.15011, 52.91164 ], [ -1.14703, 52.91877 ], [ -1.14768, 52.91664 ], [ -1.14478, 52.91891 ], [ -1.14048, 52.91485 ], [ -1.1357, 52.91546 ], [ -1.13914, 52.90529 ] ] ] } },
{ "type": "Feature", "properties": { "small_area": "E01026317" }, "geometry": { "type": "Polygon", "coordinates": [ [ [ -0.6377, 52.90683 ], [ -0.64403, 52.90869 ], [ -0.6405, 52.90467 ], [ -0.65599, 52.90094 ], [ -0.65328, 52.91085 ], [ -0.63981, 52.90951 ], [ -0.6377, 52.90683 ] ] ] } },
{ "type": "Feature", "properties": { "small_area": "E01033394" }, "geometry": { "type": "Polygon", "coordinates": [ [ [ -0.83031, 53.06211 ], [ -0.83154, 53.05847 ], [ -0.80597, 53.05724 ], [ -0.80267, 53.02489 ], [ -0.82537, 53.02463 ], [ -0.82512, 53.02057 ], [ -0.87631, 53.04354 ], [ -0.87248, 53.04933 ], [ -0.86198, 53.0516 ], [ -0.85342, 53.04648 ], [ -0.8451, 53.05403 ], [ -0.85022, 53.05682 ], [ -0.84413, 53.06336 ], [ -0.85416, 53.0626 ], [ -0.85969, 53.0679 ], [ -0.84735, 53.07484 ], [ -0.84045, 53.06679 ], [ -0.83031, 53.06211 ] ] ] } },
{ "type": "Feature", "properties": { "small_area": "E01019709" }, "geometry": { "type": "Polygon", "coordinates": [ [ [ -1.2757, 52.89616 ], [ -1.28242, 52.88778 ], [ -1.29033, 52.89273 ], [ -1.28447, 52.89744 ], [ -1.2757, 52.89616 ] ] ] } },
{ "type": "Feature", "properties": { "small_area": "E01032985" }, "geometry": { "type": "Polygon", "coordinates": [ [ [ -0.87885, 52.17711 ], [ -0.87106, 52.1794 ], [ -0.87267, 52.17246 ], [ -0.86839, 52.17398 ], [ -0.86471, 52.16849 ], [ -0.87151, 52.1652 ], [ -0.86536, 52.16038 ], [ -0.85729, 52.16431 ], [ -0.85385, 52.15928 ], [ -0.87237, 52.15042 ], [ -0.87657, 52.15256 ], [ -0.88757, 52.14791 ], [ -0.8881, 52.14287 ], [ -0.89403, 52.1428 ], [ -0.89967, 52.1475 ], [ -0.89382, 52.15338 ], [ -0.89759, 52.1592 ], [ -0.88573, 52.16403 ], [ -0.91919, 52.17378 ], [ -0.93141, 52.18657 ], [ -0.94483, 52.19046 ], [ -0.9366, 52.20811 ], [ -0.87885, 52.17711 ] ] ] } },
{ "type": "Feature", "properties": { "small_area": "E01032986" }, "geometry": { "type": "Polygon", "coordinates": [ [ [ -0.01653, 53.36551 ], [ -0.01738, 53.36616 ], [ -0.0037, 53.37147 ], [ 0.00149, 53.36772 ], [ -0.01653, 53.36551 ] ] ] } },
{ "type": "Feature", "properties": { "small_area": "E01032987" }, "geometry": { "type": "Polygon", "coordinates": [ [ [ 0.00783, 53.36976 ], [ 0.00149, 53.36772 ], [ -0.0037, 53.37147 ], [ 0.0034, 53.374 ], [ 0.00783, 53.36976 ] ] ] } },
{ "type": "Feature", "properties": { "small_area": "E01026966" }, "geometry": { "type": "Polygon", "coordinates": [ [ [ -0.72321, 52.47063 ], [ -0.73307, 52.47519 ], [ -0.73075, 52.47973 ], [ -0.71808, 52.48159 ], [ -0.72171, 52.47848 ], [ -0.7186, 52.47652 ], [ -0.72321, 52.47063 ] ] ] } },
{ "type": "Feature", "properties": { "small_area": "E01019782" }, "geometry": { "type": "Polygon", "coordinates": [ [ [ -1.46456, 53.3063 ], [ -1.44567, 53.30377 ], [ -1.44716, 53.29263 ], [ -1.47278, 53.30329 ], [ -1.46456, 53.3063 ] ] ] } },
{ "type": "Feature", "properties": { "small_area": "E01028081" }, "geometry": { "type": "Polygon", "coordinates": [ [ [ -1.1877, 52.92133 ], [ -1.18231, 52.91732 ], [ -1.19902, 52.90946 ], [ -1.21051, 52.91225 ], [ -1.21336, 52.91643 ], [ -1.1877, 52.92133 ] ] ] } },
{ "type": "Feature", "properties": { "small_area": "E01028082" }, "geometry": { "type": "Polygon", "coordinates": [ [ [ -1.1877, 52.92133 ], [ -1.19969, 52.91701 ], [ -1.2026, 52.92132 ], [ -1.19926, 52.92378 ], [ -1.19247, 52.92205 ], [ -1.19391, 52.92639 ], [ -1.1877, 52.92133 ] ] ] } },
{ "type": "Feature", "properties": { "small_area": "E01028000" }, "geometry": { "type": "Polygon", "coordinates": [ [ [ -1.00962, 53.40271 ], [ -0.99539, 53.39575 ], [ -1.01745, 53.38967 ], [ -1.018, 53.3929 ], [ -1.03041, 53.38976 ], [ -1.0388, 53.391 ], [ -1.04441, 53.37695 ], [ -1.03927, 53.37302 ], [ -1.04093, 53.3683 ], [ -1.04983, 53.36284 ], [ -1.06789, 53.36209 ], [ -1.07607, 53.37483 ], [ -1.07433, 53.37953 ], [ -1.0637, 53.38201 ], [ -1.07311, 53.38744 ], [ -1.08336, 53.38764 ], [ -1.08727, 53.3808 ], [ -1.10775, 53.38914 ], [ -1.13322, 53.39137 ], [ -1.12289, 53.39827 ], [ -1.11561, 53.39715 ], [ -1.11598, 53.40739 ], [ -1.1082, 53.40586 ], [ -1.09874, 53.41872 ], [ -1.06325, 53.41106 ], [ -1.03774, 53.4104 ], [ -1.02246, 53.42603 ], [ -1.01428, 53.42626 ], [ -1.0117, 53.42167 ], [ -1.00345, 53.42049 ], [ -1.00977, 53.4116 ], [ -1.00962, 53.40271 ] ] ] } },
{ "type": "Feature", "properties": { "small_area": "E01028083" }, "geometry": { "type": "Polygon", "coordinates": [ [ [ -1.19247, 52.92205 ], [ -1.21158, 52.92162 ], [ -1.19578, 52.92784 ], [ -1.19247, 52.92205 ] ] ] } },
{ "type": "Feature", "properties": { "small_area": "E01028003" }, "geometry": { "type": "Polygon", "coordinates": [ [ [ -1.09539, 53.35778 ], [ -1.10339, 53.35851 ], [ -1.10972, 53.3543 ], [ -1.12535, 53.36246 ], [ -1.12237, 53.36664 ], [ -1.13439, 53.37007 ], [ -1.12397, 53.37274 ], [ -1.10859, 53.36909 ], [ -1.09539, 53.35778 ] ] ] } },
{ "type": "Feature", "properties": { "small_area": "E01028084" }, "geometry": { "type": "Polygon", "coordinates": [ [ [ -1.22779, 52.92587 ], [ -1.23069, 52.92752 ], [ -1.22555, 52.93319 ], [ -1.22015, 52.93086 ], [ -1.22779, 52.92587 ] ] ] } },
{ "type": "Feature", "properties": { "small_area": "E01028002" }, "geometry": { "type": "Polygon", "coordinates": [ [ [ -1.11829, 53.35421 ], [ -1.13097, 53.355 ], [ -1.12155, 53.36085 ], [ -1.12258, 53.35747 ], [ -1.11829, 53.35421 ] ] ] } },
{ "type": "Feature", "properties": { "small_area": "E01028001" }, "geometry": { "type": "Polygon", "coordinates": [ [ [ -1.14506, 53.37127 ], [ -1.13835, 53.3723 ], [ -1.12237, 53.36664 ], [ -1.12535, 53.36246 ], [ -1.12141, 53.36173 ], [ -1.11586, 53.35825 ], [ -1.12174, 53.35792 ], [ -1.12155, 53.36085 ], [ -1.13861, 53.35719 ], [ -1.14047, 53.36396 ], [ -1.14651, 53.36574 ], [ -1.14506, 53.37127 ] ] ] } },
{ "type": "Feature", "properties": { "small_area": "E01028080" }, "geometry": { "type": "Polygon", "coordinates": [ [ [ -1.19969, 52.91701 ], [ -1.21336, 52.91643 ], [ -1.21777, 52.92007 ], [ -1.2026, 52.92132 ], [ -1.19969, 52.91701 ] ] ] } },
{ "type": "Feature", "properties": { "small_area": "E01025773" }, "geometry": { "type": "Polygon", "coordinates": [ [ [ -1.21213, 52.51583 ], [ -1.21973, 52.51801 ], [ -1.21365, 52.52311 ], [ -1.21975, 52.52404 ], [ -1.21944, 52.528 ], [ -1.21309, 52.52596 ], [ -1.20899, 52.52883 ], [ -1.20221, 52.52792 ], [ -1.21213, 52.51583 ] ] ] } },
{ "type": "Feature", "properties": { "small_area": "E01019661" }, "geometry": { "type": "Polygon", "coordinates": [ [ [ -1.30194, 52.97595 ], [ -1.30226, 52.97968 ], [ -1.30881, 52.9777 ], [ -1.30295, 52.97277 ], [ -1.30928, 52.9703 ], [ -1.30979, 52.97808 ], [ -1.30543, 52.98219 ], [ -1.29465, 52.98575 ], [ -1.29747, 52.98465 ], [ -1.29068, 52.97066 ], [ -1.30194, 52.97595 ] ] ] } },
{ "type": "Feature", "properties": { "small_area": "E01013502" }, "geometry": { "type": "Polygon", "coordinates": [ [ [ -1.4354, 52.88859 ], [ -1.43993, 52.89284 ], [ -1.42748, 52.89562 ], [ -1.43313, 52.89025 ], [ -1.43017, 52.88945 ], [ -1.4354, 52.88859 ] ] ] } },
{ "type": "Feature", "properties": { "small_area": "E01028198" }, "geometry": { "type": "Polygon", "coordinates": [ [ [ -1.15456, 53.07277 ], [ -1.16351, 53.07515 ], [ -1.16077, 53.07928 ], [ -1.16831, 53.08597 ], [ -1.1601, 53.08584 ], [ -1.1638, 53.08426 ], [ -1.15637, 53.08283 ], [ -1.15527, 53.07633 ], [ -1.13035, 53.06382 ], [ -1.15063, 53.06556 ], [ -1.15456, 53.07277 ] ] ] } },
{ "type": "Feature", "properties": { "small_area": "E01028119" }, "geometry": { "type": "Polygon", "coordinates": [ [ [ -1.2187, 53.00647 ], [ -1.22037, 53.00391 ], [ -1.2145, 52.99706 ], [ -1.21911, 52.99148 ], [ -1.21195, 52.9883 ], [ -1.22407, 52.99113 ], [ -1.23022, 52.98728 ], [ -1.22527, 52.98332 ], [ -1.23102, 52.98198 ], [ -1.24684, 52.98452 ], [ -1.23266, 52.96839 ], [ -1.24076, 52.96303 ], [ -1.24447, 52.96775 ], [ -1.25104, 52.96459 ], [ -1.26436, 52.96788 ], [ -1.26847, 52.97276 ], [ -1.26149, 52.97597 ], [ -1.26521, 52.97949 ], [ -1.26996, 52.97795 ], [ -1.2754, 52.98485 ], [ -1.24861, 52.98792 ], [ -1.2513, 52.99381 ], [ -1.23447, 52.98989 ], [ -1.23092, 52.99837 ], [ -1.23435, 53.00615 ], [ -1.2326, 53.01135 ], [ -1.2187, 53.00647 ] ] ] } },
{ "type": "Feature", "properties": { "small_area": "E01013679" }, "geometry": { "type": "Polygon", "coordinates": [ [ [ -1.12673, 52.59705 ], [ -1.12647, 52.59287 ], [ -1.13638, 52.59516 ], [ -1.13563, 52.59742 ], [ -1.12673, 52.59705 ] ] ] } },
{ "type": "Feature", "properties": { "small_area": "E01019458" }, "geometry": { "type": "Polygon", "coordinates": [ [ [ -1.40353, 53.0465 ], [ -1.39521, 53.04503 ], [ -1.40362, 53.03528 ], [ -1.40729, 53.0507 ], [ -1.40127, 53.05061 ], [ -1.40353, 53.0465 ] ] ] } },
{ "type": "Feature", "properties": { "small_area": "E01027249" }, "geometry": { "type": "Polygon", "coordinates": [ [ [ -0.84376, 52.26798 ], [ -0.84393, 52.26897 ], [ -0.83416, 52.27427 ], [ -0.83545, 52.26758 ], [ -0.84376, 52.26798 ] ] ] } },
{ "type": "Feature", "properties": { "small_area": "E01027248" }, "geometry": { "type": "Polygon", "coordinates": [ [ [ -0.83416, 52.27427 ], [ -0.84393, 52.26897 ], [ -0.84463, 52.28057 ], [ -0.83917, 52.28121 ], [ -0.83855, 52.277 ], [ -0.83272, 52.27639 ], [ -0.83416, 52.27427 ] ] ] } },
{ "type": "Feature", "properties": { "small_area": "E01013624" }, "geometry": { "type": "Polygon", "coordinates": [ [ [ -1.10081, 52.65363 ], [ -1.10541, 52.64876 ], [ -1.11026, 52.65526 ], [ -1.10081, 52.65363 ] ] ] } },
{ "type": "Feature", "properties": { "small_area": "E01032972" }, "geometry": { "type": "Polygon", "coordinates": [ [ [ -0.75327, 52.40694 ], [ -0.74856, 52.38974 ], [ -0.77402, 52.37835 ], [ -0.77488, 52.36973 ], [ -0.77965, 52.36696 ], [ -0.78536, 52.36626 ], [ -0.78282, 52.37537 ], [ -0.79991, 52.37007 ], [ -0.80361, 52.38063 ], [ -0.79817, 52.38774 ], [ -0.78125, 52.39464 ], [ -0.79138, 52.39605 ], [ -0.79704, 52.40274 ], [ -0.77843, 52.41072 ], [ -0.76617, 52.40786 ], [ -0.76218, 52.41168 ], [ -0.74887, 52.41052 ], [ -0.75327, 52.40694 ] ] ] } },
{ "type": "Feature", "properties": { "small_area": "E01013681" }, "geometry": { "type": "Polygon", "coordinates": [ [ [ -1.14899, 52.63894 ], [ -1.15118, 52.64163 ], [ -1.15139, 52.64421 ], [ -1.14084, 52.64505 ], [ -1.14899, 52.63894 ] ] ] } },
{ "type": "Feature", "properties": { "small_area": "E01027089" }, "geometry": { "type": "Polygon", "coordinates": [ [ [ -0.72711, 52.41934 ], [ -0.72227, 52.41732 ], [ -0.72998, 52.41657 ], [ -0.72614, 52.41463 ], [ -0.73016, 52.41089 ], [ -0.7355, 52.41167 ], [ -0.7369, 52.41551 ], [ -0.72388, 52.4216 ], [ -0.72711, 52.41934 ] ] ] } },
{ "type": "Feature", "properties": { "small_area": "E01026158" }, "geometry": { "type": "Polygon", "coordinates": [ [ [ -0.5944, 53.21526 ], [ -0.59324, 53.21284 ], [ -0.59153, 53.21454 ], [ -0.59287, 53.21865 ], [ -0.60065, 53.21834 ], [ -0.59238, 53.22219 ], [ -0.58074, 53.21527 ], [ -0.59129, 53.20818 ], [ -0.59529, 53.21181 ], [ -0.5944, 53.21526 ] ] ] } },
{ "type": "Feature", "properties": { "small_area": "E01028150" }, "geometry": { "type": "Polygon", "coordinates": [ [ [ -1.05677, 53.03553 ], [ -1.0673, 53.03061 ], [ -1.07809, 53.0312 ], [ -1.08049, 53.03695 ], [ -1.07549, 53.03936 ], [ -1.07969, 53.0441 ], [ -1.07206, 53.04703 ], [ -1.06512, 53.04474 ], [ -1.05677, 53.03553 ] ] ] } },
{ "type": "Feature", "properties": { "small_area": "E01028151" }, "geometry": { "type": "Polygon", "coordinates": [ [ [ -1.08049, 53.03695 ], [ -1.07809, 53.0312 ], [ -1.10473, 53.0294 ], [ -1.10233, 53.03477 ], [ -1.08799, 53.03846 ], [ -1.08049, 53.03695 ] ] ] } },
{ "type": "Feature", "properties": { "small_area": "E01027008" }, "geometry": { "type": "Polygon", "coordinates": [ [ [ -1.16704, 52.25192 ], [ -1.15529, 52.24813 ], [ -1.15824, 52.24435 ], [ -1.17494, 52.24672 ], [ -1.16704, 52.25192 ] ] ] } },
{ "type": "Feature", "properties": { "small_area": "E01026159" }, "geometry": { "type": "Polygon", "coordinates": [ [ [ -0.60007, 53.2126 ], [ -0.60333, 53.21435 ], [ -0.60065, 53.21834 ], [ -0.59287, 53.21865 ], [ -0.59153, 53.21454 ], [ -0.59324, 53.21284 ], [ -0.5944, 53.21526 ], [ -0.60007, 53.2126 ] ] ] } },
{ "type": "Feature", "properties": { "small_area": "E01027261" }, "geometry": { "type": "Polygon", "coordinates": [ [ [ -1.03923, 52.08765 ], [ -1.03678, 52.07926 ], [ -1.02572, 52.08003 ], [ -1.02634, 52.07567 ], [ -1.04234, 52.0737 ], [ -1.02957, 52.0701 ], [ -1.02642, 52.06441 ], [ -1.03096, 52.06289 ], [ -1.04007, 52.06591 ], [ -1.05298, 52.05965 ], [ -1.06207, 52.06272 ], [ -1.08084, 52.05679 ], [ -1.08329, 52.05235 ], [ -1.11971, 52.04648 ], [ -1.13127, 52.03286 ], [ -1.13441, 52.03451 ], [ -1.13414, 52.04241 ], [ -1.15719, 52.05206 ], [ -1.16222, 52.06572 ], [ -1.15187, 52.0695 ], [ -1.16394, 52.07572 ], [ -1.1596, 52.07912 ], [ -1.15703, 52.09581 ], [ -1.14995, 52.10947 ], [ -1.14497, 52.11045 ], [ -1.12191, 52.09978 ], [ -1.11409, 52.10154 ], [ -1.11446, 52.09862 ], [ -1.10538, 52.09361 ], [ -1.08593, 52.09374 ], [ -1.07731, 52.08489 ], [ -1.03923, 52.08765 ] ] ] } },
{ "type": "Feature", "properties": { "small_area": "E01027260" }, "geometry": { "type": "Polygon", "coordinates": [ [ [ -0.84269, 52.2416 ], [ -0.84942, 52.24731 ], [ -0.84375, 52.24797 ], [ -0.84944, 52.25172 ], [ -0.83865, 52.2536 ], [ -0.83744, 52.24871 ], [ -0.84269, 52.2416 ] ] ] } },
{ "type": "Feature", "properties": { "small_area": "E01027263" }, "geometry": { "type": "Polygon", "coordinates": [ [ [ -0.92156, 52.15225 ], [ -0.92785, 52.1496 ], [ -0.94053, 52.15461 ], [ -0.93739, 52.16533 ], [ -0.95656, 52.16665 ], [ -0.95958, 52.17023 ], [ -0.94259, 52.19548 ], [ -0.94483, 52.19046 ], [ -0.93141, 52.18657 ], [ -0.91919, 52.17378 ], [ -0.92156, 52.15225 ] ] ] } },
{ "type": "Feature", "properties": { "small_area": "E01026302" }, "geometry": { "type": "Polygon", "coordinates": [ [ [ -0.37687, 52.77106 ], [ -0.38083, 52.77356 ], [ -0.38021, 52.77801 ], [ -0.38398, 52.77905 ], [ -0.37615, 52.77817 ], [ -0.37687, 52.77106 ] ] ] } },
{ "type": "Feature", "properties": { "small_area": "E01026305" }, "geometry": { "type": "Polygon", "coordinates": [ [ [ -0.30535, 52.68088 ], [ -0.30865, 52.67449 ], [ -0.30782, 52.68143 ], [ -0.31331, 52.6857 ], [ -0.30186, 52.68774 ], [ -0.30073, 52.67996 ], [ -0.30535, 52.68088 ] ] ] } },
{ "type": "Feature", "properties": { "small_area": "E01026384" }, "geometry": { "type": "Polygon", "coordinates": [ [ [ -0.76952, 53.39576 ], [ -0.77287, 53.39305 ], [ -0.78525, 53.40223 ], [ -0.77076, 53.40213 ], [ -0.76952, 53.39576 ] ] ] } },
{ "type": "Feature", "properties": { "small_area": "E01026385" }, "geometry": { "type": "Polygon", "coordinates": [ [ [ -0.64151, 53.42148 ], [ -0.64975, 53.41275 ], [ -0.59663, 53.41485 ], [ -0.59629, 53.40499 ], [ -0.59085, 53.39861 ], [ -0.57256, 53.39215 ], [ -0.64465, 53.3791 ], [ -0.64615, 53.3814 ], [ -0.69796, 53.37794 ], [ -0.70286, 53.38245 ], [ -0.69966, 53.3869 ], [ -0.72664, 53.38114 ], [ -0.73574, 53.38243 ], [ -0.73384, 53.38957 ], [ -0.74597, 53.40008 ], [ -0.74956, 53.40752 ], [ -0.73393, 53.41363 ], [ -0.7491, 53.41019 ], [ -0.74464, 53.41741 ], [ -0.7364, 53.41748 ], [ -0.73585, 53.4213 ], [ -0.72388, 53.42089 ], [ -0.71849, 53.42749 ], [ -0.67756, 53.42825 ], [ -0.67618, 53.44277 ], [ -0.65658, 53.44006 ], [ -0.63703, 53.44138 ], [ -0.64151, 53.42148 ] ] ] } },
{ "type": "Feature", "properties": { "small_area": "E01026304" }, "geometry": { "type": "Polygon", "coordinates": [ [ [ -0.22322, 52.66674 ], [ -0.21252, 52.66666 ], [ -0.22451, 52.66544 ], [ -0.25868, 52.65163 ], [ -0.28911, 52.67019 ], [ -0.28185, 52.67316 ], [ -0.29053, 52.67659 ], [ -0.28388, 52.67897 ], [ -0.28738, 52.68423 ], [ -0.30073, 52.67996 ], [ -0.30186, 52.68774 ], [ -0.27046, 52.6913 ], [ -0.26876, 52.69554 ], [ -0.25861, 52.68959 ], [ -0.24877, 52.69302 ], [ -0.22322, 52.66674 ] ] ] } },
{ "type": "Feature", "properties": { "small_area": "E01026383" }, "geometry": { "type": "Polygon", "coordinates": [ [ [ -0.76975, 53.3898 ], [ -0.77728, 53.38926 ], [ -0.77661, 53.39428 ], [ -0.76952, 53.39576 ], [ -0.76975, 53.3898 ] ] ] } },
{ "type": "Feature", "properties": { "small_area": "E01013527" }, "geometry": { "type": "Polygon", "coordinates": [ [ [ -1.4801, 52.93502 ], [ -1.49013, 52.93229 ], [ -1.48924, 52.9352 ], [ -1.4939, 52.93613 ], [ -1.48456, 52.9383 ], [ -1.4894, 52.94203 ], [ -1.48722, 52.94367 ], [ -1.48055, 52.94187 ], [ -1.4801, 52.93502 ] ] ] } },
{ "type": "Feature", "properties": { "small_area": "E01028174" }, "geometry": { "type": "Polygon", "coordinates": [ [ [ -1.11169, 53.00439 ], [ -1.12218, 53.00229 ], [ -1.11808, 53.00957 ], [ -1.11169, 53.00439 ] ] ] } },
{ "type": "Feature", "properties": { "small_area": "E01032603" }, "geometry": { "type": "Polygon", "coordinates": [ [ [ -1.19066, 52.64038 ], [ -1.1988, 52.64145 ], [ -1.20023, 52.64438 ], [ -1.18732, 52.64723 ], [ -1.19066, 52.64038 ] ] ] } },
{ "type": "Feature", "properties": { "small_area": "E01019722" }, "geometry": { "type": "Polygon", "coordinates": [ [ [ -1.90675, 53.26041 ], [ -1.916, 53.25931 ], [ -1.91817, 53.26499 ], [ -1.92537, 53.2673 ], [ -1.92823, 53.26296 ], [ -1.93841, 53.25973 ], [ -1.95204, 53.27351 ], [ -1.92173, 53.28577 ], [ -1.91093, 53.28461 ], [ -1.90798, 53.2891 ], [ -1.89205, 53.28859 ], [ -1.90675, 53.26041 ] ] ] } },
{ "type": "Feature", "properties": { "small_area": "E01025719" }, "geometry": { "type": "Polygon", "coordinates": [ [ [ -1.21197, 52.76164 ], [ -1.21629, 52.76351 ], [ -1.20986, 52.76626 ], [ -1.20908, 52.76348 ], [ -1.20116, 52.76385 ], [ -1.20535, 52.7602 ], [ -1.21197, 52.76164 ] ] ] } },
{ "type": "Feature", "properties": { "small_area": "E01025798" }, "geometry": { "type": "Polygon", "coordinates": [ [ [ -0.88495, 52.47132 ], [ -0.90129, 52.45974 ], [ -0.90459, 52.46286 ], [ -0.91676, 52.46263 ], [ -0.9131, 52.46795 ], [ -0.9202, 52.47771 ], [ -0.90542, 52.47553 ], [ -0.9055, 52.47262 ], [ -0.90248, 52.47466 ], [ -0.88495, 52.47132 ] ] ] } },
{ "type": "Feature", "properties": { "small_area": "E01025799" }, "geometry": { "type": "Polygon", "coordinates": [ [ [ -0.90464, 52.47914 ], [ -0.89697, 52.48549 ], [ -0.88455, 52.48129 ], [ -0.88495, 52.47132 ], [ -0.90248, 52.47466 ], [ -0.90464, 52.47914 ] ] ] } },
{ "type": "Feature", "properties": { "small_area": "E01025718" }, "geometry": { "type": "Polygon", "coordinates": [ [ [ -1.19684, 52.76298 ], [ -1.20535, 52.7602 ], [ -1.20116, 52.76385 ], [ -1.20908, 52.76348 ], [ -1.20986, 52.76626 ], [ -1.20616, 52.76716 ], [ -1.20929, 52.77064 ], [ -1.20099, 52.76799 ], [ -1.19684, 52.76298 ] ] ] } },
{ "type": "Feature", "properties": { "small_area": "E01019778" }, "geometry": { "type": "Polygon", "coordinates": [ [ [ -1.44567, 53.30377 ], [ -1.45411, 53.30339 ], [ -1.45772, 53.30628 ], [ -1.4524, 53.30653 ], [ -1.45123, 53.31116 ], [ -1.45913, 53.31209 ], [ -1.4637, 53.31959 ], [ -1.45524, 53.32183 ], [ -1.44151, 53.3124 ], [ -1.44567, 53.30377 ] ] ] } },
{ "type": "Feature", "properties": { "small_area": "E01025731" }, "geometry": { "type": "Polygon", "coordinates": [ [ [ -1.04873, 52.71172 ], [ -1.04515, 52.70859 ], [ -1.0515, 52.70201 ], [ -1.04318, 52.69469 ], [ -1.05387, 52.69603 ], [ -1.0584, 52.68994 ], [ -1.05391, 52.69603 ], [ -1.07582, 52.7092 ], [ -1.07244, 52.71341 ], [ -1.07067, 52.71115 ], [ -1.04873, 52.71172 ] ] ] } },
{ "type": "Feature", "properties": { "small_area": "E01025730" }, "geometry": { "type": "Polygon", "coordinates": [ [ [ -1.00485, 52.7045 ], [ -1.00798, 52.69637 ], [ -1.00609, 52.69836 ], [ -0.97755, 52.69225 ], [ -0.95618, 52.68265 ], [ -0.94725, 52.68271 ], [ -0.96018, 52.67309 ], [ -0.98094, 52.68162 ], [ -0.99959, 52.66283 ], [ -1.0138, 52.65503 ], [ -1.0386, 52.65899 ], [ -1.03779, 52.65397 ], [ -1.05895, 52.65643 ], [ -1.05673, 52.66378 ], [ -1.07509, 52.66961 ], [ -1.06973, 52.68022 ], [ -1.0826, 52.68547 ], [ -1.08215, 52.69149 ], [ -1.06591, 52.68732 ], [ -1.0584, 52.68994 ], [ -1.05387, 52.69603 ], [ -1.04318, 52.69469 ], [ -1.0515, 52.70201 ], [ -1.04515, 52.70859 ], [ -1.04873, 52.71172 ], [ -1.01548, 52.71095 ], [ -1.00485, 52.7045 ] ] ] } },
{ "type": "Feature", "properties": { "small_area": "E01019814" }, "geometry": { "type": "Polygon", "coordinates": [ [ [ -1.42226, 53.15092 ], [ -1.41369, 53.15477 ], [ -1.40908, 53.1517 ], [ -1.38089, 53.15425 ], [ -1.38198, 53.15186 ], [ -1.37576, 53.15145 ], [ -1.3677, 53.14119 ], [ -1.37773, 53.13581 ], [ -1.40433, 53.13166 ], [ -1.40838, 53.13524 ], [ -1.40313, 53.14372 ], [ -1.41671, 53.14814 ], [ -1.42137, 53.14721 ], [ -1.42756, 53.13321 ], [ -1.43638, 53.13488 ], [ -1.4397, 53.14308 ], [ -1.44733, 53.14198 ], [ -1.45666, 53.14595 ], [ -1.45267, 53.16388 ], [ -1.44891, 53.15895 ], [ -1.4375, 53.15455 ], [ -1.42899, 53.15541 ], [ -1.42226, 53.15092 ] ] ] } },
{ "type": "Feature", "properties": { "small_area": "E01027338" }, "geometry": { "type": "Polygon", "coordinates": [ [ [ -0.68276, 52.34956 ], [ -0.68627, 52.34054 ], [ -0.67997, 52.33701 ], [ -0.68137, 52.32846 ], [ -0.70902, 52.32483 ], [ -0.70641, 52.31918 ], [ -0.72386, 52.32077 ], [ -0.73378, 52.31833 ], [ -0.73601, 52.32045 ], [ -0.7594, 52.30904 ], [ -0.77583, 52.31219 ], [ -0.79286, 52.32378 ], [ -0.7858, 52.3306 ], [ -0.78867, 52.34729 ], [ -0.77883, 52.35374 ], [ -0.77624, 52.34992 ], [ -0.74786, 52.3472 ], [ -0.72704, 52.3612 ], [ -0.70008, 52.36421 ], [ -0.69618, 52.36372 ], [ -0.69568, 52.35948 ], [ -0.68276, 52.34956 ] ] ] } },
{ "type": "Feature", "properties": { "small_area": "E01033395" }, "geometry": { "type": "Polygon", "coordinates": [ [ [ -1.17934, 52.95744 ], [ -1.18192, 52.95198 ], [ -1.18421, 52.96035 ], [ -1.17934, 52.95744 ] ] ] } },
{ "type": "Feature", "properties": { "small_area": "E01013894" }, "geometry": { "type": "Polygon", "coordinates": [ [ [ -1.18203, 53.00588 ], [ -1.18532, 53.01019 ], [ -1.17302, 53.01088 ], [ -1.17216, 53.00527 ], [ -1.18203, 53.00588 ] ] ] } },
{ "type": "Feature", "properties": { "small_area": "E01019708" }, "geometry": { "type": "Polygon", "coordinates": [ [ [ -1.28447, 52.89744 ], [ -1.29033, 52.89273 ], [ -1.28727, 52.88926 ], [ -1.30027, 52.89441 ], [ -1.29897, 52.89866 ], [ -1.28447, 52.89744 ] ] ] } },
{ "type": "Feature", "properties": { "small_area": "E01026149" }, "geometry": { "type": "Polygon", "coordinates": [ [ [ -0.54955, 53.24521 ], [ -0.55466, 53.25213 ], [ -0.54835, 53.25323 ], [ -0.54463, 53.24821 ], [ -0.54955, 53.24521 ] ] ] } },
{ "type": "Feature", "properties": { "small_area": "E01028143" }, "geometry": { "type": "Polygon", "coordinates": [ [ [ -1.12937, 53.00589 ], [ -1.13708, 53.00531 ], [ -1.13502, 53.01341 ], [ -1.13229, 53.01362 ], [ -1.12937, 53.00589 ] ] ] } },
{ "type": "Feature", "properties": { "small_area": "E01026148" }, "geometry": { "type": "Polygon", "coordinates": [ [ [ -0.53878, 53.23368 ], [ -0.54306, 53.23408 ], [ -0.54598, 53.2405 ], [ -0.53813, 53.24061 ], [ -0.53878, 53.23368 ] ] ] } },
{ "type": "Feature", "properties": { "small_area": "E01028144" }, "geometry": { "type": "Polygon", "coordinates": [ [ [ -1.12964, 53.0025 ], [ -1.1388, 53.00402 ], [ -1.12937, 53.00589 ], [ -1.13114, 53.01073 ], [ -1.12732, 53.0064 ], [ -1.12964, 53.0025 ] ] ] } },
{ "type": "Feature", "properties": { "small_area": "E01028142" }, "geometry": { "type": "Polygon", "coordinates": [ [ [ -1.13229, 53.01362 ], [ -1.1417, 53.01318 ], [ -1.14994, 53.02045 ], [ -1.15442, 53.01648 ], [ -1.18449, 53.01443 ], [ -1.17713, 53.03713 ], [ -1.17013, 53.04405 ], [ -1.15644, 53.04708 ], [ -1.1461, 53.04522 ], [ -1.13179, 53.02254 ], [ -1.13229, 53.01362 ] ] ] } },
{ "type": "Feature", "properties": { "small_area": "E01028147" }, "geometry": { "type": "Polygon", "coordinates": [ [ [ -1.16679, 53.0106 ], [ -1.16778, 53.01425 ], [ -1.16282, 53.016 ], [ -1.16309, 53.01126 ], [ -1.16679, 53.0106 ] ] ] } },
{ "type": "Feature", "properties": { "small_area": "E01026141" }, "geometry": { "type": "Polygon", "coordinates": [ [ [ -0.56424, 53.1936 ], [ -0.57084, 53.19875 ], [ -0.55517, 53.20198 ], [ -0.56424, 53.1936 ] ] ] } },
{ "type": "Feature", "properties": { "small_area": "E01019852" }, "geometry": { "type": "Polygon", "coordinates": [ [ [ -1.58447, 52.76177 ], [ -1.58736, 52.76077 ], [ -1.56381, 52.74989 ], [ -1.57969, 52.74576 ], [ -1.57959, 52.75221 ], [ -1.59919, 52.74976 ], [ -1.61217, 52.7539 ], [ -1.60463, 52.76371 ], [ -1.6076, 52.7698 ], [ -1.59528, 52.77048 ], [ -1.58447, 52.76177 ] ] ] } },
{ "type": "Feature", "properties": { "small_area": "E01019518" }, "geometry": { "type": "Polygon", "coordinates": [ [ [ -1.33569, 53.09912 ], [ -1.33557, 53.09469 ], [ -1.33413, 53.09772 ], [ -1.32868, 53.09547 ], [ -1.3499, 53.09134 ], [ -1.35369, 53.08655 ], [ -1.36333, 53.0925 ], [ -1.35211, 53.09985 ], [ -1.34625, 53.09588 ], [ -1.33569, 53.09912 ] ] ] } },
{ "type": "Feature", "properties": { "small_area": "E01013469" }, "geometry": { "type": "Polygon", "coordinates": [ [ [ -1.49387, 52.93858 ], [ -1.49512, 52.94276 ], [ -1.50308, 52.94067 ], [ -1.49314, 52.94566 ], [ -1.48556, 52.94568 ], [ -1.49387, 52.93858 ] ] ] } },
{ "type": "Feature", "properties": { "small_area": "E01025625" }, "geometry": { "type": "Polygon", "coordinates": [ [ [ -1.20144, 52.5838 ], [ -1.21238, 52.58399 ], [ -1.21697, 52.58973 ], [ -1.21213, 52.59065 ], [ -1.2105, 52.58591 ], [ -1.20144, 52.5838 ] ] ] } },
{ "type": "Feature", "properties": { "small_area": "E01013460" }, "geometry": { "type": "Polygon", "coordinates": [ [ [ -1.49281, 52.91951 ], [ -1.48315, 52.91929 ], [ -1.49121, 52.91709 ], [ -1.49281, 52.91951 ] ] ] } },
{ "type": "Feature", "properties": { "small_area": "E01013904" }, "geometry": { "type": "Polygon", "coordinates": [ [ [ -1.18542, 52.895 ], [ -1.18829, 52.89833 ], [ -1.1839, 52.90259 ], [ -1.17974, 52.90074 ], [ -1.18542, 52.895 ] ] ] } },
{ "type": "Feature", "properties": { "small_area": "E01013464" }, "geometry": { "type": "Polygon", "coordinates": [ [ [ -1.48778, 52.95054 ], [ -1.4909, 52.95241 ], [ -1.49346, 52.94848 ], [ -1.50008, 52.95129 ], [ -1.49395, 52.95572 ], [ -1.49345, 52.95306 ], [ -1.48926, 52.95325 ], [ -1.48778, 52.95054 ] ] ] } },
{ "type": "Feature", "properties": { "small_area": "E01025909" }, "geometry": { "type": "Polygon", "coordinates": [ [ [ -0.96105, 52.83617 ], [ -0.95269, 52.83311 ], [ -0.95503, 52.82361 ], [ -0.92593, 52.81435 ], [ -0.89592, 52.82884 ], [ -0.89479, 52.80043 ], [ -0.89029, 52.79339 ], [ -0.90618, 52.79336 ], [ -0.91064, 52.78699 ], [ -0.92604, 52.79065 ], [ -0.94669, 52.78636 ], [ -0.96626, 52.80404 ], [ -1.04663, 52.78093 ], [ -1.0363, 52.81586 ], [ -1.01964, 52.82214 ], [ -0.99568, 52.82125 ], [ -0.98908, 52.81821 ], [ -0.97814, 52.82452 ], [ -0.97419, 52.83389 ], [ -0.97715, 52.84056 ], [ -0.97062, 52.84496 ], [ -0.96086, 52.84334 ], [ -0.96105, 52.83617 ] ] ] } },
{ "type": "Feature", "properties": { "small_area": "E01026178" }, "geometry": { "type": "Polygon", "coordinates": [ [ [ -0.53209, 53.21816 ], [ -0.52396, 53.21915 ], [ -0.53685, 53.21115 ], [ -0.54489, 53.21287 ], [ -0.54054, 53.21728 ], [ -0.54577, 53.21667 ], [ -0.54425, 53.22218 ], [ -0.53209, 53.21816 ] ] ] } },
{ "type": "Feature", "properties": { "small_area": "E01028054" }, "geometry": { "type": "Polygon", "coordinates": [ [ [ -1.11631, 53.32411 ], [ -1.1127, 53.31723 ], [ -1.12127, 53.31231 ], [ -1.12108, 53.32431 ], [ -1.11631, 53.32411 ] ] ] } },
{ "type": "Feature", "properties": { "small_area": "E01028055" }, "geometry": { "type": "Polygon", "coordinates": [ [ [ -1.12308, 53.3117 ], [ -1.12834, 53.31092 ], [ -1.12393, 53.30913 ], [ -1.12648, 53.30687 ], [ -1.13439, 53.31026 ], [ -1.14066, 53.30861 ], [ -1.14739, 53.31343 ], [ -1.14791, 53.3188 ], [ -1.13814, 53.31606 ], [ -1.1331, 53.32342 ], [ -1.12308, 53.3117 ] ] ] } },
{ "type": "Feature", "properties": { "small_area": "E01028057" }, "geometry": { "type": "Polygon", "coordinates": [ [ [ -1.11691, 53.31013 ], [ -1.12648, 53.30687 ], [ -1.12393, 53.30913 ], [ -1.12834, 53.31092 ], [ -1.11691, 53.31013 ] ] ] } },
{ "type": "Feature", "properties": { "small_area": "E01026051" }, "geometry": { "type": "Polygon", "coordinates": [ [ [ -0.16396, 53.08842 ], [ -0.15537, 53.09346 ], [ -0.15462, 53.10234 ], [ -0.15862, 53.10542 ], [ -0.17353, 53.10697 ], [ -0.15795, 53.11567 ], [ -0.14454, 53.10983 ], [ -0.12492, 53.09323 ], [ -0.14249, 53.08587 ], [ -0.14088, 53.08114 ], [ -0.16266, 53.08354 ], [ -0.16396, 53.08842 ] ] ] } },
{ "type": "Feature", "properties": { "small_area": "E01028056" }, "geometry": { "type": "Polygon", "coordinates": [ [ [ -1.14739, 53.31343 ], [ -1.14066, 53.30861 ], [ -1.15458, 53.30823 ], [ -1.16414, 53.3116 ], [ -1.1718, 53.31009 ], [ -1.17418, 53.30251 ], [ -1.17943, 53.30638 ], [ -1.18721, 53.30396 ], [ -1.19974, 53.31142 ], [ -1.1903, 53.31986 ], [ -1.17204, 53.32274 ], [ -1.17511, 53.32566 ], [ -1.16803, 53.32433 ], [ -1.1708, 53.32243 ], [ -1.16752, 53.3203 ], [ -1.16449, 53.32376 ], [ -1.14791, 53.3188 ], [ -1.14739, 53.31343 ] ] ] } },
{ "type": "Feature", "properties": { "small_area": "E01026050" }, "geometry": { "type": "Polygon", "coordinates": [ [ [ 0.33303, 53.22796 ], [ 0.33829, 53.22335 ], [ 0.33348, 53.22218 ], [ 0.33074, 53.22485 ], [ 0.31727, 53.22082 ], [ 0.32356, 53.23439 ], [ 0.3354, 53.23107 ], [ 0.33303, 53.22796 ] ] ] } },
{ "type": "Feature", "properties": { "small_area": "E01026052" }, "geometry": { "type": "Polygon", "coordinates": [ [ [ -0.16142, 53.0724 ], [ -0.18314, 53.07133 ], [ -0.17882, 53.06265 ], [ -0.18908, 53.06274 ], [ -0.19612, 53.06953 ], [ -0.19631, 53.08299 ], [ -0.19022, 53.09068 ], [ -0.18909, 53.10164 ], [ -0.1738, 53.10222 ], [ -0.1782, 53.09833 ], [ -0.17524, 53.09695 ], [ -0.17309, 53.10236 ], [ -0.1669, 53.10095 ], [ -0.17191, 53.10295 ], [ -0.16994, 53.10475 ], [ -0.15862, 53.10542 ], [ -0.15462, 53.10234 ], [ -0.15537, 53.09346 ], [ -0.16396, 53.08842 ], [ -0.16142, 53.0724 ] ] ] } },
{ "type": "Feature", "properties": { "small_area": "E01026053" }, "geometry": { "type": "Polygon", "coordinates": [ [ [ -0.15348, 53.12397 ], [ -0.16071, 53.12087 ], [ -0.15795, 53.11567 ], [ -0.17353, 53.10697 ], [ -0.17732, 53.10616 ], [ -0.18134, 53.11 ], [ -0.1851, 53.10678 ], [ -0.1851, 53.11127 ], [ -0.19138, 53.11221 ], [ -0.18968, 53.10637 ], [ -0.20247, 53.09731 ], [ -0.19022, 53.09068 ], [ -0.19631, 53.08299 ], [ -0.21426, 53.08934 ], [ -0.22019, 53.09989 ], [ -0.21904, 53.10503 ], [ -0.22456, 53.1091 ], [ -0.22644, 53.11888 ], [ -0.21072, 53.13179 ], [ -0.18941, 53.14092 ], [ -0.17342, 53.14033 ], [ -0.16536, 53.14576 ], [ -0.17196, 53.13798 ], [ -0.14851, 53.13302 ], [ -0.15348, 53.12397 ] ] ] } },
{ "type": "Feature", "properties": { "small_area": "E01028052" }, "geometry": { "type": "Polygon", "coordinates": [ [ [ -1.11747, 53.32605 ], [ -1.10444, 53.32383 ], [ -1.10916, 53.31956 ], [ -1.11072, 53.32378 ], [ -1.12108, 53.32431 ], [ -1.11915, 53.33165 ], [ -1.11041, 53.32865 ], [ -1.11747, 53.32605 ] ] ] } },
{ "type": "Feature", "properties": { "small_area": "E01028053" }, "geometry": { "type": "Polygon", "coordinates": [ [ [ -1.1127, 53.31723 ], [ -1.11631, 53.32411 ], [ -1.11072, 53.32378 ], [ -1.10916, 53.31956 ], [ -1.1127, 53.31723 ] ] ] } },
{ "type": "Feature", "properties": { "small_area": "E01027114" }, "geometry": { "type": "Polygon", "coordinates": [ [ [ -0.71485, 52.38804 ], [ -0.72206, 52.38809 ], [ -0.72444, 52.38215 ], [ -0.73174, 52.39037 ], [ -0.7273, 52.38879 ], [ -0.72017, 52.39162 ], [ -0.71485, 52.38804 ] ] ] } },
{ "type": "Feature", "properties": { "small_area": "E01027195" }, "geometry": { "type": "Polygon", "coordinates": [ [ [ -0.83836, 52.25743 ], [ -0.83565, 52.25443 ], [ -0.83841, 52.25709 ], [ -0.84023, 52.25996 ], [ -0.84376, 52.26798 ], [ -0.83545, 52.26758 ], [ -0.83836, 52.25743 ] ] ] } },
{ "type": "Feature", "properties": { "small_area": "E01027196" }, "geometry": { "type": "Polygon", "coordinates": [ [ [ -0.82568, 52.26324 ], [ -0.82013, 52.26101 ], [ -0.82681, 52.25867 ], [ -0.83293, 52.2628 ], [ -0.82888, 52.26878 ], [ -0.82493, 52.26618 ], [ -0.82568, 52.26324 ] ] ] } },
{ "type": "Feature", "properties": { "small_area": "E01027117" }, "geometry": { "type": "Polygon", "coordinates": [ [ [ -0.73711, 52.40223 ], [ -0.73474, 52.39736 ], [ -0.74355, 52.39844 ], [ -0.75327, 52.40694 ], [ -0.7369, 52.41551 ], [ -0.73711, 52.40223 ] ] ] } },
{ "type": "Feature", "properties": { "small_area": "E01027197" }, "geometry": { "type": "Polygon", "coordinates": [ [ [ -0.82568, 52.26324 ], [ -0.81451, 52.26552 ], [ -0.81428, 52.26192 ], [ -0.82568, 52.26324 ] ] ] } },
{ "type": "Feature", "properties": { "small_area": "E01027115" }, "geometry": { "type": "Polygon", "coordinates": [ [ [ -0.73812, 52.39027 ], [ -0.7414, 52.39336 ], [ -0.74861, 52.38977 ], [ -0.75327, 52.40694 ], [ -0.74355, 52.39844 ], [ -0.73474, 52.39736 ], [ -0.73812, 52.39027 ] ] ] } },
{ "type": "Feature", "properties": { "small_area": "E01025892" }, "geometry": { "type": "Polygon", "coordinates": [ [ [ -0.80058, 52.89332 ], [ -0.80696, 52.89114 ], [ -0.80272, 52.88295 ], [ -0.8268, 52.87953 ], [ -0.84369, 52.86967 ], [ -0.8393, 52.86936 ], [ -0.84003, 52.86596 ], [ -0.85596, 52.86055 ], [ -0.86305, 52.85392 ], [ -0.86406, 52.8591 ], [ -0.89444, 52.88974 ], [ -0.85764, 52.90562 ], [ -0.8629, 52.91309 ], [ -0.84138, 52.92836 ], [ -0.82592, 52.9199 ], [ -0.8102, 52.91711 ], [ -0.79991, 52.91904 ], [ -0.79444, 52.90306 ], [ -0.80058, 52.89332 ] ] ] } },
{ "type": "Feature", "properties": { "small_area": "E01026333" }, "geometry": { "type": "Polygon", "coordinates": [ [ [ -0.6687, 53.03602 ], [ -0.6103, 53.01775 ], [ -0.59881, 53.01042 ], [ -0.5734, 53.01588 ], [ -0.52786, 53.0177 ], [ -0.52892, 53.01063 ], [ -0.56809, 53.00397 ], [ -0.57691, 52.96568 ], [ -0.58846, 52.96743 ], [ -0.63535, 52.98586 ], [ -0.63807, 52.99114 ], [ -0.65551, 52.99659 ], [ -0.65618, 53.00262 ], [ -0.66313, 53.00286 ], [ -0.67454, 53.01138 ], [ -0.68849, 53.01153 ], [ -0.68236, 53.02394 ], [ -0.74485, 53.02146 ], [ -0.76083, 53.02939 ], [ -0.74969, 53.0551 ], [ -0.72871, 53.0555 ], [ -0.7226, 53.0599 ], [ -0.70593, 53.05198 ], [ -0.69829, 53.05329 ], [ -0.6952, 53.05913 ], [ -0.68989, 53.05974 ], [ -0.66141, 53.05709 ], [ -0.6687, 53.03602 ] ] ] } },
{ "type": "Feature", "properties": { "small_area": "E01026399" }, "geometry": { "type": "Polygon", "coordinates": [ [ [ -0.54378, 53.33488 ], [ -0.61627, 53.33226 ], [ -0.60649, 53.3495 ], [ -0.64042, 53.34719 ], [ -0.6486, 53.37819 ], [ -0.57256, 53.39215 ], [ -0.55362, 53.39472 ], [ -0.54751, 53.39284 ], [ -0.54378, 53.33488 ] ] ] } },
{ "type": "Feature", "properties": { "small_area": "E01013752" }, "geometry": { "type": "Polygon", "coordinates": [ [ [ -1.10893, 52.62927 ], [ -1.1108, 52.63211 ], [ -1.10556, 52.63209 ], [ -1.10477, 52.62832 ], [ -1.10893, 52.62927 ] ] ] } },
{ "type": "Feature", "properties": { "small_area": "E01026312" }, "geometry": { "type": "Polygon", "coordinates": [ [ [ -0.6587, 52.90354 ], [ -0.65476, 52.9023 ], [ -0.66231, 52.90267 ], [ -0.66295, 52.90708 ], [ -0.65835, 52.90653 ], [ -0.6587, 52.90354 ] ] ] } },
{ "type": "Feature", "properties": { "small_area": "E01013847" }, "geometry": { "type": "Polygon", "coordinates": [ [ [ -1.166, 52.96616 ], [ -1.1584, 52.97091 ], [ -1.1601, 52.96721 ], [ -1.166, 52.96616 ] ] ] } },
{ "type": "Feature", "properties": { "small_area": "E01019780" }, "geometry": { "type": "Polygon", "coordinates": [ [ [ -1.47765, 53.30923 ], [ -1.46837, 53.30984 ], [ -1.46801, 53.30402 ], [ -1.47278, 53.30329 ], [ -1.47765, 53.30923 ] ] ] } },
{ "type": "Feature", "properties": { "small_area": "E01025776" }, "geometry": { "type": "Polygon", "coordinates": [ [ [ -1.23185, 52.55536 ], [ -1.20902, 52.53918 ], [ -1.22646, 52.53098 ], [ -1.22919, 52.5349 ], [ -1.24912, 52.54062 ], [ -1.23185, 52.55536 ] ] ] } },
{ "type": "Feature", "properties": { "small_area": "E01019666" }, "geometry": { "type": "Polygon", "coordinates": [ [ [ -1.32661, 52.94842 ], [ -1.32645, 52.95605 ], [ -1.31333, 52.95819 ], [ -1.31181, 52.95141 ], [ -1.32661, 52.94842 ] ] ] } },
{ "type": "Feature", "properties": { "small_area": "E01013500" }, "geometry": { "type": "Polygon", "coordinates": [ [ [ -1.43137, 52.87993 ], [ -1.43263, 52.8883 ], [ -1.42297, 52.88886 ], [ -1.43137, 52.87993 ] ] ] } },
{ "type": "Feature", "properties": { "small_area": "E01027998" }, "geometry": { "type": "Polygon", "coordinates": [ [ [ -1.24421, 53.07856 ], [ -1.25751, 53.07567 ], [ -1.25917, 53.0786 ], [ -1.24945, 53.08314 ], [ -1.24421, 53.07856 ] ] ] } },
{ "type": "Feature", "properties": { "small_area": "E01019457" }, "geometry": { "type": "Polygon", "coordinates": [ [ [ -1.38084, 53.04727 ], [ -1.39731, 53.04002 ], [ -1.39227, 53.04749 ], [ -1.39635, 53.04871 ], [ -1.39295, 53.05092 ], [ -1.38866, 53.0479 ], [ -1.38084, 53.04727 ] ] ] } },
{ "type": "Feature", "properties": { "small_area": "E01013767" }, "geometry": { "type": "Polygon", "coordinates": [ [ [ -1.04824, 52.63808 ], [ -1.05619, 52.63217 ], [ -1.06498, 52.63434 ], [ -1.06272, 52.6389 ], [ -1.04824, 52.63808 ] ] ] } },
{ "type": "Feature", "properties": { "small_area": "E01025779" }, "geometry": { "type": "Polygon", "coordinates": [ [ [ -1.04205, 52.52888 ], [ -1.04562, 52.52962 ], [ -1.0443, 52.53278 ], [ -1.05128, 52.532 ], [ -1.03683, 52.53962 ], [ -1.03389, 52.53546 ], [ -1.04205, 52.52888 ] ] ] } },
{ "type": "Feature", "properties": { "small_area": "E01013766" }, "geometry": { "type": "Polygon", "coordinates": [ [ [ -1.1, 52.62285 ], [ -1.09604, 52.62059 ], [ -1.10621, 52.62284 ], [ -1.10079, 52.62731 ], [ -1.0962, 52.62345 ], [ -1.1, 52.62285 ] ] ] } },
{ "type": "Feature", "properties": { "small_area": "E01019795" }, "geometry": { "type": "Polygon", "coordinates": [ [ [ -1.49003, 53.30132 ], [ -1.49646, 53.2992 ], [ -1.49483, 53.30517 ], [ -1.48079, 53.30817 ], [ -1.48129, 53.30293 ], [ -1.47732, 53.30261 ], [ -1.48527, 53.29933 ], [ -1.49003, 53.30132 ] ] ] } },
{ "type": "Feature", "properties": { "small_area": "E01019714" }, "geometry": { "type": "Polygon", "coordinates": [ [ [ -1.96202, 53.29324 ], [ -1.95274, 53.28433 ], [ -1.94788, 53.28045 ], [ -1.932, 53.28218 ], [ -1.95204, 53.27351 ], [ -1.93803, 53.25682 ], [ -1.92941, 53.2573 ], [ -1.92643, 53.25409 ], [ -1.93495, 53.2492 ], [ -1.92673, 53.24658 ], [ -1.92928, 53.24198 ], [ -1.91152, 53.23723 ], [ -1.91728, 53.23215 ], [ -1.90562, 53.22616 ], [ -1.898, 53.23018 ], [ -1.887, 53.22707 ], [ -1.89287, 53.23193 ], [ -1.89237, 53.23733 ], [ -1.85324, 53.21656 ], [ -1.83125, 53.21063 ], [ -1.83196, 53.20568 ], [ -1.82749, 53.20443 ], [ -1.8323, 53.20298 ], [ -1.83161, 53.19757 ], [ -1.84243, 53.19474 ], [ -1.84135, 53.19714 ], [ -1.86284, 53.20528 ], [ -1.87271, 53.21564 ], [ -1.87694, 53.20328 ], [ -1.88439, 53.20492 ], [ -1.88163, 53.20743 ], [ -1.88788, 53.21829 ], [ -1.89544, 53.21864 ], [ -1.8976, 53.21043 ], [ -1.91076, 53.22168 ], [ -1.91856, 53.21797 ], [ -1.91058, 53.21643 ], [ -1.91113, 53.21211 ], [ -1.90254, 53.20974 ], [ -1.89864, 53.19994 ], [ -1.92266, 53.20316 ], [ -1.93803, 53.21186 ], [ -1.95671, 53.21373 ], [ -1.96237, 53.22622 ], [ -1.98741, 53.21357 ], [ -1.99027, 53.22298 ], [ -1.97607, 53.22751 ], [ -1.97486, 53.23104 ], [ -1.98189, 53.23856 ], [ -1.99973, 53.24503 ], [ -2.00033, 53.25542 ], [ -2.00897, 53.26177 ], [ -2.00697, 53.27356 ], [ -2.00933, 53.3023 ], [ -2.00155, 53.3189 ], [ -1.99579, 53.30253 ], [ -1.98878, 53.29752 ], [ -1.96003, 53.30501 ], [ -1.96202, 53.29324 ] ] ] } },
{ "type": "Feature", "properties": { "small_area": "E01019796" }, "geometry": { "type": "Polygon", "coordinates": [ [ [ -1.39253, 53.19567 ], [ -1.4025, 53.19416 ], [ -1.40813, 53.20562 ], [ -1.40275, 53.20748 ], [ -1.39917, 53.20316 ], [ -1.40214, 53.20217 ], [ -1.39253, 53.19567 ] ] ] } },
{ "type": "Feature", "properties": { "small_area": "E01019717" }, "geometry": { "type": "Polygon", "coordinates": [ [ [ -1.90351, 53.25705 ], [ -1.90955, 53.25889 ], [ -1.91308, 53.25539 ], [ -1.9171, 53.25634 ], [ -1.916, 53.25931 ], [ -1.90463, 53.25935 ], [ -1.90351, 53.25705 ] ] ] } },
{ "type": "Feature", "properties": { "small_area": "E01019841" }, "geometry": { "type": "Polygon", "coordinates": [ [ [ -1.58194, 52.87261 ], [ -1.56937, 52.86511 ], [ -1.58577, 52.85227 ], [ -1.57861, 52.83869 ], [ -1.58563, 52.83855 ], [ -1.58884, 52.83136 ], [ -1.59168, 52.83618 ], [ -1.61909, 52.846 ], [ -1.62824, 52.85184 ], [ -1.62657, 52.85435 ], [ -1.63516, 52.85297 ], [ -1.62693, 52.85678 ], [ -1.63156, 52.85982 ], [ -1.62497, 52.86308 ], [ -1.61822, 52.86222 ], [ -1.61616, 52.86512 ], [ -1.61534, 52.86151 ], [ -1.60812, 52.8663 ], [ -1.60761, 52.87664 ], [ -1.60284, 52.88244 ], [ -1.60229, 52.87677 ], [ -1.59543, 52.87673 ], [ -1.60173, 52.88327 ], [ -1.59799, 52.88555 ], [ -1.57535, 52.878 ], [ -1.58194, 52.87261 ] ] ] } },
{ "type": "Feature", "properties": { "small_area": "E01019840" }, "geometry": { "type": "Polygon", "coordinates": [ [ [ -1.59799, 52.88555 ], [ -1.60173, 52.88327 ], [ -1.59543, 52.87673 ], [ -1.60229, 52.87677 ], [ -1.60284, 52.88244 ], [ -1.60761, 52.87664 ], [ -1.6105, 52.88454 ], [ -1.59882, 52.88916 ], [ -1.58625, 52.88818 ], [ -1.58775, 52.89216 ], [ -1.58149, 52.89338 ], [ -1.57236, 52.87939 ], [ -1.57535, 52.878 ], [ -1.59799, 52.88555 ] ] ] } },
{ "type": "Feature", "properties": { "small_area": "E01019843" }, "geometry": { "type": "Polygon", "coordinates": [ [ [ -1.46159, 52.8113 ], [ -1.44537, 52.80824 ], [ -1.4419, 52.79352 ], [ -1.46279, 52.78685 ], [ -1.45766, 52.78438 ], [ -1.45951, 52.77707 ], [ -1.45589, 52.77708 ], [ -1.46646, 52.76795 ], [ -1.494, 52.75903 ], [ -1.50374, 52.76737 ], [ -1.49072, 52.77493 ], [ -1.50525, 52.78066 ], [ -1.50395, 52.78373 ], [ -1.51452, 52.78327 ], [ -1.51951, 52.78681 ], [ -1.53034, 52.78403 ], [ -1.55128, 52.79347 ], [ -1.53872, 52.80191 ], [ -1.531, 52.79549 ], [ -1.50096, 52.80602 ], [ -1.49543, 52.81315 ], [ -1.50137, 52.82012 ], [ -1.47983, 52.82903 ], [ -1.47864, 52.82495 ], [ -1.46365, 52.8169 ], [ -1.46159, 52.8113 ] ] ] } },
{ "type": "Feature", "properties": { "small_area": "E01019842" }, "geometry": { "type": "Polygon", "coordinates": [ [ [ -1.5262, 52.77039 ], [ -1.52983, 52.77745 ], [ -1.52562, 52.77991 ], [ -1.53034, 52.78403 ], [ -1.51951, 52.78681 ], [ -1.51452, 52.78327 ], [ -1.50395, 52.78373 ], [ -1.50525, 52.78066 ], [ -1.49072, 52.77493 ], [ -1.50374, 52.76737 ], [ -1.5262, 52.77039 ] ] ] } },
{ "type": "Feature", "properties": { "small_area": "E01019794" }, "geometry": { "type": "Polygon", "coordinates": [ [ [ -1.49003, 53.30132 ], [ -1.48527, 53.29933 ], [ -1.4984, 53.29585 ], [ -1.50957, 53.30038 ], [ -1.50685, 53.30348 ], [ -1.5015, 53.29926 ], [ -1.49003, 53.30132 ] ] ] } },
{ "type": "Feature", "properties": { "small_area": "E01019715" }, "geometry": { "type": "Polygon", "coordinates": [ [ [ -1.91021, 53.2527 ], [ -1.91947, 53.25321 ], [ -1.9171, 53.25634 ], [ -1.91021, 53.2527 ] ] ] } },
{ "type": "Feature", "properties": { "small_area": "E01026167" }, "geometry": { "type": "Polygon", "coordinates": [ [ [ -0.52316, 53.2384 ], [ -0.5363, 53.23072 ], [ -0.53844, 53.23254 ], [ -0.53815, 53.23985 ], [ -0.53256, 53.23919 ], [ -0.52731, 53.24288 ], [ -0.52316, 53.2384 ] ] ] } },
{ "type": "Feature", "properties": { "small_area": "E01026166" }, "geometry": { "type": "Polygon", "coordinates": [ [ [ -0.52888, 53.24818 ], [ -0.53794, 53.24488 ], [ -0.53833, 53.25098 ], [ -0.52888, 53.24818 ] ] ] } },
{ "type": "Feature", "properties": { "small_area": "E01019517" }, "geometry": { "type": "Polygon", "coordinates": [ [ [ -1.32868, 53.09547 ], [ -1.33413, 53.09772 ], [ -1.33557, 53.09469 ], [ -1.33569, 53.09912 ], [ -1.33955, 53.09931 ], [ -1.33826, 53.10345 ], [ -1.3355, 53.10067 ], [ -1.32675, 53.10439 ], [ -1.32363, 53.10104 ], [ -1.32868, 53.09547 ] ] ] } },
{ "type": "Feature", "properties": { "small_area": "E01013808" }, "geometry": { "type": "Polygon", "coordinates": [ [ [ -0.72408, 52.59408 ], [ -0.72413, 52.58983 ], [ -0.73308, 52.59 ], [ -0.7351, 52.58713 ], [ -0.75527, 52.59067 ], [ -0.75136, 52.59865 ], [ -0.72408, 52.59408 ] ] ] } },
{ "type": "Feature", "properties": { "small_area": "E01013889" }, "geometry": { "type": "Polygon", "coordinates": [ [ [ -1.1846, 52.99449 ], [ -1.18829, 52.99728 ], [ -1.18438, 52.99887 ], [ -1.18618, 53.00181 ], [ -1.18074, 53.00341 ], [ -1.17497, 52.99791 ], [ -1.1846, 52.99449 ] ] ] } },
{ "type": "Feature", "properties": { "small_area": "E01025765" }, "geometry": { "type": "Polygon", "coordinates": [ [ [ -1.09454, 52.67123 ], [ -1.08934, 52.67024 ], [ -1.10408, 52.67155 ], [ -1.09339, 52.67394 ], [ -1.09454, 52.67123 ] ] ] } },
{ "type": "Feature", "properties": { "small_area": "E01019436" }, "geometry": { "type": "Polygon", "coordinates": [ [ [ -1.34076, 53.0066 ], [ -1.35475, 53.00775 ], [ -1.34854, 53.0093 ], [ -1.3506, 53.01357 ], [ -1.34271, 53.01238 ], [ -1.34076, 53.0066 ] ] ] } },
{ "type": "Feature", "properties": { "small_area": "E01025764" }, "geometry": { "type": "Polygon", "coordinates": [ [ [ -1.08635, 52.67709 ], [ -1.08934, 52.67024 ], [ -1.09454, 52.67123 ], [ -1.09615, 52.67641 ], [ -1.08635, 52.67709 ] ] ] } },
{ "type": "Feature", "properties": { "small_area": "E01027960" }, "geometry": { "type": "Polygon", "coordinates": [ [ [ -1.30473, 53.07891 ], [ -1.30928, 53.08137 ], [ -1.32203, 53.07797 ], [ -1.31072, 53.0748 ], [ -1.31477, 53.06527 ], [ -1.32596, 53.06739 ], [ -1.32625, 53.0724 ], [ -1.34259, 53.07026 ], [ -1.33164, 53.08097 ], [ -1.30741, 53.08637 ], [ -1.30114, 53.08237 ], [ -1.30473, 53.07891 ] ] ] } },
{ "type": "Feature", "properties": { "small_area": "E01027064" }, "geometry": { "type": "Polygon", "coordinates": [ [ [ -0.61245, 52.29187 ], [ -0.62065, 52.28908 ], [ -0.63508, 52.29552 ], [ -0.62608, 52.29761 ], [ -0.61459, 52.29152 ], [ -0.61245, 52.29187 ] ] ] } },
{ "type": "Feature", "properties": { "small_area": "E01013513" }, "geometry": { "type": "Polygon", "coordinates": [ [ [ -1.43727, 52.93478 ], [ -1.43759, 52.93681 ], [ -1.42756, 52.93682 ], [ -1.43186, 52.93325 ], [ -1.43727, 52.93478 ] ] ] } },
{ "type": "Feature", "properties": { "small_area": "E01013593" }, "geometry": { "type": "Polygon", "coordinates": [ [ [ -1.3882, 52.91777 ], [ -1.4014, 52.91729 ], [ -1.39365, 52.92054 ], [ -1.39367, 52.92428 ], [ -1.38996, 52.92556 ], [ -1.39272, 52.92296 ], [ -1.38901, 52.92262 ], [ -1.3882, 52.91777 ] ] ] } },
{ "type": "Feature", "properties": { "small_area": "E01013512" }, "geometry": { "type": "Polygon", "coordinates": [ [ [ -1.42252, 52.91876 ], [ -1.42322, 52.91439 ], [ -1.44071, 52.91102 ], [ -1.44308, 52.9176 ], [ -1.43475, 52.91798 ], [ -1.43285, 52.92191 ], [ -1.42252, 52.91876 ] ] ] } },
{ "type": "Feature", "properties": { "small_area": "E01013515" }, "geometry": { "type": "Polygon", "coordinates": [ [ [ -1.42488, 52.86875 ], [ -1.42466, 52.86486 ], [ -1.44431, 52.86104 ], [ -1.44753, 52.86492 ], [ -1.43738, 52.86673 ], [ -1.44123, 52.87082 ], [ -1.43559, 52.87057 ], [ -1.43392, 52.8658 ], [ -1.42781, 52.86726 ], [ -1.43251, 52.86863 ], [ -1.42488, 52.86875 ] ] ] } },
{ "type": "Feature", "properties": { "small_area": "E01028027" }, "geometry": { "type": "Polygon", "coordinates": [ [ [ -1.03774, 53.4104 ], [ -1.06325, 53.41106 ], [ -1.05544, 53.42309 ], [ -1.06186, 53.42329 ], [ -1.05725, 53.42535 ], [ -1.03095, 53.43099 ], [ -1.03046, 53.42516 ], [ -1.02309, 53.42447 ], [ -1.03774, 53.4104 ] ], [ [ -1.03758, 53.41828 ], [ -1.04203, 53.42186 ], [ -1.05156, 53.4166 ], [ -1.03758, 53.41828 ] ] ] } },
{ "type": "Feature", "properties": { "small_area": "E01027127" }, "geometry": { "type": "Polygon", "coordinates": [ [ [ -0.70126, 52.40354 ], [ -0.70573, 52.40727 ], [ -0.70893, 52.40543 ], [ -0.7061, 52.40265 ], [ -0.71181, 52.40005 ], [ -0.71291, 52.40385 ], [ -0.70249, 52.41242 ], [ -0.69293, 52.41242 ], [ -0.70126, 52.40354 ] ] ] } },
{ "type": "Feature", "properties": { "small_area": "E01025753" }, "geometry": { "type": "Polygon", "coordinates": [ [ [ -1.06889, 52.70081 ], [ -1.06173, 52.69657 ], [ -1.07152, 52.69692 ], [ -1.07203, 52.69472 ], [ -1.07695, 52.69628 ], [ -1.06889, 52.70081 ] ] ] } },
{ "type": "Feature", "properties": { "small_area": "E01027090" }, "geometry": { "type": "Polygon", "coordinates": [ [ [ -0.73283, 52.44419 ], [ -0.73603, 52.43606 ], [ -0.73109, 52.42837 ], [ -0.72692, 52.42879 ], [ -0.72918, 52.43288 ], [ -0.71502, 52.43354 ], [ -0.70447, 52.42794 ], [ -0.70111, 52.42921 ], [ -0.69958, 52.42547 ], [ -0.69376, 52.42474 ], [ -0.69031, 52.42999 ], [ -0.67892, 52.43023 ], [ -0.66439, 52.42437 ], [ -0.65952, 52.43731 ], [ -0.65873, 52.43427 ], [ -0.64648, 52.43672 ], [ -0.63474, 52.43355 ], [ -0.62762, 52.43486 ], [ -0.62796, 52.42909 ], [ -0.62093, 52.41966 ], [ -0.61379, 52.41962 ], [ -0.62499, 52.40595 ], [ -0.61622, 52.3998 ], [ -0.62839, 52.38226 ], [ -0.62427, 52.38086 ], [ -0.62112, 52.36936 ], [ -0.62883, 52.36446 ], [ -0.63116, 52.36765 ], [ -0.64563, 52.36889 ], [ -0.64908, 52.37254 ], [ -0.65982, 52.37197 ], [ -0.65504, 52.37959 ], [ -0.67992, 52.37838 ], [ -0.6822, 52.38065 ], [ -0.67734, 52.38941 ], [ -0.67886, 52.40065 ], [ -0.69626, 52.40839 ], [ -0.69293, 52.41242 ], [ -0.70249, 52.41242 ], [ -0.72388, 52.4216 ], [ -0.7346, 52.41672 ], [ -0.73966, 52.42057 ], [ -0.7741, 52.4167 ], [ -0.77506, 52.42667 ], [ -0.78573, 52.42862 ], [ -0.78499, 52.43594 ], [ -0.80012, 52.43694 ], [ -0.80112, 52.44454 ], [ -0.79094, 52.44895 ], [ -0.7902, 52.45239 ], [ -0.7947, 52.45291 ], [ -0.79517, 52.46045 ], [ -0.78259, 52.45805 ], [ -0.7529, 52.46265 ], [ -0.73798, 52.45951 ], [ -0.73283, 52.44419 ] ] ] } },
{ "type": "Feature", "properties": { "small_area": "E01025726" }, "geometry": { "type": "Polygon", "coordinates": [ [ [ -1.13813, 52.72003 ], [ -1.13937, 52.72308 ], [ -1.13397, 52.72405 ], [ -1.13736, 52.72731 ], [ -1.13387, 52.72751 ], [ -1.13447, 52.73223 ], [ -1.12834, 52.72873 ], [ -1.13813, 52.72003 ] ] ] } },
{ "type": "Feature", "properties": { "small_area": "E01013631" }, "geometry": { "type": "Polygon", "coordinates": [ [ [ -1.16621, 52.62264 ], [ -1.16546, 52.61821 ], [ -1.16864, 52.62057 ], [ -1.16832, 52.61797 ], [ -1.17741, 52.61807 ], [ -1.18251, 52.62752 ], [ -1.17995, 52.6314 ], [ -1.16621, 52.62264 ] ] ] } },
{ "type": "Feature", "properties": { "small_area": "E01013630" }, "geometry": { "type": "Polygon", "coordinates": [ [ [ -1.11651, 52.65747 ], [ -1.11137, 52.65402 ], [ -1.1149, 52.65377 ], [ -1.11651, 52.65747 ] ] ] } },
{ "type": "Feature", "properties": { "small_area": "E01013638" }, "geometry": { "type": "Polygon", "coordinates": [ [ [ -1.18166, 52.63253 ], [ -1.18048, 52.63205 ], [ -1.187, 52.62713 ], [ -1.19299, 52.62821 ], [ -1.1891, 52.62308 ], [ -1.20547, 52.62885 ], [ -1.18166, 52.63253 ] ] ] } },
{ "type": "Feature", "properties": { "small_area": "E01019869" }, "geometry": { "type": "Polygon", "coordinates": [ [ [ -1.53293, 52.84656 ], [ -1.54073, 52.83926 ], [ -1.5472, 52.84084 ], [ -1.54943, 52.83867 ], [ -1.54175, 52.83418 ], [ -1.546, 52.83544 ], [ -1.56053, 52.82175 ], [ -1.57775, 52.8331 ], [ -1.57861, 52.83869 ], [ -1.56702, 52.83929 ], [ -1.56848, 52.84378 ], [ -1.55855, 52.84934 ], [ -1.54791, 52.84762 ], [ -1.54248, 52.85229 ], [ -1.53293, 52.84656 ] ] ] } },
{ "type": "Feature", "properties": { "small_area": "E01013465" }, "geometry": { "type": "Polygon", "coordinates": [ [ [ -1.50008, 52.95129 ], [ -1.49748, 52.94884 ], [ -1.50698, 52.94965 ], [ -1.50765, 52.95431 ], [ -1.49777, 52.95603 ], [ -1.4965, 52.9538 ], [ -1.50008, 52.95129 ] ] ] } },
{ "type": "Feature", "properties": { "small_area": "E01027169" }, "geometry": { "type": "Polygon", "coordinates": [ [ [ -0.86875, 52.24936 ], [ -0.87039, 52.25411 ], [ -0.86187, 52.25457 ], [ -0.86572, 52.25414 ], [ -0.86274, 52.24999 ], [ -0.86875, 52.24936 ] ] ] } },
{ "type": "Feature", "properties": { "small_area": "E01027168" }, "geometry": { "type": "Polygon", "coordinates": [ [ [ -0.85077, 52.26154 ], [ -0.86175, 52.25903 ], [ -0.86188, 52.26466 ], [ -0.85094, 52.26464 ], [ -0.85077, 52.26154 ] ] ] } },
{ "type": "Feature", "properties": { "small_area": "E01013481" }, "geometry": { "type": "Polygon", "coordinates": [ [ [ -1.46866, 52.9121 ], [ -1.47122, 52.91113 ], [ -1.46674, 52.91038 ], [ -1.47481, 52.90778 ], [ -1.47678, 52.91218 ], [ -1.46866, 52.9121 ] ] ] } },
{ "type": "Feature", "properties": { "small_area": "E01025840" }, "geometry": { "type": "Polygon", "coordinates": [ [ [ -1.32549, 52.57324 ], [ -1.32362, 52.57112 ], [ -1.32791, 52.56805 ], [ -1.33491, 52.57644 ], [ -1.32821, 52.57814 ], [ -1.32005, 52.57252 ], [ -1.32549, 52.57324 ] ] ] } },
{ "type": "Feature", "properties": { "small_area": "E01013978" }, "geometry": { "type": "Polygon", "coordinates": [ [ [ -1.19352, 52.95963 ], [ -1.19225, 52.95512 ], [ -1.1975, 52.9587 ], [ -1.1988, 52.95561 ], [ -1.20298, 52.95618 ], [ -1.20397, 52.96006 ], [ -1.19352, 52.95963 ] ] ] } },
{ "type": "Feature", "properties": { "small_area": "E01013571" }, "geometry": { "type": "Polygon", "coordinates": [ [ [ -1.47979, 52.89321 ], [ -1.48721, 52.89839 ], [ -1.48222, 52.90016 ], [ -1.47325, 52.89691 ], [ -1.47979, 52.89321 ] ] ] } },
{ "type": "Feature", "properties": { "small_area": "E01028045" }, "geometry": { "type": "Polygon", "coordinates": [ [ [ -1.10242, 53.31029 ], [ -1.10736, 53.30551 ], [ -1.11775, 53.3103 ], [ -1.11812, 53.31344 ], [ -1.10242, 53.31029 ] ] ] } },
{ "type": "Feature", "properties": { "small_area": "E01027205" }, "geometry": { "type": "Polygon", "coordinates": [ [ [ -0.87663, 52.19859 ], [ -0.8806, 52.20205 ], [ -0.87921, 52.20513 ], [ -0.86568, 52.20477 ], [ -0.87663, 52.19859 ] ] ] } },
{ "type": "Feature", "properties": { "small_area": "E01013780" }, "geometry": { "type": "Polygon", "coordinates": [ [ [ -1.16492, 52.63468 ], [ -1.16751, 52.63045 ], [ -1.17148, 52.6319 ], [ -1.16516, 52.63784 ], [ -1.16011, 52.63584 ], [ -1.16119, 52.63318 ], [ -1.16492, 52.63468 ] ] ] } },
{ "type": "Feature", "properties": { "small_area": "E01013936" }, "geometry": { "type": "Polygon", "coordinates": [ [ [ -1.11993, 52.97127 ], [ -1.12338, 52.96925 ], [ -1.12729, 52.97591 ], [ -1.13048, 52.97197 ], [ -1.13724, 52.97301 ], [ -1.12867, 52.98112 ], [ -1.12956, 52.9788 ], [ -1.12432, 52.97867 ], [ -1.11993, 52.97127 ] ] ] } },
{ "type": "Feature", "properties": { "small_area": "E01019873" }, "geometry": { "type": "Polygon", "coordinates": [ [ [ -1.50184, 52.88145 ], [ -1.50726, 52.87491 ], [ -1.49746, 52.87516 ], [ -1.49893, 52.8727 ], [ -1.50598, 52.87371 ], [ -1.50849, 52.86253 ], [ -1.49152, 52.8572 ], [ -1.49642, 52.84236 ], [ -1.5004, 52.84905 ], [ -1.51202, 52.84766 ], [ -1.51704, 52.85267 ], [ -1.52728, 52.85272 ], [ -1.53062, 52.86537 ], [ -1.52637, 52.87014 ], [ -1.5291, 52.87594 ], [ -1.52109, 52.88406 ], [ -1.50309, 52.88455 ], [ -1.50184, 52.88145 ] ] ] } },
{ "type": "Feature", "properties": { "small_area": "E01019478" }, "geometry": { "type": "Polygon", "coordinates": [ [ [ -1.27405, 53.31051 ], [ -1.25426, 53.30173 ], [ -1.25751, 53.28776 ], [ -1.28065, 53.29043 ], [ -1.27665, 53.2953 ], [ -1.29232, 53.29669 ], [ -1.29498, 53.28964 ], [ -1.2893, 53.2852 ], [ -1.27385, 53.28323 ], [ -1.27758, 53.27832 ], [ -1.2892, 53.27647 ], [ -1.29197, 53.27026 ], [ -1.29424, 53.27602 ], [ -1.30726, 53.27544 ], [ -1.3167, 53.28164 ], [ -1.32414, 53.29509 ], [ -1.31067, 53.29793 ], [ -1.3219, 53.30905 ], [ -1.30747, 53.3125 ], [ -1.27405, 53.31051 ] ] ] } },
{ "type": "Feature", "properties": { "small_area": "E01019787" }, "geometry": { "type": "Polygon", "coordinates": [ [ [ -1.47745, 53.30876 ], [ -1.49483, 53.30517 ], [ -1.49646, 53.2992 ], [ -1.5015, 53.29926 ], [ -1.49666, 53.3028 ], [ -1.50155, 53.30416 ], [ -1.50313, 53.31278 ], [ -1.51043, 53.31597 ], [ -1.4745, 53.31845 ], [ -1.47745, 53.30876 ] ] ] } },
{ "type": "Feature", "properties": { "small_area": "E01026186" }, "geometry": { "type": "Polygon", "coordinates": [ [ [ -0.52943, 53.19412 ], [ -0.53541, 53.19708 ], [ -0.54097, 53.19093 ], [ -0.53235, 53.18634 ], [ -0.55286, 53.18625 ], [ -0.54642, 53.20554 ], [ -0.53965, 53.2039 ], [ -0.53388, 53.21314 ], [ -0.52943, 53.19412 ] ] ] } },
{ "type": "Feature", "properties": { "small_area": "E01026107" }, "geometry": { "type": "Polygon", "coordinates": [ [ [ 0.0519, 53.48221 ], [ 0.01934, 53.47265 ], [ 0.01324, 53.47776 ], [ 0.00449, 53.47672 ], [ 0.00451, 53.48348 ], [ -0.02372, 53.47458 ], [ -0.03003, 53.48628 ], [ -0.0168, 53.48447 ], [ -0.00498, 53.49229 ], [ -0.0072, 53.49556 ], [ -0.03014, 53.49423 ], [ -0.029, 53.48989 ], [ -0.03523, 53.48489 ], [ -0.04536, 53.48603 ], [ -0.04845, 53.50209 ], [ -0.03968, 53.51308 ], [ -0.02863, 53.51731 ], [ -0.01954, 53.51795 ], [ -0.01742, 53.51506 ], [ 0.01728, 53.52533 ], [ 0.02199, 53.51988 ], [ 0.0324, 53.51792 ], [ 0.03859, 53.51073 ], [ 0.03828, 53.51381 ], [ 0.04373, 53.51385 ], [ 0.03808, 53.51658 ], [ 0.04408, 53.51409 ], [ 0.04328, 53.51351 ], [ 0.03883, 53.51317 ], [ 0.04063, 53.50798 ], [ 0.03928, 53.51311 ], [ 0.04375, 53.5133 ], [ 0.04465, 53.51427 ], [ 0.04539, 53.51103 ], [ 0.04995, 53.50972 ], [ 0.04813, 53.50758 ], [ 0.05019, 53.50977 ], [ 0.045, 53.51393 ], [ 0.05232, 53.51364 ], [ 0.05487, 53.50713 ], [ 0.05207, 53.50499 ], [ 0.04794, 53.50705 ], [ 0.05204, 53.50489 ], [ 0.06244, 53.51097 ], [ 0.05629, 53.50907 ], [ 0.05881, 53.51148 ], [ 0.05238, 53.51389 ], [ 0.06125, 53.5143 ], [ 0.05141, 53.51433 ], [ 0.0575, 53.51771 ], [ 0.04739, 53.51463 ], [ 0.05089, 53.5194 ], [ 0.03777, 53.52669 ], [ 0.05635, 53.51913 ], [ 0.05658, 53.52125 ], [ 0.06993, 53.51754 ], [ 0.07058, 53.51376 ], [ 0.07781, 53.51123 ], [ 0.0825, 53.51266 ], [ 0.07946, 53.51663 ], [ 0.08501, 53.51633 ], [ 0.08968, 53.51058 ], [ 0.08377, 53.51175 ], [ 0.07829, 53.50728 ], [ 0.08492, 53.49697 ], [ 0.0519, 53.48221 ] ] ] } },
{ "type": "Feature", "properties": { "small_area": "E01026187" }, "geometry": { "type": "Polygon", "coordinates": [ [ [ -0.52943, 53.19412 ], [ -0.52983, 53.19918 ], [ -0.52363, 53.20017 ], [ -0.51703, 53.19076 ], [ -0.50961, 53.19264 ], [ -0.51842, 53.18918 ], [ -0.5089, 53.18245 ], [ -0.51974, 53.18017 ], [ -0.5333, 53.19478 ], [ -0.52943, 53.19412 ] ] ] } },
{ "type": "Feature", "properties": { "small_area": "E01026106" }, "geometry": { "type": "Polygon", "coordinates": [ [ [ -0.03523, 53.48489 ], [ -0.029, 53.48989 ], [ -0.03014, 53.49423 ], [ -0.0072, 53.49556 ], [ -0.00498, 53.49229 ], [ -0.0168, 53.48447 ], [ -0.03523, 53.48489 ] ] ] } },
{ "type": "Feature", "properties": { "small_area": "E01025817" }, "geometry": { "type": "Polygon", "coordinates": [ [ [ -1.38391, 52.572 ], [ -1.38852, 52.56995 ], [ -1.38552, 52.56596 ], [ -1.39212, 52.56436 ], [ -1.39531, 52.56728 ], [ -1.40724, 52.55927 ], [ -1.42286, 52.56456 ], [ -1.42262, 52.57279 ], [ -1.41156, 52.57689 ], [ -1.43618, 52.57652 ], [ -1.4365, 52.57988 ], [ -1.41723, 52.59077 ], [ -1.4164, 52.58414 ], [ -1.40791, 52.5883 ], [ -1.40969, 52.59169 ], [ -1.40134, 52.59353 ], [ -1.39653, 52.58661 ], [ -1.38591, 52.58886 ], [ -1.38133, 52.58652 ], [ -1.38391, 52.572 ] ] ] } },
{ "type": "Feature", "properties": { "small_area": "E01028330" }, "geometry": { "type": "Polygon", "coordinates": [ [ [ -1.00031, 53.0084 ], [ -0.99738, 53.00627 ], [ -0.97915, 53.00278 ], [ -0.98197, 52.99864 ], [ -0.98985, 52.99675 ], [ -0.9953, 52.98637 ], [ -1.00709, 52.98544 ], [ -1.00877, 52.98918 ], [ -1.03811, 52.99565 ], [ -1.03726, 52.99904 ], [ -1.01881, 53.00861 ], [ -1.02277, 53.01498 ], [ -1.00596, 53.01482 ], [ -1.00435, 53.01144 ], [ -0.99673, 53.0135 ], [ -1.00031, 53.0084 ] ] ] } },
{ "type": "Feature", "properties": { "small_area": "E01026185" }, "geometry": { "type": "Polygon", "coordinates": [ [ [ -0.53829, 53.17758 ], [ -0.54157, 53.17039 ], [ -0.53323, 53.16652 ], [ -0.54052, 53.15909 ], [ -0.5603, 53.16136 ], [ -0.55286, 53.18625 ], [ -0.53094, 53.1865 ], [ -0.52468, 53.1798 ], [ -0.53829, 53.17758 ] ] ] } },
{ "type": "Feature", "properties": { "small_area": "E01028318" }, "geometry": { "type": "Polygon", "coordinates": [ [ [ -0.80818, 53.06109 ], [ -0.81977, 53.06367 ], [ -0.82444, 53.06102 ], [ -0.81749, 53.06759 ], [ -0.81239, 53.0638 ], [ -0.80907, 53.06503 ], [ -0.80818, 53.06109 ] ] ] } },
{ "type": "Feature", "properties": { "small_area": "E01026104" }, "geometry": { "type": "Polygon", "coordinates": [ [ [ 0.25901, 53.2849 ], [ 0.2525, 53.29749 ], [ 0.27831, 53.30475 ], [ 0.28513, 53.31294 ], [ 0.29998, 53.29444 ], [ 0.25901, 53.2849 ] ] ] } },
{ "type": "Feature", "properties": { "small_area": "E01028317" }, "geometry": { "type": "Polygon", "coordinates": [ [ [ -0.6664, 53.2346 ], [ -0.67587, 53.21762 ], [ -0.6975, 53.22023 ], [ -0.71475, 53.20759 ], [ -0.73043, 53.2107 ], [ -0.75371, 53.18813 ], [ -0.76212, 53.18819 ], [ -0.76414, 53.18152 ], [ -0.73459, 53.17949 ], [ -0.75516, 53.15723 ], [ -0.76378, 53.15571 ], [ -0.77151, 53.16491 ], [ -0.78541, 53.16855 ], [ -0.78492, 53.17579 ], [ -0.79444, 53.18049 ], [ -0.77793, 53.1865 ], [ -0.78171, 53.19266 ], [ -0.77756, 53.19976 ], [ -0.78087, 53.20396 ], [ -0.77591, 53.20749 ], [ -0.77903, 53.21255 ], [ -0.77614, 53.21497 ], [ -0.78433, 53.2242 ], [ -0.77747, 53.23507 ], [ -0.77651, 53.24675 ], [ -0.73509, 53.24385 ], [ -0.73415, 53.25398 ], [ -0.68803, 53.25837 ], [ -0.66658, 53.23968 ], [ -0.6664, 53.2346 ] ] ] } },
{ "type": "Feature", "properties": { "small_area": "E01013840" }, "geometry": { "type": "Polygon", "coordinates": [ [ [ -1.15715, 52.97951 ], [ -1.15596, 52.9753 ], [ -1.15978, 52.97435 ], [ -1.17106, 52.9803 ], [ -1.15715, 52.97951 ] ] ] } },
{ "type": "Feature", "properties": { "small_area": "E01025746" }, "geometry": { "type": "Polygon", "coordinates": [ [ [ -1.2977, 52.77619 ], [ -1.29008, 52.77424 ], [ -1.29264, 52.76961 ], [ -1.30309, 52.77034 ], [ -1.30357, 52.76736 ], [ -1.30562, 52.77065 ], [ -1.30966, 52.76988 ], [ -1.31141, 52.76492 ], [ -1.30802, 52.7642 ], [ -1.31534, 52.76337 ], [ -1.31641, 52.76044 ], [ -1.33505, 52.76175 ], [ -1.31876, 52.78541 ], [ -1.3053, 52.78497 ], [ -1.2977, 52.77619 ] ] ] } },
{ "type": "Feature", "properties": { "small_area": "E01013959" }, "geometry": { "type": "Polygon", "coordinates": [ [ [ -1.12991, 52.96351 ], [ -1.14085, 52.96416 ], [ -1.13091, 52.96738 ], [ -1.12752, 52.96473 ], [ -1.12991, 52.96351 ] ] ] } },
{ "type": "Feature", "properties": { "small_area": "E01013643" }, "geometry": { "type": "Polygon", "coordinates": [ [ [ -1.12018, 52.61477 ], [ -1.11587, 52.61282 ], [ -1.12386, 52.61223 ], [ -1.12672, 52.61738 ], [ -1.12018, 52.61477 ] ] ] } },
{ "type": "Feature", "properties": { "small_area": "E01013642" }, "geometry": { "type": "Polygon", "coordinates": [ [ [ -1.10902, 52.61743 ], [ -1.11472, 52.61604 ], [ -1.11587, 52.61282 ], [ -1.12018, 52.61477 ], [ -1.1116, 52.6202 ], [ -1.10902, 52.61743 ] ] ] } },
{ "type": "Feature", "properties": { "small_area": "E01019808" }, "geometry": { "type": "Polygon", "coordinates": [ [ [ -1.39527, 53.18703 ], [ -1.39477, 53.19197 ], [ -1.38299, 53.19588 ], [ -1.38115, 53.19924 ], [ -1.36848, 53.1946 ], [ -1.36759, 53.19265 ], [ -1.37919, 53.18353 ], [ -1.38881, 53.18262 ], [ -1.39527, 53.18703 ] ] ] } },
{ "type": "Feature", "properties": { "small_area": "E01013640" }, "geometry": { "type": "Polygon", "coordinates": [ [ [ -1.19299, 52.62821 ], [ -1.187, 52.62713 ], [ -1.18048, 52.63205 ], [ -1.18846, 52.62282 ], [ -1.19299, 52.62821 ] ] ] } },
{ "type": "Feature", "properties": { "small_area": "E01013859" }, "geometry": { "type": "Polygon", "coordinates": [ [ [ -1.19788, 52.95982 ], [ -1.21041, 52.96033 ], [ -1.21027, 52.9661 ], [ -1.19788, 52.95982 ] ] ] } },
{ "type": "Feature", "properties": { "small_area": "E01013858" }, "geometry": { "type": "Polygon", "coordinates": [ [ [ -1.23796, 52.96308 ], [ -1.23386, 52.95985 ], [ -1.23953, 52.95954 ], [ -1.23973, 52.96391 ], [ -1.23266, 52.96839 ], [ -1.229, 52.96573 ], [ -1.23796, 52.96308 ] ] ] } },
{ "type": "Feature", "properties": { "small_area": "E01019566" }, "geometry": { "type": "Polygon", "coordinates": [ [ [ -1.32607, 53.25433 ], [ -1.34205, 53.2538 ], [ -1.34394, 53.25055 ], [ -1.34447, 53.25471 ], [ -1.36143, 53.25297 ], [ -1.35548, 53.26949 ], [ -1.34974, 53.26855 ], [ -1.35249, 53.26254 ], [ -1.33661, 53.26126 ], [ -1.32607, 53.25433 ] ] ] } },
{ "type": "Feature", "properties": { "small_area": "E01019449" }, "geometry": { "type": "Polygon", "coordinates": [ [ [ -1.43704, 53.00681 ], [ -1.43166, 53.00443 ], [ -1.43179, 53.00086 ], [ -1.43656, 53.00135 ], [ -1.43314, 53.00492 ], [ -1.44389, 53.00188 ], [ -1.46041, 53.01073 ], [ -1.45878, 53.01784 ], [ -1.44252, 53.02828 ], [ -1.44175, 53.01718 ], [ -1.4325, 53.01664 ], [ -1.43675, 53.0124 ], [ -1.43704, 53.00681 ] ] ] } },
{ "type": "Feature", "properties": { "small_area": "E01019448" }, "geometry": { "type": "Polygon", "coordinates": [ [ [ -1.38669, 53.02357 ], [ -1.38304, 53.02432 ], [ -1.37608, 53.01871 ], [ -1.38773, 53.01449 ], [ -1.38744, 53.00733 ], [ -1.399, 53.00033 ], [ -1.40384, 53.00621 ], [ -1.43675, 53.0124 ], [ -1.4325, 53.01664 ], [ -1.44175, 53.01718 ], [ -1.44252, 53.02828 ], [ -1.3955, 53.03274 ], [ -1.38435, 53.02851 ], [ -1.38669, 53.02357 ] ] ] } },
{ "type": "Feature", "properties": { "small_area": "E01019809" }, "geometry": { "type": "Polygon", "coordinates": [ [ [ -1.37919, 53.18353 ], [ -1.37521, 53.1874 ], [ -1.36389, 53.18232 ], [ -1.37827, 53.17371 ], [ -1.38565, 53.17275 ], [ -1.38881, 53.18262 ], [ -1.37919, 53.18353 ] ] ] } },
{ "type": "Feature", "properties": { "small_area": "E01013890" }, "geometry": { "type": "Polygon", "coordinates": [ [ [ -1.18438, 52.99887 ], [ -1.19317, 52.99768 ], [ -1.18764, 53.00236 ], [ -1.18438, 52.99887 ] ] ] } },
{ "type": "Feature", "properties": { "small_area": "E01025959" }, "geometry": { "type": "Polygon", "coordinates": [ [ [ -1.39362, 52.7176 ], [ -1.39306, 52.72224 ], [ -1.38734, 52.72192 ], [ -1.37515, 52.72071 ], [ -1.37896, 52.71764 ], [ -1.37168, 52.71472 ], [ -1.37552, 52.71129 ], [ -1.38156, 52.71374 ], [ -1.3802, 52.71005 ], [ -1.40089, 52.70794 ], [ -1.39866, 52.71707 ], [ -1.39362, 52.7176 ] ] ] } },
{ "type": "Feature", "properties": { "small_area": "E01027987" }, "geometry": { "type": "Polygon", "coordinates": [ [ [ -1.28838, 53.12448 ], [ -1.2983, 53.11798 ], [ -1.30191, 53.13003 ], [ -1.29639, 53.13226 ], [ -1.29373, 53.12551 ], [ -1.28838, 53.12448 ] ] ] } },
{ "type": "Feature", "properties": { "small_area": "E01025958" }, "geometry": { "type": "Polygon", "coordinates": [ [ [ -1.39655, 52.7254 ], [ -1.39417, 52.73095 ], [ -1.38565, 52.73003 ], [ -1.38139, 52.73261 ], [ -1.38734, 52.72192 ], [ -1.39655, 52.7254 ] ] ] } },
{ "type": "Feature", "properties": { "small_area": "E01027986" }, "geometry": { "type": "Polygon", "coordinates": [ [ [ -1.30707, 53.12561 ], [ -1.31454, 53.12497 ], [ -1.32009, 53.13271 ], [ -1.30418, 53.13908 ], [ -1.28505, 53.13629 ], [ -1.30707, 53.12561 ] ] ] } },
{ "type": "Feature", "properties": { "small_area": "E01027271" }, "geometry": { "type": "Polygon", "coordinates": [ [ [ -1.16359, 52.04406 ], [ -1.16806, 52.03927 ], [ -1.15606, 52.03796 ], [ -1.15559, 52.03519 ], [ -1.16326, 52.02975 ], [ -1.17399, 52.03641 ], [ -1.16457, 52.05155 ], [ -1.15507, 52.04466 ], [ -1.16359, 52.04406 ] ] ] } },
{ "type": "Feature", "properties": { "small_area": "E01013592" }, "geometry": { "type": "Polygon", "coordinates": [ [ [ -1.40177, 52.92108 ], [ -1.40845, 52.91818 ], [ -1.40434, 52.92335 ], [ -1.39367, 52.92428 ], [ -1.39365, 52.92054 ], [ -1.40177, 52.92108 ] ] ] } },
{ "type": "Feature", "properties": { "small_area": "E01026407" }, "geometry": { "type": "Polygon", "coordinates": [ [ [ -0.67756, 53.42825 ], [ -0.71849, 53.42749 ], [ -0.72388, 53.42089 ], [ -0.73585, 53.4213 ], [ -0.7364, 53.41748 ], [ -0.74464, 53.41741 ], [ -0.7491, 53.41019 ], [ -0.73393, 53.41363 ], [ -0.74956, 53.40752 ], [ -0.77852, 53.41316 ], [ -0.77329, 53.41972 ], [ -0.76601, 53.42198 ], [ -0.77399, 53.42049 ], [ -0.78079, 53.42888 ], [ -0.79404, 53.43102 ], [ -0.79256, 53.43882 ], [ -0.79995, 53.44004 ], [ -0.7963, 53.44396 ], [ -0.8012, 53.44728 ], [ -0.79305, 53.45429 ], [ -0.7236, 53.452 ], [ -0.70017, 53.45479 ], [ -0.6752, 53.45012 ], [ -0.67756, 53.42825 ] ] ] } },
{ "type": "Feature", "properties": { "small_area": "E01025918" }, "geometry": { "type": "Polygon", "coordinates": [ [ [ -1.47376, 52.74844 ], [ -1.47995, 52.75467 ], [ -1.47652, 52.75804 ], [ -1.46971, 52.75104 ], [ -1.47376, 52.74844 ] ] ] } },
{ "type": "Feature", "properties": { "small_area": "E01028408" }, "geometry": { "type": "Polygon", "coordinates": [ [ [ -1.22407, 52.8484 ], [ -1.24157, 52.83726 ], [ -1.22651, 52.83374 ], [ -1.21653, 52.82709 ], [ -1.21658, 52.81883 ], [ -1.22884, 52.8167 ], [ -1.24537, 52.80614 ], [ -1.25537, 52.80413 ], [ -1.26193, 52.81043 ], [ -1.26006, 52.81914 ], [ -1.27089, 52.82373 ], [ -1.27397, 52.83499 ], [ -1.26682, 52.83756 ], [ -1.27074, 52.83968 ], [ -1.26622, 52.84266 ], [ -1.27093, 52.84662 ], [ -1.27092, 52.85205 ], [ -1.26454, 52.85824 ], [ -1.27529, 52.86036 ], [ -1.2705, 52.86579 ], [ -1.27024, 52.8716 ], [ -1.24447, 52.87136 ], [ -1.23391, 52.86573 ], [ -1.23286, 52.85775 ], [ -1.22356, 52.85426 ], [ -1.22407, 52.8484 ] ] ] } },
{ "type": "Feature", "properties": { "small_area": "E01028409" }, "geometry": { "type": "Polygon", "coordinates": [ [ [ -1.09877, 52.87723 ], [ -1.10554, 52.87662 ], [ -1.10287, 52.87093 ], [ -1.10898, 52.86983 ], [ -1.10459, 52.85507 ], [ -1.11504, 52.85313 ], [ -1.12539, 52.82673 ], [ -1.13658, 52.82487 ], [ -1.14079, 52.82843 ], [ -1.14675, 52.82817 ], [ -1.14856, 52.83394 ], [ -1.15191, 52.83182 ], [ -1.15676, 52.83638 ], [ -1.15268, 52.83564 ], [ -1.15579, 52.85018 ], [ -1.16715, 52.85978 ], [ -1.16323, 52.86488 ], [ -1.15082, 52.87606 ], [ -1.14674, 52.87495 ], [ -1.14028, 52.87939 ], [ -1.13652, 52.88318 ], [ -1.13944, 52.8857 ], [ -1.10773, 52.88707 ], [ -1.09877, 52.87723 ] ] ] } },
{ "type": "Feature", "properties": { "small_area": "E01028271" }, "geometry": { "type": "Polygon", "coordinates": [ [ [ -1.19314, 53.15594 ], [ -1.18641, 53.1546 ], [ -1.1938, 53.15389 ], [ -1.20245, 53.16486 ], [ -1.19454, 53.16569 ], [ -1.19314, 53.15594 ] ] ] } },
{ "type": "Feature", "properties": { "small_area": "E01027339" }, "geometry": { "type": "Polygon", "coordinates": [ [ [ -0.75217, 52.31231 ], [ -0.72422, 52.30834 ], [ -0.72687, 52.3043 ], [ -0.72265, 52.30436 ], [ -0.72408, 52.301 ], [ -0.72921, 52.30051 ], [ -0.72965, 52.30341 ], [ -0.73269, 52.29916 ], [ -0.74059, 52.29861 ], [ -0.74446, 52.30311 ], [ -0.76137, 52.30594 ], [ -0.75217, 52.31231 ] ] ] } },
{ "type": "Feature", "properties": { "small_area": "E01019482" }, "geometry": { "type": "Polygon", "coordinates": [ [ [ -1.32009, 53.13271 ], [ -1.32656, 53.13404 ], [ -1.33187, 53.13093 ], [ -1.32986, 53.12706 ], [ -1.33541, 53.12513 ], [ -1.34273, 53.1272 ], [ -1.34406, 53.13086 ], [ -1.3411, 53.13357 ], [ -1.33198, 53.13353 ], [ -1.3266, 53.13848 ], [ -1.31882, 53.1397 ], [ -1.31523, 53.13618 ], [ -1.32009, 53.13271 ] ] ] } },
{ "type": "Feature", "properties": { "small_area": "E01019403" }, "geometry": { "type": "Polygon", "coordinates": [ [ [ -1.37775, 53.09075 ], [ -1.38733, 53.09003 ], [ -1.3816, 53.09278 ], [ -1.38043, 53.09668 ], [ -1.3842, 53.09754 ], [ -1.37871, 53.10047 ], [ -1.37775, 53.09075 ] ] ] } },
{ "type": "Feature", "properties": { "small_area": "E01019483" }, "geometry": { "type": "Polygon", "coordinates": [ [ [ -1.29557, 53.23372 ], [ -1.28931, 53.22867 ], [ -1.29069, 53.22714 ], [ -1.30035, 53.22941 ], [ -1.30116, 53.23265 ], [ -1.31152, 53.23236 ], [ -1.31574, 53.23662 ], [ -1.29996, 53.24179 ], [ -1.29391, 53.23683 ], [ -1.29557, 53.23372 ] ] ] } },
{ "type": "Feature", "properties": { "small_area": "E01019402" }, "geometry": { "type": "Polygon", "coordinates": [ [ [ -1.37775, 53.09075 ], [ -1.37805, 53.09555 ], [ -1.37455, 53.09806 ], [ -1.37148, 53.09469 ], [ -1.36959, 53.09902 ], [ -1.36333, 53.0925 ], [ -1.37775, 53.09075 ] ] ] } },
{ "type": "Feature", "properties": { "small_area": "E01019484" }, "geometry": { "type": "Polygon", "coordinates": [ [ [ -1.26785, 53.24752 ], [ -1.28222, 53.24907 ], [ -1.28811, 53.23706 ], [ -1.29391, 53.23683 ], [ -1.29996, 53.24179 ], [ -1.31574, 53.23662 ], [ -1.32385, 53.25261 ], [ -1.33126, 53.25721 ], [ -1.31668, 53.26248 ], [ -1.28445, 53.26675 ], [ -1.27524, 53.25797 ], [ -1.26476, 53.2566 ], [ -1.26785, 53.24752 ] ] ] } },
{ "type": "Feature", "properties": { "small_area": "E01019405" }, "geometry": { "type": "Polygon", "coordinates": [ [ [ -1.50719, 53.08285 ], [ -1.49751, 53.07991 ], [ -1.48059, 53.04849 ], [ -1.4899, 53.04778 ], [ -1.49068, 53.04302 ], [ -1.50271, 53.04107 ], [ -1.51375, 53.04315 ], [ -1.51278, 53.02678 ], [ -1.50164, 53.02203 ], [ -1.50783, 53.02098 ], [ -1.50452, 53.01348 ], [ -1.49977, 53.01468 ], [ -1.4926, 53.00424 ], [ -1.49672, 53.0028 ], [ -1.49504, 53.0004 ], [ -1.5119, 52.99903 ], [ -1.51355, 52.99537 ], [ -1.52454, 52.99697 ], [ -1.5344, 53.00741 ], [ -1.54516, 53.00515 ], [ -1.55075, 53.01542 ], [ -1.54747, 53.01811 ], [ -1.56321, 53.02669 ], [ -1.56338, 53.02387 ], [ -1.58701, 53.02109 ], [ -1.58531, 53.02325 ], [ -1.59851, 53.03044 ], [ -1.58096, 53.0423 ], [ -1.59372, 53.05018 ], [ -1.58795, 53.05847 ], [ -1.57863, 53.05789 ], [ -1.55756, 53.06977 ], [ -1.55325, 53.06904 ], [ -1.54747, 53.07387 ], [ -1.54962, 53.07697 ], [ -1.53347, 53.08695 ], [ -1.52013, 53.08611 ], [ -1.50982, 53.0932 ], [ -1.50719, 53.08285 ] ] ] } },
{ "type": "Feature", "properties": { "small_area": "E01027942" }, "geometry": { "type": "Polygon", "coordinates": [ [ [ -1.20486, 53.02328 ], [ -1.20303, 53.01832 ], [ -1.21016, 53.01803 ], [ -1.21704, 53.01063 ], [ -1.22515, 53.00808 ], [ -1.2326, 53.01135 ], [ -1.23183, 53.02126 ], [ -1.22826, 53.0196 ], [ -1.22239, 53.02313 ], [ -1.22855, 53.027 ], [ -1.21848, 53.0269 ], [ -1.21617, 53.02969 ], [ -1.20486, 53.02328 ] ] ] } },
{ "type": "Feature", "properties": { "small_area": "E01026219" }, "geometry": { "type": "Polygon", "coordinates": [ [ [ -0.58016, 53.1884 ], [ -0.57955, 53.18811 ], [ -0.58553, 53.18392 ], [ -0.59145, 53.19013 ], [ -0.58016, 53.1884 ] ] ] } },
{ "type": "Feature", "properties": { "small_area": "E01026298" }, "geometry": { "type": "Polygon", "coordinates": [ [ [ -0.3623, 52.76249 ], [ -0.3624, 52.76472 ], [ -0.37471, 52.76514 ], [ -0.37666, 52.7718 ], [ -0.37188, 52.76891 ], [ -0.36673, 52.77201 ], [ -0.36005, 52.76969 ], [ -0.35522, 52.77469 ], [ -0.34467, 52.77787 ], [ -0.3477, 52.7856 ], [ -0.33018, 52.78631 ], [ -0.34531, 52.76648 ], [ -0.3623, 52.76249 ] ] ] } },
{ "type": "Feature", "properties": { "small_area": "E01026299" }, "geometry": { "type": "Polygon", "coordinates": [ [ [ -0.38046, 52.76515 ], [ -0.38345, 52.77002 ], [ -0.38853, 52.76883 ], [ -0.38744, 52.77247 ], [ -0.37687, 52.77106 ], [ -0.38046, 52.76515 ] ] ] } },
{ "type": "Feature", "properties": { "small_area": "E01026218" }, "geometry": { "type": "Polygon", "coordinates": [ [ [ -0.60446, 53.18286 ], [ -0.59145, 53.19013 ], [ -0.58553, 53.18392 ], [ -0.60446, 53.18286 ] ] ] } },
{ "type": "Feature", "properties": { "small_area": "E01013774" }, "geometry": { "type": "Polygon", "coordinates": [ [ [ -1.14993, 52.62782 ], [ -1.14949, 52.63178 ], [ -1.14843, 52.62654 ], [ -1.15418, 52.62756 ], [ -1.14993, 52.62782 ] ] ] } },
{ "type": "Feature", "properties": { "small_area": "E01019586" }, "geometry": { "type": "Polygon", "coordinates": [ [ [ -1.44686, 53.22655 ], [ -1.45155, 53.22411 ], [ -1.45714, 53.22745 ], [ -1.45288, 53.2311 ], [ -1.44686, 53.22655 ] ] ] } },
{ "type": "Feature", "properties": { "small_area": "E01019507" }, "geometry": { "type": "Polygon", "coordinates": [ [ [ -1.2016, 53.2001 ], [ -1.21948, 53.20038 ], [ -1.20474, 53.20826 ], [ -1.2016, 53.2001 ] ] ] } },
{ "type": "Feature", "properties": { "small_area": "E01019587" }, "geometry": { "type": "Polygon", "coordinates": [ [ [ -1.44767, 53.22917 ], [ -1.45288, 53.2311 ], [ -1.46188, 53.22595 ], [ -1.45916, 53.22321 ], [ -1.46649, 53.22257 ], [ -1.46566, 53.22016 ], [ -1.46874, 53.22655 ], [ -1.45426, 53.23212 ], [ -1.44767, 53.22917 ] ] ] } },
{ "type": "Feature", "properties": { "small_area": "E01019506" }, "geometry": { "type": "Polygon", "coordinates": [ [ [ -1.20942, 53.23671 ], [ -1.20756, 53.22961 ], [ -1.21503, 53.228 ], [ -1.21006, 53.2265 ], [ -1.2144, 53.22296 ], [ -1.20914, 53.22275 ], [ -1.2082, 53.2117 ], [ -1.23214, 53.21621 ], [ -1.2339, 53.20156 ], [ -1.25521, 53.19382 ], [ -1.25463, 53.19676 ], [ -1.26176, 53.19945 ], [ -1.26024, 53.19345 ], [ -1.26925, 53.19062 ], [ -1.26817, 53.19451 ], [ -1.27863, 53.19825 ], [ -1.28576, 53.21237 ], [ -1.28517, 53.21503 ], [ -1.27865, 53.21366 ], [ -1.276, 53.21605 ], [ -1.28206, 53.22147 ], [ -1.26315, 53.22254 ], [ -1.26491, 53.22743 ], [ -1.2558, 53.23338 ], [ -1.22527, 53.23819 ], [ -1.22099, 53.2447 ], [ -1.21246, 53.24557 ], [ -1.20526, 53.23702 ], [ -1.20942, 53.23671 ] ] ] } },
{ "type": "Feature", "properties": { "small_area": "E01019585" }, "geometry": { "type": "Polygon", "coordinates": [ [ [ -1.39362, 53.23399 ], [ -1.4008, 53.23426 ], [ -1.39886, 53.23004 ], [ -1.40784, 53.22854 ], [ -1.42073, 53.23398 ], [ -1.41607, 53.2386 ], [ -1.39326, 53.24101 ], [ -1.39027, 53.23884 ], [ -1.39362, 53.23399 ] ] ] } },
{ "type": "Feature", "properties": { "small_area": "E01019504" }, "geometry": { "type": "Polygon", "coordinates": [ [ [ -1.28206, 53.22147 ], [ -1.276, 53.21605 ], [ -1.27865, 53.21366 ], [ -1.28517, 53.21503 ], [ -1.28576, 53.21237 ], [ -1.27863, 53.19825 ], [ -1.31161, 53.19897 ], [ -1.31254, 53.22225 ], [ -1.27455, 53.22278 ], [ -1.28206, 53.22147 ] ] ] } },
{ "type": "Feature", "properties": { "small_area": "E01013684" }, "geometry": { "type": "Polygon", "coordinates": [ [ [ -1.15242, 52.63401 ], [ -1.15239, 52.63582 ], [ -1.14582, 52.64109 ], [ -1.14233, 52.6337 ], [ -1.15242, 52.63401 ] ] ] } },
{ "type": "Feature", "properties": { "small_area": "E01027314" }, "geometry": { "type": "Polygon", "coordinates": [ [ [ -0.68878, 52.29769 ], [ -0.68593, 52.30081 ], [ -0.68919, 52.30548 ], [ -0.68108, 52.30423 ], [ -0.68433, 52.29981 ], [ -0.67793, 52.29231 ], [ -0.68057, 52.28927 ], [ -0.68878, 52.29769 ] ] ] } },
{ "type": "Feature", "properties": { "small_area": "E01027317" }, "geometry": { "type": "Polygon", "coordinates": [ [ [ -0.69857, 52.28977 ], [ -0.70128, 52.29618 ], [ -0.68878, 52.29769 ], [ -0.68326, 52.29168 ], [ -0.69857, 52.28977 ] ] ] } },
{ "type": "Feature", "properties": { "small_area": "E01027316" }, "geometry": { "type": "Polygon", "coordinates": [ [ [ -0.68136, 52.30484 ], [ -0.68647, 52.30857 ], [ -0.66919, 52.31755 ], [ -0.67396, 52.30688 ], [ -0.68136, 52.30484 ] ] ] } },
{ "type": "Feature", "properties": { "small_area": "E01026956" }, "geometry": { "type": "Polygon", "coordinates": [ [ [ -0.73169, 52.46521 ], [ -0.72269, 52.45948 ], [ -0.73804, 52.45807 ], [ -0.73979, 52.46424 ], [ -0.73447, 52.46928 ], [ -0.72345, 52.47076 ], [ -0.73169, 52.46521 ] ] ] } },
{ "type": "Feature", "properties": { "small_area": "E01013458" }, "geometry": { "type": "Polygon", "coordinates": [ [ [ -1.4965, 52.90672 ], [ -1.49535, 52.90339 ], [ -1.5053, 52.91027 ], [ -1.48905, 52.91139 ], [ -1.4965, 52.90672 ] ] ] } },
{ "type": "Feature", "properties": { "small_area": "E01013459" }, "geometry": { "type": "Polygon", "coordinates": [ [ [ -1.49421, 52.90471 ], [ -1.4965, 52.90672 ], [ -1.49066, 52.90913 ], [ -1.4889, 52.90556 ], [ -1.49421, 52.90471 ] ] ] } },
{ "type": "Feature", "properties": { "small_area": "E01013539" }, "geometry": { "type": "Polygon", "coordinates": [ [ [ -1.51568, 52.89187 ], [ -1.5232, 52.88732 ], [ -1.52913, 52.89796 ], [ -1.52141, 52.8983 ], [ -1.52367, 52.89427 ], [ -1.51568, 52.89187 ] ] ] } },
{ "type": "Feature", "properties": { "small_area": "E01026954" }, "geometry": { "type": "Polygon", "coordinates": [ [ [ -0.72706, 52.46921 ], [ -0.73447, 52.46928 ], [ -0.72951, 52.47369 ], [ -0.72616, 52.47211 ], [ -0.72706, 52.46921 ] ] ] } },
{ "type": "Feature", "properties": { "small_area": "E01026957" }, "geometry": { "type": "Polygon", "coordinates": [ [ [ -0.66465, 52.48992 ], [ -0.67391, 52.48863 ], [ -0.67177, 52.47894 ], [ -0.69289, 52.47655 ], [ -0.68768, 52.49028 ], [ -0.69044, 52.49769 ], [ -0.68097, 52.49415 ], [ -0.66478, 52.49978 ], [ -0.65913, 52.49422 ], [ -0.66465, 52.48992 ] ] ] } },
{ "type": "Feature", "properties": { "small_area": "E01019593" }, "geometry": { "type": "Polygon", "coordinates": [ [ [ -1.47955, 53.22225 ], [ -1.47714, 53.22606 ], [ -1.46874, 53.22655 ], [ -1.46566, 53.22016 ], [ -1.47955, 53.22225 ] ] ] } },
{ "type": "Feature", "properties": { "small_area": "E01028349" }, "geometry": { "type": "Polygon", "coordinates": [ [ [ -0.78171, 53.19266 ], [ -0.79707, 53.19589 ], [ -0.82669, 53.19352 ], [ -0.81683, 53.18402 ], [ -0.81543, 53.17597 ], [ -0.8121, 53.17909 ], [ -0.78777, 53.17863 ], [ -0.78492, 53.17579 ], [ -0.78541, 53.16855 ], [ -0.79281, 53.17087 ], [ -0.80074, 53.16817 ], [ -0.80011, 53.15806 ], [ -0.78677, 53.15922 ], [ -0.79746, 53.15205 ], [ -0.79143, 53.14203 ], [ -0.79939, 53.14222 ], [ -0.80482, 53.13652 ], [ -0.81632, 53.1341 ], [ -0.82259, 53.13842 ], [ -0.84324, 53.14309 ], [ -0.86456, 53.13382 ], [ -0.87485, 53.13586 ], [ -0.87466, 53.14454 ], [ -0.91155, 53.15247 ], [ -0.91183, 53.16097 ], [ -0.90184, 53.16426 ], [ -0.87011, 53.15776 ], [ -0.8535, 53.16046 ], [ -0.8456, 53.17251 ], [ -0.83997, 53.17426 ], [ -0.8486, 53.17678 ], [ -0.84889, 53.18465 ], [ -0.85298, 53.18621 ], [ -0.85163, 53.19023 ], [ -0.84276, 53.19117 ], [ -0.85441, 53.19125 ], [ -0.85262, 53.19587 ], [ -0.85782, 53.19698 ], [ -0.87981, 53.19827 ], [ -0.86943, 53.21669 ], [ -0.85784, 53.21219 ], [ -0.8485, 53.21529 ], [ -0.84822, 53.21864 ], [ -0.8308, 53.21754 ], [ -0.83696, 53.21364 ], [ -0.83052, 53.21281 ], [ -0.83206, 53.20671 ], [ -0.82492, 53.20272 ], [ -0.78729, 53.20454 ], [ -0.79008, 53.19913 ], [ -0.7814, 53.19665 ], [ -0.78171, 53.19266 ] ] ] } },
{ "type": "Feature", "properties": { "small_area": "E01025903" }, "geometry": { "type": "Polygon", "coordinates": [ [ [ -0.84847, 52.76585 ], [ -0.87253, 52.76422 ], [ -0.88315, 52.76669 ], [ -0.88227, 52.77094 ], [ -0.87578, 52.77206 ], [ -0.87301, 52.76887 ], [ -0.86591, 52.77512 ], [ -0.86605, 52.77239 ], [ -0.84798, 52.76947 ], [ -0.84847, 52.76585 ] ] ] } },
{ "type": "Feature", "properties": { "small_area": "E01027968" }, "geometry": { "type": "Polygon", "coordinates": [ [ [ -1.26841, 53.12261 ], [ -1.27511, 53.1212 ], [ -1.27251, 53.12402 ], [ -1.27381, 53.1279 ], [ -1.26897, 53.12949 ], [ -1.26239, 53.12451 ], [ -1.26841, 53.12261 ] ] ] } },
{ "type": "Feature", "properties": { "small_area": "E01027063" }, "geometry": { "type": "Polygon", "coordinates": [ [ [ -0.60281, 52.29617 ], [ -0.61459, 52.29152 ], [ -0.62608, 52.29761 ], [ -0.63508, 52.29552 ], [ -0.63705, 52.30519 ], [ -0.61031, 52.30688 ], [ -0.60197, 52.30211 ], [ -0.60281, 52.29617 ] ] ] } },
{ "type": "Feature", "properties": { "small_area": "E01026410" }, "geometry": { "type": "Polygon", "coordinates": [ [ [ -0.70903, 53.31725 ], [ -0.71496, 53.31458 ], [ -0.7159, 53.29918 ], [ -0.69709, 53.29924 ], [ -0.691, 53.28057 ], [ -0.67838, 53.27745 ], [ -0.67969, 53.2668 ], [ -0.69178, 53.25786 ], [ -0.72162, 53.29105 ], [ -0.75009, 53.29374 ], [ -0.74787, 53.30445 ], [ -0.7541, 53.31023 ], [ -0.7515, 53.32549 ], [ -0.75991, 53.325 ], [ -0.76593, 53.3301 ], [ -0.7601, 53.33352 ], [ -0.75711, 53.34216 ], [ -0.71487, 53.34757 ], [ -0.70403, 53.33059 ], [ -0.70859, 53.32987 ], [ -0.70903, 53.31725 ] ] ] } },
{ "type": "Feature", "properties": { "small_area": "E01027099" }, "geometry": { "type": "Polygon", "coordinates": [ [ [ -0.71485, 52.38804 ], [ -0.71838, 52.39217 ], [ -0.70383, 52.39564 ], [ -0.70677, 52.38911 ], [ -0.70256, 52.38543 ], [ -0.71485, 52.38804 ] ] ] } },
{ "type": "Feature", "properties": { "small_area": "E01027281" }, "geometry": { "type": "Polygon", "coordinates": [ [ [ -0.90604, 52.05208 ], [ -0.91154, 52.05695 ], [ -0.90461, 52.05485 ], [ -0.89522, 52.05836 ], [ -0.88627, 52.05141 ], [ -0.90604, 52.05208 ] ] ] } },
{ "type": "Feature", "properties": { "small_area": "E01019858" }, "geometry": { "type": "Polygon", "coordinates": [ [ [ -1.55025, 52.78116 ], [ -1.56304, 52.78247 ], [ -1.56231, 52.78579 ], [ -1.55696, 52.78739 ], [ -1.55025, 52.78116 ] ] ] } },
{ "type": "Feature", "properties": { "small_area": "E01019833" }, "geometry": { "type": "Polygon", "coordinates": [ [ [ -1.35118, 52.85327 ], [ -1.35912, 52.85586 ], [ -1.36554, 52.85156 ], [ -1.38597, 52.8492 ], [ -1.39405, 52.85579 ], [ -1.39094, 52.85904 ], [ -1.39731, 52.86098 ], [ -1.38636, 52.86313 ], [ -1.39544, 52.87074 ], [ -1.38621, 52.87151 ], [ -1.38854, 52.87708 ], [ -1.37002, 52.87339 ], [ -1.37255, 52.86797 ], [ -1.36785, 52.86571 ], [ -1.37119, 52.86377 ], [ -1.34857, 52.86627 ], [ -1.34729, 52.86135 ], [ -1.35118, 52.85327 ] ] ] } },
{ "type": "Feature", "properties": { "small_area": "E01019876" }, "geometry": { "type": "Polygon", "coordinates": [ [ [ -1.55211, 52.77836 ], [ -1.56215, 52.77414 ], [ -1.56928, 52.77826 ], [ -1.55406, 52.78117 ], [ -1.55211, 52.77836 ] ] ] } },
{ "type": "Feature", "properties": { "small_area": "E01019471" }, "geometry": { "type": "Polygon", "coordinates": [ [ [ -1.37044, 53.08852 ], [ -1.3667, 53.07971 ], [ -1.37352, 53.07789 ], [ -1.37637, 53.08226 ], [ -1.38465, 53.0822 ], [ -1.38961, 53.08937 ], [ -1.36323, 53.09245 ], [ -1.35991, 53.09014 ], [ -1.37044, 53.08852 ] ] ] } },
{ "type": "Feature", "properties": { "small_area": "E01028393" }, "geometry": { "type": "Polygon", "coordinates": [ [ [ -1.01661, 52.93213 ], [ -1.04376, 52.94398 ], [ -1.04162, 52.94671 ], [ -1.03577, 52.9425 ], [ -1.01918, 52.94913 ], [ -1.02162, 52.9474 ], [ -1.0165, 52.94368 ], [ -1.02619, 52.94126 ], [ -1.0125, 52.93624 ], [ -1.01661, 52.93213 ] ] ] } },
{ "type": "Feature", "properties": { "small_area": "E01027023" }, "geometry": { "type": "Polygon", "coordinates": [ [ [ -0.86373, 52.34368 ], [ -0.85914, 52.35312 ], [ -0.84351, 52.36612 ], [ -0.83966, 52.37977 ], [ -0.83297, 52.38113 ], [ -0.82458, 52.37303 ], [ -0.79539, 52.36074 ], [ -0.78867, 52.34729 ], [ -0.7858, 52.3306 ], [ -0.79286, 52.32378 ], [ -0.81797, 52.30958 ], [ -0.84316, 52.30429 ], [ -0.86373, 52.34368 ] ] ] } },
{ "type": "Feature", "properties": { "small_area": "E01027025" }, "geometry": { "type": "Polygon", "coordinates": [ [ [ -1.07157, 52.2182 ], [ -1.08568, 52.22241 ], [ -1.08597, 52.22602 ], [ -1.09095, 52.22563 ], [ -1.09175, 52.22874 ], [ -1.08263, 52.22664 ], [ -1.07619, 52.22954 ], [ -1.08461, 52.23026 ], [ -1.08441, 52.23367 ], [ -1.07696, 52.23429 ], [ -1.08183, 52.23942 ], [ -1.07493, 52.23789 ], [ -1.0733, 52.23197 ], [ -1.06402, 52.2288 ], [ -1.07157, 52.2182 ] ] ] } },
{ "type": "Feature", "properties": { "small_area": "E01027022" }, "geometry": { "type": "Polygon", "coordinates": [ [ [ -0.93142, 52.36822 ], [ -0.9386, 52.36272 ], [ -0.93336, 52.36011 ], [ -0.93562, 52.35807 ], [ -0.91952, 52.35269 ], [ -0.91691, 52.34641 ], [ -0.92562, 52.32321 ], [ -0.92004, 52.31119 ], [ -0.92601, 52.31086 ], [ -0.92923, 52.30724 ], [ -0.95163, 52.30731 ], [ -0.96985, 52.31482 ], [ -0.96682, 52.33033 ], [ -0.9761, 52.33678 ], [ -0.97077, 52.34307 ], [ -0.98231, 52.35299 ], [ -0.9793, 52.36098 ], [ -0.99067, 52.36499 ], [ -0.9855, 52.37167 ], [ -0.97565, 52.37299 ], [ -0.97057, 52.38073 ], [ -0.95794, 52.3809 ], [ -0.93142, 52.36822 ] ] ] } },
{ "type": "Feature", "properties": { "small_area": "E01027027" }, "geometry": { "type": "Polygon", "coordinates": [ [ [ -0.99067, 52.36499 ], [ -0.9793, 52.36098 ], [ -0.98231, 52.35299 ], [ -0.99098, 52.35125 ], [ -0.99259, 52.34808 ], [ -0.99927, 52.34737 ], [ -1.00179, 52.35076 ], [ -1.01042, 52.34365 ], [ -1.0208, 52.3426 ], [ -1.02422, 52.34859 ], [ -1.03072, 52.35091 ], [ -1.04, 52.34765 ], [ -1.04716, 52.34961 ], [ -1.04513, 52.34233 ], [ -1.03351, 52.33948 ], [ -1.04547, 52.33342 ], [ -1.04989, 52.32611 ], [ -1.06977, 52.32334 ], [ -1.08344, 52.31763 ], [ -1.08267, 52.32666 ], [ -1.09124, 52.34608 ], [ -1.09634, 52.34827 ], [ -1.09006, 52.35317 ], [ -1.07977, 52.35515 ], [ -1.07274, 52.35313 ], [ -1.06159, 52.35858 ], [ -1.04851, 52.35851 ], [ -1.02101, 52.36856 ], [ -1.00652, 52.36549 ], [ -0.99772, 52.37041 ], [ -0.99336, 52.36877 ], [ -0.98991, 52.37264 ], [ -0.9855, 52.37167 ], [ -0.99067, 52.36499 ] ] ] } },
{ "type": "Feature", "properties": { "small_area": "E01027024" }, "geometry": { "type": "Polygon", "coordinates": [ [ [ -1.07696, 52.23429 ], [ -1.08441, 52.23367 ], [ -1.08461, 52.23026 ], [ -1.07619, 52.22954 ], [ -1.08263, 52.22664 ], [ -1.09175, 52.22874 ], [ -1.09095, 52.22563 ], [ -1.08597, 52.22602 ], [ -1.08568, 52.22241 ], [ -1.07157, 52.2182 ], [ -1.06607, 52.22726 ], [ -1.03844, 52.19566 ], [ -1.04452, 52.19319 ], [ -1.06336, 52.19598 ], [ -1.08578, 52.1925 ], [ -1.09046, 52.18992 ], [ -1.08935, 52.18221 ], [ -1.0956, 52.1789 ], [ -1.11276, 52.17882 ], [ -1.12691, 52.18569 ], [ -1.13403, 52.19341 ], [ -1.1274, 52.19374 ], [ -1.11319, 52.20156 ], [ -1.11732, 52.20412 ], [ -1.11393, 52.20558 ], [ -1.12375, 52.21131 ], [ -1.11237, 52.22023 ], [ -1.11119, 52.22816 ], [ -1.11634, 52.22779 ], [ -1.11599, 52.23685 ], [ -1.12475, 52.25051 ], [ -1.09088, 52.25307 ], [ -1.08272, 52.24574 ], [ -1.07516, 52.24478 ], [ -1.08183, 52.23942 ], [ -1.07696, 52.23429 ] ] ] } },
{ "type": "Feature", "properties": { "small_area": "E01027026" }, "geometry": { "type": "Polygon", "coordinates": [ [ [ -0.9422, 52.46776 ], [ -0.9238, 52.46422 ], [ -0.93776, 52.45746 ], [ -0.93473, 52.45535 ], [ -0.94186, 52.44086 ], [ -0.95879, 52.44566 ], [ -0.96174, 52.45085 ], [ -0.95826, 52.45429 ], [ -0.96813, 52.45912 ], [ -0.99076, 52.41794 ], [ -1.0087, 52.41914 ], [ -1.01207, 52.412 ], [ -1.05461, 52.39525 ], [ -1.09108, 52.39821 ], [ -1.0889, 52.41879 ], [ -1.10198, 52.42481 ], [ -1.09337, 52.42767 ], [ -1.0909, 52.43311 ], [ -1.0794, 52.43632 ], [ -1.06934, 52.43353 ], [ -1.06896, 52.42957 ], [ -1.05311, 52.42155 ], [ -1.03429, 52.43627 ], [ -1.03515, 52.44323 ], [ -1.04452, 52.44573 ], [ -1.02775, 52.45849 ], [ -1.00565, 52.46501 ], [ -0.99819, 52.47096 ], [ -0.97516, 52.47095 ], [ -0.96786, 52.47719 ], [ -0.9471, 52.47568 ], [ -0.9422, 52.46776 ] ] ] } },
{ "type": "Feature", "properties": { "small_area": "E01027020" }, "geometry": { "type": "Polygon", "coordinates": [ [ [ -0.84937, 52.27772 ], [ -0.85152, 52.28088 ], [ -0.86745, 52.28018 ], [ -0.8536, 52.28534 ], [ -0.85098, 52.29113 ], [ -0.84395, 52.28987 ], [ -0.84463, 52.28057 ], [ -0.84937, 52.27772 ] ] ] } },
{ "type": "Feature", "properties": { "small_area": "E01028225" }, "geometry": { "type": "Polygon", "coordinates": [ [ [ -1.14061, 53.19445 ], [ -1.16105, 53.19925 ], [ -1.14813, 53.19895 ], [ -1.14859, 53.20094 ], [ -1.14061, 53.19445 ] ] ] } },
{ "type": "Feature", "properties": { "small_area": "E01028278" }, "geometry": { "type": "Polygon", "coordinates": [ [ [ -1.18739, 53.16911 ], [ -1.19364, 53.16603 ], [ -1.19571, 53.17146 ], [ -1.19343, 53.17535 ], [ -1.18815, 53.17587 ], [ -1.19091, 53.17362 ], [ -1.18581, 53.17217 ], [ -1.18739, 53.16911 ] ] ] } },
{ "type": "Feature", "properties": { "small_area": "E01019702" }, "geometry": { "type": "Polygon", "coordinates": [ [ [ -1.36718, 52.97731 ], [ -1.34847, 52.97798 ], [ -1.35397, 52.97242 ], [ -1.35956, 52.97187 ], [ -1.35687, 52.96794 ], [ -1.3667, 52.97059 ], [ -1.36091, 52.97239 ], [ -1.3707, 52.97324 ], [ -1.36718, 52.97731 ] ] ] } },
{ "type": "Feature", "properties": { "small_area": "E01027259" }, "geometry": { "type": "Polygon", "coordinates": [ [ [ -0.82507, 52.25227 ], [ -0.83744, 52.24871 ], [ -0.83865, 52.2536 ], [ -0.83004, 52.25662 ], [ -0.82507, 52.25227 ] ] ] } },
{ "type": "Feature", "properties": { "small_area": "E01028222" }, "geometry": { "type": "Polygon", "coordinates": [ [ [ -1.1851, 53.12213 ], [ -1.18066, 53.12438 ], [ -1.1843, 53.12828 ], [ -1.18082, 53.12897 ], [ -1.18129, 53.12563 ], [ -1.17216, 53.12287 ], [ -1.1676, 53.11595 ], [ -1.17789, 53.11479 ], [ -1.20249, 53.12444 ], [ -1.20128, 53.12892 ], [ -1.19508, 53.12989 ], [ -1.1851, 53.12213 ] ] ] } },
{ "type": "Feature", "properties": { "small_area": "E01027258" }, "geometry": { "type": "Polygon", "coordinates": [ [ [ -0.8486, 52.2423 ], [ -0.84532, 52.23971 ], [ -0.85978, 52.23375 ], [ -0.85705, 52.24031 ], [ -0.8486, 52.2423 ] ] ] } },
{ "type": "Feature", "properties": { "small_area": "E01028223" }, "geometry": { "type": "Polygon", "coordinates": [ [ [ -1.14831, 53.21171 ], [ -1.14795, 53.21177 ], [ -1.15011, 53.20332 ], [ -1.15917, 53.20767 ], [ -1.14831, 53.21171 ] ] ] } },
{ "type": "Feature", "properties": { "small_area": "E01028220" }, "geometry": { "type": "Polygon", "coordinates": [ [ [ -1.19271, 53.13168 ], [ -1.1909, 53.12727 ], [ -1.19508, 53.12989 ], [ -1.19682, 53.1362 ], [ -1.18802, 53.13574 ], [ -1.19271, 53.13168 ] ] ] } },
{ "type": "Feature", "properties": { "small_area": "E01026221" }, "geometry": { "type": "Polygon", "coordinates": [ [ [ -0.45496, 52.98061 ], [ -0.39696, 52.979 ], [ -0.38702, 52.97644 ], [ -0.38718, 52.96625 ], [ -0.38131, 52.96506 ], [ -0.35949, 52.96914 ], [ -0.34582, 52.95726 ], [ -0.33711, 52.96069 ], [ -0.33815, 52.93671 ], [ -0.31961, 52.93947 ], [ -0.29053, 52.93159 ], [ -0.25243, 52.91533 ], [ -0.2565, 52.90586 ], [ -0.32284, 52.91751 ], [ -0.3579, 52.91563 ], [ -0.36083, 52.90192 ], [ -0.36608, 52.90114 ], [ -0.36583, 52.89791 ], [ -0.38347, 52.89863 ], [ -0.43735, 52.88697 ], [ -0.44534, 52.90055 ], [ -0.46976, 52.90117 ], [ -0.47207, 52.90541 ], [ -0.48061, 52.90678 ], [ -0.49398, 52.92072 ], [ -0.48762, 52.92056 ], [ -0.48837, 52.92402 ], [ -0.47954, 52.93168 ], [ -0.48288, 52.93937 ], [ -0.48719, 52.93949 ], [ -0.48915, 52.94649 ], [ -0.49414, 52.94831 ], [ -0.49383, 52.95355 ], [ -0.51001, 52.94755 ], [ -0.51785, 52.96027 ], [ -0.53792, 52.95463 ], [ -0.55411, 52.95441 ], [ -0.54316, 52.97172 ], [ -0.54039, 52.96731 ], [ -0.52618, 52.96937 ], [ -0.52939, 52.9762 ], [ -0.52354, 52.98816 ], [ -0.51627, 52.992 ], [ -0.49955, 52.98634 ], [ -0.51117, 52.98158 ], [ -0.48881, 52.98411 ], [ -0.47887, 52.97721 ], [ -0.45748, 52.98413 ], [ -0.45496, 52.98061 ] ] ] } },
{ "type": "Feature", "properties": { "small_area": "E01028224" }, "geometry": { "type": "Polygon", "coordinates": [ [ [ -1.11696, 53.19389 ], [ -1.12779, 53.18987 ], [ -1.13612, 53.18867 ], [ -1.14795, 53.19491 ], [ -1.14061, 53.19445 ], [ -1.14859, 53.20094 ], [ -1.14795, 53.21177 ], [ -1.12754, 53.22139 ], [ -1.12078, 53.22057 ], [ -1.1093, 53.22586 ], [ -1.09525, 53.22769 ], [ -1.09732, 53.21952 ], [ -1.10394, 53.21923 ], [ -1.10424, 53.20884 ], [ -1.11696, 53.19389 ] ] ] } },
{ "type": "Feature", "properties": { "small_area": "E01026228" }, "geometry": { "type": "Polygon", "coordinates": [ [ [ -0.41395, 52.99622 ], [ -0.42618, 52.9915 ], [ -0.42749, 52.99646 ], [ -0.4354, 52.99416 ], [ -0.43598, 52.9977 ], [ -0.42418, 53.00048 ], [ -0.41395, 52.99622 ] ] ] } },
{ "type": "Feature", "properties": { "small_area": "E01025772" }, "geometry": { "type": "Polygon", "coordinates": [ [ [ -1.21975, 52.52404 ], [ -1.21365, 52.52311 ], [ -1.21973, 52.51801 ], [ -1.23018, 52.51996 ], [ -1.2256, 52.52728 ], [ -1.21828, 52.52591 ], [ -1.21975, 52.52404 ] ] ] } },
{ "type": "Feature", "properties": { "small_area": "E01019660" }, "geometry": { "type": "Polygon", "coordinates": [ [ [ -1.29803, 52.97309 ], [ -1.30194, 52.97595 ], [ -1.29439, 52.97446 ], [ -1.29211, 52.97042 ], [ -1.30807, 52.96758 ], [ -1.30928, 52.9703 ], [ -1.29803, 52.97309 ] ] ] } },
{ "type": "Feature", "properties": { "small_area": "E01027188" }, "geometry": { "type": "Polygon", "coordinates": [ [ [ -0.87542, 52.25431 ], [ -0.8832, 52.25747 ], [ -0.87617, 52.26318 ], [ -0.87062, 52.25982 ], [ -0.87542, 52.25431 ] ] ] } },
{ "type": "Feature", "properties": { "small_area": "E01025687" }, "geometry": { "type": "Polygon", "coordinates": [ [ [ -1.19819, 52.70155 ], [ -1.18834, 52.69841 ], [ -1.19872, 52.69747 ], [ -1.18843, 52.69493 ], [ -1.18167, 52.68353 ], [ -1.20324, 52.6811 ], [ -1.20758, 52.68335 ], [ -1.21373, 52.68085 ], [ -1.21661, 52.67091 ], [ -1.2266, 52.66991 ], [ -1.24474, 52.6846 ], [ -1.25669, 52.68459 ], [ -1.25902, 52.68205 ], [ -1.27719, 52.6904 ], [ -1.28103, 52.69394 ], [ -1.27529, 52.69827 ], [ -1.28538, 52.70257 ], [ -1.28272, 52.71462 ], [ -1.26248, 52.72425 ], [ -1.26636, 52.72857 ], [ -1.26337, 52.73089 ], [ -1.24715, 52.73635 ], [ -1.23005, 52.73618 ], [ -1.22272, 52.74085 ], [ -1.20751, 52.73176 ], [ -1.21177, 52.7295 ], [ -1.20778, 52.72466 ], [ -1.21678, 52.72311 ], [ -1.21838, 52.72932 ], [ -1.22463, 52.73147 ], [ -1.22653, 52.72154 ], [ -1.21832, 52.72007 ], [ -1.21797, 52.71617 ], [ -1.21029, 52.71542 ], [ -1.21174, 52.7117 ], [ -1.20396, 52.71269 ], [ -1.19819, 52.70155 ] ] ] } },
{ "type": "Feature", "properties": { "small_area": "E01013505" }, "geometry": { "type": "Polygon", "coordinates": [ [ [ -1.43727, 52.93478 ], [ -1.43186, 52.93325 ], [ -1.43835, 52.92949 ], [ -1.44206, 52.92948 ], [ -1.43727, 52.93478 ] ] ] } },
{ "type": "Feature", "properties": { "small_area": "E01026961" }, "geometry": { "type": "Polygon", "coordinates": [ [ [ -0.70495, 52.48645 ], [ -0.72174, 52.48109 ], [ -0.71667, 52.48938 ], [ -0.70495, 52.48645 ] ] ] } },
{ "type": "Feature", "properties": { "small_area": "E01026960" }, "geometry": { "type": "Polygon", "coordinates": [ [ [ -0.69939, 52.4836 ], [ -0.7147, 52.48243 ], [ -0.70495, 52.48645 ], [ -0.69939, 52.4836 ] ] ] } },
{ "type": "Feature", "properties": { "small_area": "E01032980" }, "geometry": { "type": "Polygon", "coordinates": [ [ [ -0.88966, 52.23204 ], [ -0.90223, 52.22747 ], [ -0.90358, 52.23037 ], [ -0.88966, 52.23204 ] ] ] } },
{ "type": "Feature", "properties": { "small_area": "E01026963" }, "geometry": { "type": "Polygon", "coordinates": [ [ [ -0.7145, 52.47073 ], [ -0.71773, 52.473 ], [ -0.71068, 52.47738 ], [ -0.70649, 52.47669 ], [ -0.7145, 52.47073 ] ] ] } },
{ "type": "Feature", "properties": { "small_area": "E01026962" }, "geometry": { "type": "Polygon", "coordinates": [ [ [ -0.71886, 52.48546 ], [ -0.72278, 52.48674 ], [ -0.72268, 52.49151 ], [ -0.71667, 52.48938 ], [ -0.71886, 52.48546 ] ] ] } },
{ "type": "Feature", "properties": { "small_area": "E01028244" }, "geometry": { "type": "Polygon", "coordinates": [ [ [ -1.22967, 53.13947 ], [ -1.2221, 53.13718 ], [ -1.22932, 53.13416 ], [ -1.23991, 53.1396 ], [ -1.23713, 53.14621 ], [ -1.22776, 53.14399 ], [ -1.22967, 53.13947 ] ] ] } },
{ "type": "Feature", "properties": { "small_area": "E01026241" }, "geometry": { "type": "Polygon", "coordinates": [ [ [ -0.177, 52.74981 ], [ -0.1663, 52.75351 ], [ -0.15906, 52.74355 ], [ -0.1488, 52.73944 ], [ -0.13991, 52.7268 ], [ -0.14201, 52.72059 ], [ -0.13714, 52.71808 ], [ -0.17067, 52.70698 ], [ -0.20267, 52.7059 ], [ -0.23529, 52.69553 ], [ -0.22092, 52.67166 ], [ -0.21701, 52.67226 ], [ -0.21427, 52.66821 ], [ -0.22322, 52.66674 ], [ -0.24877, 52.69302 ], [ -0.25578, 52.69259 ], [ -0.2637, 52.70098 ], [ -0.26719, 52.69907 ], [ -0.28129, 52.71424 ], [ -0.27833, 52.71648 ], [ -0.30682, 52.74525 ], [ -0.26157, 52.76998 ], [ -0.26218, 52.78705 ], [ -0.22368, 52.76717 ], [ -0.22812, 52.75984 ], [ -0.20615, 52.7707 ], [ -0.177, 52.74981 ] ] ] } },
{ "type": "Feature", "properties": { "small_area": "E01026240" }, "geometry": { "type": "Polygon", "coordinates": [ [ [ -0.16413, 52.67277 ], [ -0.16739, 52.67554 ], [ -0.16442, 52.68488 ], [ -0.16081, 52.68074 ], [ -0.15526, 52.68055 ], [ -0.16248, 52.67025 ], [ -0.15637, 52.66603 ], [ -0.16642, 52.66711 ], [ -0.17632, 52.66375 ], [ -0.17346, 52.66889 ], [ -0.18177, 52.67235 ], [ -0.17349, 52.6749 ], [ -0.16745, 52.67134 ], [ -0.16413, 52.67277 ] ] ] } },
{ "type": "Feature", "properties": { "small_area": "E01028247" }, "geometry": { "type": "Polygon", "coordinates": [ [ [ -1.20987, 53.14081 ], [ -1.20653, 53.1477 ], [ -1.20113, 53.14354 ], [ -1.20987, 53.14081 ] ] ] } },
{ "type": "Feature", "properties": { "small_area": "E01026243" }, "geometry": { "type": "Polygon", "coordinates": [ [ [ -0.19294, 52.91711 ], [ -0.19395, 52.9051 ], [ -0.20402, 52.90543 ], [ -0.20737, 52.90192 ], [ -0.21013, 52.90408 ], [ -0.21422, 52.89912 ], [ -0.21762, 52.90187 ], [ -0.20852, 52.90881 ], [ -0.22078, 52.90852 ], [ -0.22137, 52.91439 ], [ -0.20973, 52.92275 ], [ -0.19294, 52.91711 ] ] ] } },
{ "type": "Feature", "properties": { "small_area": "E01028246" }, "geometry": { "type": "Polygon", "coordinates": [ [ [ -1.22932, 53.13416 ], [ -1.2221, 53.13718 ], [ -1.22612, 53.13916 ], [ -1.21199, 53.13524 ], [ -1.22461, 53.13162 ], [ -1.22932, 53.13416 ] ] ] } },
{ "type": "Feature", "properties": { "small_area": "E01028245" }, "geometry": { "type": "Polygon", "coordinates": [ [ [ -1.22612, 53.13916 ], [ -1.22967, 53.13947 ], [ -1.22776, 53.14399 ], [ -1.21711, 53.13792 ], [ -1.22612, 53.13916 ] ] ] } },
{ "type": "Feature", "properties": { "small_area": "E01028242" }, "geometry": { "type": "Polygon", "coordinates": [ [ [ -1.16885, 53.16219 ], [ -1.17754, 53.15761 ], [ -1.16979, 53.14976 ], [ -1.17894, 53.15085 ], [ -1.18235, 53.15779 ], [ -1.16311, 53.16713 ], [ -1.14971, 53.1675 ], [ -1.14716, 53.15823 ], [ -1.16885, 53.16219 ] ] ] } },
{ "type": "Feature", "properties": { "small_area": "E01019557" }, "geometry": { "type": "Polygon", "coordinates": [ [ [ -1.4481, 53.25196 ], [ -1.46207, 53.24775 ], [ -1.46427, 53.24887 ], [ -1.46125, 53.25308 ], [ -1.46518, 53.25568 ], [ -1.4481, 53.25196 ] ] ] } },
{ "type": "Feature", "properties": { "small_area": "E01019556" }, "geometry": { "type": "Polygon", "coordinates": [ [ [ -1.43615, 53.23016 ], [ -1.44666, 53.22708 ], [ -1.44908, 53.23178 ], [ -1.44071, 53.23765 ], [ -1.43615, 53.23016 ] ] ] } },
{ "type": "Feature", "properties": { "small_area": "E01019554" }, "geometry": { "type": "Polygon", "coordinates": [ [ [ -1.44071, 53.23765 ], [ -1.44908, 53.23178 ], [ -1.4573, 53.23196 ], [ -1.44071, 53.23765 ] ] ] } },
{ "type": "Feature", "properties": { "small_area": "E01019613" }, "geometry": { "type": "Polygon", "coordinates": [ [ [ -1.75279, 53.25474 ], [ -1.75395, 53.24891 ], [ -1.73685, 53.24335 ], [ -1.74772, 53.24152 ], [ -1.7503, 53.23711 ], [ -1.74692, 53.23639 ], [ -1.74394, 53.2297 ], [ -1.75104, 53.22945 ], [ -1.76134, 53.21792 ], [ -1.79596, 53.20845 ], [ -1.80978, 53.19519 ], [ -1.78026, 53.16974 ], [ -1.7776, 53.17392 ], [ -1.74626, 53.15226 ], [ -1.7663, 53.14036 ], [ -1.77666, 53.14218 ], [ -1.76523, 53.1481 ], [ -1.76796, 53.15144 ], [ -1.79378, 53.1422 ], [ -1.79079, 53.13623 ], [ -1.79472, 53.13238 ], [ -1.78514, 53.1218 ], [ -1.79197, 53.11466 ], [ -1.78976, 53.10955 ], [ -1.80094, 53.11514 ], [ -1.82216, 53.13805 ], [ -1.81634, 53.15006 ], [ -1.81203, 53.15273 ], [ -1.83025, 53.16774 ], [ -1.83213, 53.17285 ], [ -1.87403, 53.19536 ], [ -1.89864, 53.19994 ], [ -1.90254, 53.20974 ], [ -1.91113, 53.21211 ], [ -1.91058, 53.21643 ], [ -1.91856, 53.21797 ], [ -1.91076, 53.22168 ], [ -1.8976, 53.21043 ], [ -1.89544, 53.21864 ], [ -1.88788, 53.21829 ], [ -1.88163, 53.20743 ], [ -1.88439, 53.20492 ], [ -1.87694, 53.20328 ], [ -1.87271, 53.21564 ], [ -1.86284, 53.20528 ], [ -1.84135, 53.19714 ], [ -1.84243, 53.19474 ], [ -1.83161, 53.19757 ], [ -1.8323, 53.20298 ], [ -1.82749, 53.20443 ], [ -1.83196, 53.20568 ], [ -1.83125, 53.21063 ], [ -1.85324, 53.21656 ], [ -1.87427, 53.22683 ], [ -1.85824, 53.23321 ], [ -1.85388, 53.24326 ], [ -1.84472, 53.24573 ], [ -1.84688, 53.24897 ], [ -1.81574, 53.25404 ], [ -1.81576, 53.2581 ], [ -1.75279, 53.25474 ] ] ] } },
{ "type": "Feature", "properties": { "small_area": "E01019555" }, "geometry": { "type": "Polygon", "coordinates": [ [ [ -1.4573, 53.23196 ], [ -1.45276, 53.23943 ], [ -1.44377, 53.2382 ], [ -1.4573, 53.23196 ] ] ] } },
{ "type": "Feature", "properties": { "small_area": "E01013627" }, "geometry": { "type": "Polygon", "coordinates": [ [ [ -1.11061, 52.65057 ], [ -1.11595, 52.65211 ], [ -1.11026, 52.65526 ], [ -1.10761, 52.64966 ], [ -1.11061, 52.65057 ] ] ] } },
{ "type": "Feature", "properties": { "small_area": "E01028008" }, "geometry": { "type": "Polygon", "coordinates": [ [ [ -0.93805, 53.32528 ], [ -0.93426, 53.32909 ], [ -0.92626, 53.32864 ], [ -0.92804, 53.32474 ], [ -0.93805, 53.32528 ] ] ] } },
{ "type": "Feature", "properties": { "small_area": "E01028089" }, "geometry": { "type": "Polygon", "coordinates": [ [ [ -1.24167, 52.93846 ], [ -1.23807, 52.93795 ], [ -1.24139, 52.93432 ], [ -1.2526, 52.93949 ], [ -1.25246, 52.94226 ], [ -1.24013, 52.94533 ], [ -1.23858, 52.93938 ], [ -1.24167, 52.93846 ] ] ] } },
{ "type": "Feature", "properties": { "small_area": "E01028009" }, "geometry": { "type": "Polygon", "coordinates": [ [ [ -0.87206, 53.32162 ], [ -0.90241, 53.31777 ], [ -0.90344, 53.31362 ], [ -0.93549, 53.32183 ], [ -0.92804, 53.32474 ], [ -0.92626, 53.32864 ], [ -0.93544, 53.32928 ], [ -0.94394, 53.34116 ], [ -0.9263, 53.34221 ], [ -0.92946, 53.33645 ], [ -0.9211, 53.33281 ], [ -0.92213, 53.32497 ], [ -0.87138, 53.32808 ], [ -0.87206, 53.32162 ] ] ] } },
{ "type": "Feature", "properties": { "small_area": "E01028088" }, "geometry": { "type": "Polygon", "coordinates": [ [ [ -1.23509, 52.94452 ], [ -1.23411, 52.94319 ], [ -1.23858, 52.93938 ], [ -1.24013, 52.94533 ], [ -1.25246, 52.94226 ], [ -1.25502, 52.94445 ], [ -1.25244, 52.95054 ], [ -1.24683, 52.95308 ], [ -1.23509, 52.94452 ] ] ] } },
{ "type": "Feature", "properties": { "small_area": "E01019532" }, "geometry": { "type": "Polygon", "coordinates": [ [ [ -1.3986, 53.2577 ], [ -1.41359, 53.26133 ], [ -1.40984, 53.26683 ], [ -1.39803, 53.26908 ], [ -1.3986, 53.2577 ] ] ] } },
{ "type": "Feature", "properties": { "small_area": "E01019535" }, "geometry": { "type": "Polygon", "coordinates": [ [ [ -1.38035, 53.24378 ], [ -1.39027, 53.23884 ], [ -1.39963, 53.24613 ], [ -1.39477, 53.25104 ], [ -1.39066, 53.24821 ], [ -1.37966, 53.2496 ], [ -1.38035, 53.24378 ] ] ] } },
{ "type": "Feature", "properties": { "small_area": "E01019534" }, "geometry": { "type": "Polygon", "coordinates": [ [ [ -1.3846, 53.25829 ], [ -1.37966, 53.2496 ], [ -1.39066, 53.24821 ], [ -1.39477, 53.25104 ], [ -1.39963, 53.24613 ], [ -1.40185, 53.25019 ], [ -1.41359, 53.25266 ], [ -1.4014, 53.25472 ], [ -1.40478, 53.25835 ], [ -1.3846, 53.25829 ] ] ] } },
{ "type": "Feature", "properties": { "small_area": "E01019537" }, "geometry": { "type": "Polygon", "coordinates": [ [ [ -1.43734, 53.24711 ], [ -1.43995, 53.24473 ], [ -1.45082, 53.24915 ], [ -1.4481, 53.25196 ], [ -1.43734, 53.24711 ] ] ] } },
{ "type": "Feature", "properties": { "small_area": "E01019536" }, "geometry": { "type": "Polygon", "coordinates": [ [ [ -1.4014, 53.25472 ], [ -1.41359, 53.25266 ], [ -1.42031, 53.25512 ], [ -1.41359, 53.26133 ], [ -1.4014, 53.25472 ] ] ] } },
{ "type": "Feature", "properties": { "small_area": "E01019530" }, "geometry": { "type": "Polygon", "coordinates": [ [ [ -1.39936, 53.26524 ], [ -1.3891, 53.26077 ], [ -1.39692, 53.25689 ], [ -1.39936, 53.26524 ] ] ] } },
{ "type": "Feature", "properties": { "small_area": "E01019533" }, "geometry": { "type": "Polygon", "coordinates": [ [ [ -1.40185, 53.25019 ], [ -1.39326, 53.24101 ], [ -1.41925, 53.23973 ], [ -1.41924, 53.25459 ], [ -1.40185, 53.25019 ] ] ] } },
{ "type": "Feature", "properties": { "small_area": "E01013526" }, "geometry": { "type": "Polygon", "coordinates": [ [ [ -1.46574, 52.94179 ], [ -1.47581, 52.9382 ], [ -1.48722, 52.94367 ], [ -1.4676, 52.95567 ], [ -1.46856, 52.95064 ], [ -1.46257, 52.94982 ], [ -1.46574, 52.94179 ] ] ] } },
{ "type": "Feature", "properties": { "small_area": "E01019621" }, "geometry": { "type": "Polygon", "coordinates": [ [ [ -1.54529, 53.14114 ], [ -1.55495, 53.14652 ], [ -1.54927, 53.14639 ], [ -1.54632, 53.1497 ], [ -1.55098, 53.15623 ], [ -1.53963, 53.17138 ], [ -1.51735, 53.15645 ], [ -1.54529, 53.14114 ] ] ] } },
{ "type": "Feature", "properties": { "small_area": "E01019623" }, "geometry": { "type": "Polygon", "coordinates": [ [ [ -1.55315, 53.13806 ], [ -1.56977, 53.1239 ], [ -1.5834, 53.13183 ], [ -1.58033, 53.13803 ], [ -1.57219, 53.13956 ], [ -1.55903, 53.13602 ], [ -1.55451, 53.14232 ], [ -1.54529, 53.14114 ], [ -1.55315, 53.13806 ] ] ] } },
{ "type": "Feature", "properties": { "small_area": "E01019620" }, "geometry": { "type": "Polygon", "coordinates": [ [ [ -1.56977, 53.1239 ], [ -1.55681, 53.13328 ], [ -1.55981, 53.12584 ], [ -1.55475, 53.11878 ], [ -1.56505, 53.10978 ], [ -1.57839, 53.113 ], [ -1.60581, 53.10525 ], [ -1.63391, 53.12596 ], [ -1.6398, 53.12676 ], [ -1.63484, 53.13595 ], [ -1.5834, 53.13183 ], [ -1.56977, 53.1239 ] ] ] } },
{ "type": "Feature", "properties": { "small_area": "E01026170" }, "geometry": { "type": "Polygon", "coordinates": [ [ [ -0.55517, 53.20198 ], [ -0.57092, 53.19872 ], [ -0.56553, 53.2042 ], [ -0.55288, 53.20852 ], [ -0.55517, 53.20198 ] ] ] } },
{ "type": "Feature", "properties": { "small_area": "E01025987" }, "geometry": { "type": "Polygon", "coordinates": [ [ [ -1.14392, 52.58618 ], [ -1.13913, 52.5863 ], [ -1.13701, 52.58149 ], [ -1.12294, 52.58136 ], [ -1.14033, 52.57968 ], [ -1.14392, 52.58618 ] ] ] } },
{ "type": "Feature", "properties": { "small_area": "E01026370" }, "geometry": { "type": "Polygon", "coordinates": [ [ [ -0.44443, 53.22971 ], [ -0.47569, 53.22714 ], [ -0.47691, 53.2443 ], [ -0.46436, 53.24595 ], [ -0.45833, 53.24109 ], [ -0.46073, 53.2389 ], [ -0.44734, 53.24176 ], [ -0.44443, 53.22971 ] ] ] } },
{ "type": "Feature", "properties": { "small_area": "E01028377" }, "geometry": { "type": "Polygon", "coordinates": [ [ [ -1.104, 52.91465 ], [ -1.10975, 52.91684 ], [ -1.10487, 52.91837 ], [ -1.10853, 52.92432 ], [ -1.10633, 52.92164 ], [ -1.09844, 52.92291 ], [ -1.10632, 52.90798 ], [ -1.104, 52.91465 ] ] ] } },
{ "type": "Feature", "properties": { "small_area": "E01028376" }, "geometry": { "type": "Polygon", "coordinates": [ [ [ -1.05544, 52.93383 ], [ -1.07088, 52.92914 ], [ -1.07026, 52.92512 ], [ -1.07801, 52.92846 ], [ -1.0984, 52.92426 ], [ -1.10374, 52.92517 ], [ -1.10779, 52.93124 ], [ -1.0934, 52.93333 ], [ -1.10522, 52.93809 ], [ -1.07256, 52.95587 ], [ -1.06236, 52.95029 ], [ -1.05544, 52.93383 ] ] ] } },
{ "type": "Feature", "properties": { "small_area": "E01026373" }, "geometry": { "type": "Polygon", "coordinates": [ [ [ -0.31026, 53.31998 ], [ -0.29557, 53.30296 ], [ -0.31746, 53.29823 ], [ -0.31146, 53.28764 ], [ -0.3148, 53.27735 ], [ -0.30187, 53.27524 ], [ -0.30473, 53.2687 ], [ -0.32861, 53.26809 ], [ -0.33392, 53.27056 ], [ -0.35657, 53.26212 ], [ -0.36659, 53.24918 ], [ -0.35996, 53.2436 ], [ -0.36649, 53.23327 ], [ -0.35827, 53.22817 ], [ -0.36666, 53.22539 ], [ -0.3814, 53.23193 ], [ -0.44443, 53.22971 ], [ -0.44791, 53.24525 ], [ -0.41933, 53.24897 ], [ -0.40445, 53.25655 ], [ -0.41903, 53.26516 ], [ -0.42623, 53.26545 ], [ -0.42677, 53.26938 ], [ -0.4042, 53.27694 ], [ -0.41663, 53.28457 ], [ -0.41036, 53.29629 ], [ -0.42306, 53.3008 ], [ -0.42411, 53.30471 ], [ -0.39757, 53.30903 ], [ -0.38532, 53.30075 ], [ -0.35979, 53.3058 ], [ -0.36122, 53.31033 ], [ -0.34162, 53.3126 ], [ -0.34554, 53.32284 ], [ -0.31231, 53.33224 ], [ -0.29933, 53.32536 ], [ -0.31026, 53.31998 ] ] ] } },
{ "type": "Feature", "properties": { "small_area": "E01032683" }, "geometry": { "type": "Polygon", "coordinates": [ [ [ -0.29041, 53.61061 ], [ -0.28696, 53.61181 ], [ -0.283, 53.60448 ], [ -0.2697, 53.59849 ], [ -0.25934, 53.59694 ], [ -0.25449, 53.59242 ], [ -0.24849, 53.59361 ], [ -0.25208, 53.58498 ], [ -0.23853, 53.58786 ], [ -0.22303, 53.56828 ], [ -0.19518, 53.5716 ], [ -0.18749, 53.56355 ], [ -0.21981, 53.53259 ], [ -0.25207, 53.53086 ], [ -0.24731, 53.53367 ], [ -0.25296, 53.55194 ], [ -0.27435, 53.57433 ], [ -0.30112, 53.56834 ], [ -0.3118, 53.56231 ], [ -0.32323, 53.56291 ], [ -0.33582, 53.55866 ], [ -0.31086, 53.59013 ], [ -0.30351, 53.59081 ], [ -0.30073, 53.5954 ], [ -0.30855, 53.61431 ], [ -0.30093, 53.61637 ], [ -0.29823, 53.61254 ], [ -0.29211, 53.61325 ], [ -0.29041, 53.61061 ] ] ] } },
{ "type": "Feature", "properties": { "small_area": "E01019724" }, "geometry": { "type": "Polygon", "coordinates": [ [ [ -1.89519, 53.24643 ], [ -1.90155, 53.24951 ], [ -1.90683, 53.248 ], [ -1.90461, 53.24564 ], [ -1.91343, 53.25263 ], [ -1.89523, 53.25186 ], [ -1.89519, 53.24643 ] ] ] } },
{ "type": "Feature", "properties": { "small_area": "E01028374" }, "geometry": { "type": "Polygon", "coordinates": [ [ [ -1.10487, 52.91837 ], [ -1.11875, 52.91435 ], [ -1.11288, 52.91661 ], [ -1.1144, 52.91919 ], [ -1.12173, 52.91838 ], [ -1.1081, 52.9225 ], [ -1.10487, 52.91837 ] ] ] } },
{ "type": "Feature", "properties": { "small_area": "E01026371" }, "geometry": { "type": "Polygon", "coordinates": [ [ [ -0.45399, 53.24368 ], [ -0.45788, 53.24714 ], [ -0.44385, 53.25063 ], [ -0.44767, 53.25031 ], [ -0.45065, 53.25583 ], [ -0.44058, 53.26213 ], [ -0.44416, 53.26356 ], [ -0.4322, 53.26805 ], [ -0.42677, 53.26938 ], [ -0.42623, 53.26545 ], [ -0.41903, 53.26516 ], [ -0.40445, 53.25655 ], [ -0.41933, 53.24897 ], [ -0.45399, 53.24368 ] ] ] } },
{ "type": "Feature", "properties": { "small_area": "E01027302" }, "geometry": { "type": "Polygon", "coordinates": [ [ [ -0.98126, 52.12684 ], [ -0.97793, 52.12504 ], [ -0.98585, 52.12349 ], [ -0.9927, 52.12985 ], [ -0.98126, 52.12684 ] ] ] } },
{ "type": "Feature", "properties": { "small_area": "E01027305" }, "geometry": { "type": "Polygon", "coordinates": [ [ [ -1.20189, 52.13394 ], [ -1.19467, 52.12395 ], [ -1.19585, 52.11836 ], [ -1.19261, 52.1186 ], [ -1.20485, 52.09917 ], [ -1.20201, 52.09513 ], [ -1.20027, 52.07386 ], [ -1.23492, 52.0608 ], [ -1.23742, 52.06415 ], [ -1.24543, 52.0649 ], [ -1.24594, 52.06825 ], [ -1.25272, 52.0679 ], [ -1.25059, 52.07426 ], [ -1.25628, 52.07445 ], [ -1.2553, 52.07786 ], [ -1.24752, 52.07824 ], [ -1.24742, 52.0913 ], [ -1.28219, 52.07744 ], [ -1.3161, 52.07951 ], [ -1.32056, 52.08218 ], [ -1.31684, 52.08976 ], [ -1.28323, 52.09365 ], [ -1.27159, 52.09792 ], [ -1.24798, 52.09576 ], [ -1.28525, 52.12488 ], [ -1.27777, 52.12587 ], [ -1.28144, 52.13469 ], [ -1.2716, 52.13805 ], [ -1.27688, 52.13341 ], [ -1.27145, 52.12784 ], [ -1.26381, 52.13117 ], [ -1.24484, 52.12673 ], [ -1.23478, 52.12858 ], [ -1.22717, 52.13551 ], [ -1.20862, 52.13667 ], [ -1.20189, 52.13394 ] ] ] } },
{ "type": "Feature", "properties": { "small_area": "E01025721" }, "geometry": { "type": "Polygon", "coordinates": [ [ [ -1.22568, 52.77077 ], [ -1.21359, 52.77243 ], [ -1.21482, 52.7665 ], [ -1.22568, 52.77077 ] ] ] } },
{ "type": "Feature", "properties": { "small_area": "E01025720" }, "geometry": { "type": "Polygon", "coordinates": [ [ [ -1.20479, 52.77118 ], [ -1.20929, 52.77064 ], [ -1.20616, 52.76716 ], [ -1.21629, 52.76351 ], [ -1.22254, 52.76777 ], [ -1.21482, 52.7665 ], [ -1.21051, 52.774 ], [ -1.20479, 52.77118 ] ] ] } },
{ "type": "Feature", "properties": { "small_area": "E01028390" }, "geometry": { "type": "Polygon", "coordinates": [ [ [ -1.18129, 52.8211 ], [ -1.16784, 52.81508 ], [ -1.18231, 52.81416 ], [ -1.18263, 52.81747 ], [ -1.20689, 52.82398 ], [ -1.20217, 52.83231 ], [ -1.18776, 52.83352 ], [ -1.19006, 52.83101 ], [ -1.1832, 52.82894 ], [ -1.18484, 52.82707 ], [ -1.18118, 52.82934 ], [ -1.18129, 52.8211 ] ] ] } },
{ "type": "Feature", "properties": { "small_area": "E01026395" }, "geometry": { "type": "Polygon", "coordinates": [ [ [ -0.50239, 53.26962 ], [ -0.49172, 53.27077 ], [ -0.48988, 53.27444 ], [ -0.48562, 53.2711 ], [ -0.49142, 53.26987 ], [ -0.48875, 53.26687 ], [ -0.48292, 53.26667 ], [ -0.48602, 53.26302 ], [ -0.50534, 53.26494 ], [ -0.50239, 53.26962 ] ] ] } },
{ "type": "Feature", "properties": { "small_area": "E01013554" }, "geometry": { "type": "Polygon", "coordinates": [ [ [ -1.486, 52.92412 ], [ -1.49754, 52.9221 ], [ -1.4944, 52.92611 ], [ -1.486, 52.92412 ] ] ] } },
{ "type": "Feature", "properties": { "small_area": "E01013557" }, "geometry": { "type": "Polygon", "coordinates": [ [ [ -1.53348, 52.91609 ], [ -1.54567, 52.90877 ], [ -1.5439, 52.91501 ], [ -1.53348, 52.91609 ] ] ] } },
{ "type": "Feature", "properties": { "small_area": "E01026253" }, "geometry": { "type": "Polygon", "coordinates": [ [ [ 0.0259, 52.8036 ], [ 0.02915, 52.80127 ], [ 0.02613, 52.79891 ], [ 0.02121, 52.79925 ], [ 0.02442, 52.80681 ], [ 0.01671, 52.80438 ], [ 0.02232, 52.81084 ], [ 0.04312, 52.8092 ], [ 0.0259, 52.8036 ] ] ] } },
{ "type": "Feature", "properties": { "small_area": "E01028256" }, "geometry": { "type": "Polygon", "coordinates": [ [ [ -1.13875, 53.12823 ], [ -1.14405, 53.12999 ], [ -1.14625, 53.12649 ], [ -1.13877, 53.12468 ], [ -1.13551, 53.11872 ], [ -1.14713, 53.12194 ], [ -1.1676, 53.11595 ], [ -1.16879, 53.11804 ], [ -1.16068, 53.12113 ], [ -1.16332, 53.12427 ], [ -1.16809, 53.1228 ], [ -1.16098, 53.1308 ], [ -1.14954, 53.1313 ], [ -1.1482, 53.13717 ], [ -1.12874, 53.13892 ], [ -1.12844, 53.13293 ], [ -1.13875, 53.12823 ] ] ] } },
{ "type": "Feature", "properties": { "small_area": "E01025678" }, "geometry": { "type": "Polygon", "coordinates": [ [ [ -1.12937, 52.66913 ], [ -1.13772, 52.67535 ], [ -1.1259, 52.67799 ], [ -1.12937, 52.66913 ] ] ] } },
{ "type": "Feature", "properties": { "small_area": "E01028158" }, "geometry": { "type": "Polygon", "coordinates": [ [ [ -1.08322, 52.96267 ], [ -1.09177, 52.96746 ], [ -1.08193, 52.96859 ], [ -1.0786, 52.96515 ], [ -1.08322, 52.96267 ] ] ] } },
{ "type": "Feature", "properties": { "small_area": "E01026115" }, "geometry": { "type": "Polygon", "coordinates": [ [ [ 0.33331, 53.16507 ], [ 0.31441, 53.16529 ], [ 0.31546, 53.17344 ], [ 0.32436, 53.17364 ], [ 0.33341, 53.18004 ], [ 0.35256, 53.17185 ], [ 0.35133, 53.16425 ], [ 0.34272, 53.16473 ], [ 0.34057, 53.16066 ], [ 0.33331, 53.16507 ] ] ] } },
{ "type": "Feature", "properties": { "small_area": "E01026114" }, "geometry": { "type": "Polygon", "coordinates": [ [ [ 0.33725, 53.14736 ], [ 0.34029, 53.15083 ], [ 0.34956, 53.15162 ], [ 0.3503, 53.14448 ], [ 0.33725, 53.14736 ] ] ] } },
{ "type": "Feature", "properties": { "small_area": "E01026195" }, "geometry": { "type": "Polygon", "coordinates": [ [ [ -0.52932, 53.15892 ], [ -0.52753, 53.15173 ], [ -0.49286, 53.15331 ], [ -0.49115, 53.12177 ], [ -0.53384, 53.11481 ], [ -0.53083, 53.10837 ], [ -0.52607, 53.10906 ], [ -0.52121, 53.10356 ], [ -0.52966, 53.10134 ], [ -0.57273, 53.1055 ], [ -0.57524, 53.09932 ], [ -0.5826, 53.09991 ], [ -0.58537, 53.08885 ], [ -0.6017, 53.09045 ], [ -0.59731, 53.11125 ], [ -0.60468, 53.11633 ], [ -0.59394, 53.12046 ], [ -0.57692, 53.16361 ], [ -0.52932, 53.15892 ] ] ] } },
{ "type": "Feature", "properties": { "small_area": "E01026196" }, "geometry": { "type": "Polygon", "coordinates": [ [ [ -0.53414, 53.09776 ], [ -0.53243, 53.0947 ], [ -0.53053, 53.0972 ], [ -0.53106, 53.09493 ], [ -0.51628, 53.09244 ], [ -0.51586, 53.09766 ], [ -0.48584, 53.09903 ], [ -0.49082, 53.08759 ], [ -0.51727, 53.08252 ], [ -0.52282, 53.04962 ], [ -0.5736, 53.0496 ], [ -0.5741, 53.04697 ], [ -0.58494, 53.04565 ], [ -0.60415, 53.05213 ], [ -0.662, 53.05498 ], [ -0.66141, 53.05709 ], [ -0.63823, 53.05588 ], [ -0.63351, 53.05808 ], [ -0.63295, 53.07131 ], [ -0.61102, 53.08139 ], [ -0.6017, 53.09045 ], [ -0.58537, 53.08885 ], [ -0.5826, 53.09991 ], [ -0.57524, 53.09932 ], [ -0.57273, 53.1055 ], [ -0.52966, 53.10134 ], [ -0.53414, 53.09776 ] ] ] } },
{ "type": "Feature", "properties": { "small_area": "E01028159" }, "geometry": { "type": "Polygon", "coordinates": [ [ [ -1.11021, 52.96427 ], [ -1.11525, 52.96487 ], [ -1.10095, 52.96635 ], [ -1.10178, 52.96064 ], [ -1.11021, 52.96427 ] ] ] } },
{ "type": "Feature", "properties": { "small_area": "E01026117" }, "geometry": { "type": "Polygon", "coordinates": [ [ [ 0.20571, 53.3371 ], [ 0.22649, 53.32069 ], [ 0.22961, 53.31629 ], [ 0.22588, 53.30959 ], [ 0.24498, 53.29766 ], [ 0.2525, 53.29749 ], [ 0.25767, 53.28865 ], [ 0.25295, 53.28618 ], [ 0.24068, 53.29078 ], [ 0.21362, 53.29127 ], [ 0.2121, 53.28057 ], [ 0.19721, 53.2681 ], [ 0.18988, 53.27116 ], [ 0.1737, 53.2698 ], [ 0.16877, 53.27194 ], [ 0.16973, 53.27501 ], [ 0.15942, 53.27252 ], [ 0.15025, 53.27544 ], [ 0.13809, 53.27047 ], [ 0.14026, 53.2723 ], [ 0.13204, 53.27335 ], [ 0.13101, 53.27701 ], [ 0.11989, 53.27471 ], [ 0.09923, 53.27911 ], [ 0.09533, 53.27715 ], [ 0.09025, 53.28318 ], [ 0.09258, 53.28753 ], [ 0.06726, 53.29624 ], [ 0.09107, 53.31607 ], [ 0.08044, 53.31749 ], [ 0.05993, 53.33251 ], [ 0.08227, 53.34204 ], [ 0.08696, 53.33486 ], [ 0.10233, 53.34161 ], [ 0.11404, 53.33336 ], [ 0.12004, 53.33439 ], [ 0.14635, 53.35299 ], [ 0.18826, 53.36947 ], [ 0.18921, 53.36219 ], [ 0.17649, 53.35596 ], [ 0.18045, 53.34902 ], [ 0.18818, 53.34207 ], [ 0.21013, 53.34547 ], [ 0.21528, 53.34071 ], [ 0.20571, 53.3371 ] ] ] } },
{ "type": "Feature", "properties": { "small_area": "E01026194" }, "geometry": { "type": "Polygon", "coordinates": [ [ [ -0.48584, 53.09903 ], [ -0.51586, 53.09766 ], [ -0.51628, 53.09244 ], [ -0.53427, 53.09709 ], [ -0.52121, 53.10356 ], [ -0.52607, 53.10906 ], [ -0.53083, 53.10837 ], [ -0.53384, 53.11481 ], [ -0.49115, 53.12177 ], [ -0.48584, 53.09903 ] ] ] } },
{ "type": "Feature", "properties": { "small_area": "E01028415" }, "geometry": { "type": "Polygon", "coordinates": [ [ [ -0.95891, 52.96673 ], [ -0.96876, 52.95814 ], [ -0.97764, 52.96131 ], [ -1.02716, 52.94971 ], [ -1.02984, 52.95401 ], [ -1.03421, 52.95113 ], [ -1.03954, 52.95342 ], [ -1.03308, 52.95917 ], [ -1.03816, 52.98155 ], [ -1.03537, 52.98514 ], [ -1.02549, 52.98569 ], [ -1.01678, 52.98022 ], [ -1.00709, 52.98544 ], [ -0.98738, 52.9863 ], [ -0.95891, 52.96673 ] ] ] } },
{ "type": "Feature", "properties": { "small_area": "E01013468" }, "geometry": { "type": "Polygon", "coordinates": [ [ [ -1.50308, 52.94067 ], [ -1.49512, 52.94276 ], [ -1.49387, 52.93858 ], [ -1.50406, 52.92908 ], [ -1.52127, 52.93237 ], [ -1.50803, 52.93743 ], [ -1.5031, 52.94675 ], [ -1.50216, 52.94396 ], [ -1.4959, 52.94459 ], [ -1.50308, 52.94067 ] ] ] } },
{ "type": "Feature", "properties": { "small_area": "E01025627" }, "geometry": { "type": "Polygon", "coordinates": [ [ [ -1.17544, 52.58798 ], [ -1.18476, 52.58622 ], [ -1.1916, 52.57829 ], [ -1.19689, 52.57801 ], [ -1.2061, 52.58634 ], [ -1.19901, 52.59159 ], [ -1.18936, 52.59292 ], [ -1.18662, 52.60021 ], [ -1.16799, 52.60141 ], [ -1.17265, 52.59729 ], [ -1.17011, 52.59597 ], [ -1.17544, 52.58798 ] ] ] } },
{ "type": "Feature", "properties": { "small_area": "E01028303" }, "geometry": { "type": "Polygon", "coordinates": [ [ [ -0.94722, 53.22574 ], [ -0.94929, 53.21428 ], [ -0.93985, 53.21546 ], [ -0.93974, 53.20637 ], [ -0.95837, 53.19966 ], [ -0.98048, 53.20558 ], [ -0.9737, 53.21148 ], [ -0.97767, 53.21726 ], [ -0.9701, 53.21867 ], [ -1.00447, 53.22461 ], [ -1.00665, 53.23601 ], [ -1.0131, 53.23799 ], [ -1.01292, 53.24162 ], [ -1.0084, 53.23779 ], [ -0.96754, 53.23531 ], [ -0.94722, 53.22574 ] ] ] } },
{ "type": "Feature", "properties": { "small_area": "E01028382" }, "geometry": { "type": "Polygon", "coordinates": [ [ [ -1.07921, 52.87751 ], [ -1.07703, 52.87535 ], [ -1.07858, 52.87322 ], [ -1.08341, 52.87531 ], [ -1.08033, 52.87139 ], [ -1.08357, 52.87087 ], [ -1.09282, 52.87718 ], [ -1.07921, 52.87751 ] ] ] } },
{ "type": "Feature", "properties": { "small_area": "E01028302" }, "geometry": { "type": "Polygon", "coordinates": [ [ [ -1.00213, 53.19243 ], [ -1.00257, 53.20807 ], [ -0.98454, 53.21122 ], [ -0.98698, 53.20672 ], [ -0.98971, 53.20788 ], [ -0.98222, 53.19932 ], [ -1.00213, 53.19243 ] ] ] } },
{ "type": "Feature", "properties": { "small_area": "E01028383" }, "geometry": { "type": "Polygon", "coordinates": [ [ [ -1.08536, 52.85875 ], [ -1.09602, 52.87142 ], [ -1.09133, 52.87178 ], [ -1.09222, 52.87659 ], [ -1.08357, 52.87087 ], [ -1.08536, 52.85875 ] ] ] } },
{ "type": "Feature", "properties": { "small_area": "E01028305" }, "geometry": { "type": "Polygon", "coordinates": [ [ [ -0.80394, 53.07484 ], [ -0.80124, 53.0844 ], [ -0.79906, 53.08524 ], [ -0.79592, 53.07628 ], [ -0.80394, 53.07484 ] ] ] } },
{ "type": "Feature", "properties": { "small_area": "E01028384" }, "geometry": { "type": "Polygon", "coordinates": [ [ [ -1.12391, 52.93439 ], [ -1.12909, 52.93852 ], [ -1.1209, 52.93617 ], [ -1.12391, 52.93439 ] ] ] } },
{ "type": "Feature", "properties": { "small_area": "E01028385" }, "geometry": { "type": "Polygon", "coordinates": [ [ [ -1.12129, 52.93464 ], [ -1.1209, 52.93617 ], [ -1.11344, 52.93813 ], [ -1.11225, 52.93244 ], [ -1.12129, 52.93464 ] ] ] } },
{ "type": "Feature", "properties": { "small_area": "E01028304" }, "geometry": { "type": "Polygon", "coordinates": [ [ [ -0.79592, 53.07628 ], [ -0.79906, 53.08524 ], [ -0.79364, 53.08793 ], [ -0.78583, 53.08568 ], [ -0.7892, 53.09312 ], [ -0.78672, 53.09371 ], [ -0.77465, 53.08365 ], [ -0.79592, 53.07628 ] ] ] } },
{ "type": "Feature", "properties": { "small_area": "E01025908" }, "geometry": { "type": "Polygon", "coordinates": [ [ [ -0.87575, 52.74259 ], [ -0.87323, 52.74987 ], [ -0.88264, 52.7493 ], [ -0.88645, 52.76088 ], [ -0.89147, 52.76322 ], [ -0.88751, 52.76493 ], [ -0.87922, 52.75408 ], [ -0.86638, 52.74624 ], [ -0.87575, 52.74259 ] ] ] } },
{ "type": "Feature", "properties": { "small_area": "E01028381" }, "geometry": { "type": "Polygon", "coordinates": [ [ [ -1.06996, 52.85739 ], [ -1.08805, 52.85087 ], [ -1.10459, 52.85507 ], [ -1.10898, 52.86983 ], [ -1.10287, 52.87093 ], [ -1.10432, 52.87445 ], [ -1.09602, 52.87142 ], [ -1.08536, 52.85875 ], [ -1.08357, 52.87087 ], [ -1.08033, 52.87139 ], [ -1.08341, 52.87531 ], [ -1.07183, 52.87218 ], [ -1.06996, 52.85739 ] ] ] } },
{ "type": "Feature", "properties": { "small_area": "E01028300" }, "geometry": { "type": "Polygon", "coordinates": [ [ [ -1.08361, 53.097 ], [ -1.08328, 53.08757 ], [ -1.09432, 53.07413 ], [ -1.11396, 53.07699 ], [ -1.13018, 53.07359 ], [ -1.12065, 53.08673 ], [ -1.13109, 53.08812 ], [ -1.11506, 53.0906 ], [ -1.11847, 53.09507 ], [ -1.11285, 53.09599 ], [ -1.12213, 53.09818 ], [ -1.11343, 53.10104 ], [ -1.08361, 53.097 ] ] ] } },
{ "type": "Feature", "properties": { "small_area": "E01028171" }, "geometry": { "type": "Polygon", "coordinates": [ [ [ -1.0786, 52.96515 ], [ -1.08297, 52.96998 ], [ -1.07707, 52.97262 ], [ -1.07218, 52.96848 ], [ -1.0786, 52.96515 ] ] ] } },
{ "type": "Feature", "properties": { "small_area": "E01026287" }, "geometry": { "type": "Polygon", "coordinates": [ [ [ -0.48389, 52.66543 ], [ -0.48201, 52.66179 ], [ -0.4885, 52.65821 ], [ -0.49332, 52.66472 ], [ -0.48389, 52.66543 ] ] ] } },
{ "type": "Feature", "properties": { "small_area": "E01013794" }, "geometry": { "type": "Polygon", "coordinates": [ [ [ -0.64065, 52.57708 ], [ -0.64225, 52.57298 ], [ -0.6713, 52.56409 ], [ -0.68846, 52.54612 ], [ -0.69718, 52.54624 ], [ -0.69644, 52.53853 ], [ -0.71367, 52.52495 ], [ -0.72257, 52.52676 ], [ -0.72997, 52.53296 ], [ -0.72855, 52.5358 ], [ -0.74222, 52.53947 ], [ -0.73888, 52.54887 ], [ -0.7618, 52.56909 ], [ -0.7574, 52.5703 ], [ -0.75844, 52.57458 ], [ -0.74864, 52.57554 ], [ -0.74459, 52.58117 ], [ -0.74316, 52.57883 ], [ -0.72327, 52.58005 ], [ -0.7149, 52.57576 ], [ -0.709, 52.57648 ], [ -0.70262, 52.58242 ], [ -0.70597, 52.59484 ], [ -0.69983, 52.59876 ], [ -0.70192, 52.6046 ], [ -0.66146, 52.60641 ], [ -0.65215, 52.60203 ], [ -0.65565, 52.5848 ], [ -0.64065, 52.57708 ] ] ] } },
{ "type": "Feature", "properties": { "small_area": "E01013795" }, "geometry": { "type": "Polygon", "coordinates": [ [ [ -0.67848, 52.6342 ], [ -0.64482, 52.6357 ], [ -0.64276, 52.63254 ], [ -0.63755, 52.63287 ], [ -0.63791, 52.62081 ], [ -0.64378, 52.61309 ], [ -0.62909, 52.61048 ], [ -0.62887, 52.59886 ], [ -0.63283, 52.59583 ], [ -0.62615, 52.59246 ], [ -0.64713, 52.58421 ], [ -0.64681, 52.58135 ], [ -0.65565, 52.5848 ], [ -0.65215, 52.60203 ], [ -0.66146, 52.60641 ], [ -0.70192, 52.6046 ], [ -0.6957, 52.61172 ], [ -0.69833, 52.62185 ], [ -0.72477, 52.62651 ], [ -0.74137, 52.62585 ], [ -0.74012, 52.63377 ], [ -0.73271, 52.63889 ], [ -0.72925, 52.63744 ], [ -0.72562, 52.64847 ], [ -0.70479, 52.64556 ], [ -0.70589, 52.64275 ], [ -0.68232, 52.6411 ], [ -0.67848, 52.6342 ] ] ] } },
{ "type": "Feature", "properties": { "small_area": "E01013714" }, "geometry": { "type": "Polygon", "coordinates": [ [ [ -1.1187, 52.64891 ], [ -1.12035, 52.64909 ], [ -1.11649, 52.65226 ], [ -1.11061, 52.65057 ], [ -1.11177, 52.6481 ], [ -1.1187, 52.64891 ] ] ] } },
{ "type": "Feature", "properties": { "small_area": "E01013717" }, "geometry": { "type": "Polygon", "coordinates": [ [ [ -1.11061, 52.65057 ], [ -1.10541, 52.64876 ], [ -1.10973, 52.64478 ], [ -1.11662, 52.64709 ], [ -1.11061, 52.65057 ] ] ] } },
{ "type": "Feature", "properties": { "small_area": "E01013796" }, "geometry": { "type": "Polygon", "coordinates": [ [ [ -0.55581, 52.69479 ], [ -0.56295, 52.69175 ], [ -0.56902, 52.6818 ], [ -0.56483, 52.67079 ], [ -0.57058, 52.66429 ], [ -0.56834, 52.65986 ], [ -0.55813, 52.66233 ], [ -0.55838, 52.65723 ], [ -0.57829, 52.64159 ], [ -0.57134, 52.63949 ], [ -0.57577, 52.6311 ], [ -0.58455, 52.63268 ], [ -0.59422, 52.62772 ], [ -0.62582, 52.63319 ], [ -0.63125, 52.63977 ], [ -0.62411, 52.64295 ], [ -0.63035, 52.64701 ], [ -0.6213, 52.65544 ], [ -0.62971, 52.66282 ], [ -0.61866, 52.68213 ], [ -0.59119, 52.68309 ], [ -0.59132, 52.68763 ], [ -0.57279, 52.69747 ], [ -0.58792, 52.70656 ], [ -0.56059, 52.70714 ], [ -0.55581, 52.69479 ] ] ] } },
{ "type": "Feature", "properties": { "small_area": "E01013715" }, "geometry": { "type": "Polygon", "coordinates": [ [ [ -1.12215, 52.65089 ], [ -1.12629, 52.65104 ], [ -1.12546, 52.65448 ], [ -1.12215, 52.65089 ] ] ] } },
{ "type": "Feature", "properties": { "small_area": "E01019642" }, "geometry": { "type": "Polygon", "coordinates": [ [ [ -1.31663, 52.89775 ], [ -1.31753, 52.9005 ], [ -1.32662, 52.90119 ], [ -1.32347, 52.89591 ], [ -1.32857, 52.89368 ], [ -1.3339, 52.89545 ], [ -1.33773, 52.90738 ], [ -1.31437, 52.91326 ], [ -1.3092, 52.90821 ], [ -1.30844, 52.9014 ], [ -1.31663, 52.89775 ] ] ] } },
{ "type": "Feature", "properties": { "small_area": "E01026206" }, "geometry": { "type": "Polygon", "coordinates": [ [ [ -0.44529, 53.21492 ], [ -0.45431, 53.21302 ], [ -0.45748, 53.20897 ], [ -0.4589, 53.21194 ], [ -0.46924, 53.21243 ], [ -0.47119, 53.21699 ], [ -0.46184, 53.22013 ], [ -0.46598, 53.21613 ], [ -0.46007, 53.21432 ], [ -0.45801, 53.21895 ], [ -0.44529, 53.21492 ] ] ] } },
{ "type": "Feature", "properties": { "small_area": "E01019645" }, "geometry": { "type": "Polygon", "coordinates": [ [ [ -1.31412, 52.98275 ], [ -1.31795, 52.98674 ], [ -1.30543, 52.98219 ], [ -1.30979, 52.97808 ], [ -1.31412, 52.98275 ] ] ] } },
{ "type": "Feature", "properties": { "small_area": "E01019644" }, "geometry": { "type": "Polygon", "coordinates": [ [ [ -1.30543, 52.98219 ], [ -1.3161, 52.98725 ], [ -1.30756, 52.98752 ], [ -1.30119, 52.98401 ], [ -1.30543, 52.98219 ] ] ] } },
{ "type": "Feature", "properties": { "small_area": "E01026286" }, "geometry": { "type": "Polygon", "coordinates": [ [ [ 0.00289, 52.85303 ], [ -0.00119, 52.85183 ], [ 0.00407, 52.84937 ], [ -0.00484, 52.8282 ], [ -0.00493, 52.81401 ], [ -0.01031, 52.80878 ], [ -0.01058, 52.79777 ], [ -0.02204, 52.79845 ], [ -0.02607, 52.7951 ], [ -0.03185, 52.79868 ], [ -0.02533, 52.80125 ], [ -0.04993, 52.79886 ], [ -0.04869, 52.80958 ], [ -0.04246, 52.81068 ], [ -0.04179, 52.81417 ], [ -0.02759, 52.81606 ], [ -0.02812, 52.82121 ], [ -0.02229, 52.82238 ], [ -0.01655, 52.83151 ], [ -0.02058, 52.83747 ], [ -0.01675, 52.84486 ], [ -0.02758, 52.85149 ], [ -0.01031, 52.86676 ], [ -0.00144, 52.86476 ], [ 0.00289, 52.85303 ] ] ] } },
{ "type": "Feature", "properties": { "small_area": "E01026207" }, "geometry": { "type": "Polygon", "coordinates": [ [ [ -0.22478, 53.02902 ], [ -0.2021, 53.00592 ], [ -0.26248, 53.00462 ], [ -0.28436, 53.0371 ], [ -0.31359, 53.0293 ], [ -0.32582, 53.03554 ], [ -0.34901, 53.0335 ], [ -0.35607, 53.05066 ], [ -0.337, 53.05415 ], [ -0.3326, 53.0501 ], [ -0.30566, 53.05536 ], [ -0.30356, 53.05697 ], [ -0.31538, 53.06782 ], [ -0.28397, 53.06857 ], [ -0.27916, 53.07245 ], [ -0.27245, 53.07033 ], [ -0.26083, 53.07748 ], [ -0.26806, 53.08248 ], [ -0.25775, 53.08324 ], [ -0.23265, 53.05854 ], [ -0.21399, 53.06246 ], [ -0.22478, 53.02902 ] ] ] } },
{ "type": "Feature", "properties": { "small_area": "E01019647" }, "geometry": { "type": "Polygon", "coordinates": [ [ [ -1.2757, 52.89616 ], [ -1.28325, 52.89731 ], [ -1.28157, 52.90181 ], [ -1.27735, 52.90077 ], [ -1.2814, 52.90872 ], [ -1.2731, 52.90514 ], [ -1.27645, 52.90459 ], [ -1.27159, 52.89973 ], [ -1.27253, 52.89517 ], [ -1.2764, 52.8932 ], [ -1.2757, 52.89616 ] ] ] } },
{ "type": "Feature", "properties": { "small_area": "E01026285" }, "geometry": { "type": "Polygon", "coordinates": [ [ [ -0.00887, 52.77477 ], [ -0.01336, 52.76436 ], [ -0.00939, 52.7621 ], [ -0.02442, 52.74327 ], [ -0.02475, 52.72493 ], [ -0.06341, 52.72147 ], [ -0.05823, 52.7434 ], [ -0.06138, 52.75335 ], [ -0.05364, 52.76988 ], [ -0.05642, 52.78136 ], [ -0.04993, 52.79886 ], [ -0.02533, 52.80125 ], [ -0.03185, 52.79868 ], [ -0.02607, 52.7951 ], [ -0.02204, 52.79845 ], [ -0.01058, 52.79777 ], [ -0.00887, 52.77477 ] ] ] } },
{ "type": "Feature", "properties": { "small_area": "E01019646" }, "geometry": { "type": "Polygon", "coordinates": [ [ [ -1.29473, 52.98638 ], [ -1.29465, 52.98575 ], [ -1.30119, 52.98401 ], [ -1.30756, 52.98752 ], [ -1.30776, 52.99077 ], [ -1.30072, 52.99181 ], [ -1.29473, 52.98638 ] ] ] } },
{ "type": "Feature", "properties": { "small_area": "E01013739" }, "geometry": { "type": "Polygon", "coordinates": [ [ [ -1.10326, 52.66395 ], [ -1.10121, 52.66019 ], [ -1.11004, 52.66049 ], [ -1.10652, 52.6634 ], [ -1.1098, 52.66511 ], [ -1.09809, 52.6671 ], [ -1.09804, 52.66479 ], [ -1.10326, 52.66395 ] ] ] } },
{ "type": "Feature", "properties": { "small_area": "E01026204" }, "geometry": { "type": "Polygon", "coordinates": [ [ [ -0.45801, 53.21895 ], [ -0.46007, 53.21432 ], [ -0.46598, 53.21613 ], [ -0.46184, 53.22013 ], [ -0.47189, 53.21988 ], [ -0.47089, 53.22284 ], [ -0.46413, 53.22048 ], [ -0.45264, 53.22194 ], [ -0.45213, 53.21875 ], [ -0.45801, 53.21895 ] ] ] } },
{ "type": "Feature", "properties": { "small_area": "E01026284" }, "geometry": { "type": "Polygon", "coordinates": [ [ [ -0.09381, 52.7423 ], [ -0.07163, 52.7527 ], [ -0.07202, 52.74667 ], [ -0.0802, 52.74489 ], [ -0.08586, 52.73227 ], [ -0.10476, 52.72733 ], [ -0.11061, 52.71394 ], [ -0.14201, 52.72059 ], [ -0.13991, 52.7268 ], [ -0.1488, 52.73944 ], [ -0.15906, 52.74355 ], [ -0.1663, 52.75351 ], [ -0.14574, 52.75295 ], [ -0.14543, 52.75955 ], [ -0.11843, 52.75495 ], [ -0.11353, 52.76646 ], [ -0.11086, 52.7621 ], [ -0.09755, 52.76126 ], [ -0.10127, 52.74884 ], [ -0.09462, 52.74991 ], [ -0.09381, 52.7423 ] ] ] } },
{ "type": "Feature", "properties": { "small_area": "E01026205" }, "geometry": { "type": "Polygon", "coordinates": [ [ [ -0.45761, 53.19481 ], [ -0.46144, 53.20322 ], [ -0.46835, 53.20312 ], [ -0.46924, 53.21243 ], [ -0.4589, 53.21194 ], [ -0.45748, 53.20897 ], [ -0.45431, 53.21302 ], [ -0.44529, 53.21492 ], [ -0.45264, 53.22194 ], [ -0.46413, 53.22048 ], [ -0.47089, 53.22284 ], [ -0.47111, 53.22724 ], [ -0.3814, 53.23193 ], [ -0.36666, 53.22539 ], [ -0.45761, 53.19481 ] ] ] } },
{ "type": "Feature", "properties": { "small_area": "E01013652" }, "geometry": { "type": "Polygon", "coordinates": [ [ [ -1.09506, 52.6486 ], [ -1.09805, 52.65108 ], [ -1.09862, 52.64774 ], [ -1.10309, 52.64841 ], [ -1.10081, 52.65363 ], [ -1.09297, 52.65153 ], [ -1.09506, 52.6486 ] ] ] } },
{ "type": "Feature", "properties": { "small_area": "E01013655" }, "geometry": { "type": "Polygon", "coordinates": [ [ [ -1.10917, 52.64528 ], [ -1.10698, 52.64732 ], [ -1.09172, 52.64217 ], [ -1.10396, 52.64232 ], [ -1.10917, 52.64528 ] ] ] } },
{ "type": "Feature", "properties": { "small_area": "E01019640" }, "geometry": { "type": "Polygon", "coordinates": [ [ [ -1.31819, 52.97675 ], [ -1.32615, 52.97235 ], [ -1.3328, 52.97812 ], [ -1.32814, 52.98333 ], [ -1.32104, 52.98195 ], [ -1.31819, 52.97675 ] ] ] } },
{ "type": "Feature", "properties": { "small_area": "E01019643" }, "geometry": { "type": "Polygon", "coordinates": [ [ [ -1.30911, 52.88503 ], [ -1.30934, 52.87334 ], [ -1.32388, 52.87297 ], [ -1.32198, 52.87638 ], [ -1.32755, 52.8745 ], [ -1.32731, 52.88337 ], [ -1.33206, 52.88636 ], [ -1.32765, 52.88956 ], [ -1.3339, 52.89545 ], [ -1.32857, 52.89368 ], [ -1.32347, 52.89591 ], [ -1.32662, 52.90119 ], [ -1.31753, 52.9005 ], [ -1.31663, 52.89775 ], [ -1.31228, 52.90137 ], [ -1.30864, 52.89803 ], [ -1.31106, 52.89433 ], [ -1.29949, 52.89615 ], [ -1.30911, 52.88503 ] ] ] } },
{ "type": "Feature", "properties": { "small_area": "E01013657" }, "geometry": { "type": "Polygon", "coordinates": [ [ [ -1.10823, 52.63616 ], [ -1.11427, 52.63849 ], [ -1.10832, 52.64073 ], [ -1.10511, 52.63952 ], [ -1.10823, 52.63616 ] ] ] } },
{ "type": "Feature", "properties": { "small_area": "E01013654" }, "geometry": { "type": "Polygon", "coordinates": [ [ [ -1.10917, 52.64528 ], [ -1.10374, 52.64252 ], [ -1.11428, 52.6385 ], [ -1.10917, 52.64528 ] ] ] } },
{ "type": "Feature", "properties": { "small_area": "E01013653" }, "geometry": { "type": "Polygon", "coordinates": [ [ [ -1.08696, 52.64205 ], [ -1.10029, 52.64362 ], [ -1.09506, 52.6486 ], [ -1.09314, 52.64577 ], [ -1.08542, 52.64525 ], [ -1.08696, 52.64205 ] ] ] } },
{ "type": "Feature", "properties": { "small_area": "E01019776" }, "geometry": { "type": "Polygon", "coordinates": [ [ [ -1.42226, 53.15092 ], [ -1.42899, 53.15541 ], [ -1.42263, 53.16318 ], [ -1.40998, 53.16398 ], [ -1.40331, 53.16016 ], [ -1.41435, 53.15863 ], [ -1.41369, 53.15477 ], [ -1.42226, 53.15092 ] ] ] } },
{ "type": "Feature", "properties": { "small_area": "E01025796" }, "geometry": { "type": "Polygon", "coordinates": [ [ [ -0.90464, 52.47914 ], [ -0.91677, 52.47796 ], [ -0.92176, 52.48348 ], [ -0.89697, 52.48549 ], [ -0.90464, 52.47914 ] ] ] } },
{ "type": "Feature", "properties": { "small_area": "E01025795" }, "geometry": { "type": "Polygon", "coordinates": [ [ [ -0.92176, 52.48348 ], [ -0.91677, 52.47796 ], [ -0.92842, 52.48388 ], [ -0.91822, 52.4858 ], [ -0.91429, 52.48984 ], [ -0.91678, 52.48509 ], [ -0.92176, 52.48348 ] ] ] } },
{ "type": "Feature", "properties": { "small_area": "E01019699" }, "geometry": { "type": "Polygon", "coordinates": [ [ [ -1.29427, 52.88555 ], [ -1.30911, 52.88503 ], [ -1.30594, 52.88848 ], [ -1.29427, 52.88555 ] ] ] } },
{ "type": "Feature", "properties": { "small_area": "E01013691" }, "geometry": { "type": "Polygon", "coordinates": [ [ [ -1.13596, 52.59922 ], [ -1.13917, 52.60341 ], [ -1.13733, 52.60767 ], [ -1.13701, 52.6043 ], [ -1.13141, 52.60275 ], [ -1.13596, 52.59922 ] ] ] } },
{ "type": "Feature", "properties": { "small_area": "E01013610" }, "geometry": { "type": "Polygon", "coordinates": [ [ [ -1.15433, 52.59548 ], [ -1.15648, 52.59919 ], [ -1.15122, 52.60322 ], [ -1.14986, 52.5966 ], [ -1.14162, 52.59712 ], [ -1.15433, 52.59548 ] ] ] } },
{ "type": "Feature", "properties": { "small_area": "E01013613" }, "geometry": { "type": "Polygon", "coordinates": [ [ [ -1.13854, 52.60463 ], [ -1.14468, 52.60643 ], [ -1.14352, 52.61052 ], [ -1.13656, 52.61023 ], [ -1.13854, 52.60463 ] ] ] } },
{ "type": "Feature", "properties": { "small_area": "E01013692" }, "geometry": { "type": "Polygon", "coordinates": [ [ [ -1.12673, 52.59705 ], [ -1.13504, 52.59742 ], [ -1.13596, 52.59922 ], [ -1.12888, 52.60382 ], [ -1.12673, 52.59705 ] ] ] } },
{ "type": "Feature", "properties": { "small_area": "E01028122" }, "geometry": { "type": "Polygon", "coordinates": [ [ [ -1.25298, 52.99981 ], [ -1.24038, 53.00441 ], [ -1.24722, 52.9941 ], [ -1.25298, 52.99981 ] ] ] } },
{ "type": "Feature", "properties": { "small_area": "E01028123" }, "geometry": { "type": "Polygon", "coordinates": [ [ [ -1.22907, 53.02273 ], [ -1.23183, 53.02126 ], [ -1.23435, 53.00615 ], [ -1.25298, 52.99981 ], [ -1.26066, 53.00496 ], [ -1.27335, 53.00248 ], [ -1.27706, 53.00596 ], [ -1.27058, 53.01197 ], [ -1.25779, 53.01665 ], [ -1.2564, 53.02313 ], [ -1.24677, 53.02751 ], [ -1.24787, 53.03092 ], [ -1.24126, 53.03113 ], [ -1.22907, 53.02273 ] ] ] } },
{ "type": "Feature", "properties": { "small_area": "E01028124" }, "geometry": { "type": "Polygon", "coordinates": [ [ [ -1.24722, 52.9941 ], [ -1.24038, 53.00441 ], [ -1.23435, 53.00615 ], [ -1.23092, 52.99837 ], [ -1.23447, 52.98989 ], [ -1.2513, 52.99381 ], [ -1.24722, 52.9941 ] ] ] } },
{ "type": "Feature", "properties": { "small_area": "E01028125" }, "geometry": { "type": "Polygon", "coordinates": [ [ [ -1.26422, 52.93859 ], [ -1.26323, 52.94234 ], [ -1.27167, 52.94194 ], [ -1.27202, 52.93761 ], [ -1.26562, 52.93766 ], [ -1.27229, 52.93424 ], [ -1.27581, 52.94279 ], [ -1.25244, 52.95054 ], [ -1.25502, 52.94445 ], [ -1.26422, 52.93859 ] ] ] } },
{ "type": "Feature", "properties": { "small_area": "E01028127" }, "geometry": { "type": "Polygon", "coordinates": [ [ [ -1.27202, 52.93761 ], [ -1.27167, 52.94194 ], [ -1.26323, 52.94234 ], [ -1.26422, 52.93859 ], [ -1.27202, 52.93761 ] ] ] } },
{ "type": "Feature", "properties": { "small_area": "E01026121" }, "geometry": { "type": "Polygon", "coordinates": [ [ [ -0.24216, 53.32683 ], [ -0.22885, 53.32651 ], [ -0.21906, 53.31194 ], [ -0.21295, 53.3095 ], [ -0.21197, 53.30068 ], [ -0.23253, 53.28863 ], [ -0.21005, 53.28605 ], [ -0.2101, 53.27768 ], [ -0.20648, 53.27724 ], [ -0.2085, 53.2739 ], [ -0.22332, 53.27109 ], [ -0.26084, 53.25282 ], [ -0.27219, 53.25376 ], [ -0.28024, 53.24974 ], [ -0.29091, 53.25474 ], [ -0.28714, 53.25751 ], [ -0.30061, 53.26309 ], [ -0.28982, 53.26396 ], [ -0.30083, 53.26395 ], [ -0.29911, 53.26859 ], [ -0.30473, 53.2687 ], [ -0.30187, 53.27524 ], [ -0.3148, 53.27735 ], [ -0.31146, 53.28764 ], [ -0.31746, 53.29823 ], [ -0.29557, 53.30296 ], [ -0.31026, 53.31998 ], [ -0.29933, 53.32536 ], [ -0.29331, 53.33445 ], [ -0.27498, 53.32176 ], [ -0.25126, 53.33279 ], [ -0.24216, 53.32683 ] ] ] } },
{ "type": "Feature", "properties": { "small_area": "E01028126" }, "geometry": { "type": "Polygon", "coordinates": [ [ [ -1.27816, 52.93366 ], [ -1.28114, 52.94079 ], [ -1.27581, 52.94279 ], [ -1.27229, 52.93424 ], [ -1.27816, 52.93366 ] ] ] } },
{ "type": "Feature", "properties": { "small_area": "E01025860" }, "geometry": { "type": "Polygon", "coordinates": [ [ [ -1.362, 52.55669 ], [ -1.36297, 52.55285 ], [ -1.37445, 52.55749 ], [ -1.3824, 52.56718 ], [ -1.36512, 52.5651 ], [ -1.36733, 52.56251 ], [ -1.36022, 52.56318 ], [ -1.35344, 52.5605 ], [ -1.35409, 52.55766 ], [ -1.362, 52.55669 ] ] ] } },
{ "type": "Feature", "properties": { "small_area": "E01013467" }, "geometry": { "type": "Polygon", "coordinates": [ [ [ -1.48556, 52.94568 ], [ -1.49314, 52.94566 ], [ -1.4909, 52.95241 ], [ -1.48556, 52.94568 ] ] ] } },
{ "type": "Feature", "properties": { "small_area": "E01019696" }, "geometry": { "type": "Polygon", "coordinates": [ [ [ -1.28823, 52.92174 ], [ -1.30173, 52.91565 ], [ -1.30474, 52.91961 ], [ -1.28369, 52.92263 ], [ -1.28272, 52.91996 ], [ -1.28823, 52.92174 ] ] ] } },
{ "type": "Feature", "properties": { "small_area": "E01027304" }, "geometry": { "type": "Polygon", "coordinates": [ [ [ -1.25373, 52.15579 ], [ -1.24193, 52.15436 ], [ -1.23394, 52.14778 ], [ -1.23321, 52.15324 ], [ -1.22412, 52.15627 ], [ -1.22319, 52.1604 ], [ -1.198, 52.15518 ], [ -1.19474, 52.16 ], [ -1.18654, 52.15942 ], [ -1.18839, 52.1454 ], [ -1.20862, 52.13667 ], [ -1.22717, 52.13551 ], [ -1.23478, 52.12858 ], [ -1.24484, 52.12673 ], [ -1.26381, 52.13117 ], [ -1.27145, 52.12784 ], [ -1.27688, 52.13341 ], [ -1.2716, 52.13805 ], [ -1.28144, 52.13469 ], [ -1.27777, 52.12587 ], [ -1.28525, 52.12488 ], [ -1.33191, 52.16847 ], [ -1.3315, 52.17412 ], [ -1.32283, 52.18179 ], [ -1.3182, 52.1814 ], [ -1.31315, 52.19045 ], [ -1.28121, 52.19194 ], [ -1.2751, 52.16767 ], [ -1.25529, 52.16464 ], [ -1.25373, 52.15579 ] ] ] } },
{ "type": "Feature", "properties": { "small_area": "E01026334" }, "geometry": { "type": "Polygon", "coordinates": [ [ [ -0.32286, 52.67695 ], [ -0.32839, 52.67926 ], [ -0.324, 52.6761 ], [ -0.3263, 52.67387 ], [ -0.33577, 52.67463 ], [ -0.33996, 52.66605 ], [ -0.35944, 52.66001 ], [ -0.36282, 52.66009 ], [ -0.36672, 52.66767 ], [ -0.36054, 52.67003 ], [ -0.36115, 52.68126 ], [ -0.32878, 52.68922 ], [ -0.32286, 52.67695 ] ] ] } },
{ "type": "Feature", "properties": { "small_area": "E01027944" }, "geometry": { "type": "Polygon", "coordinates": [ [ [ -1.22182, 53.0322 ], [ -1.23413, 53.02883 ], [ -1.235, 53.03338 ], [ -1.2297, 53.0346 ], [ -1.23549, 53.04275 ], [ -1.22718, 53.04388 ], [ -1.22182, 53.0322 ] ] ] } },
{ "type": "Feature", "properties": { "small_area": "E01027992" }, "geometry": { "type": "Polygon", "coordinates": [ [ [ -1.26947, 53.11993 ], [ -1.27192, 53.11367 ], [ -1.29782, 53.11141 ], [ -1.2983, 53.11798 ], [ -1.28943, 53.12265 ], [ -1.2855, 53.121 ], [ -1.28963, 53.1158 ], [ -1.28181, 53.11744 ], [ -1.28438, 53.11861 ], [ -1.27988, 53.12129 ], [ -1.26947, 53.11993 ] ] ] } },
{ "type": "Feature", "properties": { "small_area": "E01027190" }, "geometry": { "type": "Polygon", "coordinates": [ [ [ -0.904, 52.25622 ], [ -0.91129, 52.25457 ], [ -0.91496, 52.2634 ], [ -0.90009, 52.26276 ], [ -0.904, 52.25622 ] ] ] } },
{ "type": "Feature", "properties": { "small_area": "E01027111" }, "geometry": { "type": "Polygon", "coordinates": [ [ [ -0.72788, 52.39562 ], [ -0.72594, 52.39903 ], [ -0.71733, 52.40064 ], [ -0.71587, 52.39679 ], [ -0.72788, 52.39562 ] ] ] } },
{ "type": "Feature", "properties": { "small_area": "E01027191" }, "geometry": { "type": "Polygon", "coordinates": [ [ [ -0.89897, 52.25175 ], [ -0.90858, 52.25093 ], [ -0.91129, 52.25457 ], [ -0.904, 52.25622 ], [ -0.90039, 52.26132 ], [ -0.89663, 52.25778 ], [ -0.89897, 52.25175 ] ] ] } },
{ "type": "Feature", "properties": { "small_area": "E01026315" }, "geometry": { "type": "Polygon", "coordinates": [ [ [ -0.73638, 52.90611 ], [ -0.71724, 52.90395 ], [ -0.71693, 52.90057 ], [ -0.71406, 52.90425 ], [ -0.69431, 52.90833 ], [ -0.64852, 52.88337 ], [ -0.6279, 52.88947 ], [ -0.59512, 52.88898 ], [ -0.58322, 52.87876 ], [ -0.5889, 52.87229 ], [ -0.58507, 52.86224 ], [ -0.59038, 52.86141 ], [ -0.59237, 52.84962 ], [ -0.67756, 52.8543 ], [ -0.67899, 52.84607 ], [ -0.70584, 52.83803 ], [ -0.73368, 52.8669 ], [ -0.74192, 52.88232 ], [ -0.7666, 52.88678 ], [ -0.75847, 52.90047 ], [ -0.77381, 52.90251 ], [ -0.77455, 52.90732 ], [ -0.76749, 52.92244 ], [ -0.7396, 52.92301 ], [ -0.73638, 52.90611 ] ] ] } },
{ "type": "Feature", "properties": { "small_area": "E01025739" }, "geometry": { "type": "Polygon", "coordinates": [ [ [ -1.13852, 52.71519 ], [ -1.13847, 52.70988 ], [ -1.13186, 52.70913 ], [ -1.12845, 52.70282 ], [ -1.14103, 52.69276 ], [ -1.16235, 52.7016 ], [ -1.15517, 52.69976 ], [ -1.14534, 52.70699 ], [ -1.14767, 52.71665 ], [ -1.13852, 52.71519 ] ] ] } },
{ "type": "Feature", "properties": { "small_area": "E01025738" }, "geometry": { "type": "Polygon", "coordinates": [ [ [ -1.1524, 52.71541 ], [ -1.14794, 52.71678 ], [ -1.14534, 52.70699 ], [ -1.15517, 52.69976 ], [ -1.15945, 52.70287 ], [ -1.17043, 52.69957 ], [ -1.18282, 52.68972 ], [ -1.18185, 52.69223 ], [ -1.19872, 52.69747 ], [ -1.18834, 52.69841 ], [ -1.19819, 52.70155 ], [ -1.20538, 52.7159 ], [ -1.1643, 52.72722 ], [ -1.15812, 52.72571 ], [ -1.1524, 52.71541 ] ] ] } },
{ "type": "Feature", "properties": { "small_area": "E01019813" }, "geometry": { "type": "Polygon", "coordinates": [ [ [ -1.3677, 53.14119 ], [ -1.37576, 53.15145 ], [ -1.38198, 53.15186 ], [ -1.37582, 53.15464 ], [ -1.3758, 53.15935 ], [ -1.37069, 53.16055 ], [ -1.36551, 53.15546 ], [ -1.36052, 53.15654 ], [ -1.35559, 53.15299 ], [ -1.3677, 53.14119 ] ] ] } },
{ "type": "Feature", "properties": { "small_area": "E01026283" }, "geometry": { "type": "Polygon", "coordinates": [ [ [ -0.01031, 52.86676 ], [ -0.02758, 52.85149 ], [ -0.01675, 52.84486 ], [ -0.02058, 52.83747 ], [ -0.01655, 52.83151 ], [ -0.02229, 52.82238 ], [ -0.02812, 52.82121 ], [ -0.02759, 52.81606 ], [ -0.04179, 52.81417 ], [ -0.04246, 52.81068 ], [ -0.04869, 52.80958 ], [ -0.05642, 52.78136 ], [ -0.05364, 52.76988 ], [ -0.06217, 52.7709 ], [ -0.07082, 52.78404 ], [ -0.06819, 52.79486 ], [ -0.06416, 52.79202 ], [ -0.0579, 52.79318 ], [ -0.06693, 52.80268 ], [ -0.0641, 52.80537 ], [ -0.06914, 52.81596 ], [ -0.06432, 52.82419 ], [ -0.07402, 52.84062 ], [ -0.05839, 52.85267 ], [ -0.05925, 52.86365 ], [ -0.03497, 52.87038 ], [ -0.03699, 52.87239 ], [ -0.00202, 52.88675 ], [ 0.00098, 52.87413 ], [ -0.00387, 52.87368 ], [ 0.00169, 52.87184 ], [ -0.00144, 52.86476 ], [ -0.01031, 52.86676 ] ] ] } },
{ "type": "Feature", "properties": { "small_area": "E01026202" }, "geometry": { "type": "Polygon", "coordinates": [ [ [ -0.28788, 52.986 ], [ -0.2889, 52.98351 ], [ -0.29965, 52.98232 ], [ -0.29814, 52.97783 ], [ -0.31917, 52.98214 ], [ -0.31562, 52.98288 ], [ -0.32195, 52.9869 ], [ -0.30798, 52.98937 ], [ -0.30258, 52.98335 ], [ -0.29626, 52.98893 ], [ -0.28788, 52.986 ] ] ] } },
{ "type": "Feature", "properties": { "small_area": "E01026282" }, "geometry": { "type": "Polygon", "coordinates": [ [ [ -0.06138, 52.75335 ], [ -0.05823, 52.7434 ], [ -0.06504, 52.7074 ], [ -0.11061, 52.71394 ], [ -0.10476, 52.72733 ], [ -0.08586, 52.73227 ], [ -0.0802, 52.74489 ], [ -0.07202, 52.74667 ], [ -0.07163, 52.7527 ], [ -0.09381, 52.7423 ], [ -0.09462, 52.74991 ], [ -0.08751, 52.7691 ], [ -0.08862, 52.7789 ], [ -0.07894, 52.79391 ], [ -0.08687, 52.79787 ], [ -0.08263, 52.80443 ], [ -0.08582, 52.80683 ], [ -0.08059, 52.80924 ], [ -0.07507, 52.80338 ], [ -0.06914, 52.81596 ], [ -0.0641, 52.80537 ], [ -0.06693, 52.80268 ], [ -0.0579, 52.79318 ], [ -0.06416, 52.79202 ], [ -0.06819, 52.79486 ], [ -0.07082, 52.78404 ], [ -0.06217, 52.7709 ], [ -0.05364, 52.76988 ], [ -0.06138, 52.75335 ] ] ] } },
{ "type": "Feature", "properties": { "small_area": "E01019810" }, "geometry": { "type": "Polygon", "coordinates": [ [ [ -1.38874, 53.17979 ], [ -1.40051, 53.17741 ], [ -1.40069, 53.17491 ], [ -1.40201, 53.17732 ], [ -1.40046, 53.18576 ], [ -1.39527, 53.18703 ], [ -1.38874, 53.17979 ] ] ] } },
{ "type": "Feature", "properties": { "small_area": "E01026203" }, "geometry": { "type": "Polygon", "coordinates": [ [ [ -0.47189, 53.21988 ], [ -0.46532, 53.21868 ], [ -0.47119, 53.21699 ], [ -0.46835, 53.20312 ], [ -0.48333, 53.19936 ], [ -0.49706, 53.20409 ], [ -0.50961, 53.19264 ], [ -0.51703, 53.19076 ], [ -0.52363, 53.20017 ], [ -0.52983, 53.19918 ], [ -0.53388, 53.21314 ], [ -0.52396, 53.21915 ], [ -0.50892, 53.21816 ], [ -0.50127, 53.22104 ], [ -0.5023, 53.22577 ], [ -0.47111, 53.22724 ], [ -0.47189, 53.21988 ] ] ] } },
{ "type": "Feature", "properties": { "small_area": "E01028206" }, "geometry": { "type": "Polygon", "coordinates": [ [ [ -1.12368, 53.01104 ], [ -1.11658, 53.01307 ], [ -1.11647, 53.0102 ], [ -1.11945, 53.00661 ], [ -1.12368, 53.01104 ] ] ] } },
{ "type": "Feature", "properties": { "small_area": "E01028287" }, "geometry": { "type": "Polygon", "coordinates": [ [ [ -0.78075, 53.05206 ], [ -0.78739, 53.06095 ], [ -0.78169, 53.05861 ], [ -0.77444, 53.06188 ], [ -0.78075, 53.05206 ] ] ] } },
{ "type": "Feature", "properties": { "small_area": "E01026281" }, "geometry": { "type": "Polygon", "coordinates": [ [ [ -0.07507, 52.80338 ], [ -0.08059, 52.80924 ], [ -0.08582, 52.80683 ], [ -0.08263, 52.80443 ], [ -0.08687, 52.79787 ], [ -0.07894, 52.79391 ], [ -0.08862, 52.7789 ], [ -0.08751, 52.7691 ], [ -0.09462, 52.74991 ], [ -0.10127, 52.74884 ], [ -0.09755, 52.76126 ], [ -0.11086, 52.7621 ], [ -0.11353, 52.76646 ], [ -0.10664, 52.77946 ], [ -0.1038, 52.80162 ], [ -0.11157, 52.80086 ], [ -0.10866, 52.81808 ], [ -0.11777, 52.81943 ], [ -0.12167, 52.82332 ], [ -0.11361, 52.82648 ], [ -0.09112, 52.85252 ], [ -0.07417, 52.85572 ], [ -0.06564, 52.86287 ], [ -0.05925, 52.86365 ], [ -0.05839, 52.85267 ], [ -0.07402, 52.84062 ], [ -0.06432, 52.82419 ], [ -0.07507, 52.80338 ] ] ] } },
{ "type": "Feature", "properties": { "small_area": "E01026200" }, "geometry": { "type": "Polygon", "coordinates": [ [ [ -0.24138, 52.98453 ], [ -0.24533, 52.98392 ], [ -0.24361, 52.97923 ], [ -0.26956, 52.97896 ], [ -0.27041, 52.97535 ], [ -0.28331, 52.9779 ], [ -0.28348, 52.97565 ], [ -0.30294, 52.97333 ], [ -0.32231, 52.97366 ], [ -0.32318, 52.98148 ], [ -0.33748, 52.98291 ], [ -0.33601, 52.9904 ], [ -0.31722, 52.98774 ], [ -0.32195, 52.9869 ], [ -0.31562, 52.98288 ], [ -0.31917, 52.98214 ], [ -0.29814, 52.97783 ], [ -0.29965, 52.98232 ], [ -0.2889, 52.98351 ], [ -0.28788, 52.986 ], [ -0.29626, 52.98893 ], [ -0.30258, 52.98335 ], [ -0.30798, 52.98937 ], [ -0.26248, 53.00462 ], [ -0.2021, 53.00592 ], [ -0.1899, 52.99639 ], [ -0.2012, 52.97744 ], [ -0.24138, 52.98453 ] ] ] } },
{ "type": "Feature", "properties": { "small_area": "E01028286" }, "geometry": { "type": "Polygon", "coordinates": [ [ [ -0.74969, 53.0551 ], [ -0.75344, 53.04803 ], [ -0.76753, 53.05659 ], [ -0.77707, 53.05736 ], [ -0.77444, 53.06188 ], [ -0.78169, 53.05861 ], [ -0.77936, 53.06505 ], [ -0.78797, 53.06738 ], [ -0.76647, 53.07224 ], [ -0.76166, 53.06598 ], [ -0.75244, 53.06292 ], [ -0.7525, 53.05582 ], [ -0.74543, 53.0541 ], [ -0.74969, 53.0551 ] ] ] } },
{ "type": "Feature", "properties": { "small_area": "E01025617" }, "geometry": { "type": "Polygon", "coordinates": [ [ [ -1.09428, 52.56125 ], [ -1.0829, 52.55656 ], [ -1.07381, 52.55608 ], [ -1.07173, 52.56178 ], [ -1.0594, 52.55891 ], [ -1.0759, 52.53885 ], [ -1.09745, 52.54239 ], [ -1.10228, 52.53834 ], [ -1.12127, 52.54517 ], [ -1.14029, 52.54306 ], [ -1.13839, 52.55198 ], [ -1.13199, 52.55396 ], [ -1.13221, 52.557 ], [ -1.14031, 52.55557 ], [ -1.13918, 52.56488 ], [ -1.1344, 52.56576 ], [ -1.12932, 52.56216 ], [ -1.12303, 52.56879 ], [ -1.10699, 52.56427 ], [ -1.09568, 52.56543 ], [ -1.09428, 52.56125 ] ], [ [ -1.12692, 52.55793 ], [ -1.13226, 52.55774 ], [ -1.13221, 52.557 ], [ -1.12692, 52.55793 ] ] ] } },
{ "type": "Feature", "properties": { "small_area": "E01025616" }, "geometry": { "type": "Polygon", "coordinates": [ [ [ -1.154, 52.5517 ], [ -1.14594, 52.54709 ], [ -1.14338, 52.55299 ], [ -1.13839, 52.55198 ], [ -1.14029, 52.54306 ], [ -1.15392, 52.54457 ], [ -1.17026, 52.55389 ], [ -1.15535, 52.56004 ], [ -1.15123, 52.55616 ], [ -1.15381, 52.55433 ], [ -1.14848, 52.55423 ], [ -1.154, 52.5517 ] ] ] } },
{ "type": "Feature", "properties": { "small_area": "E01025697" }, "geometry": { "type": "Polygon", "coordinates": [ [ [ -1.23491, 52.77938 ], [ -1.22854, 52.77395 ], [ -1.2375, 52.77374 ], [ -1.24161, 52.77801 ], [ -1.23491, 52.77938 ] ] ] } },
{ "type": "Feature", "properties": { "small_area": "E01025696" }, "geometry": { "type": "Polygon", "coordinates": [ [ [ -1.24161, 52.77801 ], [ -1.23937, 52.775 ], [ -1.26366, 52.77069 ], [ -1.26097, 52.78178 ], [ -1.24161, 52.77801 ] ] ] } },
{ "type": "Feature", "properties": { "small_area": "E01019594" }, "geometry": { "type": "Polygon", "coordinates": [ [ [ -1.73236, 53.02086 ], [ -1.72583, 53.02193 ], [ -1.72412, 53.01735 ], [ -1.70782, 53.01385 ], [ -1.70898, 53.01123 ], [ -1.72426, 53.01208 ], [ -1.73236, 53.02086 ] ] ] } },
{ "type": "Feature", "properties": { "small_area": "E01026415" }, "geometry": { "type": "Polygon", "coordinates": [ [ [ -0.16096, 53.43655 ], [ -0.18052, 53.44068 ], [ -0.19737, 53.43401 ], [ -0.1987, 53.43103 ], [ -0.21485, 53.42823 ], [ -0.21706, 53.42408 ], [ -0.20815, 53.40939 ], [ -0.21856, 53.3998 ], [ -0.22939, 53.39803 ], [ -0.23894, 53.41735 ], [ -0.26799, 53.4269 ], [ -0.29366, 53.45927 ], [ -0.23394, 53.47104 ], [ -0.23146, 53.47741 ], [ -0.2106, 53.48626 ], [ -0.18856, 53.48451 ], [ -0.1818, 53.46869 ], [ -0.15371, 53.46571 ], [ -0.15854, 53.46159 ], [ -0.14444, 53.44093 ], [ -0.13425, 53.44071 ], [ -0.1318, 53.43591 ], [ -0.16096, 53.43655 ] ] ] } },
{ "type": "Feature", "properties": { "small_area": "E01025864" }, "geometry": { "type": "Polygon", "coordinates": [ [ [ -1.3824, 52.56718 ], [ -1.37445, 52.55749 ], [ -1.38066, 52.55535 ], [ -1.37704, 52.55149 ], [ -1.41186, 52.55075 ], [ -1.41022, 52.55351 ], [ -1.41609, 52.55774 ], [ -1.40724, 52.55927 ], [ -1.39531, 52.56728 ], [ -1.39212, 52.56436 ], [ -1.3824, 52.56718 ] ] ] } },
{ "type": "Feature", "properties": { "small_area": "E01013813" }, "geometry": { "type": "Polygon", "coordinates": [ [ [ -1.15119, 52.95628 ], [ -1.15747, 52.96138 ], [ -1.15322, 52.96448 ], [ -1.15119, 52.95628 ] ] ] } },
{ "type": "Feature", "properties": { "small_area": "E01028026" }, "geometry": { "type": "Polygon", "coordinates": [ [ [ -1.05544, 53.42309 ], [ -1.0614, 53.41673 ], [ -1.06639, 53.41685 ], [ -1.06538, 53.42114 ], [ -1.06972, 53.41974 ], [ -1.06829, 53.42338 ], [ -1.06757, 53.42119 ], [ -1.05544, 53.42309 ] ] ] } },
{ "type": "Feature", "properties": { "small_area": "E01013523" }, "geometry": { "type": "Polygon", "coordinates": [ [ [ -1.46685, 52.9247 ], [ -1.48318, 52.92586 ], [ -1.48174, 52.93032 ], [ -1.46846, 52.92919 ], [ -1.46685, 52.9247 ] ] ] } },
{ "type": "Feature", "properties": { "small_area": "E01013491" }, "geometry": { "type": "Polygon", "coordinates": [ [ [ -1.49099, 52.90037 ], [ -1.49856, 52.89887 ], [ -1.50457, 52.90174 ], [ -1.49831, 52.90499 ], [ -1.49099, 52.90037 ] ] ] } },
{ "type": "Feature", "properties": { "small_area": "E01019415" }, "geometry": { "type": "Polygon", "coordinates": [ [ [ -1.47613, 53.02742 ], [ -1.47848, 53.02457 ], [ -1.48636, 53.02758 ], [ -1.48811, 53.0248 ], [ -1.48685, 53.03173 ], [ -1.49261, 53.03532 ], [ -1.48715, 53.04311 ], [ -1.48289, 53.03978 ], [ -1.48289, 53.03096 ], [ -1.47613, 53.02742 ] ] ] } },
{ "type": "Feature", "properties": { "small_area": "E01019495" }, "geometry": { "type": "Polygon", "coordinates": [ [ [ -1.22328, 53.26105 ], [ -1.22734, 53.26026 ], [ -1.21709, 53.24464 ], [ -1.23214, 53.242 ], [ -1.27351, 53.24275 ], [ -1.2499, 53.27286 ], [ -1.24254, 53.27446 ], [ -1.22173, 53.27049 ], [ -1.22328, 53.26105 ] ] ] } },
{ "type": "Feature", "properties": { "small_area": "E01019414" }, "geometry": { "type": "Polygon", "coordinates": [ [ [ -1.47394, 53.0446 ], [ -1.47351, 53.03635 ], [ -1.47929, 53.03623 ], [ -1.48289, 53.03096 ], [ -1.48289, 53.03978 ], [ -1.48715, 53.04311 ], [ -1.49261, 53.03532 ], [ -1.48685, 53.03173 ], [ -1.48811, 53.0248 ], [ -1.49223, 53.02309 ], [ -1.48916, 53.01844 ], [ -1.50452, 53.01348 ], [ -1.50783, 53.02098 ], [ -1.50164, 53.02203 ], [ -1.51278, 53.02678 ], [ -1.51375, 53.04315 ], [ -1.50271, 53.04107 ], [ -1.49068, 53.04302 ], [ -1.4899, 53.04778 ], [ -1.47394, 53.0446 ] ] ] } },
{ "type": "Feature", "properties": { "small_area": "E01019496" }, "geometry": { "type": "Polygon", "coordinates": [ [ [ -1.18154, 53.27001 ], [ -1.17562, 53.26506 ], [ -1.20234, 53.26125 ], [ -1.20808, 53.26774 ], [ -1.2222, 53.26686 ], [ -1.21822, 53.2751 ], [ -1.2131, 53.27225 ], [ -1.18663, 53.28744 ], [ -1.17431, 53.29832 ], [ -1.17156, 53.29462 ], [ -1.18012, 53.28711 ], [ -1.16649, 53.27763 ], [ -1.18154, 53.27001 ] ] ] } },
{ "type": "Feature", "properties": { "small_area": "E01019417" }, "geometry": { "type": "Polygon", "coordinates": [ [ [ -1.48892, 53.01791 ], [ -1.48916, 53.01844 ], [ -1.46871, 53.02305 ], [ -1.4727, 53.01561 ], [ -1.48892, 53.01791 ] ] ] } },
{ "type": "Feature", "properties": { "small_area": "E01019493" }, "geometry": { "type": "Polygon", "coordinates": [ [ [ -1.24635, 53.27532 ], [ -1.25709, 53.26493 ], [ -1.26474, 53.27182 ], [ -1.25555, 53.26979 ], [ -1.25899, 53.27662 ], [ -1.24635, 53.27532 ] ] ] } },
{ "type": "Feature", "properties": { "small_area": "E01019412" }, "geometry": { "type": "Polygon", "coordinates": [ [ [ -1.45038, 53.03642 ], [ -1.44303, 53.03656 ], [ -1.44752, 53.02736 ], [ -1.45179, 53.02964 ], [ -1.44805, 53.03208 ], [ -1.45075, 53.03352 ], [ -1.45279, 53.02991 ], [ -1.46285, 53.03145 ], [ -1.46086, 53.0372 ], [ -1.45268, 53.03993 ], [ -1.45038, 53.03642 ] ] ] } },
{ "type": "Feature", "properties": { "small_area": "E01028207" }, "geometry": { "type": "Polygon", "coordinates": [ [ [ -1.12403, 53.01699 ], [ -1.11846, 53.02263 ], [ -1.11491, 53.02141 ], [ -1.11647, 53.0102 ], [ -1.11658, 53.01307 ], [ -1.12162, 53.01255 ], [ -1.12403, 53.01699 ] ] ] } },
{ "type": "Feature", "properties": { "small_area": "E01026280" }, "geometry": { "type": "Polygon", "coordinates": [ [ [ 0.06389, 52.72742 ], [ 0.048, 52.71877 ], [ 0.04413, 52.71436 ], [ 0.048, 52.68103 ], [ 0.02148, 52.66487 ], [ -0.03129, 52.66151 ], [ -0.03212, 52.66534 ], [ -0.04494, 52.66917 ], [ 0.01958, 52.73566 ], [ 0.03894, 52.74967 ], [ 0.06093, 52.75635 ], [ 0.08817, 52.75801 ], [ 0.09915, 52.75038 ], [ 0.10012, 52.74624 ], [ 0.07743, 52.74501 ], [ 0.08897, 52.72366 ], [ 0.06389, 52.72742 ] ] ] } },
{ "type": "Feature", "properties": { "small_area": "E01026201" }, "geometry": { "type": "Polygon", "coordinates": [ [ [ -0.22401, 52.95605 ], [ -0.24671, 52.92881 ], [ -0.25243, 52.91533 ], [ -0.29053, 52.93159 ], [ -0.31961, 52.93947 ], [ -0.33815, 52.93671 ], [ -0.33711, 52.96069 ], [ -0.34582, 52.95726 ], [ -0.35949, 52.96914 ], [ -0.38718, 52.96625 ], [ -0.38702, 52.97644 ], [ -0.3788, 52.97474 ], [ -0.37584, 52.97799 ], [ -0.33748, 52.98291 ], [ -0.32318, 52.98148 ], [ -0.32231, 52.97366 ], [ -0.30294, 52.97333 ], [ -0.28348, 52.97565 ], [ -0.28331, 52.9779 ], [ -0.27041, 52.97535 ], [ -0.26956, 52.97896 ], [ -0.24361, 52.97923 ], [ -0.24533, 52.98392 ], [ -0.24138, 52.98453 ], [ -0.2012, 52.97744 ], [ -0.22401, 52.95605 ] ] ] } },
{ "type": "Feature", "properties": { "small_area": "E01028204" }, "geometry": { "type": "Polygon", "coordinates": [ [ [ -1.1041, 52.98116 ], [ -1.09804, 52.98675 ], [ -1.09699, 52.97921 ], [ -1.1041, 52.98116 ] ] ] } },
{ "type": "Feature", "properties": { "small_area": "E01028285" }, "geometry": { "type": "Polygon", "coordinates": [ [ [ -0.78739, 53.06095 ], [ -0.79597, 53.0629 ], [ -0.78797, 53.06738 ], [ -0.77936, 53.06505 ], [ -0.78169, 53.05861 ], [ -0.78739, 53.06095 ] ] ] } },
{ "type": "Feature", "properties": { "small_area": "E01028205" }, "geometry": { "type": "Polygon", "coordinates": [ [ [ -1.12403, 53.01699 ], [ -1.12162, 53.01255 ], [ -1.13157, 53.01098 ], [ -1.13039, 53.02809 ], [ -1.11846, 53.02263 ], [ -1.12403, 53.01699 ] ] ] } },
{ "type": "Feature", "properties": { "small_area": "E01028284" }, "geometry": { "type": "Polygon", "coordinates": [ [ [ -1.19605, 53.14441 ], [ -1.20113, 53.14354 ], [ -1.20629, 53.14775 ], [ -1.1938, 53.15389 ], [ -1.19605, 53.14441 ] ] ] } },
{ "type": "Feature", "properties": { "small_area": "E01028202" }, "geometry": { "type": "Polygon", "coordinates": [ [ [ -1.09455, 52.97471 ], [ -1.09947, 52.97373 ], [ -1.10289, 52.97965 ], [ -1.09699, 52.97921 ], [ -1.09455, 52.97471 ] ] ] } },
{ "type": "Feature", "properties": { "small_area": "E01028283" }, "geometry": { "type": "Polygon", "coordinates": [ [ [ -1.20245, 53.16486 ], [ -1.19509, 53.1554 ], [ -1.2026, 53.15078 ], [ -1.20992, 53.15475 ], [ -1.21396, 53.16609 ], [ -1.21155, 53.16854 ], [ -1.20245, 53.16486 ] ] ] } },
{ "type": "Feature", "properties": { "small_area": "E01028203" }, "geometry": { "type": "Polygon", "coordinates": [ [ [ -1.0944, 52.97751 ], [ -1.09804, 52.98675 ], [ -1.08879, 52.98197 ], [ -1.0944, 52.97751 ] ] ] } },
{ "type": "Feature", "properties": { "small_area": "E01026120" }, "geometry": { "type": "Polygon", "coordinates": [ [ [ -0.20502, 53.15136 ], [ -0.21861, 53.15095 ], [ -0.21579, 53.14502 ], [ -0.22835, 53.15372 ], [ -0.22166, 53.15835 ], [ -0.21612, 53.15548 ], [ -0.21075, 53.16206 ], [ -0.20358, 53.1643 ], [ -0.20151, 53.15446 ], [ -0.20502, 53.15136 ] ] ] } },
{ "type": "Feature", "properties": { "small_area": "E01028120" }, "geometry": { "type": "Polygon", "coordinates": [ [ [ -1.20336, 52.98751 ], [ -1.2175, 52.98381 ], [ -1.21519, 52.98688 ], [ -1.23022, 52.98728 ], [ -1.22407, 52.99113 ], [ -1.20336, 52.98751 ] ] ] } },
{ "type": "Feature", "properties": { "small_area": "E01028121" }, "geometry": { "type": "Polygon", "coordinates": [ [ [ -1.22253, 52.98601 ], [ -1.22322, 52.98198 ], [ -1.23102, 52.98198 ], [ -1.22527, 52.98332 ], [ -1.22687, 52.98655 ], [ -1.21519, 52.98688 ], [ -1.2175, 52.98381 ], [ -1.22253, 52.98601 ] ] ] } },
{ "type": "Feature", "properties": { "small_area": "E01025752" }, "geometry": { "type": "Polygon", "coordinates": [ [ [ -1.06591, 52.68732 ], [ -1.07342, 52.69023 ], [ -1.06887, 52.69049 ], [ -1.06754, 52.69591 ], [ -1.06173, 52.69657 ], [ -1.06889, 52.70081 ], [ -1.06501, 52.7026 ], [ -1.05391, 52.69603 ], [ -1.0584, 52.68994 ], [ -1.06591, 52.68732 ] ] ] } },
{ "type": "Feature", "properties": { "small_area": "E01028282" }, "geometry": { "type": "Polygon", "coordinates": [ [ [ -1.22124, 53.15874 ], [ -1.21396, 53.16609 ], [ -1.20992, 53.15475 ], [ -1.22124, 53.15874 ] ] ] } },
{ "type": "Feature", "properties": { "small_area": "E01028200" }, "geometry": { "type": "Polygon", "coordinates": [ [ [ -1.12065, 53.08673 ], [ -1.13225, 53.06602 ], [ -1.15527, 53.07633 ], [ -1.15044, 53.07763 ], [ -1.14581, 53.0868 ], [ -1.15206, 53.09254 ], [ -1.16664, 53.08945 ], [ -1.16619, 53.09152 ], [ -1.17225, 53.09172 ], [ -1.16077, 53.07928 ], [ -1.16351, 53.07515 ], [ -1.15456, 53.07277 ], [ -1.15063, 53.06556 ], [ -1.17654, 53.06758 ], [ -1.17435, 53.07068 ], [ -1.18451, 53.0727 ], [ -1.19047, 53.08124 ], [ -1.18614, 53.08521 ], [ -1.18788, 53.09286 ], [ -1.19605, 53.09448 ], [ -1.15996, 53.10394 ], [ -1.15767, 53.09899 ], [ -1.13923, 53.09964 ], [ -1.14006, 53.09229 ], [ -1.12065, 53.08673 ] ] ] } },
{ "type": "Feature", "properties": { "small_area": "E01028281" }, "geometry": { "type": "Polygon", "coordinates": [ [ [ -1.19454, 53.16569 ], [ -1.20618, 53.16519 ], [ -1.20325, 53.1689 ], [ -1.19437, 53.16822 ], [ -1.19454, 53.16569 ] ] ] } },
{ "type": "Feature", "properties": { "small_area": "E01028201" }, "geometry": { "type": "Polygon", "coordinates": [ [ [ -1.17225, 53.09172 ], [ -1.16619, 53.09152 ], [ -1.16664, 53.08945 ], [ -1.15859, 53.09182 ], [ -1.15568, 53.08695 ], [ -1.16151, 53.08903 ], [ -1.16843, 53.0865 ], [ -1.17225, 53.09172 ] ] ] } },
{ "type": "Feature", "properties": { "small_area": "E01028280" }, "geometry": { "type": "Polygon", "coordinates": [ [ [ -1.19437, 53.16822 ], [ -1.20325, 53.1689 ], [ -1.20618, 53.16519 ], [ -1.22699, 53.17071 ], [ -1.21316, 53.17619 ], [ -1.20811, 53.17024 ], [ -1.20557, 53.17296 ], [ -1.19571, 53.17146 ], [ -1.19437, 53.16822 ] ] ] } },
{ "type": "Feature", "properties": { "small_area": "E01027094" }, "geometry": { "type": "Polygon", "coordinates": [ [ [ -0.82697, 52.43786 ], [ -0.82215, 52.44288 ], [ -0.81798, 52.43431 ], [ -0.85148, 52.42553 ], [ -0.84031, 52.43911 ], [ -0.83295, 52.44093 ], [ -0.8323, 52.44476 ], [ -0.82703, 52.44398 ], [ -0.82697, 52.43786 ] ] ] } },
{ "type": "Feature", "properties": { "small_area": "E01027209" }, "geometry": { "type": "Polygon", "coordinates": [ [ [ -0.96053, 52.25389 ], [ -0.96734, 52.25186 ], [ -0.96416, 52.25736 ], [ -0.95684, 52.25649 ], [ -0.96053, 52.25389 ] ] ] } },
{ "type": "Feature", "properties": { "small_area": "E01026289" }, "geometry": { "type": "Polygon", "coordinates": [ [ [ -0.48772, 52.65731 ], [ -0.49017, 52.65499 ], [ -0.50669, 52.65951 ], [ -0.49388, 52.6607 ], [ -0.49332, 52.66472 ], [ -0.48772, 52.65731 ] ] ] } },
{ "type": "Feature", "properties": { "small_area": "E01026208" }, "geometry": { "type": "Polygon", "coordinates": [ [ [ -0.30798, 52.98937 ], [ -0.33601, 52.9904 ], [ -0.33748, 52.98291 ], [ -0.37584, 52.97799 ], [ -0.3788, 52.97474 ], [ -0.38702, 52.97644 ], [ -0.39687, 53.00138 ], [ -0.38362, 53.01023 ], [ -0.37679, 53.0265 ], [ -0.34901, 53.0335 ], [ -0.32582, 53.03554 ], [ -0.31359, 53.0293 ], [ -0.28436, 53.0371 ], [ -0.26248, 53.00462 ], [ -0.30798, 52.98937 ] ] ] } },
{ "type": "Feature", "properties": { "small_area": "E01026288" }, "geometry": { "type": "Polygon", "coordinates": [ [ [ -0.47929, 52.65654 ], [ -0.48537, 52.65493 ], [ -0.4885, 52.65821 ], [ -0.48201, 52.66179 ], [ -0.47929, 52.65654 ] ] ] } },
{ "type": "Feature", "properties": { "small_area": "E01026209" }, "geometry": { "type": "Polygon", "coordinates": [ [ [ -0.40934, 53.03184 ], [ -0.39892, 53.03319 ], [ -0.38803, 53.02891 ], [ -0.35444, 53.03135 ], [ -0.37679, 53.0265 ], [ -0.37805, 53.01882 ], [ -0.41625, 53.01825 ], [ -0.45578, 53.01353 ], [ -0.44287, 52.99597 ], [ -0.45484, 52.99084 ], [ -0.45748, 52.98413 ], [ -0.47887, 52.97721 ], [ -0.48881, 52.98411 ], [ -0.51117, 52.98158 ], [ -0.49955, 52.98634 ], [ -0.50738, 52.99105 ], [ -0.51627, 52.992 ], [ -0.52354, 52.98816 ], [ -0.53195, 52.98979 ], [ -0.52641, 53.02677 ], [ -0.47825, 53.0249 ], [ -0.44611, 53.029 ], [ -0.43973, 53.03133 ], [ -0.44533, 53.04135 ], [ -0.44181, 53.05148 ], [ -0.43317, 53.05154 ], [ -0.40858, 53.03909 ], [ -0.40934, 53.03184 ] ] ] } },
{ "type": "Feature", "properties": { "small_area": "E01025904" }, "geometry": { "type": "Polygon", "coordinates": [ [ [ -0.88697, 52.78438 ], [ -0.89045, 52.7785 ], [ -0.89972, 52.77315 ], [ -0.91569, 52.77716 ], [ -0.90618, 52.79336 ], [ -0.88938, 52.79336 ], [ -0.88697, 52.78438 ] ] ] } },
{ "type": "Feature", "properties": { "small_area": "E01025814" }, "geometry": { "type": "Polygon", "coordinates": [ [ [ -0.96884, 52.62277 ], [ -0.96485, 52.61913 ], [ -0.97469, 52.61416 ], [ -0.98468, 52.61798 ], [ -1.00313, 52.60952 ], [ -1.01123, 52.61322 ], [ -1.01915, 52.60771 ], [ -1.02844, 52.61956 ], [ -1.01855, 52.62435 ], [ -1.01838, 52.62916 ], [ -0.9987, 52.62803 ], [ -0.9633, 52.63585 ], [ -0.95963, 52.63326 ], [ -0.96884, 52.62277 ] ] ] } },
{ "type": "Feature", "properties": { "small_area": "E01026339" }, "geometry": { "type": "Polygon", "coordinates": [ [ [ -0.66411, 52.75669 ], [ -0.67277, 52.77142 ], [ -0.62833, 52.77495 ], [ -0.62772, 52.76688 ], [ -0.63352, 52.76405 ], [ -0.6102, 52.76425 ], [ -0.6086, 52.75969 ], [ -0.66411, 52.75669 ] ] ] } },
{ "type": "Feature", "properties": { "small_area": "E01019721" }, "geometry": { "type": "Polygon", "coordinates": [ [ [ -1.9115, 53.31864 ], [ -1.91448, 53.31209 ], [ -1.90607, 53.30835 ], [ -1.91067, 53.30411 ], [ -1.92542, 53.30408 ], [ -1.92912, 53.30652 ], [ -1.92833, 53.31989 ], [ -1.9115, 53.31864 ] ] ] } },
{ "type": "Feature", "properties": { "small_area": "E01028315" }, "geometry": { "type": "Polygon", "coordinates": [ [ [ -0.77151, 53.16491 ], [ -0.76378, 53.15571 ], [ -0.73792, 53.15491 ], [ -0.73946, 53.14795 ], [ -0.74816, 53.14782 ], [ -0.74988, 53.1519 ], [ -0.75017, 53.14853 ], [ -0.75485, 53.14827 ], [ -0.7571, 53.1523 ], [ -0.76197, 53.14724 ], [ -0.76002, 53.14411 ], [ -0.74518, 53.14245 ], [ -0.74972, 53.13696 ], [ -0.76288, 53.1406 ], [ -0.76838, 53.12731 ], [ -0.7742, 53.13071 ], [ -0.77413, 53.1353 ], [ -0.79746, 53.15205 ], [ -0.78677, 53.15922 ], [ -0.80011, 53.15806 ], [ -0.80074, 53.16817 ], [ -0.79281, 53.17087 ], [ -0.77151, 53.16491 ] ] ] } },
{ "type": "Feature", "properties": { "small_area": "E01027962" }, "geometry": { "type": "Polygon", "coordinates": [ [ [ -1.30336, 53.08803 ], [ -1.28709, 53.07487 ], [ -1.2887, 53.0717 ], [ -1.29177, 53.07043 ], [ -1.30741, 53.08637 ], [ -1.30336, 53.08803 ] ] ] } },
{ "type": "Feature", "properties": { "small_area": "E01027067" }, "geometry": { "type": "Polygon", "coordinates": [ [ [ -0.59522, 52.28377 ], [ -0.60032, 52.27787 ], [ -0.60573, 52.27881 ], [ -0.60462, 52.28641 ], [ -0.59989, 52.28907 ], [ -0.59522, 52.28377 ] ] ] } },
{ "type": "Feature", "properties": { "small_area": "E01013762" }, "geometry": { "type": "Polygon", "coordinates": [ [ [ -1.10477, 52.62832 ], [ -1.10433, 52.62819 ], [ -1.11045, 52.62608 ], [ -1.10893, 52.62927 ], [ -1.10477, 52.62832 ] ] ] } },
{ "type": "Feature", "properties": { "small_area": "E01028208" }, "geometry": { "type": "Polygon", "coordinates": [ [ [ -1.12732, 53.0064 ], [ -1.13157, 53.01098 ], [ -1.12368, 53.01104 ], [ -1.1211, 53.00687 ], [ -1.12732, 53.0064 ] ] ] } },
{ "type": "Feature", "properties": { "small_area": "E01028289" }, "geometry": { "type": "Polygon", "coordinates": [ [ [ -0.78463, 53.05684 ], [ -0.79778, 53.05767 ], [ -0.79597, 53.0629 ], [ -0.78739, 53.06095 ], [ -0.78463, 53.05684 ] ] ] } },
{ "type": "Feature", "properties": { "small_area": "E01028288" }, "geometry": { "type": "Polygon", "coordinates": [ [ [ -0.77855, 53.05027 ], [ -0.78075, 53.05206 ], [ -0.77707, 53.05736 ], [ -0.76753, 53.05659 ], [ -0.77855, 53.05027 ] ] ] } },
{ "type": "Feature", "properties": { "small_area": "E01028209" }, "geometry": { "type": "Polygon", "coordinates": [ [ [ -1.12732, 53.0064 ], [ -1.11945, 53.00661 ], [ -1.12218, 53.00229 ], [ -1.12964, 53.0025 ], [ -1.12732, 53.0064 ] ] ] } },
{ "type": "Feature", "properties": { "small_area": "E01013727" }, "geometry": { "type": "Polygon", "coordinates": [ [ [ -1.19265, 52.63657 ], [ -1.1988, 52.64105 ], [ -1.19066, 52.64038 ], [ -1.18844, 52.64419 ], [ -1.18799, 52.64041 ], [ -1.18373, 52.64209 ], [ -1.19265, 52.63657 ] ] ] } },
{ "type": "Feature", "properties": { "small_area": "E01013725" }, "geometry": { "type": "Polygon", "coordinates": [ [ [ -1.15118, 52.64163 ], [ -1.16543, 52.64132 ], [ -1.1575, 52.64551 ], [ -1.15139, 52.64421 ], [ -1.15118, 52.64163 ] ] ] } },
{ "type": "Feature", "properties": { "small_area": "E01028164" }, "geometry": { "type": "Polygon", "coordinates": [ [ [ -1.09776, 52.96917 ], [ -1.09571, 52.96849 ], [ -1.10472, 52.96636 ], [ -1.10208, 52.9702 ], [ -1.09776, 52.96917 ] ] ] } },
{ "type": "Feature", "properties": { "small_area": "E01028165" }, "geometry": { "type": "Polygon", "coordinates": [ [ [ -1.13395, 52.99859 ], [ -1.1388, 53.00402 ], [ -1.12964, 53.0025 ], [ -1.13395, 52.99859 ] ] ] } },
{ "type": "Feature", "properties": { "small_area": "E01028167" }, "geometry": { "type": "Polygon", "coordinates": [ [ [ -1.13824, 53.00051 ], [ -1.13395, 52.99859 ], [ -1.13826, 52.99482 ], [ -1.15239, 52.99662 ], [ -1.13824, 53.00051 ] ] ] } },
{ "type": "Feature", "properties": { "small_area": "E01026161" }, "geometry": { "type": "Polygon", "coordinates": [ [ [ -0.57653, 53.20892 ], [ -0.58589, 53.21166 ], [ -0.58074, 53.21527 ], [ -0.57211, 53.21205 ], [ -0.57653, 53.20892 ] ] ] } },
{ "type": "Feature", "properties": { "small_area": "E01026160" }, "geometry": { "type": "Polygon", "coordinates": [ [ [ -0.59748, 53.20678 ], [ -0.60008, 53.20965 ], [ -0.60667, 53.20861 ], [ -0.60333, 53.21435 ], [ -0.60007, 53.2126 ], [ -0.5944, 53.21526 ], [ -0.59748, 53.20678 ] ] ] } },
{ "type": "Feature", "properties": { "small_area": "E01028166" }, "geometry": { "type": "Polygon", "coordinates": [ [ [ -1.13824, 53.00051 ], [ -1.14992, 52.99924 ], [ -1.14352, 53.00648 ], [ -1.13882, 53.00445 ], [ -1.13824, 53.00051 ] ] ] } },
{ "type": "Feature", "properties": { "small_area": "E01028162" }, "geometry": { "type": "Polygon", "coordinates": [ [ [ -1.10505, 52.97099 ], [ -1.11522, 52.9717 ], [ -1.11642, 52.97446 ], [ -1.10901, 52.97591 ], [ -1.10505, 52.97099 ] ] ] } },
{ "type": "Feature", "properties": { "small_area": "E01028163" }, "geometry": { "type": "Polygon", "coordinates": [ [ [ -1.10665, 52.96857 ], [ -1.11981, 52.97002 ], [ -1.12046, 52.97375 ], [ -1.1061, 52.97106 ], [ -1.10665, 52.96857 ] ] ] } },
{ "type": "Feature", "properties": { "small_area": "E01013461" }, "geometry": { "type": "Polygon", "coordinates": [ [ [ -1.48414, 52.95322 ], [ -1.48497, 52.95683 ], [ -1.47024, 52.9549 ], [ -1.48522, 52.94629 ], [ -1.48926, 52.95325 ], [ -1.48414, 52.95322 ] ] ] } },
{ "type": "Feature", "properties": { "small_area": "E01013902" }, "geometry": { "type": "Polygon", "coordinates": [ [ [ -1.15859, 52.91441 ], [ -1.16246, 52.91998 ], [ -1.16538, 52.91706 ], [ -1.16752, 52.92033 ], [ -1.15897, 52.92572 ], [ -1.15859, 52.91441 ] ] ] } },
{ "type": "Feature", "properties": { "small_area": "E01013814" }, "geometry": { "type": "Polygon", "coordinates": [ [ [ -1.16347, 52.9568 ], [ -1.17064, 52.9615 ], [ -1.16673, 52.96416 ], [ -1.16347, 52.9568 ] ] ] } },
{ "type": "Feature", "properties": { "small_area": "E01028178" }, "geometry": { "type": "Polygon", "coordinates": [ [ [ -1.04656, 53.00719 ], [ -1.03422, 53.00498 ], [ -1.03921, 53.0002 ], [ -1.0718, 52.99336 ], [ -1.09678, 52.99532 ], [ -1.10645, 52.99313 ], [ -1.10146, 53.0012 ], [ -1.09928, 53.01845 ], [ -1.07836, 53.02078 ], [ -1.07789, 53.01713 ], [ -1.06676, 53.01567 ], [ -1.06496, 53.01264 ], [ -1.0525, 53.01202 ], [ -1.04656, 53.00719 ] ] ] } },
{ "type": "Feature", "properties": { "small_area": "E01019431" }, "geometry": { "type": "Polygon", "coordinates": [ [ [ -1.35021, 53.01817 ], [ -1.3568, 53.01491 ], [ -1.35986, 53.01665 ], [ -1.35849, 53.02477 ], [ -1.35021, 53.01817 ] ] ] } },
{ "type": "Feature", "properties": { "small_area": "E01019430" }, "geometry": { "type": "Polygon", "coordinates": [ [ [ -1.46612, 53.06385 ], [ -1.45343, 53.0582 ], [ -1.45304, 53.0554 ], [ -1.46153, 53.05487 ], [ -1.45724, 53.04776 ], [ -1.46619, 53.05401 ], [ -1.48059, 53.04849 ], [ -1.48836, 53.06365 ], [ -1.46942, 53.0707 ], [ -1.46145, 53.06748 ], [ -1.46612, 53.06385 ] ] ] } },
{ "type": "Feature", "properties": { "small_area": "E01019433" }, "geometry": { "type": "Polygon", "coordinates": [ [ [ -1.35986, 53.01665 ], [ -1.36688, 53.01554 ], [ -1.37537, 53.01888 ], [ -1.35849, 53.02477 ], [ -1.35986, 53.01665 ] ] ] } },
{ "type": "Feature", "properties": { "small_area": "E01013660" }, "geometry": { "type": "Polygon", "coordinates": [ [ [ -1.08298, 52.64125 ], [ -1.08017, 52.63717 ], [ -1.08431, 52.63558 ], [ -1.0817, 52.63735 ], [ -1.0917, 52.64217 ], [ -1.08298, 52.64125 ] ] ] } },
{ "type": "Feature", "properties": { "small_area": "E01013663" }, "geometry": { "type": "Polygon", "coordinates": [ [ [ -1.08931, 52.63244 ], [ -1.09279, 52.631 ], [ -1.09172, 52.63481 ], [ -1.09769, 52.63481 ], [ -1.09089, 52.63778 ], [ -1.08931, 52.63244 ] ] ] } },
{ "type": "Feature", "properties": { "small_area": "E01027182" }, "geometry": { "type": "Polygon", "coordinates": [ [ [ -0.84811, 52.25767 ], [ -0.85434, 52.25676 ], [ -0.85094, 52.26464 ], [ -0.84376, 52.26777 ], [ -0.84023, 52.25996 ], [ -0.84811, 52.25767 ] ] ] } },
{ "type": "Feature", "properties": { "small_area": "E01013585" }, "geometry": { "type": "Polygon", "coordinates": [ [ [ -1.49025, 52.88256 ], [ -1.49809, 52.88362 ], [ -1.47979, 52.89321 ], [ -1.48328, 52.88728 ], [ -1.47823, 52.88345 ], [ -1.49025, 52.88256 ] ] ] } },
{ "type": "Feature", "properties": { "small_area": "E01019736" }, "geometry": { "type": "Polygon", "coordinates": [ [ [ -1.65388, 53.39189 ], [ -1.66186, 53.39143 ], [ -1.66376, 53.38084 ], [ -1.67331, 53.36938 ], [ -1.68433, 53.37776 ], [ -1.70306, 53.37145 ], [ -1.70396, 53.36191 ], [ -1.71395, 53.3622 ], [ -1.71172, 53.35447 ], [ -1.71659, 53.34757 ], [ -1.71261, 53.34082 ], [ -1.72583, 53.34055 ], [ -1.72992, 53.34314 ], [ -1.72543, 53.35884 ], [ -1.73494, 53.36309 ], [ -1.73293, 53.36792 ], [ -1.75793, 53.38229 ], [ -1.76434, 53.39167 ], [ -1.77108, 53.38928 ], [ -1.78764, 53.39368 ], [ -1.80704, 53.38699 ], [ -1.77793, 53.38657 ], [ -1.76217, 53.38148 ], [ -1.75973, 53.37261 ], [ -1.77364, 53.36445 ], [ -1.76199, 53.35628 ], [ -1.77123, 53.35636 ], [ -1.76529, 53.34738 ], [ -1.77532, 53.34449 ], [ -1.77709, 53.33325 ], [ -1.76694, 53.33474 ], [ -1.80818, 53.31425 ], [ -1.82263, 53.3028 ], [ -1.82389, 53.29222 ], [ -1.8591, 53.29299 ], [ -1.86296, 53.28896 ], [ -1.87945, 53.2988 ], [ -1.88635, 53.30992 ], [ -1.86905, 53.31711 ], [ -1.86296, 53.32551 ], [ -1.85173, 53.32845 ], [ -1.85432, 53.34186 ], [ -1.84603, 53.34423 ], [ -1.85934, 53.3483 ], [ -1.86883, 53.35995 ], [ -1.87883, 53.36499 ], [ -1.87671, 53.36983 ], [ -1.88541, 53.37163 ], [ -1.88335, 53.37981 ], [ -1.85757, 53.38971 ], [ -1.86836, 53.39742 ], [ -1.88943, 53.40033 ], [ -1.90972, 53.41062 ], [ -1.89581, 53.42108 ], [ -1.87843, 53.4265 ], [ -1.86546, 53.42566 ], [ -1.86857, 53.43375 ], [ -1.85264, 53.447 ], [ -1.864, 53.45262 ], [ -1.86271, 53.45995 ], [ -1.85354, 53.45948 ], [ -1.84323, 53.46391 ], [ -1.82763, 53.46341 ], [ -1.81414, 53.46909 ], [ -1.8129, 53.47958 ], [ -1.80147, 53.48098 ], [ -1.79114, 53.47582 ], [ -1.7803, 53.47482 ], [ -1.76825, 53.46467 ], [ -1.74761, 53.46395 ], [ -1.74368, 53.44494 ], [ -1.74968, 53.43876 ], [ -1.74427, 53.43128 ], [ -1.74674, 53.42618 ], [ -1.73988, 53.42102 ], [ -1.72995, 53.41597 ], [ -1.71821, 53.41946 ], [ -1.70878, 53.41742 ], [ -1.70323, 53.41371 ], [ -1.70497, 53.40504 ], [ -1.69452, 53.40114 ], [ -1.68183, 53.40176 ], [ -1.66809, 53.39305 ], [ -1.65388, 53.39189 ] ] ] } },
{ "type": "Feature", "properties": { "small_area": "E01019737" }, "geometry": { "type": "Polygon", "coordinates": [ [ [ -1.74936, 53.33496 ], [ -1.76007, 53.3383 ], [ -1.77709, 53.33325 ], [ -1.77532, 53.34449 ], [ -1.76529, 53.34738 ], [ -1.77123, 53.35636 ], [ -1.76199, 53.35628 ], [ -1.77364, 53.36445 ], [ -1.75973, 53.37261 ], [ -1.76217, 53.38148 ], [ -1.77793, 53.38657 ], [ -1.80704, 53.38699 ], [ -1.78764, 53.39368 ], [ -1.77108, 53.38928 ], [ -1.76434, 53.39167 ], [ -1.75793, 53.38229 ], [ -1.73293, 53.36792 ], [ -1.73494, 53.36309 ], [ -1.72543, 53.35884 ], [ -1.72992, 53.34314 ], [ -1.72583, 53.34055 ], [ -1.74936, 53.33496 ] ] ] } },
{ "type": "Feature", "properties": { "small_area": "E01019612" }, "geometry": { "type": "Polygon", "coordinates": [ [ [ -1.73656, 52.89504 ], [ -1.73855, 52.87645 ], [ -1.74625, 52.86867 ], [ -1.75245, 52.86886 ], [ -1.75067, 52.87357 ], [ -1.75859, 52.8772 ], [ -1.77424, 52.87924 ], [ -1.77722, 52.8838 ], [ -1.78373, 52.88395 ], [ -1.78825, 52.88006 ], [ -1.80138, 52.88616 ], [ -1.81078, 52.88069 ], [ -1.82363, 52.88286 ], [ -1.82203, 52.88602 ], [ -1.82656, 52.88402 ], [ -1.83267, 52.88739 ], [ -1.83416, 52.89551 ], [ -1.83, 52.89657 ], [ -1.83339, 52.90211 ], [ -1.84754, 52.91012 ], [ -1.84231, 52.91147 ], [ -1.84797, 52.91297 ], [ -1.84768, 52.9202 ], [ -1.85453, 52.91987 ], [ -1.85651, 52.92317 ], [ -1.85296, 52.93169 ], [ -1.84955, 52.93109 ], [ -1.84928, 52.93559 ], [ -1.83929, 52.94142 ], [ -1.83308, 52.94123 ], [ -1.83559, 52.94525 ], [ -1.82876, 52.94775 ], [ -1.81845, 52.94331 ], [ -1.82245, 52.93696 ], [ -1.81765, 52.93439 ], [ -1.82398, 52.93105 ], [ -1.81282, 52.92676 ], [ -1.81019, 52.92254 ], [ -1.80531, 52.90735 ], [ -1.80937, 52.9017 ], [ -1.78932, 52.90108 ], [ -1.78729, 52.91561 ], [ -1.79265, 52.92366 ], [ -1.78413, 52.92586 ], [ -1.7736, 52.92662 ], [ -1.7489, 52.91249 ], [ -1.73656, 52.89504 ] ] ] } },
{ "type": "Feature", "properties": { "small_area": "E01019451" }, "geometry": { "type": "Polygon", "coordinates": [ [ [ -1.32371, 53.02413 ], [ -1.33303, 53.02481 ], [ -1.33312, 53.01995 ], [ -1.3379, 53.02049 ], [ -1.33752, 53.02537 ], [ -1.34648, 53.02551 ], [ -1.34832, 53.02223 ], [ -1.35278, 53.02209 ], [ -1.36177, 53.02522 ], [ -1.35222, 53.04169 ], [ -1.35747, 53.04778 ], [ -1.33574, 53.05069 ], [ -1.33281, 53.03514 ], [ -1.32371, 53.02413 ] ] ] } },
{ "type": "Feature", "properties": { "small_area": "E01026984" }, "geometry": { "type": "Polygon", "coordinates": [ [ [ -0.72268, 52.49151 ], [ -0.72278, 52.48674 ], [ -0.73279, 52.48709 ], [ -0.73076, 52.4942 ], [ -0.72268, 52.49151 ] ] ] } },
{ "type": "Feature", "properties": { "small_area": "E01026985" }, "geometry": { "type": "Polygon", "coordinates": [ [ [ -0.72441, 52.48083 ], [ -0.73075, 52.47973 ], [ -0.73307, 52.47519 ], [ -0.73913, 52.47664 ], [ -0.73279, 52.48709 ], [ -0.72867, 52.48893 ], [ -0.72441, 52.48083 ] ] ] } },
{ "type": "Feature", "properties": { "small_area": "E01026986" }, "geometry": { "type": "Polygon", "coordinates": [ [ [ -1.17351, 52.27349 ], [ -1.16635, 52.26814 ], [ -1.16837, 52.26498 ], [ -1.17656, 52.26462 ], [ -1.18395, 52.2685 ], [ -1.17351, 52.27349 ] ] ] } },
{ "type": "Feature", "properties": { "small_area": "E01026987" }, "geometry": { "type": "Polygon", "coordinates": [ [ [ -1.1566, 52.26102 ], [ -1.16425, 52.26002 ], [ -1.16837, 52.26498 ], [ -1.16025, 52.272 ], [ -1.1566, 52.26102 ] ] ] } },
{ "type": "Feature", "properties": { "small_area": "E01013682" }, "geometry": { "type": "Polygon", "coordinates": [ [ [ -1.15552, 52.63866 ], [ -1.16084, 52.6396 ], [ -1.16115, 52.6428 ], [ -1.15442, 52.64143 ], [ -1.15552, 52.63866 ] ] ] } },
{ "type": "Feature", "properties": { "small_area": "E01019769" }, "geometry": { "type": "Polygon", "coordinates": [ [ [ -1.44389, 53.17419 ], [ -1.45267, 53.16388 ], [ -1.45817, 53.13685 ], [ -1.46589, 53.13721 ], [ -1.46982, 53.11972 ], [ -1.48679, 53.12288 ], [ -1.51729, 53.1564 ], [ -1.53963, 53.17138 ], [ -1.55299, 53.19627 ], [ -1.5483, 53.1999 ], [ -1.51765, 53.20075 ], [ -1.47095, 53.19655 ], [ -1.44764, 53.18477 ], [ -1.44389, 53.17419 ] ] ] } },
{ "type": "Feature", "properties": { "small_area": "E01019768" }, "geometry": { "type": "Polygon", "coordinates": [ [ [ -1.94375, 53.44196 ], [ -1.93448, 53.43856 ], [ -1.93133, 53.43373 ], [ -1.94542, 53.42889 ], [ -1.95103, 53.43466 ], [ -1.95093, 53.44075 ], [ -1.94375, 53.44196 ] ] ] } },
{ "type": "Feature", "properties": { "small_area": "E01013831" }, "geometry": { "type": "Polygon", "coordinates": [ [ [ -1.19928, 52.9911 ], [ -1.19122, 52.9901 ], [ -1.19769, 52.98418 ], [ -1.20361, 52.987 ], [ -1.19928, 52.9911 ] ] ] } },
{ "type": "Feature", "properties": { "small_area": "E01013830" }, "geometry": { "type": "Polygon", "coordinates": [ [ [ -1.19132, 52.97786 ], [ -1.19769, 52.98418 ], [ -1.19277, 52.98792 ], [ -1.18512, 52.98289 ], [ -1.19132, 52.97786 ] ] ] } },
{ "type": "Feature", "properties": { "small_area": "E01013747" }, "geometry": { "type": "Polygon", "coordinates": [ [ [ -1.09954, 52.62997 ], [ -1.09112, 52.62904 ], [ -1.09103, 52.6264 ], [ -1.10433, 52.62819 ], [ -1.10192, 52.63358 ], [ -1.09605, 52.63218 ], [ -1.09954, 52.62997 ] ] ] } },
{ "type": "Feature", "properties": { "small_area": "E01013746" }, "geometry": { "type": "Polygon", "coordinates": [ [ [ -1.11696, 52.63598 ], [ -1.11282, 52.63408 ], [ -1.12437, 52.63351 ], [ -1.12392, 52.63825 ], [ -1.1145, 52.64039 ], [ -1.11696, 52.63598 ] ] ] } },
{ "type": "Feature", "properties": { "small_area": "E01019590" }, "geometry": { "type": "Polygon", "coordinates": [ [ [ -1.45579, 53.23507 ], [ -1.46489, 53.23523 ], [ -1.4629, 53.23894 ], [ -1.46664, 53.23944 ], [ -1.45608, 53.24257 ], [ -1.4528, 53.23969 ], [ -1.45579, 53.23507 ] ] ] } },
{ "type": "Feature", "properties": { "small_area": "E01028416" }, "geometry": { "type": "Polygon", "coordinates": [ [ [ -1.12391, 52.93439 ], [ -1.13174, 52.92927 ], [ -1.12845, 52.93343 ], [ -1.1355, 52.93483 ], [ -1.13643, 52.93841 ], [ -1.13159, 52.94284 ], [ -1.12391, 52.93439 ] ] ] } },
{ "type": "Feature", "properties": { "small_area": "E01025980" }, "geometry": { "type": "Polygon", "coordinates": [ [ [ -1.05673, 52.60048 ], [ -1.06144, 52.60193 ], [ -1.06923, 52.59895 ], [ -1.06229, 52.6101 ], [ -1.05898, 52.60903 ], [ -1.06249, 52.60423 ], [ -1.05652, 52.60289 ], [ -1.05673, 52.60048 ] ] ] } },
{ "type": "Feature", "properties": { "small_area": "E01026173" }, "geometry": { "type": "Polygon", "coordinates": [ [ [ -0.56078, 53.20574 ], [ -0.56553, 53.2042 ], [ -0.57785, 53.20795 ], [ -0.57395, 53.21074 ], [ -0.5708, 53.20705 ], [ -0.56078, 53.20574 ] ] ] } },
{ "type": "Feature", "properties": { "small_area": "E01027225" }, "geometry": { "type": "Polygon", "coordinates": [ [ [ -0.88253, 52.2464 ], [ -0.88408, 52.24434 ], [ -0.89012, 52.2464 ], [ -0.88253, 52.2464 ] ] ] } },
{ "type": "Feature", "properties": { "small_area": "E01025704" }, "geometry": { "type": "Polygon", "coordinates": [ [ [ -1.21353, 52.79116 ], [ -1.20835, 52.78695 ], [ -1.21291, 52.784 ], [ -1.20799, 52.77839 ], [ -1.21051, 52.774 ], [ -1.23365, 52.78511 ], [ -1.22842, 52.79309 ], [ -1.22196, 52.79175 ], [ -1.21125, 52.79491 ], [ -1.20029, 52.79377 ], [ -1.19834, 52.79068 ], [ -1.21353, 52.79116 ] ] ] } },
{ "type": "Feature", "properties": { "small_area": "E01013476" }, "geometry": { "type": "Polygon", "coordinates": [ [ [ -1.41244, 52.89267 ], [ -1.41599, 52.89503 ], [ -1.40278, 52.90044 ], [ -1.40974, 52.88642 ], [ -1.41445, 52.88827 ], [ -1.41244, 52.89267 ] ] ] } },
{ "type": "Feature", "properties": { "small_area": "E01033409" }, "geometry": { "type": "Polygon", "coordinates": [ [ [ -1.14534, 52.95525 ], [ -1.15083, 52.955 ], [ -1.15123, 52.95652 ], [ -1.14325, 52.95788 ], [ -1.14534, 52.95525 ] ] ] } },
{ "type": "Feature", "properties": { "small_area": "E01019636" }, "geometry": { "type": "Polygon", "coordinates": [ [ [ -1.55954, 53.08369 ], [ -1.56331, 53.07553 ], [ -1.57508, 53.07585 ], [ -1.574, 53.09166 ], [ -1.56897, 53.09138 ], [ -1.56987, 53.08861 ], [ -1.55954, 53.08369 ] ] ] } },
{ "type": "Feature", "properties": { "small_area": "E01019634" }, "geometry": { "type": "Polygon", "coordinates": [ [ [ -1.51764, 53.09652 ], [ -1.51206, 53.09335 ], [ -1.52013, 53.08611 ], [ -1.53347, 53.08695 ], [ -1.53885, 53.082 ], [ -1.55419, 53.08193 ], [ -1.56065, 53.09024 ], [ -1.56246, 53.08511 ], [ -1.56987, 53.08861 ], [ -1.56897, 53.09138 ], [ -1.57877, 53.08955 ], [ -1.58664, 53.09314 ], [ -1.59502, 53.08529 ], [ -1.60461, 53.08773 ], [ -1.60243, 53.09118 ], [ -1.6119, 53.09797 ], [ -1.61189, 53.1028 ], [ -1.57839, 53.113 ], [ -1.58018, 53.10037 ], [ -1.57574, 53.09662 ], [ -1.56259, 53.0972 ], [ -1.56458, 53.09395 ], [ -1.56047, 53.0927 ], [ -1.51912, 53.09448 ], [ -1.52341, 53.09563 ], [ -1.51764, 53.09652 ] ] ] } },
{ "type": "Feature", "properties": { "small_area": "E01025626" }, "geometry": { "type": "Polygon", "coordinates": [ [ [ -1.19502, 52.60047 ], [ -1.18662, 52.60021 ], [ -1.18936, 52.59292 ], [ -1.19901, 52.59159 ], [ -1.2061, 52.58634 ], [ -1.2105, 52.58591 ], [ -1.21213, 52.59065 ], [ -1.21697, 52.58973 ], [ -1.2234, 52.59627 ], [ -1.23599, 52.59301 ], [ -1.24603, 52.60862 ], [ -1.24245, 52.61378 ], [ -1.20424, 52.61708 ], [ -1.19502, 52.60047 ] ] ] } },
{ "type": "Feature", "properties": { "small_area": "E01033407" }, "geometry": { "type": "Polygon", "coordinates": [ [ [ -1.14205, 52.95216 ], [ -1.14348, 52.95525 ], [ -1.13855, 52.95295 ], [ -1.14205, 52.95216 ] ] ] } },
{ "type": "Feature", "properties": { "small_area": "E01027010" }, "geometry": { "type": "Polygon", "coordinates": [ [ [ -1.17128, 52.26029 ], [ -1.16795, 52.25285 ], [ -1.17655, 52.25407 ], [ -1.17299, 52.25704 ], [ -1.17847, 52.25933 ], [ -1.17585, 52.26131 ], [ -1.18259, 52.26301 ], [ -1.18009, 52.26641 ], [ -1.17128, 52.26029 ] ] ] } },
{ "type": "Feature", "properties": { "small_area": "E01019859" }, "geometry": { "type": "Polygon", "coordinates": [ [ [ -1.55167, 52.7766 ], [ -1.55406, 52.78117 ], [ -1.55025, 52.78116 ], [ -1.55468, 52.78491 ], [ -1.54032, 52.77782 ], [ -1.55167, 52.7766 ] ] ] } },
{ "type": "Feature", "properties": { "small_area": "E01013556" }, "geometry": { "type": "Polygon", "coordinates": [ [ [ -1.54735, 52.91254 ], [ -1.55427, 52.90901 ], [ -1.55686, 52.91466 ], [ -1.54862, 52.916 ], [ -1.54735, 52.91254 ] ] ] } },
{ "type": "Feature", "properties": { "small_area": "E01026255" }, "geometry": { "type": "Polygon", "coordinates": [ [ [ 0.13153, 52.78356 ], [ 0.14776, 52.78316 ], [ 0.14138, 52.77346 ], [ 0.13555, 52.77431 ], [ 0.13578, 52.77087 ], [ 0.13011, 52.76945 ], [ 0.12776, 52.77358 ], [ 0.1209, 52.77376 ], [ 0.11558, 52.78918 ], [ 0.13153, 52.78356 ] ] ] } },
{ "type": "Feature", "properties": { "small_area": "E01026252" }, "geometry": { "type": "Polygon", "coordinates": [ [ [ 0.01671, 52.80438 ], [ -0.00189, 52.80371 ], [ -0.00509, 52.81624 ], [ 0.00874, 52.81107 ], [ 0.02232, 52.81084 ], [ 0.01671, 52.80438 ] ] ] } },
{ "type": "Feature", "properties": { "small_area": "E01026257" }, "geometry": { "type": "Polygon", "coordinates": [ [ [ 0.11558, 52.78918 ], [ 0.11647, 52.78531 ], [ 0.10885, 52.78085 ], [ 0.11397, 52.77669 ], [ 0.09904, 52.77042 ], [ 0.0958, 52.77452 ], [ 0.09893, 52.77955 ], [ 0.08975, 52.78027 ], [ 0.09333, 52.78587 ], [ 0.09803, 52.78564 ], [ 0.09816, 52.79007 ], [ 0.11018, 52.79042 ], [ 0.11876, 52.79693 ], [ 0.11394, 52.79833 ], [ 0.12158, 52.81145 ], [ 0.12489, 52.80609 ], [ 0.12673, 52.80878 ], [ 0.13074, 52.80494 ], [ 0.12321, 52.79885 ], [ 0.12827, 52.79329 ], [ 0.12399, 52.787 ], [ 0.11558, 52.78918 ] ] ] } },
{ "type": "Feature", "properties": { "small_area": "E01026254" }, "geometry": { "type": "Polygon", "coordinates": [ [ [ 0.14126, 52.76755 ], [ 0.13638, 52.76745 ], [ 0.13772, 52.7563 ], [ 0.18696, 52.7574 ], [ 0.17121, 52.7382 ], [ 0.13328, 52.73926 ], [ 0.11344, 52.72992 ], [ 0.09884, 52.73034 ], [ 0.08897, 52.72366 ], [ 0.07743, 52.74501 ], [ 0.10012, 52.74624 ], [ 0.09915, 52.75038 ], [ 0.08817, 52.75801 ], [ 0.06093, 52.75635 ], [ 0.0958, 52.77452 ], [ 0.09904, 52.77042 ], [ 0.11397, 52.77669 ], [ 0.10885, 52.78085 ], [ 0.11647, 52.78531 ], [ 0.1209, 52.77376 ], [ 0.12776, 52.77358 ], [ 0.13011, 52.76945 ], [ 0.13578, 52.77087 ], [ 0.13555, 52.77431 ], [ 0.14138, 52.77346 ], [ 0.14126, 52.76755 ] ] ] } },
{ "type": "Feature", "properties": { "small_area": "E01026256" }, "geometry": { "type": "Polygon", "coordinates": [ [ [ 0.2138, 52.82712 ], [ 0.20936, 52.81936 ], [ 0.19405, 52.81112 ], [ 0.19188, 52.81413 ], [ 0.17797, 52.8107 ], [ 0.17762, 52.80669 ], [ 0.15305, 52.80505 ], [ 0.15385, 52.75627 ], [ 0.13772, 52.7563 ], [ 0.13638, 52.76745 ], [ 0.14126, 52.76755 ], [ 0.14138, 52.77346 ], [ 0.14776, 52.78316 ], [ 0.13153, 52.78356 ], [ 0.12399, 52.787 ], [ 0.12827, 52.79329 ], [ 0.12321, 52.79885 ], [ 0.13074, 52.80494 ], [ 0.12673, 52.80878 ], [ 0.12489, 52.80609 ], [ 0.12158, 52.81145 ], [ 0.12801, 52.82139 ], [ 0.13707, 52.8244 ], [ 0.16445, 52.82443 ], [ 0.16575, 52.82692 ], [ 0.18178, 52.82542 ], [ 0.18562, 52.82999 ], [ 0.2138, 52.82712 ] ] ] } },
{ "type": "Feature", "properties": { "small_area": "E01026250" }, "geometry": { "type": "Polygon", "coordinates": [ [ [ 0.01067, 52.79928 ], [ 0.01175, 52.80292 ], [ 0.02442, 52.80681 ], [ 0.02121, 52.79925 ], [ 0.01067, 52.79928 ] ] ] } },
{ "type": "Feature", "properties": { "small_area": "E01028257" }, "geometry": { "type": "Polygon", "coordinates": [ [ [ -1.1093, 53.22586 ], [ -1.12078, 53.22057 ], [ -1.12754, 53.22139 ], [ -1.13838, 53.21527 ], [ -1.14152, 53.21698 ], [ -1.13455, 53.22147 ], [ -1.13894, 53.22572 ], [ -1.12368, 53.22465 ], [ -1.12208, 53.23084 ], [ -1.11146, 53.23042 ], [ -1.1033, 53.23559 ], [ -1.09544, 53.2324 ], [ -1.09525, 53.22769 ], [ -1.1093, 53.22586 ] ] ] } },
{ "type": "Feature", "properties": { "small_area": "E01027311" }, "geometry": { "type": "Polygon", "coordinates": [ [ [ -0.70877, 52.29866 ], [ -0.71248, 52.30367 ], [ -0.70925, 52.30629 ], [ -0.70137, 52.30423 ], [ -0.70877, 52.29866 ] ] ] } },
{ "type": "Feature", "properties": { "small_area": "E01025819" }, "geometry": { "type": "Polygon", "coordinates": [ [ [ -1.36046, 52.66227 ], [ -1.3636, 52.66142 ], [ -1.36084, 52.65677 ], [ -1.36827, 52.65468 ], [ -1.35959, 52.65021 ], [ -1.36372, 52.64593 ], [ -1.37451, 52.64684 ], [ -1.375, 52.64921 ], [ -1.38025, 52.6446 ], [ -1.37226, 52.63944 ], [ -1.35646, 52.63844 ], [ -1.35071, 52.63265 ], [ -1.35959, 52.63162 ], [ -1.36399, 52.62466 ], [ -1.3771, 52.62561 ], [ -1.40771, 52.64101 ], [ -1.40192, 52.67206 ], [ -1.36531, 52.68018 ], [ -1.3606, 52.67646 ], [ -1.36046, 52.66227 ] ] ] } },
{ "type": "Feature", "properties": { "small_area": "E01019784" }, "geometry": { "type": "Polygon", "coordinates": [ [ [ -1.46674, 53.29577 ], [ -1.45766, 53.29727 ], [ -1.44716, 53.29263 ], [ -1.45587, 53.29013 ], [ -1.46024, 53.29511 ], [ -1.46674, 53.29577 ] ] ] } },
{ "type": "Feature", "properties": { "small_area": "E01025893" }, "geometry": { "type": "Polygon", "coordinates": [ [ [ -0.85218, 52.75384 ], [ -0.8659, 52.7512 ], [ -0.87852, 52.75706 ], [ -0.87816, 52.76173 ], [ -0.87253, 52.76422 ], [ -0.84847, 52.76585 ], [ -0.85218, 52.75384 ] ] ] } },
{ "type": "Feature", "properties": { "small_area": "E01019577" }, "geometry": { "type": "Polygon", "coordinates": [ [ [ -1.42743, 53.21533 ], [ -1.44, 53.21357 ], [ -1.43898, 53.22075 ], [ -1.43339, 53.21791 ], [ -1.42788, 53.22081 ], [ -1.42743, 53.21533 ] ] ] } },
{ "type": "Feature", "properties": { "small_area": "E01019576" }, "geometry": { "type": "Polygon", "coordinates": [ [ [ -1.44686, 53.22655 ], [ -1.44666, 53.22708 ], [ -1.43615, 53.23016 ], [ -1.4347, 53.22389 ], [ -1.43898, 53.22075 ], [ -1.44686, 53.22655 ] ] ] } },
{ "type": "Feature", "properties": { "small_area": "E01026336" }, "geometry": { "type": "Polygon", "coordinates": [ [ [ -0.25861, 52.68959 ], [ -0.26876, 52.69554 ], [ -0.27046, 52.6913 ], [ -0.31331, 52.6857 ], [ -0.31925, 52.67971 ], [ -0.32373, 52.68002 ], [ -0.32878, 52.68922 ], [ -0.27802, 52.71074 ], [ -0.26719, 52.69907 ], [ -0.2637, 52.70098 ], [ -0.25578, 52.69259 ], [ -0.24877, 52.69302 ], [ -0.25861, 52.68959 ] ] ] } },
{ "type": "Feature", "properties": { "small_area": "E01026277" }, "geometry": { "type": "Polygon", "coordinates": [ [ [ 0.18544, 52.76605 ], [ 0.17961, 52.76246 ], [ 0.1823, 52.77052 ], [ 0.17858, 52.77229 ], [ 0.18296, 52.77515 ], [ 0.1843, 52.77315 ], [ 0.18408, 52.77732 ], [ 0.1883, 52.76912 ], [ 0.19603, 52.76851 ], [ 0.19914, 52.77139 ], [ 0.20684, 52.76688 ], [ 0.18544, 52.76605 ] ] ] } },
{ "type": "Feature", "properties": { "small_area": "E01033392" }, "geometry": { "type": "Polygon", "coordinates": [ [ [ -1.21396, 53.16609 ], [ -1.22124, 53.15874 ], [ -1.23812, 53.16066 ], [ -1.22799, 53.1533 ], [ -1.23713, 53.14621 ], [ -1.24182, 53.15357 ], [ -1.25533, 53.1546 ], [ -1.25993, 53.16446 ], [ -1.25318, 53.1655 ], [ -1.24169, 53.17813 ], [ -1.22992, 53.17848 ], [ -1.22699, 53.17071 ], [ -1.21396, 53.16609 ] ] ] } },
{ "type": "Feature", "properties": { "small_area": "E01013499" }, "geometry": { "type": "Polygon", "coordinates": [ [ [ -1.43154, 52.8795 ], [ -1.44131, 52.88085 ], [ -1.44446, 52.88438 ], [ -1.43263, 52.8883 ], [ -1.43154, 52.8795 ] ] ] } },
{ "type": "Feature", "properties": { "small_area": "E01019781" }, "geometry": { "type": "Polygon", "coordinates": [ [ [ -1.4745, 53.31845 ], [ -1.46791, 53.31713 ], [ -1.46883, 53.31391 ], [ -1.46125, 53.31108 ], [ -1.46801, 53.30402 ], [ -1.46837, 53.30984 ], [ -1.47765, 53.30923 ], [ -1.4745, 53.31845 ] ] ] } },
{ "type": "Feature", "properties": { "small_area": "E01013960" }, "geometry": { "type": "Polygon", "coordinates": [ [ [ -1.13544, 52.95935 ], [ -1.14169, 52.96328 ], [ -1.14085, 52.96416 ], [ -1.12991, 52.96351 ], [ -1.13544, 52.95935 ] ] ] } },
{ "type": "Feature", "properties": { "small_area": "E01013963" }, "geometry": { "type": "Polygon", "coordinates": [ [ [ -1.14442, 52.9913 ], [ -1.14338, 52.99474 ], [ -1.14985, 52.99412 ], [ -1.14725, 52.99773 ], [ -1.13826, 52.99482 ], [ -1.14442, 52.9913 ] ] ] } }
]
}
