{
"type": "FeatureCollection",
"name": "North_East",
"crs": { "type": "name", "properties": { "name": "urn:ogc:def:crs:OGC:1.3:CRS84" } },
"features": [
{ "type": "Feature", "properties": { "small_area": "E01012236" }, "geometry": { "type": "Polygon", "coordinates": [ [ [ -1.30111, 54.52346 ], [ -1.31039, 54.52274 ], [ -1.31037, 54.52981 ], [ -1.30131, 54.52735 ], [ -1.30111, 54.52346 ] ] ] } },
{ "type": "Feature", "properties": { "small_area": "E01027517" }, "geometry": { "type": "Polygon", "coordinates": [ [ [ -1.57019, 55.14115 ], [ -1.56892, 55.13971 ], [ -1.58473, 55.13346 ], [ -1.58486, 55.13628 ], [ -1.59821, 55.13889 ], [ -1.59966, 55.14519 ], [ -1.57019, 55.14115 ] ] ] } },
{ "type": "Feature", "properties": { "small_area": "E01012111" }, "geometry": { "type": "Polygon", "coordinates": [ [ [ -1.1481, 54.55613 ], [ -1.15064, 54.5592 ], [ -1.13814, 54.55966 ], [ -1.14312, 54.55523 ], [ -1.1481, 54.55613 ] ] ] } },
{ "type": "Feature", "properties": { "small_area": "E01008527" }, "geometry": { "type": "Polygon", "coordinates": [ [ [ -1.44468, 55.01494 ], [ -1.44938, 55.0132 ], [ -1.45343, 55.01775 ], [ -1.44684, 55.0195 ], [ -1.44468, 55.01494 ] ] ] } },
{ "type": "Feature", "properties": { "small_area": "E01008703" }, "geometry": { "type": "Polygon", "coordinates": [ [ [ -1.38771, 54.9036 ], [ -1.39086, 54.90661 ], [ -1.38463, 54.90804 ], [ -1.38828, 54.91006 ], [ -1.37097, 54.91004 ], [ -1.37468, 54.90852 ], [ -1.37126, 54.90526 ], [ -1.38771, 54.9036 ] ] ] } },
{ "type": "Feature", "properties": { "small_area": "E01020615" }, "geometry": { "type": "Polygon", "coordinates": [ [ [ -1.59613, 54.87606 ], [ -1.59439, 54.86778 ], [ -1.60853, 54.87278 ], [ -1.60641, 54.87476 ], [ -1.61624, 54.8765 ], [ -1.59613, 54.87606 ] ] ] } },
{ "type": "Feature", "properties": { "small_area": "E01012290" }, "geometry": { "type": "Polygon", "coordinates": [ [ [ -1.29575, 54.535 ], [ -1.31183, 54.53526 ], [ -1.31787, 54.53969 ], [ -1.3081, 54.53895 ], [ -1.30929, 54.5414 ], [ -1.29575, 54.535 ] ] ] } },
{ "type": "Feature", "properties": { "small_area": "E01020595" }, "geometry": { "type": "Polygon", "coordinates": [ [ [ -1.55607, 54.84629 ], [ -1.55907, 54.84171 ], [ -1.56467, 54.84713 ], [ -1.56906, 54.84625 ], [ -1.57048, 54.83433 ], [ -1.58194, 54.83514 ], [ -1.57724, 54.84666 ], [ -1.57015, 54.85036 ], [ -1.57419, 54.85849 ], [ -1.56472, 54.85807 ], [ -1.55607, 54.84629 ] ] ] } },
{ "type": "Feature", "properties": { "small_area": "E01020658" }, "geometry": { "type": "Polygon", "coordinates": [ [ [ -1.65677, 54.79246 ], [ -1.6561, 54.79175 ], [ -1.66942, 54.78904 ], [ -1.67046, 54.80057 ], [ -1.67698, 54.79866 ], [ -1.67432, 54.80372 ], [ -1.66624, 54.80129 ], [ -1.65677, 54.79246 ] ] ] } },
{ "type": "Feature", "properties": { "small_area": "E01008709" }, "geometry": { "type": "Polygon", "coordinates": [ [ [ -1.38752, 54.91635 ], [ -1.40041, 54.91654 ], [ -1.3982, 54.9217 ], [ -1.38752, 54.91635 ] ] ] } },
{ "type": "Feature", "properties": { "small_area": "E01020613" }, "geometry": { "type": "Polygon", "coordinates": [ [ [ -1.58332, 54.89066 ], [ -1.5807, 54.88105 ], [ -1.59613, 54.87606 ], [ -1.60074, 54.87787 ], [ -1.59778, 54.88339 ], [ -1.59427, 54.88156 ], [ -1.58997, 54.88428 ], [ -1.60267, 54.88671 ], [ -1.60158, 54.89156 ], [ -1.59165, 54.89919 ], [ -1.58332, 54.89066 ] ] ] } },
{ "type": "Feature", "properties": { "small_area": "E01008365" }, "geometry": { "type": "Polygon", "coordinates": [ [ [ -1.58214, 54.98584 ], [ -1.58762, 54.98951 ], [ -1.58112, 54.99197 ], [ -1.57733, 54.98703 ], [ -1.58214, 54.98584 ] ] ] } },
{ "type": "Feature", "properties": { "small_area": "E01008364" }, "geometry": { "type": "Polygon", "coordinates": [ [ [ -1.57372, 54.98708 ], [ -1.57733, 54.98703 ], [ -1.58112, 54.99197 ], [ -1.57702, 54.99303 ], [ -1.57372, 54.98708 ] ] ] } },
{ "type": "Feature", "properties": { "small_area": "E01008362" }, "geometry": { "type": "Polygon", "coordinates": [ [ [ -1.58204, 54.98476 ], [ -1.57518, 54.98207 ], [ -1.58053, 54.9803 ], [ -1.58204, 54.98476 ] ] ] } },
{ "type": "Feature", "properties": { "small_area": "E01012013" }, "geometry": { "type": "Polygon", "coordinates": [ [ [ -1.26541, 54.56602 ], [ -1.25865, 54.56597 ], [ -1.26133, 54.55704 ], [ -1.27045, 54.56315 ], [ -1.27822, 54.56088 ], [ -1.27085, 54.55691 ], [ -1.27584, 54.55902 ], [ -1.27809, 54.56071 ], [ -1.28158, 54.5647 ], [ -1.2589, 54.57116 ], [ -1.26541, 54.56602 ] ] ] } },
{ "type": "Feature", "properties": { "small_area": "E01012196" }, "geometry": { "type": "Polygon", "coordinates": [ [ [ -1.28698, 54.60159 ], [ -1.28719, 54.60575 ], [ -1.27235, 54.60976 ], [ -1.28018, 54.60328 ], [ -1.27551, 54.60022 ], [ -1.28698, 54.60159 ] ] ] } },
{ "type": "Feature", "properties": { "small_area": "E01033077" }, "geometry": { "type": "Polygon", "coordinates": [ [ [ -1.39728, 54.86826 ], [ -1.40576, 54.86437 ], [ -1.41506, 54.86545 ], [ -1.41354, 54.87038 ], [ -1.40377, 54.87353 ], [ -1.39728, 54.86826 ] ] ] } },
{ "type": "Feature", "properties": { "small_area": "E01033076" }, "geometry": { "type": "Polygon", "coordinates": [ [ [ -1.43197, 54.90217 ], [ -1.43754, 54.90173 ], [ -1.43774, 54.90584 ], [ -1.42852, 54.90833 ], [ -1.42761, 54.90459 ], [ -1.43197, 54.90217 ] ] ] } },
{ "type": "Feature", "properties": { "small_area": "E01012270" }, "geometry": { "type": "Polygon", "coordinates": [ [ [ -1.34786, 54.5338 ], [ -1.34123, 54.53699 ], [ -1.34493, 54.53194 ], [ -1.33905, 54.53041 ], [ -1.33991, 54.52688 ], [ -1.36471, 54.53604 ], [ -1.36305, 54.53824 ], [ -1.34786, 54.5338 ] ] ] } },
{ "type": "Feature", "properties": { "small_area": "E01012273" }, "geometry": { "type": "Polygon", "coordinates": [ [ [ -1.33301, 54.58996 ], [ -1.33817, 54.58728 ], [ -1.34354, 54.59456 ], [ -1.33301, 54.58996 ] ] ] } },
{ "type": "Feature", "properties": { "small_area": "E01012271" }, "geometry": { "type": "Polygon", "coordinates": [ [ [ -1.32026, 54.58032 ], [ -1.31589, 54.5768 ], [ -1.32884, 54.57777 ], [ -1.33091, 54.58121 ], [ -1.32843, 54.58668 ], [ -1.32026, 54.58032 ] ] ] } },
{ "type": "Feature", "properties": { "small_area": "E01032544" }, "geometry": { "type": "Polygon", "coordinates": [ [ [ -1.3471, 54.57896 ], [ -1.34103, 54.57786 ], [ -1.35518, 54.57629 ], [ -1.35807, 54.57963 ], [ -1.35329, 54.57988 ], [ -1.35495, 54.58336 ], [ -1.34571, 54.58493 ], [ -1.3471, 54.57896 ] ] ] } },
{ "type": "Feature", "properties": { "small_area": "E01032545" }, "geometry": { "type": "Polygon", "coordinates": [ [ [ -1.54668, 54.55049 ], [ -1.5409, 54.55929 ], [ -1.53987, 54.55281 ], [ -1.54029, 54.54901 ], [ -1.54668, 54.55049 ] ] ] } },
{ "type": "Feature", "properties": { "small_area": "E01032546" }, "geometry": { "type": "Polygon", "coordinates": [ [ [ -1.547, 54.55038 ], [ -1.56233, 54.55312 ], [ -1.56427, 54.5603 ], [ -1.54336, 54.55662 ], [ -1.547, 54.55038 ] ] ] } },
{ "type": "Feature", "properties": { "small_area": "E01008249" }, "geometry": { "type": "Polygon", "coordinates": [ [ [ -1.74628, 54.97711 ], [ -1.73759, 54.97142 ], [ -1.74069, 54.96767 ], [ -1.74704, 54.97237 ], [ -1.76241, 54.96828 ], [ -1.76271, 54.97655 ], [ -1.75563, 54.98175 ], [ -1.7441, 54.98027 ], [ -1.74628, 54.97711 ] ] ] } },
{ "type": "Feature", "properties": { "small_area": "E01008453" }, "geometry": { "type": "Polygon", "coordinates": [ [ [ -1.64692, 54.9794 ], [ -1.65297, 54.97943 ], [ -1.65668, 54.98386 ], [ -1.64118, 54.98476 ], [ -1.64692, 54.9794 ] ] ] } },
{ "type": "Feature", "properties": { "small_area": "E01032542" }, "geometry": { "type": "Polygon", "coordinates": [ [ [ -1.35702, 54.58716 ], [ -1.34646, 54.58541 ], [ -1.35495, 54.58336 ], [ -1.35702, 54.58716 ] ] ] } },
{ "type": "Feature", "properties": { "small_area": "E01032543" }, "geometry": { "type": "Polygon", "coordinates": [ [ [ -1.35702, 54.58716 ], [ -1.35329, 54.57988 ], [ -1.35807, 54.57963 ], [ -1.36233, 54.58459 ], [ -1.35702, 54.58716 ] ] ] } },
{ "type": "Feature", "properties": { "small_area": "E01012354" }, "geometry": { "type": "Polygon", "coordinates": [ [ [ -1.55319, 54.52832 ], [ -1.55639, 54.52755 ], [ -1.55825, 54.53061 ], [ -1.55553, 54.5364 ], [ -1.55274, 54.53531 ], [ -1.55319, 54.52832 ] ] ] } },
{ "type": "Feature", "properties": { "small_area": "E01008292" }, "geometry": { "type": "Polygon", "coordinates": [ [ [ -1.68274, 54.98214 ], [ -1.67977, 54.98138 ], [ -1.67941, 54.97667 ], [ -1.6871, 54.97845 ], [ -1.68274, 54.98214 ] ] ] } },
{ "type": "Feature", "properties": { "small_area": "E01008210" }, "geometry": { "type": "Polygon", "coordinates": [ [ [ -1.64166, 54.95017 ], [ -1.64434, 54.95724 ], [ -1.63804, 54.95586 ], [ -1.63576, 54.9502 ], [ -1.64166, 54.95017 ] ] ] } },
{ "type": "Feature", "properties": { "small_area": "E01008293" }, "geometry": { "type": "Polygon", "coordinates": [ [ [ -1.66716, 55.00194 ], [ -1.67184, 55.00484 ], [ -1.68029, 55.00367 ], [ -1.68018, 55.01025 ], [ -1.6657, 55.00894 ], [ -1.66716, 55.00194 ] ] ] } },
{ "type": "Feature", "properties": { "small_area": "E01008213" }, "geometry": { "type": "Polygon", "coordinates": [ [ [ -1.559, 54.94725 ], [ -1.57416, 54.94541 ], [ -1.57183, 54.94796 ], [ -1.559, 54.94725 ] ] ] } },
{ "type": "Feature", "properties": { "small_area": "E01008294" }, "geometry": { "type": "Polygon", "coordinates": [ [ [ -1.68018, 55.01025 ], [ -1.66614, 55.01442 ], [ -1.6657, 55.00894 ], [ -1.68018, 55.01025 ] ] ] } },
{ "type": "Feature", "properties": { "small_area": "E01008212" }, "geometry": { "type": "Polygon", "coordinates": [ [ [ -1.57763, 54.95246 ], [ -1.56721, 54.95421 ], [ -1.57416, 54.94541 ], [ -1.57811, 54.94656 ], [ -1.57763, 54.95246 ] ] ] } },
{ "type": "Feature", "properties": { "small_area": "E01008295" }, "geometry": { "type": "Polygon", "coordinates": [ [ [ -1.66215, 55.01008 ], [ -1.65935, 55.00421 ], [ -1.66713, 55.00171 ], [ -1.66614, 55.01442 ], [ -1.65784, 55.01392 ], [ -1.66215, 55.01008 ] ] ] } },
{ "type": "Feature", "properties": { "small_area": "E01008336" }, "geometry": { "type": "Polygon", "coordinates": [ [ [ -1.63989, 55.01687 ], [ -1.63522, 55.01426 ], [ -1.63895, 55.01089 ], [ -1.64412, 55.01413 ], [ -1.63989, 55.01687 ] ] ] } },
{ "type": "Feature", "properties": { "small_area": "E01008520" }, "geometry": { "type": "Polygon", "coordinates": [ [ [ -1.46445, 55.04094 ], [ -1.46645, 55.04148 ], [ -1.46305, 55.04715 ], [ -1.45271, 55.04573 ], [ -1.46445, 55.04094 ] ] ] } },
{ "type": "Feature", "properties": { "small_area": "E01012092" }, "geometry": { "type": "Polygon", "coordinates": [ [ [ -1.23854, 54.5708 ], [ -1.23202, 54.57034 ], [ -1.2299, 54.56663 ], [ -1.24115, 54.56535 ], [ -1.23854, 54.5708 ] ] ] } },
{ "type": "Feature", "properties": { "small_area": "E01012012" }, "geometry": { "type": "Polygon", "coordinates": [ [ [ -1.25901, 54.54667 ], [ -1.27627, 54.54897 ], [ -1.27165, 54.55372 ], [ -1.26718, 54.54977 ], [ -1.26203, 54.55126 ], [ -1.25901, 54.54667 ] ] ] } },
{ "type": "Feature", "properties": { "small_area": "E01012093" }, "geometry": { "type": "Polygon", "coordinates": [ [ [ -1.2299, 54.56663 ], [ -1.23202, 54.57034 ], [ -1.22758, 54.57002 ], [ -1.22737, 54.56642 ], [ -1.2299, 54.56663 ] ] ] } },
{ "type": "Feature", "properties": { "small_area": "E01012015" }, "geometry": { "type": "Polygon", "coordinates": [ [ [ -1.18353, 54.55614 ], [ -1.18193, 54.55446 ], [ -1.1914, 54.55049 ], [ -1.1946, 54.55315 ], [ -1.18353, 54.55614 ] ] ] } },
{ "type": "Feature", "properties": { "small_area": "E01012146" }, "geometry": { "type": "Polygon", "coordinates": [ [ [ -1.15449, 54.55412 ], [ -1.16012, 54.55093 ], [ -1.17071, 54.5574 ], [ -1.16537, 54.5605 ], [ -1.15449, 54.55412 ] ] ] } },
{ "type": "Feature", "properties": { "small_area": "E01012147" }, "geometry": { "type": "Polygon", "coordinates": [ [ [ -1.15233, 54.54791 ], [ -1.16107, 54.54548 ], [ -1.16012, 54.55093 ], [ -1.15449, 54.55412 ], [ -1.15001, 54.55181 ], [ -1.15233, 54.54791 ] ] ] } },
{ "type": "Feature", "properties": { "small_area": "E01027553" }, "geometry": { "type": "Polygon", "coordinates": [ [ [ -1.56589, 55.16588 ], [ -1.5717, 55.14601 ], [ -1.57019, 55.14115 ], [ -1.58956, 55.14462 ], [ -1.59274, 55.15583 ], [ -1.5845, 55.15749 ], [ -1.5848, 55.16235 ], [ -1.57697, 55.16205 ], [ -1.58074, 55.16891 ], [ -1.56589, 55.16588 ] ] ] } },
{ "type": "Feature", "properties": { "small_area": "E01027552" }, "geometry": { "type": "Polygon", "coordinates": [ [ [ -1.52492, 55.16051 ], [ -1.51615, 55.14349 ], [ -1.49871, 55.12963 ], [ -1.48668, 55.11646 ], [ -1.49863, 55.12844 ], [ -1.52193, 55.14357 ], [ -1.522, 55.1407 ], [ -1.53315, 55.13909 ], [ -1.55813, 55.14692 ], [ -1.53396, 55.13766 ], [ -1.55903, 55.13455 ], [ -1.55648, 55.14185 ], [ -1.5717, 55.14601 ], [ -1.56589, 55.16588 ], [ -1.52492, 55.16051 ] ] ] } },
{ "type": "Feature", "properties": { "small_area": "E01027554" }, "geometry": { "type": "Polygon", "coordinates": [ [ [ -1.57697, 55.16205 ], [ -1.58811, 55.16464 ], [ -1.58258, 55.16922 ], [ -1.57697, 55.16205 ] ] ] } },
{ "type": "Feature", "properties": { "small_area": "E01012200" }, "geometry": { "type": "Polygon", "coordinates": [ [ [ -1.34959, 54.51479 ], [ -1.36468, 54.5091 ], [ -1.36434, 54.51554 ], [ -1.37177, 54.51989 ], [ -1.35525, 54.51932 ], [ -1.34959, 54.51479 ] ] ] } },
{ "type": "Feature", "properties": { "small_area": "E01012281" }, "geometry": { "type": "Polygon", "coordinates": [ [ [ -1.2935, 54.59272 ], [ -1.28954, 54.58931 ], [ -1.29697, 54.59211 ], [ -1.29291, 54.59677 ], [ -1.28339, 54.59398 ], [ -1.2935, 54.59272 ] ] ] } },
{ "type": "Feature", "properties": { "small_area": "E01012282" }, "geometry": { "type": "Polygon", "coordinates": [ [ [ -1.29989, 54.53307 ], [ -1.29353, 54.53138 ], [ -1.29046, 54.51964 ], [ -1.28831, 54.52205 ], [ -1.28293, 54.51665 ], [ -1.29114, 54.51258 ], [ -1.30111, 54.52346 ], [ -1.29989, 54.53307 ] ] ] } },
{ "type": "Feature", "properties": { "small_area": "E01027550" }, "geometry": { "type": "Polygon", "coordinates": [ [ [ -1.56776, 55.13196 ], [ -1.57161, 55.1327 ], [ -1.56892, 55.13971 ], [ -1.56273, 55.1389 ], [ -1.56188, 55.14421 ], [ -1.55648, 55.14185 ], [ -1.55903, 55.13455 ], [ -1.56776, 55.13196 ] ] ] } },
{ "type": "Feature", "properties": { "small_area": "E01012201" }, "geometry": { "type": "Polygon", "coordinates": [ [ [ -1.35744, 54.51748 ], [ -1.36498, 54.52097 ], [ -1.38156, 54.51926 ], [ -1.38612, 54.52394 ], [ -1.35629, 54.52582 ], [ -1.35735, 54.52074 ], [ -1.3516, 54.52312 ], [ -1.35744, 54.51748 ] ] ] } },
{ "type": "Feature", "properties": { "small_area": "E01012325" }, "geometry": { "type": "Polygon", "coordinates": [ [ [ -1.51173, 54.53844 ], [ -1.51821, 54.53581 ], [ -1.52521, 54.53899 ], [ -1.51774, 54.5411 ], [ -1.52593, 54.54302 ], [ -1.51241, 54.54237 ], [ -1.51173, 54.53844 ] ] ] } },
{ "type": "Feature", "properties": { "small_area": "E01027361" }, "geometry": { "type": "MultiPolygon", "coordinates": [ [ [ [ -1.58612, 55.32867 ], [ -1.58772, 55.33447 ], [ -1.572, 55.33856 ], [ -1.56771, 55.33442 ], [ -1.57791, 55.33409 ], [ -1.58612, 55.32867 ] ] ], [ [ [ -1.5817, 55.33941 ], [ -1.57054, 55.3397 ], [ -1.58199, 55.3376 ], [ -1.59441, 55.34326 ], [ -1.58858, 55.34525 ], [ -1.5817, 55.33941 ] ] ] ] } },
{ "type": "Feature", "properties": { "small_area": "E01012059" }, "geometry": { "type": "Polygon", "coordinates": [ [ [ -1.21369, 54.56637 ], [ -1.21953, 54.57207 ], [ -1.20884, 54.57467 ], [ -1.20398, 54.57402 ], [ -1.21369, 54.56637 ] ] ] } },
{ "type": "Feature", "properties": { "small_area": "E01027363" }, "geometry": { "type": "Polygon", "coordinates": [ [ [ -1.57305, 55.32593 ], [ -1.57893, 55.33174 ], [ -1.57791, 55.33409 ], [ -1.56771, 55.33442 ], [ -1.56056, 55.32871 ], [ -1.57305, 55.32593 ] ] ] } },
{ "type": "Feature", "properties": { "small_area": "E01012058" }, "geometry": { "type": "Polygon", "coordinates": [ [ [ -1.20721, 54.57218 ], [ -1.20753, 54.56741 ], [ -1.21369, 54.56637 ], [ -1.20721, 54.57218 ] ] ] } },
{ "type": "Feature", "properties": { "small_area": "E01008198" }, "geometry": { "type": "Polygon", "coordinates": [ [ [ -1.79073, 54.96653 ], [ -1.79045, 54.96223 ], [ -1.79697, 54.9636 ], [ -1.79883, 54.97182 ], [ -1.79307, 54.96861 ], [ -1.78964, 54.9719 ], [ -1.78229, 54.96939 ], [ -1.79073, 54.96653 ] ] ] } },
{ "type": "Feature", "properties": { "small_area": "E01008199" }, "geometry": { "type": "Polygon", "coordinates": [ [ [ -1.78649, 54.9631 ], [ -1.79073, 54.96653 ], [ -1.78281, 54.96837 ], [ -1.7814, 54.96395 ], [ -1.78649, 54.9631 ] ] ] } },
{ "type": "Feature", "properties": { "small_area": "E01008378" }, "geometry": { "type": "Polygon", "coordinates": [ [ [ -1.64092, 54.99728 ], [ -1.63923, 54.99937 ], [ -1.64408, 55.00019 ], [ -1.63846, 55.00213 ], [ -1.62939, 54.99635 ], [ -1.64092, 54.99728 ] ] ] } },
{ "type": "Feature", "properties": { "small_area": "E01027537" }, "geometry": { "type": "Polygon", "coordinates": [ [ [ -1.55988, 55.16969 ], [ -1.56497, 55.16808 ], [ -1.56672, 55.17619 ], [ -1.56346, 55.17652 ], [ -1.55988, 55.16969 ] ] ] } },
{ "type": "Feature", "properties": { "small_area": "E01008379" }, "geometry": { "type": "Polygon", "coordinates": [ [ [ -1.63923, 54.99937 ], [ -1.64092, 54.99728 ], [ -1.62863, 54.9951 ], [ -1.63813, 54.98914 ], [ -1.6545, 54.99776 ], [ -1.64633, 55.00072 ], [ -1.63923, 54.99937 ] ] ] } },
{ "type": "Feature", "properties": { "small_area": "E01027534" }, "geometry": { "type": "Polygon", "coordinates": [ [ [ -1.5845, 55.15749 ], [ -1.5888, 55.15634 ], [ -1.59108, 55.16207 ], [ -1.60287, 55.15861 ], [ -1.60039, 55.16467 ], [ -1.58811, 55.16464 ], [ -1.5845, 55.15749 ] ] ] } },
{ "type": "Feature", "properties": { "small_area": "E01027536" }, "geometry": { "type": "Polygon", "coordinates": [ [ [ -1.5833, 55.16934 ], [ -1.57784, 55.177 ], [ -1.57433, 55.17725 ], [ -1.57134, 55.1715 ], [ -1.57734, 55.16809 ], [ -1.5833, 55.16934 ] ] ] } },
{ "type": "Feature", "properties": { "small_area": "E01027535" }, "geometry": { "type": "Polygon", "coordinates": [ [ [ -1.58258, 55.16922 ], [ -1.59228, 55.1628 ], [ -1.60039, 55.16467 ], [ -1.59152, 55.17076 ], [ -1.58258, 55.16922 ] ] ] } },
{ "type": "Feature", "properties": { "small_area": "E01012339" }, "geometry": { "type": "Polygon", "coordinates": [ [ [ -1.5306, 54.48352 ], [ -1.53037, 54.47621 ], [ -1.51948, 54.47155 ], [ -1.53271, 54.46914 ], [ -1.54988, 54.47358 ], [ -1.55433, 54.48305 ], [ -1.54165, 54.48654 ], [ -1.53764, 54.49294 ], [ -1.52568, 54.49263 ], [ -1.52647, 54.48696 ], [ -1.53184, 54.48738 ], [ -1.5253, 54.48507 ], [ -1.5306, 54.48352 ] ] ] } },
{ "type": "Feature", "properties": { "small_area": "E01027532" }, "geometry": { "type": "Polygon", "coordinates": [ [ [ -1.54381, 55.17173 ], [ -1.54311, 55.16172 ], [ -1.55899, 55.16447 ], [ -1.5622, 55.17482 ], [ -1.55868, 55.17568 ], [ -1.55305, 55.17072 ], [ -1.54381, 55.17173 ] ] ] } },
{ "type": "Feature", "properties": { "small_area": "E01012338" }, "geometry": { "type": "Polygon", "coordinates": [ [ [ -1.47817, 54.51105 ], [ -1.48438, 54.49553 ], [ -1.4722, 54.47602 ], [ -1.46258, 54.47587 ], [ -1.4597, 54.46906 ], [ -1.45347, 54.46646 ], [ -1.46279, 54.46131 ], [ -1.45491, 54.45348 ], [ -1.46172, 54.45114 ], [ -1.47204, 54.45559 ], [ -1.46761, 54.46214 ], [ -1.47536, 54.47383 ], [ -1.49904, 54.47567 ], [ -1.49151, 54.48608 ], [ -1.50524, 54.48241 ], [ -1.51133, 54.475 ], [ -1.51344, 54.48332 ], [ -1.53184, 54.48738 ], [ -1.52647, 54.48696 ], [ -1.52568, 54.49263 ], [ -1.53764, 54.49294 ], [ -1.54165, 54.48654 ], [ -1.55433, 54.48305 ], [ -1.57418, 54.49108 ], [ -1.58178, 54.4992 ], [ -1.57948, 54.50531 ], [ -1.59195, 54.50444 ], [ -1.58433, 54.50796 ], [ -1.54909, 54.50847 ], [ -1.54797, 54.51184 ], [ -1.52987, 54.50471 ], [ -1.52831, 54.5087 ], [ -1.50719, 54.51509 ], [ -1.50821, 54.51247 ], [ -1.50007, 54.51105 ], [ -1.50216, 54.50918 ], [ -1.48875, 54.50884 ], [ -1.48362, 54.51197 ], [ -1.47817, 54.51105 ] ] ] } },
{ "type": "Feature", "properties": { "small_area": "E01008603" }, "geometry": { "type": "Polygon", "coordinates": [ [ [ -1.46039, 54.95954 ], [ -1.47124, 54.95866 ], [ -1.47331, 54.96458 ], [ -1.46228, 54.9633 ], [ -1.46039, 54.95954 ] ] ] } },
{ "type": "Feature", "properties": { "small_area": "E01008682" }, "geometry": { "type": "Polygon", "coordinates": [ [ [ -1.41709, 54.97181 ], [ -1.42454, 54.96998 ], [ -1.42992, 54.97468 ], [ -1.42212, 54.97595 ], [ -1.41709, 54.97181 ] ] ] } },
{ "type": "Feature", "properties": { "small_area": "E01008683" }, "geometry": { "type": "Polygon", "coordinates": [ [ [ -1.43555, 54.98318 ], [ -1.43132, 54.98613 ], [ -1.42746, 54.98351 ], [ -1.43555, 54.98318 ] ] ] } },
{ "type": "Feature", "properties": { "small_area": "E01008602" }, "geometry": { "type": "Polygon", "coordinates": [ [ [ -1.46228, 54.9633 ], [ -1.47331, 54.96458 ], [ -1.47493, 54.96907 ], [ -1.46671, 54.96823 ], [ -1.46228, 54.9633 ] ] ] } },
{ "type": "Feature", "properties": { "small_area": "E01008684" }, "geometry": { "type": "Polygon", "coordinates": [ [ [ -1.38909, 54.97566 ], [ -1.38262, 54.97935 ], [ -1.3758, 54.97554 ], [ -1.3845, 54.97454 ], [ -1.38493, 54.97199 ], [ -1.38909, 54.97566 ] ] ] } },
{ "type": "Feature", "properties": { "small_area": "E01008605" }, "geometry": { "type": "Polygon", "coordinates": [ [ [ -1.45101, 54.96465 ], [ -1.45485, 54.96171 ], [ -1.44865, 54.96145 ], [ -1.46039, 54.95954 ], [ -1.45742, 54.96494 ], [ -1.45101, 54.96465 ] ] ] } },
{ "type": "Feature", "properties": { "small_area": "E01008604" }, "geometry": { "type": "MultiPolygon", "coordinates": [ [ [ [ -1.45814, 54.97677 ], [ -1.46426, 54.97906 ], [ -1.4585, 54.97908 ], [ -1.45814, 54.97677 ] ] ], [ [ [ -1.46475, 54.98379 ], [ -1.45657, 54.98559 ], [ -1.45686, 54.98054 ], [ -1.46966, 54.98008 ], [ -1.46916, 54.98093 ], [ -1.47226, 54.98473 ], [ -1.46475, 54.98379 ] ] ], [ [ [ -1.47271, 54.98468 ], [ -1.46946, 54.98076 ], [ -1.47352, 54.97959 ], [ -1.47634, 54.98504 ], [ -1.48428, 54.9806 ], [ -1.49028, 54.98259 ], [ -1.49083, 54.97952 ], [ -1.50104, 54.98132 ], [ -1.50639, 54.98605 ], [ -1.47231, 54.98622 ], [ -1.47271, 54.98468 ] ] ] ] } },
{ "type": "Feature", "properties": { "small_area": "E01008685" }, "geometry": { "type": "Polygon", "coordinates": [ [ [ -1.36431, 54.95294 ], [ -1.36563, 54.95617 ], [ -1.38242, 54.95907 ], [ -1.38064, 54.96423 ], [ -1.38668, 54.97082 ], [ -1.3845, 54.97454 ], [ -1.3758, 54.97554 ], [ -1.38262, 54.97935 ], [ -1.36069, 54.9713 ], [ -1.35344, 54.95742 ], [ -1.36431, 54.95294 ] ] ] } },
{ "type": "Feature", "properties": { "small_area": "E01008600" }, "geometry": { "type": "MultiPolygon", "coordinates": [ [ [ [ -1.46272, 54.97367 ], [ -1.4787, 54.97572 ], [ -1.47209, 54.97958 ], [ -1.45814, 54.97677 ], [ -1.46272, 54.97367 ] ] ], [ [ [ -1.47352, 54.97959 ], [ -1.47881, 54.97582 ], [ -1.49083, 54.97952 ], [ -1.49028, 54.98259 ], [ -1.48428, 54.9806 ], [ -1.47634, 54.98504 ], [ -1.47352, 54.97959 ] ] ] ] } },
{ "type": "Feature", "properties": { "small_area": "E01008681" }, "geometry": { "type": "Polygon", "coordinates": [ [ [ -1.41058, 54.97166 ], [ -1.41709, 54.97181 ], [ -1.42212, 54.97595 ], [ -1.41522, 54.97947 ], [ -1.41058, 54.97166 ] ] ] } },
{ "type": "Feature", "properties": { "small_area": "E01012231" }, "geometry": { "type": "Polygon", "coordinates": [ [ [ -1.31684, 54.50996 ], [ -1.32079, 54.51183 ], [ -1.33636, 54.50854 ], [ -1.33605, 54.51406 ], [ -1.32056, 54.51375 ], [ -1.31684, 54.50996 ] ] ] } },
{ "type": "Feature", "properties": { "small_area": "E01012357" }, "geometry": { "type": "Polygon", "coordinates": [ [ [ -1.54776, 54.51289 ], [ -1.55044, 54.51332 ], [ -1.54919, 54.51624 ], [ -1.55518, 54.51621 ], [ -1.54561, 54.52218 ], [ -1.54776, 54.51289 ] ] ] } },
{ "type": "Feature", "properties": { "small_area": "E01012356" }, "geometry": { "type": "Polygon", "coordinates": [ [ [ -1.55518, 54.51621 ], [ -1.56383, 54.52188 ], [ -1.56155, 54.52273 ], [ -1.54884, 54.52123 ], [ -1.55518, 54.51621 ] ] ] } },
{ "type": "Feature", "properties": { "small_area": "E01027512" }, "geometry": { "type": "Polygon", "coordinates": [ [ [ -2.47686, 54.96286 ], [ -2.43835, 54.96832 ], [ -2.4252, 54.96238 ], [ -2.40621, 54.96745 ], [ -2.40382, 54.96374 ], [ -2.3718, 54.96474 ], [ -2.36981, 54.96017 ], [ -2.38499, 54.95033 ], [ -2.38578, 54.93985 ], [ -2.39456, 54.93848 ], [ -2.39136, 54.934 ], [ -2.31971, 54.94223 ], [ -2.31154, 54.93894 ], [ -2.31299, 54.93466 ], [ -2.30704, 54.9316 ], [ -2.31481, 54.92965 ], [ -2.30397, 54.9214 ], [ -2.30878, 54.91982 ], [ -2.31283, 54.92321 ], [ -2.33827, 54.91263 ], [ -2.34457, 54.90493 ], [ -2.33827, 54.89452 ], [ -2.34403, 54.88081 ], [ -2.34114, 54.8656 ], [ -2.3613, 54.85803 ], [ -2.39272, 54.83451 ], [ -2.40162, 54.85148 ], [ -2.41162, 54.85642 ], [ -2.42164, 54.8436 ], [ -2.45221, 54.83202 ], [ -2.46058, 54.83417 ], [ -2.49558, 54.81024 ], [ -2.53375, 54.8067 ], [ -2.56429, 54.82098 ], [ -2.58267, 54.84586 ], [ -2.57335, 54.85354 ], [ -2.60542, 54.88438 ], [ -2.57607, 54.89704 ], [ -2.56621, 54.91923 ], [ -2.54539, 54.92863 ], [ -2.56018, 54.93409 ], [ -2.56764, 54.94085 ], [ -2.57128, 54.94836 ], [ -2.56842, 54.95828 ], [ -2.53406, 54.95693 ], [ -2.51045, 54.96313 ], [ -2.50725, 54.9693 ], [ -2.47686, 54.96286 ] ] ] } },
{ "type": "Feature", "properties": { "small_area": "E01008178" }, "geometry": { "type": "Polygon", "coordinates": [ [ [ -1.7167, 54.95603 ], [ -1.72392, 54.95628 ], [ -1.71817, 54.96116 ], [ -1.71086, 54.96051 ], [ -1.7167, 54.95603 ] ] ] } },
{ "type": "Feature", "properties": { "small_area": "E01008177" }, "geometry": { "type": "Polygon", "coordinates": [ [ [ -1.70841, 54.9654 ], [ -1.71086, 54.96051 ], [ -1.72505, 54.96388 ], [ -1.71889, 54.96679 ], [ -1.70841, 54.9654 ] ] ] } },
{ "type": "Feature", "properties": { "small_area": "E01008751" }, "geometry": { "type": "Polygon", "coordinates": [ [ [ -1.4789, 54.85097 ], [ -1.49036, 54.84713 ], [ -1.49529, 54.85062 ], [ -1.4815, 54.8551 ], [ -1.4789, 54.85097 ] ] ] } },
{ "type": "Feature", "properties": { "small_area": "E01008753" }, "geometry": { "type": "Polygon", "coordinates": [ [ [ -1.47688, 54.84474 ], [ -1.48204, 54.84797 ], [ -1.48712, 54.84503 ], [ -1.49036, 54.84713 ], [ -1.47635, 54.85426 ], [ -1.47428, 54.84783 ], [ -1.47688, 54.84474 ] ] ] } },
{ "type": "Feature", "properties": { "small_area": "E01008750" }, "geometry": { "type": "Polygon", "coordinates": [ [ [ -1.48372, 54.83831 ], [ -1.49334, 54.83526 ], [ -1.50331, 54.83662 ], [ -1.49573, 54.83891 ], [ -1.49036, 54.84713 ], [ -1.48372, 54.83831 ] ] ] } },
{ "type": "Feature", "properties": { "small_area": "E01008755" }, "geometry": { "type": "Polygon", "coordinates": [ [ [ -1.49573, 54.83891 ], [ -1.50371, 54.83804 ], [ -1.50706, 54.84709 ], [ -1.49442, 54.84347 ], [ -1.49573, 54.83891 ] ] ] } },
{ "type": "Feature", "properties": { "small_area": "E01008752" }, "geometry": { "type": "Polygon", "coordinates": [ [ [ -1.49442, 54.84347 ], [ -1.50706, 54.84709 ], [ -1.50764, 54.8504 ], [ -1.49529, 54.85062 ], [ -1.49036, 54.84713 ], [ -1.49442, 54.84347 ] ] ] } },
{ "type": "Feature", "properties": { "small_area": "E01008754" }, "geometry": { "type": "Polygon", "coordinates": [ [ [ -1.46738, 54.84325 ], [ -1.47249, 54.83881 ], [ -1.48712, 54.84503 ], [ -1.48204, 54.84797 ], [ -1.47688, 54.84474 ], [ -1.47428, 54.84783 ], [ -1.46738, 54.84325 ] ] ] } },
{ "type": "Feature", "properties": { "small_area": "E01008544" }, "geometry": { "type": "Polygon", "coordinates": [ [ [ -1.45054, 55.00732 ], [ -1.44408, 55.00432 ], [ -1.44475, 55.00345 ], [ -1.45863, 55.00367 ], [ -1.45054, 55.00732 ] ] ] } },
{ "type": "Feature", "properties": { "small_area": "E01008278" }, "geometry": { "type": "Polygon", "coordinates": [ [ [ -1.72029, 54.93752 ], [ -1.71863, 54.93139 ], [ -1.73765, 54.9266 ], [ -1.74324, 54.93569 ], [ -1.75163, 54.93755 ], [ -1.76942, 54.93421 ], [ -1.77127, 54.94215 ], [ -1.76565, 54.94759 ], [ -1.7381, 54.95464 ], [ -1.72029, 54.93752 ] ] ] } },
{ "type": "Feature", "properties": { "small_area": "E01008277" }, "geometry": { "type": "Polygon", "coordinates": [ [ [ -1.7212, 54.94562 ], [ -1.72605, 54.95123 ], [ -1.73237, 54.95005 ], [ -1.72786, 54.95311 ], [ -1.71869, 54.95288 ], [ -1.71621, 54.94739 ], [ -1.7212, 54.94562 ] ] ] } },
{ "type": "Feature", "properties": { "small_area": "E01008675" }, "geometry": { "type": "Polygon", "coordinates": [ [ [ -1.41617, 54.99139 ], [ -1.42102, 54.98843 ], [ -1.42001, 54.99285 ], [ -1.41617, 54.99139 ] ] ] } },
{ "type": "Feature", "properties": { "small_area": "E01008674" }, "geometry": { "type": "Polygon", "coordinates": [ [ [ -1.4071, 54.98043 ], [ -1.41405, 54.97842 ], [ -1.42033, 54.98253 ], [ -1.41768, 54.98731 ], [ -1.41327, 54.98576 ], [ -1.41659, 54.98365 ], [ -1.41046, 54.98433 ], [ -1.4071, 54.98043 ] ] ] } },
{ "type": "Feature", "properties": { "small_area": "E01008672" }, "geometry": { "type": "Polygon", "coordinates": [ [ [ -1.45329, 54.96937 ], [ -1.45826, 54.96839 ], [ -1.46031, 54.97098 ], [ -1.45086, 54.97658 ], [ -1.45815, 54.97689 ], [ -1.45686, 54.98054 ], [ -1.45068, 54.9771 ], [ -1.44476, 54.98027 ], [ -1.44216, 54.97544 ], [ -1.45329, 54.96937 ] ] ] } },
{ "type": "Feature", "properties": { "small_area": "E01008843" }, "geometry": { "type": "Polygon", "coordinates": [ [ [ -1.51071, 54.89166 ], [ -1.5223, 54.88935 ], [ -1.52359, 54.89807 ], [ -1.51071, 54.89166 ] ] ] } },
{ "type": "Feature", "properties": { "small_area": "E01008840" }, "geometry": { "type": "Polygon", "coordinates": [ [ [ -1.46287, 54.92575 ], [ -1.46643, 54.93013 ], [ -1.45259, 54.93369 ], [ -1.46287, 54.92575 ] ] ] } },
{ "type": "Feature", "properties": { "small_area": "E01027380" }, "geometry": { "type": "MultiPolygon", "coordinates": [ [ [ [ -1.79241, 55.68874 ], [ -1.78868, 55.68489 ], [ -1.7802, 55.68618 ], [ -1.77856, 55.66779 ], [ -1.80415, 55.66967 ], [ -1.81018, 55.6806 ], [ -1.8297, 55.68352 ], [ -1.84271, 55.67876 ], [ -1.85222, 55.6816 ], [ -1.8537, 55.68758 ], [ -1.82008, 55.6846 ], [ -1.79241, 55.68874 ] ] ], [ [ [ -1.9192, 55.71199 ], [ -1.912, 55.70496 ], [ -1.88408, 55.69446 ], [ -1.8802, 55.6853 ], [ -1.88562, 55.68396 ], [ -1.87323, 55.68279 ], [ -1.87406, 55.67556 ], [ -1.86617, 55.66593 ], [ -1.87001, 55.66592 ], [ -1.84104, 55.64566 ], [ -1.8467, 55.64671 ], [ -1.839, 55.64235 ], [ -1.84945, 55.63447 ], [ -1.84336, 55.63061 ], [ -1.84778, 55.6276 ], [ -1.85711, 55.63121 ], [ -1.89277, 55.62841 ], [ -1.91961, 55.63374 ], [ -1.91087, 55.64204 ], [ -1.93013, 55.64547 ], [ -1.9392, 55.66004 ], [ -1.94829, 55.66033 ], [ -1.95765, 55.66879 ], [ -1.97609, 55.67175 ], [ -2.00351, 55.67066 ], [ -2.0074, 55.67662 ], [ -2.01756, 55.67869 ], [ -2.01589, 55.68225 ], [ -2.03965, 55.67851 ], [ -2.06743, 55.68296 ], [ -2.0729, 55.70645 ], [ -2.05597, 55.70796 ], [ -2.05714, 55.71211 ], [ -2.0423, 55.72159 ], [ -2.01642, 55.71733 ], [ -2.01601, 55.72258 ], [ -2.0071, 55.72581 ], [ -2.01239, 55.73794 ], [ -1.99834, 55.74638 ], [ -1.98326, 55.75097 ], [ -1.96321, 55.73828 ], [ -1.96076, 55.73327 ], [ -1.9192, 55.71199 ] ] ] ] } },
{ "type": "Feature", "properties": { "small_area": "E01008837" }, "geometry": { "type": "Polygon", "coordinates": [ [ [ -1.44165, 54.92985 ], [ -1.44783, 54.92733 ], [ -1.45201, 54.93377 ], [ -1.44204, 54.93343 ], [ -1.44165, 54.92985 ] ] ] } },
{ "type": "Feature", "properties": { "small_area": "E01012068" }, "geometry": { "type": "Polygon", "coordinates": [ [ [ -1.24161, 54.57125 ], [ -1.24116, 54.57354 ], [ -1.23356, 54.57799 ], [ -1.22894, 54.57477 ], [ -1.23047, 54.57023 ], [ -1.24161, 54.57125 ] ] ] } },
{ "type": "Feature", "properties": { "small_area": "E01020701" }, "geometry": { "type": "Polygon", "coordinates": [ [ [ -1.51408, 54.71552 ], [ -1.51032, 54.71883 ], [ -1.51313, 54.72069 ], [ -1.49899, 54.71968 ], [ -1.50111, 54.71439 ], [ -1.51408, 54.71552 ] ] ] } },
{ "type": "Feature", "properties": { "small_area": "E01020780" }, "geometry": { "type": "Polygon", "coordinates": [ [ [ -1.339, 54.75589 ], [ -1.34415, 54.75629 ], [ -1.34204, 54.75876 ], [ -1.35087, 54.76233 ], [ -1.34037, 54.76417 ], [ -1.33587, 54.76066 ], [ -1.339, 54.75589 ] ] ] } },
{ "type": "Feature", "properties": { "small_area": "E01012134" }, "geometry": { "type": "Polygon", "coordinates": [ [ [ -0.8004, 54.551 ], [ -0.81566, 54.55249 ], [ -0.83105, 54.54542 ], [ -0.85024, 54.52591 ], [ -0.85851, 54.53053 ], [ -0.85501, 54.53532 ], [ -0.8618, 54.53631 ], [ -0.86072, 54.55205 ], [ -0.87319, 54.55126 ], [ -0.87652, 54.55363 ], [ -0.87319, 54.5557 ], [ -0.87609, 54.55987 ], [ -0.88561, 54.55604 ], [ -0.89008, 54.56252 ], [ -0.89955, 54.56413 ], [ -0.89817, 54.57194 ], [ -0.87196, 54.56967 ], [ -0.85299, 54.57173 ], [ -0.80879, 54.55856 ], [ -0.78842, 54.56078 ], [ -0.8004, 54.551 ] ] ] } },
{ "type": "Feature", "properties": { "small_area": "E01012108" }, "geometry": { "type": "Polygon", "coordinates": [ [ [ -1.12965, 54.56387 ], [ -1.13745, 54.5619 ], [ -1.14032, 54.56731 ], [ -1.12965, 54.56387 ] ] ] } },
{ "type": "Feature", "properties": { "small_area": "E01012189" }, "geometry": { "type": "Polygon", "coordinates": [ [ [ -1.36473, 54.57104 ], [ -1.36424, 54.57816 ], [ -1.35894, 54.57551 ], [ -1.35923, 54.56939 ], [ -1.36473, 54.57104 ] ] ] } },
{ "type": "Feature", "properties": { "small_area": "E01008163" }, "geometry": { "type": "Polygon", "coordinates": [ [ [ -1.60551, 54.95509 ], [ -1.59833, 54.95914 ], [ -1.59008, 54.95125 ], [ -1.60551, 54.95509 ] ] ] } },
{ "type": "Feature", "properties": { "small_area": "E01012109" }, "geometry": { "type": "Polygon", "coordinates": [ [ [ -1.12917, 54.56012 ], [ -1.13517, 54.55795 ], [ -1.12965, 54.56387 ], [ -1.13497, 54.56749 ], [ -1.12118, 54.56798 ], [ -1.11712, 54.57294 ], [ -1.10924, 54.57149 ], [ -1.09521, 54.57645 ], [ -1.089, 54.58245 ], [ -1.08357, 54.57246 ], [ -1.12917, 54.56012 ] ] ] } },
{ "type": "Feature", "properties": { "small_area": "E01012188" }, "geometry": { "type": "Polygon", "coordinates": [ [ [ -1.36473, 54.57104 ], [ -1.38836, 54.56954 ], [ -1.37471, 54.57978 ], [ -1.36473, 54.57104 ] ] ] } },
{ "type": "Feature", "properties": { "small_area": "E01008651" }, "geometry": { "type": "Polygon", "coordinates": [ [ [ -1.4036, 54.98327 ], [ -1.3967, 54.98591 ], [ -1.38951, 54.98307 ], [ -1.39459, 54.98423 ], [ -1.39756, 54.98039 ], [ -1.4036, 54.98327 ] ] ] } },
{ "type": "Feature", "properties": { "small_area": "E01008653" }, "geometry": { "type": "Polygon", "coordinates": [ [ [ -1.51036, 54.97411 ], [ -1.5159, 54.97798 ], [ -1.50926, 54.98004 ], [ -1.50642, 54.9782 ], [ -1.51036, 54.97411 ] ] ] } },
{ "type": "Feature", "properties": { "small_area": "E01008650" }, "geometry": { "type": "Polygon", "coordinates": [ [ [ -1.39946, 54.98077 ], [ -1.4071, 54.98043 ], [ -1.41081, 54.98506 ], [ -1.39946, 54.98077 ] ] ] } },
{ "type": "Feature", "properties": { "small_area": "E01008655" }, "geometry": { "type": "Polygon", "coordinates": [ [ [ -1.49722, 54.97472 ], [ -1.50699, 54.97042 ], [ -1.51036, 54.97411 ], [ -1.50642, 54.9782 ], [ -1.49722, 54.97472 ] ] ] } },
{ "type": "Feature", "properties": { "small_area": "E01008652" }, "geometry": { "type": "Polygon", "coordinates": [ [ [ -1.50178, 54.97624 ], [ -1.50926, 54.98004 ], [ -1.50104, 54.98132 ], [ -1.49649, 54.98068 ], [ -1.50178, 54.97624 ] ] ] } },
{ "type": "Feature", "properties": { "small_area": "E01008654" }, "geometry": { "type": "Polygon", "coordinates": [ [ [ -1.49722, 54.97472 ], [ -1.50178, 54.97624 ], [ -1.49602, 54.97875 ], [ -1.49722, 54.97472 ] ] ] } },
{ "type": "Feature", "properties": { "small_area": "E01008866" }, "geometry": { "type": "Polygon", "coordinates": [ [ [ -1.54656, 54.8804 ], [ -1.5507, 54.88007 ], [ -1.54732, 54.88885 ], [ -1.54041, 54.88897 ], [ -1.53854, 54.88206 ], [ -1.54656, 54.8804 ] ] ] } },
{ "type": "Feature", "properties": { "small_area": "E01008821" }, "geometry": { "type": "Polygon", "coordinates": [ [ [ -1.41103, 54.92451 ], [ -1.42039, 54.92619 ], [ -1.42077, 54.92999 ], [ -1.41246, 54.9358 ], [ -1.40748, 54.92684 ], [ -1.41103, 54.92451 ] ] ] } },
{ "type": "Feature", "properties": { "small_area": "E01008823" }, "geometry": { "type": "Polygon", "coordinates": [ [ [ -1.43778, 54.8816 ], [ -1.43604, 54.87736 ], [ -1.43855, 54.87645 ], [ -1.4438, 54.88265 ], [ -1.43298, 54.88903 ], [ -1.43437, 54.8823 ], [ -1.43778, 54.8816 ] ] ] } },
{ "type": "Feature", "properties": { "small_area": "E01012175" }, "geometry": { "type": "Polygon", "coordinates": [ [ [ -1.15241, 54.57156 ], [ -1.14487, 54.56614 ], [ -1.14628, 54.56435 ], [ -1.15206, 54.56601 ], [ -1.15241, 54.57156 ] ] ] } },
{ "type": "Feature", "properties": { "small_area": "E01012174" }, "geometry": { "type": "Polygon", "coordinates": [ [ [ -1.16045, 54.55576 ], [ -1.17019, 54.56128 ], [ -1.16362, 54.56341 ], [ -1.1596, 54.56219 ], [ -1.16045, 54.55576 ] ] ] } },
{ "type": "Feature", "properties": { "small_area": "E01012177" }, "geometry": { "type": "Polygon", "coordinates": [ [ [ -1.0545, 54.60092 ], [ -1.0483, 54.60552 ], [ -1.03997, 54.59448 ], [ -1.04869, 54.59492 ], [ -1.0545, 54.60092 ] ] ] } },
{ "type": "Feature", "properties": { "small_area": "E01012176" }, "geometry": { "type": "Polygon", "coordinates": [ [ [ -1.0483, 54.60552 ], [ -1.05142, 54.60308 ], [ -1.05954, 54.6054 ], [ -1.05879, 54.60903 ], [ -1.05251, 54.60957 ], [ -1.0483, 54.60552 ] ] ] } },
{ "type": "Feature", "properties": { "small_area": "E01008491" }, "geometry": { "type": "Polygon", "coordinates": [ [ [ -1.48338, 55.01627 ], [ -1.47935, 55.01728 ], [ -1.48201, 55.01242 ], [ -1.49778, 55.00916 ], [ -1.5033, 55.01272 ], [ -1.49062, 55.02122 ], [ -1.48337, 55.01975 ], [ -1.48338, 55.01627 ] ] ] } },
{ "type": "Feature", "properties": { "small_area": "E01020609" }, "geometry": { "type": "Polygon", "coordinates": [ [ [ -1.54808, 54.84031 ], [ -1.55388, 54.83871 ], [ -1.55907, 54.84171 ], [ -1.55607, 54.84629 ], [ -1.53928, 54.84431 ], [ -1.53959, 54.84047 ], [ -1.54816, 54.83673 ], [ -1.54808, 54.84031 ] ] ] } },
{ "type": "Feature", "properties": { "small_area": "E01020688" }, "geometry": { "type": "Polygon", "coordinates": [ [ [ -1.61984, 54.76088 ], [ -1.63464, 54.75418 ], [ -1.63566, 54.74942 ], [ -1.63915, 54.75175 ], [ -1.63916, 54.74905 ], [ -1.64717, 54.74889 ], [ -1.64671, 54.7452 ], [ -1.66623, 54.75582 ], [ -1.65417, 54.75665 ], [ -1.65395, 54.76087 ], [ -1.64098, 54.76408 ], [ -1.61984, 54.76088 ] ] ] } },
{ "type": "Feature", "properties": { "small_area": "E01012344" }, "geometry": { "type": "Polygon", "coordinates": [ [ [ -1.45739, 54.5145 ], [ -1.47048, 54.50946 ], [ -1.46736, 54.50251 ], [ -1.4755, 54.49875 ], [ -1.45918, 54.49426 ], [ -1.46182, 54.48594 ], [ -1.45757, 54.48147 ], [ -1.46258, 54.47587 ], [ -1.4722, 54.47602 ], [ -1.48438, 54.49553 ], [ -1.47817, 54.51105 ], [ -1.48757, 54.51574 ], [ -1.48185, 54.51943 ], [ -1.47344, 54.51246 ], [ -1.46837, 54.5147 ], [ -1.47236, 54.52088 ], [ -1.45739, 54.5145 ] ] ] } },
{ "type": "Feature", "properties": { "small_area": "E01008338" }, "geometry": { "type": "Polygon", "coordinates": [ [ [ -1.64412, 55.01413 ], [ -1.643, 55.01256 ], [ -1.64491, 55.0107 ], [ -1.65785, 55.01392 ], [ -1.65386, 55.01749 ], [ -1.64412, 55.01413 ] ] ] } },
{ "type": "Feature", "properties": { "small_area": "E01008642" }, "geometry": { "type": "Polygon", "coordinates": [ [ [ -1.51777, 54.97118 ], [ -1.53043, 54.9582 ], [ -1.52917, 54.96329 ], [ -1.53416, 54.96509 ], [ -1.53267, 54.97262 ], [ -1.51777, 54.97118 ] ] ] } },
{ "type": "Feature", "properties": { "small_area": "E01020856" }, "geometry": { "type": "Polygon", "coordinates": [ [ [ -1.79389, 54.62062 ], [ -1.79065, 54.61421 ], [ -1.76205, 54.60423 ], [ -1.77377, 54.60143 ], [ -1.84328, 54.61022 ], [ -1.84392, 54.61399 ], [ -1.83155, 54.6161 ], [ -1.8236, 54.62545 ], [ -1.79389, 54.62062 ] ] ] } },
{ "type": "Feature", "properties": { "small_area": "E01008769" }, "geometry": { "type": "Polygon", "coordinates": [ [ [ -1.36423, 54.86671 ], [ -1.37278, 54.86752 ], [ -1.37365, 54.87016 ], [ -1.35893, 54.87052 ], [ -1.36423, 54.86671 ] ] ] } },
{ "type": "Feature", "properties": { "small_area": "E01008768" }, "geometry": { "type": "Polygon", "coordinates": [ [ [ -1.34743, 54.86062 ], [ -1.36729, 54.85781 ], [ -1.37332, 54.86198 ], [ -1.35893, 54.87052 ], [ -1.35967, 54.8728 ], [ -1.35407, 54.87311 ], [ -1.34743, 54.86062 ] ] ] } },
{ "type": "Feature", "properties": { "small_area": "E01020816" }, "geometry": { "type": "Polygon", "coordinates": [ [ [ -1.59431, 54.61494 ], [ -1.60057, 54.61663 ], [ -1.59766, 54.62415 ], [ -1.59132, 54.62754 ], [ -1.59482, 54.62062 ], [ -1.59124, 54.62187 ], [ -1.59431, 54.61494 ] ] ] } },
{ "type": "Feature", "properties": { "small_area": "E01008468" }, "geometry": { "type": "Polygon", "coordinates": [ [ [ -1.49778, 55.00916 ], [ -1.50581, 55.00749 ], [ -1.51233, 55.01047 ], [ -1.50801, 55.01242 ], [ -1.51031, 55.01442 ], [ -1.49778, 55.00916 ] ] ] } },
{ "type": "Feature", "properties": { "small_area": "E01008469" }, "geometry": { "type": "Polygon", "coordinates": [ [ [ -1.55849, 55.00554 ], [ -1.57197, 55.00392 ], [ -1.5726, 55.0068 ], [ -1.57728, 55.00568 ], [ -1.58044, 55.01135 ], [ -1.55949, 55.01206 ], [ -1.55849, 55.00554 ] ] ] } },
{ "type": "Feature", "properties": { "small_area": "E01012193" }, "geometry": { "type": "Polygon", "coordinates": [ [ [ -1.32389, 54.58832 ], [ -1.32267, 54.58634 ], [ -1.31346, 54.58866 ], [ -1.31038, 54.58487 ], [ -1.32558, 54.58504 ], [ -1.32389, 54.58832 ] ] ] } },
{ "type": "Feature", "properties": { "small_area": "E01008424" }, "geometry": { "type": "Polygon", "coordinates": [ [ [ -1.60345, 55.00317 ], [ -1.60651, 55.00432 ], [ -1.60673, 55.00836 ], [ -1.60106, 55.00974 ], [ -1.60345, 55.00317 ] ] ] } },
{ "type": "Feature", "properties": { "small_area": "E01008427" }, "geometry": { "type": "Polygon", "coordinates": [ [ [ -1.55696, 54.96716 ], [ -1.54214, 54.96389 ], [ -1.53642, 54.96784 ], [ -1.54169, 54.96264 ], [ -1.55675, 54.96113 ], [ -1.55696, 54.96716 ] ] ] } },
{ "type": "Feature", "properties": { "small_area": "E01012212" }, "geometry": { "type": "Polygon", "coordinates": [ [ [ -1.3308, 54.5912 ], [ -1.33146, 54.58886 ], [ -1.34101, 54.5947 ], [ -1.33371, 54.59579 ], [ -1.33304, 54.59886 ], [ -1.32928, 54.59396 ], [ -1.31956, 54.59254 ], [ -1.3308, 54.5912 ] ] ] } },
{ "type": "Feature", "properties": { "small_area": "E01008426" }, "geometry": { "type": "Polygon", "coordinates": [ [ [ -1.5576, 54.96911 ], [ -1.55929, 54.97412 ], [ -1.55409, 54.97506 ], [ -1.55149, 54.9711 ], [ -1.5576, 54.96911 ] ] ] } },
{ "type": "Feature", "properties": { "small_area": "E01008425" }, "geometry": { "type": "Polygon", "coordinates": [ [ [ -1.53642, 54.96784 ], [ -1.54214, 54.96389 ], [ -1.5476, 54.96642 ], [ -1.5476, 54.97537 ], [ -1.53543, 54.97545 ], [ -1.53642, 54.96784 ] ] ] } },
{ "type": "Feature", "properties": { "small_area": "E01008422" }, "geometry": { "type": "Polygon", "coordinates": [ [ [ -1.60299, 54.99941 ], [ -1.5977, 54.99756 ], [ -1.61623, 54.99546 ], [ -1.61723, 54.99805 ], [ -1.61046, 55.00258 ], [ -1.60601, 55.00083 ], [ -1.60651, 55.00432 ], [ -1.60299, 54.99941 ] ] ] } },
{ "type": "Feature", "properties": { "small_area": "E01027436" }, "geometry": { "type": "Polygon", "coordinates": [ [ [ -1.52971, 55.06856 ], [ -1.52685, 55.06367 ], [ -1.53496, 55.06438 ], [ -1.54752, 55.05667 ], [ -1.54681, 55.06358 ], [ -1.55415, 55.06537 ], [ -1.5522, 55.06832 ], [ -1.55906, 55.06831 ], [ -1.56295, 55.06279 ], [ -1.57821, 55.06316 ], [ -1.57422, 55.07157 ], [ -1.564, 55.07674 ], [ -1.54669, 55.07689 ], [ -1.52971, 55.06856 ] ] ] } },
{ "type": "Feature", "properties": { "small_area": "E01020719" }, "geometry": { "type": "Polygon", "coordinates": [ [ [ -1.56869, 54.7965 ], [ -1.57189, 54.79925 ], [ -1.56326, 54.80059 ], [ -1.56233, 54.80503 ], [ -1.5607, 54.79776 ], [ -1.56869, 54.7965 ] ] ] } },
{ "type": "Feature", "properties": { "small_area": "E01020798" }, "geometry": { "type": "Polygon", "coordinates": [ [ [ -1.54006, 54.69254 ], [ -1.5372, 54.68528 ], [ -1.541, 54.68391 ], [ -1.54669, 54.68728 ], [ -1.54006, 54.69254 ] ] ] } },
{ "type": "Feature", "properties": { "small_area": "E01020718" }, "geometry": { "type": "Polygon", "coordinates": [ [ [ -1.58071, 54.79808 ], [ -1.57707, 54.80421 ], [ -1.57178, 54.80435 ], [ -1.57227, 54.79921 ], [ -1.58071, 54.79808 ] ] ] } },
{ "type": "Feature", "properties": { "small_area": "E01020799" }, "geometry": { "type": "Polygon", "coordinates": [ [ [ -1.54598, 54.6846 ], [ -1.55093, 54.6838 ], [ -1.5532, 54.68905 ], [ -1.54396, 54.69174 ], [ -1.54598, 54.6846 ] ] ] } },
{ "type": "Feature", "properties": { "small_area": "E01008833" }, "geometry": { "type": "Polygon", "coordinates": [ [ [ -1.40491, 54.89497 ], [ -1.4096, 54.90054 ], [ -1.40284, 54.90178 ], [ -1.40623, 54.89918 ], [ -1.40172, 54.89865 ], [ -1.40491, 54.89497 ] ] ] } },
{ "type": "Feature", "properties": { "small_area": "E01027526" }, "geometry": { "type": "Polygon", "coordinates": [ [ [ -1.59152, 55.17076 ], [ -1.58402, 55.17693 ], [ -1.57815, 55.1754 ], [ -1.5833, 55.16934 ], [ -1.59152, 55.17076 ] ] ] } },
{ "type": "Feature", "properties": { "small_area": "E01008449" }, "geometry": { "type": "Polygon", "coordinates": [ [ [ -1.63961, 54.97343 ], [ -1.64921, 54.97489 ], [ -1.64642, 54.97922 ], [ -1.64003, 54.97763 ], [ -1.63961, 54.97343 ] ] ] } },
{ "type": "Feature", "properties": { "small_area": "E01008448" }, "geometry": { "type": "Polygon", "coordinates": [ [ [ -1.71121, 55.00463 ], [ -1.72101, 55.00276 ], [ -1.72016, 55.00083 ], [ -1.7279, 55.00256 ], [ -1.71722, 55.01109 ], [ -1.71121, 55.00463 ] ] ] } },
{ "type": "Feature", "properties": { "small_area": "E01012156" }, "geometry": { "type": "Polygon", "coordinates": [ [ [ -1.00933, 54.59598 ], [ -0.99735, 54.58682 ], [ -1.0112, 54.58864 ], [ -1.01638, 54.59824 ], [ -1.00933, 54.59598 ] ] ] } },
{ "type": "Feature", "properties": { "small_area": "E01020751" }, "geometry": { "type": "Polygon", "coordinates": [ [ [ -1.34412, 54.78661 ], [ -1.34616, 54.79257 ], [ -1.33199, 54.79415 ], [ -1.3339, 54.79747 ], [ -1.32596, 54.79941 ], [ -1.32198, 54.79402 ], [ -1.34412, 54.78661 ] ] ] } },
{ "type": "Feature", "properties": { "small_area": "E01020750" }, "geometry": { "type": "Polygon", "coordinates": [ [ [ -1.36751, 54.82914 ], [ -1.37353, 54.83186 ], [ -1.3564, 54.83216 ], [ -1.36751, 54.82914 ] ] ] } },
{ "type": "Feature", "properties": { "small_area": "E01020753" }, "geometry": { "type": "Polygon", "coordinates": [ [ [ -1.33312, 54.7781 ], [ -1.34412, 54.78661 ], [ -1.33198, 54.7893 ], [ -1.3254, 54.7874 ], [ -1.32271, 54.78186 ], [ -1.33312, 54.7781 ] ] ] } },
{ "type": "Feature", "properties": { "small_area": "E01011959" }, "geometry": { "type": "Polygon", "coordinates": [ [ [ -1.26412, 54.71714 ], [ -1.23891, 54.70175 ], [ -1.26537, 54.69969 ], [ -1.26613, 54.6815 ], [ -1.2546, 54.67372 ], [ -1.25272, 54.66674 ], [ -1.24834, 54.66669 ], [ -1.25197, 54.66073 ], [ -1.28223, 54.65427 ], [ -1.28297, 54.64579 ], [ -1.27342, 54.64179 ], [ -1.29815, 54.63522 ], [ -1.307, 54.63697 ], [ -1.31635, 54.64522 ], [ -1.32824, 54.6444 ], [ -1.33457, 54.63154 ], [ -1.3408, 54.6365 ], [ -1.38375, 54.64622 ], [ -1.34124, 54.6502 ], [ -1.34784, 54.66238 ], [ -1.33302, 54.67264 ], [ -1.33089, 54.68123 ], [ -1.33226, 54.68701 ], [ -1.34464, 54.69081 ], [ -1.31936, 54.69132 ], [ -1.31265, 54.69594 ], [ -1.31384, 54.70122 ], [ -1.30131, 54.70809 ], [ -1.30551, 54.71751 ], [ -1.29029, 54.71839 ], [ -1.27229, 54.7256 ], [ -1.25855, 54.72605 ], [ -1.25185, 54.71961 ], [ -1.26412, 54.71714 ] ] ] } },
{ "type": "Feature", "properties": { "small_area": "E01008588" }, "geometry": { "type": "Polygon", "coordinates": [ [ [ -1.44405, 55.04052 ], [ -1.43915, 55.04325 ], [ -1.4355, 55.04021 ], [ -1.43784, 55.03738 ], [ -1.44405, 55.04052 ] ] ] } },
{ "type": "Feature", "properties": { "small_area": "E01008509" }, "geometry": { "type": "Polygon", "coordinates": [ [ [ -1.50295, 55.00297 ], [ -1.49902, 54.99979 ], [ -1.50908, 54.99937 ], [ -1.5103, 55.00438 ], [ -1.50103, 55.00572 ], [ -1.49822, 55.00322 ], [ -1.50295, 55.00297 ] ] ] } },
{ "type": "Feature", "properties": { "small_area": "E01008508" }, "geometry": { "type": "Polygon", "coordinates": [ [ [ -1.49922, 55.00127 ], [ -1.50295, 55.00297 ], [ -1.49543, 55.00672 ], [ -1.48617, 54.99971 ], [ -1.49922, 55.00127 ] ] ] } },
{ "type": "Feature", "properties": { "small_area": "E01008589" }, "geometry": { "type": "Polygon", "coordinates": [ [ [ -1.43766, 55.03706 ], [ -1.4495, 55.03396 ], [ -1.44659, 55.04199 ], [ -1.43766, 55.03706 ] ] ] } },
{ "type": "Feature", "properties": { "small_area": "E01008871" }, "geometry": { "type": "Polygon", "coordinates": [ [ [ -1.53468, 54.88824 ], [ -1.54243, 54.89287 ], [ -1.53783, 54.89525 ], [ -1.53468, 54.88824 ] ] ] } },
{ "type": "Feature", "properties": { "small_area": "E01032647" }, "geometry": { "type": "Polygon", "coordinates": [ [ [ -1.52633, 55.03837 ], [ -1.51116, 55.02884 ], [ -1.52338, 55.02918 ], [ -1.53443, 55.0356 ], [ -1.52633, 55.03837 ] ] ] } },
{ "type": "Feature", "properties": { "small_area": "E01027429" }, "geometry": { "type": "Polygon", "coordinates": [ [ [ -1.51287, 55.11585 ], [ -1.52218, 55.11606 ], [ -1.52005, 55.12212 ], [ -1.50834, 55.12145 ], [ -1.51287, 55.11585 ] ] ] } },
{ "type": "Feature", "properties": { "small_area": "E01008418" }, "geometry": { "type": "Polygon", "coordinates": [ [ [ -1.60601, 55.00083 ], [ -1.61579, 55.00243 ], [ -1.61725, 55.00731 ], [ -1.61104, 55.00572 ], [ -1.60673, 55.00836 ], [ -1.60601, 55.00083 ] ] ] } },
{ "type": "Feature", "properties": { "small_area": "E01033476" }, "geometry": { "type": "Polygon", "coordinates": [ [ [ -1.32994, 54.63107 ], [ -1.32993, 54.62708 ], [ -1.34139, 54.62243 ], [ -1.33976, 54.62573 ], [ -1.34765, 54.62713 ], [ -1.35151, 54.6329 ], [ -1.36651, 54.6298 ], [ -1.38624, 54.63508 ], [ -1.38776, 54.63905 ], [ -1.38032, 54.6435 ], [ -1.368, 54.64354 ], [ -1.35681, 54.63837 ], [ -1.34088, 54.63653 ], [ -1.32994, 54.63107 ] ] ] } },
{ "type": "Feature", "properties": { "small_area": "E01020734" }, "geometry": { "type": "Polygon", "coordinates": [ [ [ -1.35196, 54.77062 ], [ -1.34862, 54.76484 ], [ -1.35215, 54.76307 ], [ -1.35659, 54.76363 ], [ -1.35844, 54.7717 ], [ -1.34394, 54.77347 ], [ -1.34368, 54.77053 ], [ -1.35196, 54.77062 ] ] ] } },
{ "type": "Feature", "properties": { "small_area": "E01020737" }, "geometry": { "type": "Polygon", "coordinates": [ [ [ -1.27706, 54.75046 ], [ -1.28716, 54.74804 ], [ -1.29286, 54.75067 ], [ -1.2958, 54.74913 ], [ -1.29033, 54.74471 ], [ -1.31032, 54.74183 ], [ -1.31376, 54.75422 ], [ -1.29131, 54.76011 ], [ -1.27706, 54.75046 ] ] ] } },
{ "type": "Feature", "properties": { "small_area": "E01008810" }, "geometry": { "type": "Polygon", "coordinates": [ [ [ -1.43754, 54.90173 ], [ -1.43197, 54.90217 ], [ -1.42922, 54.89744 ], [ -1.43608, 54.90143 ], [ -1.4371, 54.89847 ], [ -1.44105, 54.89909 ], [ -1.43874, 54.89514 ], [ -1.44395, 54.90052 ], [ -1.44752, 54.89948 ], [ -1.44345, 54.90786 ], [ -1.43774, 54.90584 ], [ -1.43754, 54.90173 ] ] ] } },
{ "type": "Feature", "properties": { "small_area": "E01012341" }, "geometry": { "type": "Polygon", "coordinates": [ [ [ -1.53281, 54.51472 ], [ -1.53646, 54.5142 ], [ -1.53431, 54.51843 ], [ -1.52801, 54.51957 ], [ -1.53281, 54.51472 ] ] ] } },
{ "type": "Feature", "properties": { "small_area": "E01027464" }, "geometry": { "type": "Polygon", "coordinates": [ [ [ -1.75335, 55.03159 ], [ -1.75031, 55.0405 ], [ -1.75286, 55.04402 ], [ -1.74535, 55.04895 ], [ -1.74312, 55.05516 ], [ -1.74086, 55.0501 ], [ -1.73386, 55.0485 ], [ -1.73649, 55.04312 ], [ -1.7313, 55.04157 ], [ -1.74571, 55.03975 ], [ -1.74988, 55.03071 ], [ -1.75335, 55.03159 ] ] ] } },
{ "type": "Feature", "properties": { "small_area": "E01027465" }, "geometry": { "type": "Polygon", "coordinates": [ [ [ -1.69132, 55.06972 ], [ -1.7046, 55.07093 ], [ -1.70409, 55.06582 ], [ -1.71375, 55.06547 ], [ -1.71053, 55.05274 ], [ -1.69791, 55.05237 ], [ -1.6949, 55.04289 ], [ -1.70864, 55.04225 ], [ -1.71588, 55.03711 ], [ -1.71443, 55.03402 ], [ -1.72691, 55.03315 ], [ -1.73931, 55.02959 ], [ -1.74002, 55.02457 ], [ -1.75023, 55.02401 ], [ -1.74571, 55.03975 ], [ -1.7313, 55.04157 ], [ -1.73649, 55.04312 ], [ -1.73386, 55.0485 ], [ -1.74086, 55.0501 ], [ -1.74312, 55.05516 ], [ -1.74874, 55.05719 ], [ -1.76415, 55.08366 ], [ -1.75723, 55.08973 ], [ -1.73929, 55.09547 ], [ -1.73016, 55.09505 ], [ -1.71866, 55.08926 ], [ -1.71266, 55.0936 ], [ -1.70798, 55.08608 ], [ -1.71558, 55.08166 ], [ -1.71537, 55.07445 ], [ -1.6911, 55.07282 ], [ -1.69132, 55.06972 ] ] ] } },
{ "type": "Feature", "properties": { "small_area": "E01008851" }, "geometry": { "type": "Polygon", "coordinates": [ [ [ -1.50973, 54.89443 ], [ -1.50644, 54.89675 ], [ -1.50246, 54.89458 ], [ -1.51071, 54.89166 ], [ -1.5179, 54.89506 ], [ -1.51708, 54.89755 ], [ -1.50973, 54.89443 ] ] ] } },
{ "type": "Feature", "properties": { "small_area": "E01008215" }, "geometry": { "type": "Polygon", "coordinates": [ [ [ -1.56094, 54.95361 ], [ -1.55519, 54.95052 ], [ -1.57183, 54.94796 ], [ -1.56721, 54.95421 ], [ -1.57128, 54.95449 ], [ -1.56988, 54.96141 ], [ -1.57967, 54.96304 ], [ -1.56824, 54.96387 ], [ -1.55855, 54.95967 ], [ -1.56094, 54.95361 ] ] ] } },
{ "type": "Feature", "properties": { "small_area": "E01008291" }, "geometry": { "type": "Polygon", "coordinates": [ [ [ -1.6472, 54.9688 ], [ -1.64785, 54.96581 ], [ -1.66605, 54.96462 ], [ -1.65965, 54.96715 ], [ -1.66052, 54.97094 ], [ -1.6472, 54.9688 ] ] ] } },
{ "type": "Feature", "properties": { "small_area": "E01008211" }, "geometry": { "type": "Polygon", "coordinates": [ [ [ -1.64366, 54.94687 ], [ -1.64908, 54.95232 ], [ -1.6434, 54.95386 ], [ -1.64166, 54.95017 ], [ -1.63576, 54.9502 ], [ -1.64366, 54.94687 ] ] ] } },
{ "type": "Feature", "properties": { "small_area": "E01027374" }, "geometry": { "type": "Polygon", "coordinates": [ [ [ -1.77836, 55.61462 ], [ -1.7683, 55.6028 ], [ -1.75819, 55.61166 ], [ -1.74232, 55.61856 ], [ -1.7228, 55.61682 ], [ -1.71648, 55.61229 ], [ -1.692, 55.60616 ], [ -1.67737, 55.59558 ], [ -1.69187, 55.59619 ], [ -1.68957, 55.59389 ], [ -1.70159, 55.58885 ], [ -1.69503, 55.58457 ], [ -1.69751, 55.58069 ], [ -1.6913, 55.57796 ], [ -1.70793, 55.57838 ], [ -1.72108, 55.5731 ], [ -1.72548, 55.57761 ], [ -1.73784, 55.5785 ], [ -1.74279, 55.57386 ], [ -1.73538, 55.55834 ], [ -1.75305, 55.55551 ], [ -1.75459, 55.55032 ], [ -1.76082, 55.54835 ], [ -1.75093, 55.54198 ], [ -1.7446, 55.53174 ], [ -1.76639, 55.52634 ], [ -1.79357, 55.52615 ], [ -1.79519, 55.52271 ], [ -1.80873, 55.5207 ], [ -1.82318, 55.52844 ], [ -1.82579, 55.54068 ], [ -1.82239, 55.54827 ], [ -1.80862, 55.55011 ], [ -1.82226, 55.55606 ], [ -1.84193, 55.55388 ], [ -1.84107, 55.55851 ], [ -1.85313, 55.56892 ], [ -1.85073, 55.57027 ], [ -1.87309, 55.578 ], [ -1.88263, 55.58499 ], [ -1.89103, 55.59956 ], [ -1.87488, 55.59793 ], [ -1.86591, 55.60015 ], [ -1.8618, 55.60538 ], [ -1.85019, 55.60882 ], [ -1.84101, 55.60719 ], [ -1.81675, 55.61999 ], [ -1.8024, 55.62096 ], [ -1.79208, 55.61432 ], [ -1.77836, 55.61462 ] ] ] } },
{ "type": "Feature", "properties": { "small_area": "E01020904" }, "geometry": { "type": "Polygon", "coordinates": [ [ [ -1.69733, 54.70713 ], [ -1.70162, 54.7048 ], [ -1.70916, 54.70757 ], [ -1.70892, 54.70428 ], [ -1.71469, 54.70707 ], [ -1.71251, 54.71195 ], [ -1.70602, 54.71363 ], [ -1.71591, 54.72103 ], [ -1.73647, 54.72744 ], [ -1.71702, 54.73461 ], [ -1.70768, 54.72019 ], [ -1.69336, 54.71319 ], [ -1.69733, 54.70713 ] ] ] } },
{ "type": "Feature", "properties": { "small_area": "E01020907" }, "geometry": { "type": "Polygon", "coordinates": [ [ [ -1.68354, 54.63592 ], [ -1.69308, 54.64151 ], [ -1.68305, 54.64523 ], [ -1.68671, 54.64782 ], [ -1.67903, 54.64998 ], [ -1.68354, 54.63592 ] ] ] } },
{ "type": "Feature", "properties": { "small_area": "E01020905" }, "geometry": { "type": "Polygon", "coordinates": [ [ [ -1.88558, 54.72721 ], [ -1.88363, 54.73115 ], [ -1.89093, 54.73593 ], [ -1.89013, 54.74534 ], [ -1.87639, 54.73731 ], [ -1.87943, 54.73542 ], [ -1.87127, 54.73573 ], [ -1.86254, 54.7291 ], [ -1.86204, 54.72345 ], [ -1.88558, 54.72721 ] ] ] } },
{ "type": "Feature", "properties": { "small_area": "E01012267" }, "geometry": { "type": "Polygon", "coordinates": [ [ [ -1.3164, 54.56821 ], [ -1.31234, 54.56399 ], [ -1.32208, 54.56419 ], [ -1.31474, 54.57299 ], [ -1.31231, 54.57164 ], [ -1.3164, 54.56821 ] ] ] } },
{ "type": "Feature", "properties": { "small_area": "E01027399" }, "geometry": { "type": "Polygon", "coordinates": [ [ [ -1.56699, 55.08928 ], [ -1.57403, 55.08939 ], [ -1.57744, 55.09477 ], [ -1.56684, 55.0931 ], [ -1.56699, 55.08928 ] ] ] } },
{ "type": "Feature", "properties": { "small_area": "E01008776" }, "geometry": { "type": "Polygon", "coordinates": [ [ [ -1.42, 54.87628 ], [ -1.43071, 54.87914 ], [ -1.42498, 54.88212 ], [ -1.42, 54.87628 ] ] ] } },
{ "type": "Feature", "properties": { "small_area": "E01020801" }, "geometry": { "type": "Polygon", "coordinates": [ [ [ -1.63974, 54.62829 ], [ -1.65376, 54.62662 ], [ -1.65486, 54.63317 ], [ -1.63974, 54.62829 ] ] ] } },
{ "type": "Feature", "properties": { "small_area": "E01020880" }, "geometry": { "type": "Polygon", "coordinates": [ [ [ -1.62445, 54.65103 ], [ -1.64653, 54.64549 ], [ -1.6483, 54.64055 ], [ -1.65868, 54.64467 ], [ -1.654, 54.64752 ], [ -1.65739, 54.65082 ], [ -1.65372, 54.66029 ], [ -1.64808, 54.66254 ], [ -1.62445, 54.65103 ] ] ] } },
{ "type": "Feature", "properties": { "small_area": "E01020881" }, "geometry": { "type": "Polygon", "coordinates": [ [ [ -1.65739, 54.65082 ], [ -1.654, 54.64752 ], [ -1.67688, 54.64278 ], [ -1.67969, 54.63566 ], [ -1.68354, 54.63592 ], [ -1.68105, 54.64312 ], [ -1.66334, 54.6543 ], [ -1.66625, 54.6557 ], [ -1.65804, 54.656 ], [ -1.65372, 54.66029 ], [ -1.65739, 54.65082 ] ] ] } },
{ "type": "Feature", "properties": { "small_area": "E01008329" }, "geometry": { "type": "Polygon", "coordinates": [ [ [ -1.6994, 54.98622 ], [ -1.71088, 54.9896 ], [ -1.70627, 54.99399 ], [ -1.6994, 54.98622 ] ] ] } },
{ "type": "Feature", "properties": { "small_area": "E01020882" }, "geometry": { "type": "Polygon", "coordinates": [ [ [ -1.69765, 54.66275 ], [ -1.70409, 54.66051 ], [ -1.70398, 54.65393 ], [ -1.7102, 54.65241 ], [ -1.70382, 54.64757 ], [ -1.72888, 54.6446 ], [ -1.74127, 54.66106 ], [ -1.73825, 54.6723 ], [ -1.72972, 54.67298 ], [ -1.72904, 54.66923 ], [ -1.71699, 54.67214 ], [ -1.69765, 54.66275 ] ] ] } },
{ "type": "Feature", "properties": { "small_area": "E01011983" }, "geometry": { "type": "Polygon", "coordinates": [ [ [ -1.23406, 54.69095 ], [ -1.23569, 54.67702 ], [ -1.24183, 54.67646 ], [ -1.24263, 54.68326 ], [ -1.23888, 54.68379 ], [ -1.24737, 54.68455 ], [ -1.24118, 54.69158 ], [ -1.23406, 54.69095 ] ] ] } },
{ "type": "Feature", "properties": { "small_area": "E01011982" }, "geometry": { "type": "Polygon", "coordinates": [ [ [ -1.24611, 54.68874 ], [ -1.24737, 54.68455 ], [ -1.23888, 54.68379 ], [ -1.24263, 54.68326 ], [ -1.24183, 54.67646 ], [ -1.2546, 54.67372 ], [ -1.26613, 54.6815 ], [ -1.26482, 54.69025 ], [ -1.24611, 54.68874 ] ] ] } },
{ "type": "Feature", "properties": { "small_area": "E01011979" }, "geometry": { "type": "Polygon", "coordinates": [ [ [ -1.23554, 54.66493 ], [ -1.2356, 54.66185 ], [ -1.24576, 54.6637 ], [ -1.24619, 54.667 ], [ -1.23554, 54.66493 ] ] ] } },
{ "type": "Feature", "properties": { "small_area": "E01027516" }, "geometry": { "type": "Polygon", "coordinates": [ [ [ -1.59159, 55.1339 ], [ -1.59005, 55.13029 ], [ -1.59966, 55.13264 ], [ -1.59821, 55.13889 ], [ -1.58486, 55.13628 ], [ -1.59159, 55.1339 ] ] ] } },
{ "type": "Feature", "properties": { "small_area": "E01012119" }, "geometry": { "type": "Polygon", "coordinates": [ [ [ -1.06431, 54.56531 ], [ -1.05575, 54.5645 ], [ -1.06244, 54.5606 ], [ -1.06034, 54.55683 ], [ -1.07188, 54.55523 ], [ -1.0731, 54.55158 ], [ -1.06043, 54.54563 ], [ -1.05442, 54.54813 ], [ -1.05178, 54.54554 ], [ -1.04192, 54.54574 ], [ -1.04484, 54.54282 ], [ -1.04003, 54.54064 ], [ -1.05252, 54.54198 ], [ -1.05015, 54.53841 ], [ -1.05706, 54.54321 ], [ -1.07695, 54.54347 ], [ -1.07209, 54.53675 ], [ -1.06505, 54.53508 ], [ -1.06161, 54.54061 ], [ -1.05997, 54.53696 ], [ -1.06362, 54.53439 ], [ -1.10618, 54.53269 ], [ -1.16047, 54.53306 ], [ -1.165, 54.53567 ], [ -1.16191, 54.53886 ], [ -1.14828, 54.53955 ], [ -1.12917, 54.56012 ], [ -1.06967, 54.57724 ], [ -1.06431, 54.56531 ] ] ] } },
{ "type": "Feature", "properties": { "small_area": "E01008702" }, "geometry": { "type": "Polygon", "coordinates": [ [ [ -1.37126, 54.90526 ], [ -1.37468, 54.90852 ], [ -1.36177, 54.91715 ], [ -1.35831, 54.91379 ], [ -1.35274, 54.91916 ], [ -1.35861, 54.91305 ], [ -1.35038, 54.9059 ], [ -1.35472, 54.90767 ], [ -1.35511, 54.90526 ], [ -1.37126, 54.90526 ] ] ] } },
{ "type": "Feature", "properties": { "small_area": "E01012298" }, "geometry": { "type": "Polygon", "coordinates": [ [ [ -1.34483, 54.49793 ], [ -1.34129, 54.49889 ], [ -1.34432, 54.50348 ], [ -1.33375, 54.50934 ], [ -1.33563, 54.4982 ], [ -1.34483, 54.49793 ] ] ] } },
{ "type": "Feature", "properties": { "small_area": "E01020879" }, "geometry": { "type": "Polygon", "coordinates": [ [ [ -1.7639, 54.71371 ], [ -1.75869, 54.71418 ], [ -1.75515, 54.71088 ], [ -1.7451, 54.71351 ], [ -1.74814, 54.70693 ], [ -1.76592, 54.7085 ], [ -1.77671, 54.71529 ], [ -1.7726, 54.71823 ], [ -1.76425, 54.71673 ], [ -1.7639, 54.71371 ] ] ] } },
{ "type": "Feature", "properties": { "small_area": "E01020596" }, "geometry": { "type": "Polygon", "coordinates": [ [ [ -1.57853, 54.86123 ], [ -1.58731, 54.86568 ], [ -1.58283, 54.8687 ], [ -1.57473, 54.86751 ], [ -1.57853, 54.86123 ] ] ] } },
{ "type": "Feature", "properties": { "small_area": "E01008620" }, "geometry": { "type": "Polygon", "coordinates": [ [ [ -1.41468, 54.94533 ], [ -1.4084, 54.94441 ], [ -1.40618, 54.93827 ], [ -1.42257, 54.93729 ], [ -1.42233, 54.94173 ], [ -1.43029, 54.93675 ], [ -1.43268, 54.94305 ], [ -1.42203, 54.94542 ], [ -1.43004, 54.94897 ], [ -1.42284, 54.94746 ], [ -1.41934, 54.9523 ], [ -1.41468, 54.94533 ] ] ] } },
{ "type": "Feature", "properties": { "small_area": "E01020653" }, "geometry": { "type": "Polygon", "coordinates": [ [ [ -1.76279, 54.88135 ], [ -1.75913, 54.8762 ], [ -1.75513, 54.88065 ], [ -1.747, 54.8815 ], [ -1.75037, 54.87199 ], [ -1.7596, 54.87406 ], [ -1.77018, 54.86308 ], [ -1.78048, 54.86532 ], [ -1.78739, 54.87788 ], [ -1.77467, 54.88786 ], [ -1.77327, 54.90029 ], [ -1.7622, 54.88737 ], [ -1.75288, 54.88333 ], [ -1.76279, 54.88135 ] ] ] } },
{ "type": "Feature", "properties": { "small_area": "E01020743" }, "geometry": { "type": "Polygon", "coordinates": [ [ [ -1.34833, 54.83057 ], [ -1.34057, 54.83003 ], [ -1.33507, 54.81822 ], [ -1.35094, 54.8196 ], [ -1.34917, 54.82758 ], [ -1.35596, 54.82774 ], [ -1.35523, 54.83105 ], [ -1.34948, 54.83274 ], [ -1.34835, 54.83744 ], [ -1.34369, 54.83692 ], [ -1.34833, 54.83057 ] ] ] } },
{ "type": "Feature", "properties": { "small_area": "E01012197" }, "geometry": { "type": "Polygon", "coordinates": [ [ [ -1.28714, 54.60161 ], [ -1.30117, 54.60225 ], [ -1.30041, 54.60507 ], [ -1.28719, 54.60575 ], [ -1.28714, 54.60161 ] ] ] } },
{ "type": "Feature", "properties": { "small_area": "E01012324" }, "geometry": { "type": "Polygon", "coordinates": [ [ [ -1.54083, 54.54581 ], [ -1.54925, 54.54639 ], [ -1.54668, 54.55049 ], [ -1.54029, 54.54901 ], [ -1.54083, 54.54581 ] ] ] } },
{ "type": "Feature", "properties": { "small_area": "E01020639" }, "geometry": { "type": "Polygon", "coordinates": [ [ [ -1.72119, 54.86596 ], [ -1.72975, 54.86296 ], [ -1.7366, 54.86381 ], [ -1.73209, 54.86408 ], [ -1.73539, 54.86783 ], [ -1.74419, 54.86394 ], [ -1.74896, 54.86818 ], [ -1.75545, 54.86656 ], [ -1.74552, 54.86327 ], [ -1.75223, 54.86153 ], [ -1.744, 54.85808 ], [ -1.77018, 54.86308 ], [ -1.7596, 54.87406 ], [ -1.75037, 54.87199 ], [ -1.74922, 54.87878 ], [ -1.72119, 54.86596 ] ] ] } },
{ "type": "Feature", "properties": { "small_area": "E01020648" }, "geometry": { "type": "Polygon", "coordinates": [ [ [ -1.6776, 54.85636 ], [ -1.68271, 54.85673 ], [ -1.67636, 54.85554 ], [ -1.67621, 54.85277 ], [ -1.68486, 54.84851 ], [ -1.69494, 54.85892 ], [ -1.70258, 54.86231 ], [ -1.68203, 54.8606 ], [ -1.67711, 54.86371 ], [ -1.67367, 54.86129 ], [ -1.6776, 54.85636 ] ] ] } },
{ "type": "Feature", "properties": { "small_area": "E01008812" }, "geometry": { "type": "Polygon", "coordinates": [ [ [ -1.42404, 54.89885 ], [ -1.42905, 54.89811 ], [ -1.43197, 54.90217 ], [ -1.42708, 54.90469 ], [ -1.42404, 54.89885 ] ] ] } },
{ "type": "Feature", "properties": { "small_area": "E01020649" }, "geometry": { "type": "Polygon", "coordinates": [ [ [ -1.65361, 54.85499 ], [ -1.65376, 54.8489 ], [ -1.66169, 54.843 ], [ -1.68486, 54.84851 ], [ -1.67621, 54.85277 ], [ -1.67636, 54.85554 ], [ -1.68271, 54.85673 ], [ -1.6776, 54.85636 ], [ -1.67367, 54.86129 ], [ -1.66986, 54.85688 ], [ -1.65361, 54.85499 ] ] ] } },
{ "type": "Feature", "properties": { "small_area": "E01008828" }, "geometry": { "type": "Polygon", "coordinates": [ [ [ -1.41636, 54.88375 ], [ -1.42032, 54.88728 ], [ -1.41769, 54.88913 ], [ -1.4119, 54.88616 ], [ -1.41636, 54.88375 ] ] ] } },
{ "type": "Feature", "properties": { "small_area": "E01008667" }, "geometry": { "type": "Polygon", "coordinates": [ [ [ -1.42859, 54.99268 ], [ -1.43266, 54.99069 ], [ -1.43287, 54.9937 ], [ -1.43827, 54.98934 ], [ -1.4393, 54.99182 ], [ -1.43997, 54.98667 ], [ -1.44807, 54.98628 ], [ -1.43798, 55.00482 ], [ -1.42859, 54.99268 ] ] ] } },
{ "type": "Feature", "properties": { "small_area": "E01027472" }, "geometry": { "type": "Polygon", "coordinates": [ [ [ -1.82531, 55.04149 ], [ -1.81168, 55.03336 ], [ -1.81794, 55.0308 ], [ -1.8186, 55.01718 ], [ -1.83913, 55.01553 ], [ -1.84242, 55.02038 ], [ -1.8514, 55.02149 ], [ -1.85836, 55.00606 ], [ -1.8713, 55.00244 ], [ -1.87482, 54.99716 ], [ -1.89867, 55.00512 ], [ -1.9004, 55.01265 ], [ -1.92068, 55.01536 ], [ -1.92199, 55.00961 ], [ -1.92781, 55.00847 ], [ -1.92435, 55.0032 ], [ -1.95888, 55.0016 ], [ -1.94806, 55.0114 ], [ -1.95962, 55.0224 ], [ -1.96114, 55.03455 ], [ -1.97174, 55.03225 ], [ -1.98244, 55.04031 ], [ -1.97504, 55.05069 ], [ -2.01887, 55.06563 ], [ -2.01443, 55.07191 ], [ -1.98979, 55.07728 ], [ -1.99255, 55.08181 ], [ -1.93532, 55.08739 ], [ -1.92762, 55.08048 ], [ -1.90926, 55.08473 ], [ -1.90806, 55.07663 ], [ -1.89965, 55.07336 ], [ -1.88868, 55.07364 ], [ -1.85059, 55.06276 ], [ -1.84203, 55.06782 ], [ -1.82531, 55.04149 ] ] ] } },
{ "type": "Feature", "properties": { "small_area": "E01012348" }, "geometry": { "type": "Polygon", "coordinates": [ [ [ -1.59176, 54.5321 ], [ -1.58549, 54.53316 ], [ -1.58795, 54.52754 ], [ -1.59764, 54.52522 ], [ -1.59914, 54.53521 ], [ -1.59093, 54.53537 ], [ -1.59176, 54.5321 ] ] ] } },
{ "type": "Feature", "properties": { "small_area": "E01020634" }, "geometry": { "type": "Polygon", "coordinates": [ [ [ -1.7309, 54.91257 ], [ -1.73318, 54.90723 ], [ -1.727, 54.90644 ], [ -1.72263, 54.90322 ], [ -1.73806, 54.89125 ], [ -1.74583, 54.89067 ], [ -1.75288, 54.88333 ], [ -1.7622, 54.88737 ], [ -1.77652, 54.90498 ], [ -1.76071, 54.90856 ], [ -1.75067, 54.91737 ], [ -1.73758, 54.91869 ], [ -1.72652, 54.91005 ], [ -1.7309, 54.91257 ] ], [ [ -1.75311, 54.89565 ], [ -1.74652, 54.89381 ], [ -1.73914, 54.90246 ], [ -1.72997, 54.90159 ], [ -1.7308, 54.90676 ], [ -1.74854, 54.90412 ], [ -1.75311, 54.89565 ] ] ] } },
{ "type": "Feature", "properties": { "small_area": "E01012279" }, "geometry": { "type": "Polygon", "coordinates": [ [ [ -1.27551, 54.60022 ], [ -1.25732, 54.59746 ], [ -1.26374, 54.59075 ], [ -1.28339, 54.59398 ], [ -1.29424, 54.59913 ], [ -1.28698, 54.60159 ], [ -1.27551, 54.60022 ] ] ] } },
{ "type": "Feature", "properties": { "small_area": "E01012278" }, "geometry": { "type": "Polygon", "coordinates": [ [ [ -1.25794, 54.58966 ], [ -1.26221, 54.57198 ], [ -1.29342, 54.58179 ], [ -1.29996, 54.58648 ], [ -1.29697, 54.59211 ], [ -1.28954, 54.58931 ], [ -1.2935, 54.59272 ], [ -1.28339, 54.59398 ], [ -1.25794, 54.58966 ] ] ] } },
{ "type": "Feature", "properties": { "small_area": "E01012148" }, "geometry": { "type": "Polygon", "coordinates": [ [ [ -1.17684, 54.55155 ], [ -1.16663, 54.55406 ], [ -1.16683, 54.54668 ], [ -1.17045, 54.54596 ], [ -1.17684, 54.55155 ] ] ] } },
{ "type": "Feature", "properties": { "small_area": "E01012149" }, "geometry": { "type": "Polygon", "coordinates": [ [ [ -1.16107, 54.54548 ], [ -1.15233, 54.54791 ], [ -1.14828, 54.53955 ], [ -1.16191, 54.53886 ], [ -1.16341, 54.54283 ], [ -1.17045, 54.54596 ], [ -1.16683, 54.54668 ], [ -1.16661, 54.55405 ], [ -1.16012, 54.55093 ], [ -1.16107, 54.54548 ] ] ] } },
{ "type": "Feature", "properties": { "small_area": "E01033198" }, "geometry": { "type": "Polygon", "coordinates": [ [ [ -1.38217, 54.81966 ], [ -1.38115, 54.8155 ], [ -1.39145, 54.81584 ], [ -1.38217, 54.81966 ] ] ] } },
{ "type": "Feature", "properties": { "small_area": "E01012317" }, "geometry": { "type": "Polygon", "coordinates": [ [ [ -1.54797, 54.51184 ], [ -1.54766, 54.51332 ], [ -1.53281, 54.51472 ], [ -1.53856, 54.50874 ], [ -1.54797, 54.51184 ] ] ] } },
{ "type": "Feature", "properties": { "small_area": "E01027538" }, "geometry": { "type": "Polygon", "coordinates": [ [ [ -1.56497, 55.16808 ], [ -1.55988, 55.16969 ], [ -1.55899, 55.16447 ], [ -1.57734, 55.16809 ], [ -1.57134, 55.1715 ], [ -1.57433, 55.17725 ], [ -1.56672, 55.17619 ], [ -1.56497, 55.16808 ] ] ] } },
{ "type": "Feature", "properties": { "small_area": "E01012314" }, "geometry": { "type": "Polygon", "coordinates": [ [ [ -1.59914, 54.53521 ], [ -1.60416, 54.54175 ], [ -1.59519, 54.54203 ], [ -1.59852, 54.53957 ], [ -1.59557, 54.53781 ], [ -1.59914, 54.53521 ] ] ] } },
{ "type": "Feature", "properties": { "small_area": "E01027539" }, "geometry": { "type": "Polygon", "coordinates": [ [ [ -1.56323, 55.18261 ], [ -1.56639, 55.18661 ], [ -1.55652, 55.18612 ], [ -1.55785, 55.18228 ], [ -1.56323, 55.18261 ] ] ] } },
{ "type": "Feature", "properties": { "small_area": "E01027515" }, "geometry": { "type": "Polygon", "coordinates": [ [ [ -1.58338, 55.12637 ], [ -1.59262, 55.12581 ], [ -1.58849, 55.12751 ], [ -1.59255, 55.12975 ], [ -1.59349, 55.12727 ], [ -1.59433, 55.13091 ], [ -1.59005, 55.13029 ], [ -1.59159, 55.1339 ], [ -1.58486, 55.13628 ], [ -1.58338, 55.12637 ] ] ] } },
{ "type": "Feature", "properties": { "small_area": "E01027357" }, "geometry": { "type": "Polygon", "coordinates": [ [ [ -1.69427, 55.40728 ], [ -1.69783, 55.41166 ], [ -1.68957, 55.41784 ], [ -1.67042, 55.40849 ], [ -1.66504, 55.41052 ], [ -1.66083, 55.40605 ], [ -1.66709, 55.40345 ], [ -1.69427, 55.40728 ] ] ] } },
{ "type": "Feature", "properties": { "small_area": "E01008836" }, "geometry": { "type": "Polygon", "coordinates": [ [ [ -1.38771, 54.9036 ], [ -1.36336, 54.90535 ], [ -1.37558, 54.90114 ], [ -1.38771, 54.9036 ] ] ] } },
{ "type": "Feature", "properties": { "small_area": "E01020611" }, "geometry": { "type": "Polygon", "coordinates": [ [ [ -1.54156, 54.87345 ], [ -1.53209, 54.87816 ], [ -1.51995, 54.87602 ], [ -1.51912, 54.87241 ], [ -1.54277, 54.86576 ], [ -1.56009, 54.87096 ], [ -1.56001, 54.86594 ], [ -1.56476, 54.86646 ], [ -1.56781, 54.87284 ], [ -1.57528, 54.8726 ], [ -1.57684, 54.8782 ], [ -1.5594, 54.88203 ], [ -1.5618, 54.87571 ], [ -1.54156, 54.87345 ] ] ] } },
{ "type": "Feature", "properties": { "small_area": "E01008759" }, "geometry": { "type": "Polygon", "coordinates": [ [ [ -1.40959, 54.90052 ], [ -1.41336, 54.89948 ], [ -1.41136, 54.89681 ], [ -1.41999, 54.90268 ], [ -1.41312, 54.90443 ], [ -1.40959, 54.90052 ] ] ] } },
{ "type": "Feature", "properties": { "small_area": "E01011951" }, "geometry": { "type": "Polygon", "coordinates": [ [ [ -1.21997, 54.67944 ], [ -1.2159, 54.67691 ], [ -1.23565, 54.67778 ], [ -1.21997, 54.67944 ] ] ] } },
{ "type": "Feature", "properties": { "small_area": "E01027471" }, "geometry": { "type": "Polygon", "coordinates": [ [ [ -1.77587, 55.03199 ], [ -1.77188, 55.02065 ], [ -1.8186, 55.01718 ], [ -1.81794, 55.0308 ], [ -1.81168, 55.03336 ], [ -1.82531, 55.04149 ], [ -1.82933, 55.05111 ], [ -1.81473, 55.0468 ], [ -1.77705, 55.05118 ], [ -1.76687, 55.04146 ], [ -1.77587, 55.03199 ] ] ] } },
{ "type": "Feature", "properties": { "small_area": "E01008412" }, "geometry": { "type": "Polygon", "coordinates": [ [ [ -1.58119, 54.9815 ], [ -1.59039, 54.97978 ], [ -1.58217, 54.98509 ], [ -1.58119, 54.9815 ] ] ] } },
{ "type": "Feature", "properties": { "small_area": "E01020833" }, "geometry": { "type": "Polygon", "coordinates": [ [ [ -1.54029, 54.63102 ], [ -1.52369, 54.62271 ], [ -1.51981, 54.61467 ], [ -1.54531, 54.60975 ], [ -1.55703, 54.61411 ], [ -1.55522, 54.62052 ], [ -1.56145, 54.62093 ], [ -1.56355, 54.62843 ], [ -1.54939, 54.63864 ], [ -1.54432, 54.63559 ], [ -1.54262, 54.63857 ], [ -1.54029, 54.63102 ] ] ] } },
{ "type": "Feature", "properties": { "small_area": "E01020832" }, "geometry": { "type": "Polygon", "coordinates": [ [ [ -1.57531, 54.61882 ], [ -1.58041, 54.62311 ], [ -1.56486, 54.62797 ], [ -1.56742, 54.6242 ], [ -1.57344, 54.62372 ], [ -1.56743, 54.62033 ], [ -1.57531, 54.61882 ] ] ] } },
{ "type": "Feature", "properties": { "small_area": "E01020834" }, "geometry": { "type": "Polygon", "coordinates": [ [ [ -1.56145, 54.62093 ], [ -1.55522, 54.62052 ], [ -1.55655, 54.61599 ], [ -1.56976, 54.61783 ], [ -1.56145, 54.62093 ] ] ] } },
{ "type": "Feature", "properties": { "small_area": "E01020835" }, "geometry": { "type": "Polygon", "coordinates": [ [ [ -1.60322, 54.68674 ], [ -1.60949, 54.69007 ], [ -1.60604, 54.69198 ], [ -1.61025, 54.69574 ], [ -1.60266, 54.69737 ], [ -1.59804, 54.69308 ], [ -1.60322, 54.68674 ] ] ] } },
{ "type": "Feature", "properties": { "small_area": "E01020830" }, "geometry": { "type": "Polygon", "coordinates": [ [ [ -1.45462, 54.65205 ], [ -1.44462, 54.66206 ], [ -1.43528, 54.65754 ], [ -1.44481, 54.65422 ], [ -1.43808, 54.64991 ], [ -1.44677, 54.64723 ], [ -1.45462, 54.65205 ] ] ] } },
{ "type": "Feature", "properties": { "small_area": "E01008659" }, "geometry": { "type": "Polygon", "coordinates": [ [ [ -1.49303, 54.95771 ], [ -1.49707, 54.96008 ], [ -1.49215, 54.96547 ], [ -1.48391, 54.96277 ], [ -1.49303, 54.95771 ] ] ] } },
{ "type": "Feature", "properties": { "small_area": "E01020761" }, "geometry": { "type": "Polygon", "coordinates": [ [ [ -1.36723, 54.74288 ], [ -1.38629, 54.74368 ], [ -1.39055, 54.7529 ], [ -1.37832, 54.75546 ], [ -1.38261, 54.75924 ], [ -1.38941, 54.75927 ], [ -1.38338, 54.76303 ], [ -1.38857, 54.76607 ], [ -1.37125, 54.76455 ], [ -1.35844, 54.7717 ], [ -1.35659, 54.76363 ], [ -1.36723, 54.74288 ] ] ] } },
{ "type": "Feature", "properties": { "small_area": "E01012346" }, "geometry": { "type": "Polygon", "coordinates": [ [ [ -1.47236, 54.52088 ], [ -1.46837, 54.5147 ], [ -1.47344, 54.51246 ], [ -1.48185, 54.51943 ], [ -1.47546, 54.52515 ], [ -1.45348, 54.53176 ], [ -1.46396, 54.52047 ], [ -1.4591, 54.51664 ], [ -1.47236, 54.52088 ] ] ] } },
{ "type": "Feature", "properties": { "small_area": "E01008617" }, "geometry": { "type": "Polygon", "coordinates": [ [ [ -1.43268, 54.94305 ], [ -1.43029, 54.93675 ], [ -1.42233, 54.94173 ], [ -1.42257, 54.93729 ], [ -1.40618, 54.93827 ], [ -1.4084, 54.94441 ], [ -1.38408, 54.94721 ], [ -1.38408, 54.93865 ], [ -1.40603, 54.93734 ], [ -1.42077, 54.92999 ], [ -1.4418, 54.93294 ], [ -1.44414, 54.94552 ], [ -1.43312, 54.94763 ], [ -1.42833, 54.94284 ], [ -1.43268, 54.94305 ] ] ] } },
{ "type": "Feature", "properties": { "small_area": "E01012365" }, "geometry": { "type": "Polygon", "coordinates": [ [ [ -1.57196, 54.53078 ], [ -1.5785, 54.53585 ], [ -1.57259, 54.536 ], [ -1.57196, 54.53078 ] ] ] } },
{ "type": "Feature", "properties": { "small_area": "E01012362" }, "geometry": { "type": "Polygon", "coordinates": [ [ [ -1.56329, 54.53693 ], [ -1.55553, 54.5364 ], [ -1.5559, 54.53412 ], [ -1.56329, 54.53693 ] ] ] } },
{ "type": "Feature", "properties": { "small_area": "E01012363" }, "geometry": { "type": "Polygon", "coordinates": [ [ [ -1.56242, 54.53285 ], [ -1.57259, 54.536 ], [ -1.56329, 54.53693 ], [ -1.56242, 54.53285 ] ] ] } },
{ "type": "Feature", "properties": { "small_area": "E01012361" }, "geometry": { "type": "Polygon", "coordinates": [ [ [ -1.57565, 54.51545 ], [ -1.57348, 54.51901 ], [ -1.56526, 54.51848 ], [ -1.5722, 54.5144 ], [ -1.56668, 54.51156 ], [ -1.5648, 54.51507 ], [ -1.5578, 54.50835 ], [ -1.58433, 54.50796 ], [ -1.58106, 54.51283 ], [ -1.60263, 54.51057 ], [ -1.60061, 54.51709 ], [ -1.60951, 54.5199 ], [ -1.57565, 54.51545 ] ] ] } },
{ "type": "Feature", "properties": { "small_area": "E01008696" }, "geometry": { "type": "Polygon", "coordinates": [ [ [ -1.45168, 54.91191 ], [ -1.4589, 54.91579 ], [ -1.44943, 54.92003 ], [ -1.44724, 54.91547 ], [ -1.45168, 54.91191 ] ] ] } },
{ "type": "Feature", "properties": { "small_area": "E01008616" }, "geometry": { "type": "Polygon", "coordinates": [ [ [ -1.41839, 54.95548 ], [ -1.42284, 54.94746 ], [ -1.43004, 54.94897 ], [ -1.42203, 54.94542 ], [ -1.42833, 54.94284 ], [ -1.43312, 54.94763 ], [ -1.44, 54.94763 ], [ -1.43694, 54.95525 ], [ -1.42444, 54.95639 ], [ -1.42407, 54.95886 ], [ -1.41374, 54.96025 ], [ -1.41126, 54.95496 ], [ -1.41839, 54.95548 ] ] ] } },
{ "type": "Feature", "properties": { "small_area": "E01008697" }, "geometry": { "type": "Polygon", "coordinates": [ [ [ -1.45168, 54.91191 ], [ -1.44548, 54.91835 ], [ -1.43735, 54.9185 ], [ -1.44227, 54.91693 ], [ -1.44011, 54.91461 ], [ -1.45168, 54.91191 ] ] ] } },
{ "type": "Feature", "properties": { "small_area": "E01008331" }, "geometry": { "type": "Polygon", "coordinates": [ [ [ -1.64295, 54.9739 ], [ -1.6377, 54.97312 ], [ -1.63786, 54.96902 ], [ -1.6407, 54.96873 ], [ -1.64295, 54.9739 ] ] ] } },
{ "type": "Feature", "properties": { "small_area": "E01008314" }, "geometry": { "type": "Polygon", "coordinates": [ [ [ -1.57021, 55.00012 ], [ -1.56949, 54.999 ], [ -1.5715, 54.99383 ], [ -1.57598, 54.99324 ], [ -1.58503, 54.99844 ], [ -1.57021, 55.00012 ] ] ] } },
{ "type": "Feature", "properties": { "small_area": "E01012238" }, "geometry": { "type": "Polygon", "coordinates": [ [ [ -1.29946, 54.55084 ], [ -1.29598, 54.54537 ], [ -1.30884, 54.54552 ], [ -1.31161, 54.55103 ], [ -1.29946, 54.55084 ] ] ] } },
{ "type": "Feature", "properties": { "small_area": "E01012194" }, "geometry": { "type": "Polygon", "coordinates": [ [ [ -1.32026, 54.58032 ], [ -1.31193, 54.58101 ], [ -1.31074, 54.58399 ], [ -1.3102, 54.57692 ], [ -1.31434, 54.57548 ], [ -1.32026, 54.58032 ] ] ] } },
{ "type": "Feature", "properties": { "small_area": "E01008706" }, "geometry": { "type": "Polygon", "coordinates": [ [ [ -1.39958, 54.90684 ], [ -1.39644, 54.90422 ], [ -1.40508, 54.90391 ], [ -1.40656, 54.90844 ], [ -1.39958, 54.90684 ] ] ] } },
{ "type": "Feature", "properties": { "small_area": "E01012294" }, "geometry": { "type": "Polygon", "coordinates": [ [ [ -1.36622, 54.5889 ], [ -1.37033, 54.57991 ], [ -1.37471, 54.57978 ], [ -1.38992, 54.56689 ], [ -1.40049, 54.56824 ], [ -1.41137, 54.56477 ], [ -1.41677, 54.57566 ], [ -1.40734, 54.5936 ], [ -1.40209, 54.59582 ], [ -1.40393, 54.6015 ], [ -1.39675, 54.60511 ], [ -1.39903, 54.60768 ], [ -1.38806, 54.61141 ], [ -1.38366, 54.60557 ], [ -1.37397, 54.60208 ], [ -1.36622, 54.5889 ] ] ] } },
{ "type": "Feature", "properties": { "small_area": "E01027414" }, "geometry": { "type": "Polygon", "coordinates": [ [ [ -1.51313, 55.12279 ], [ -1.51469, 55.12533 ], [ -1.50693, 55.12673 ], [ -1.50607, 55.12321 ], [ -1.51313, 55.12279 ] ] ] } },
{ "type": "Feature", "properties": { "small_area": "E01027495" }, "geometry": { "type": "Polygon", "coordinates": [ [ [ -2.02701, 55.02582 ], [ -2.02457, 55.01993 ], [ -2.02825, 55.01837 ], [ -2.04881, 55.02035 ], [ -2.05055, 55.01633 ], [ -2.0628, 55.01724 ], [ -2.07283, 55.01041 ], [ -2.09017, 55.00857 ], [ -2.10387, 55.00168 ], [ -2.13307, 55.00615 ], [ -2.13348, 55.00984 ], [ -2.14334, 55.01375 ], [ -2.14444, 55.01977 ], [ -2.16298, 55.02738 ], [ -2.16028, 55.03039 ], [ -2.18415, 55.03632 ], [ -2.19085, 55.04309 ], [ -2.16736, 55.0511 ], [ -2.16988, 55.05273 ], [ -2.16278, 55.05744 ], [ -2.16909, 55.0597 ], [ -2.16781, 55.06191 ], [ -2.15914, 55.06263 ], [ -2.15724, 55.05585 ], [ -2.14621, 55.05219 ], [ -2.12558, 55.05192 ], [ -2.11952, 55.04185 ], [ -2.10995, 55.03638 ], [ -2.10308, 55.04151 ], [ -2.09591, 55.04018 ], [ -2.06431, 55.04718 ], [ -2.05831, 55.05107 ], [ -2.04484, 55.04215 ], [ -2.00874, 55.0371 ], [ -2.02097, 55.03427 ], [ -2.01761, 55.02653 ], [ -2.02701, 55.02582 ] ] ] } },
{ "type": "Feature", "properties": { "small_area": "E01027496" }, "geometry": { "type": "Polygon", "coordinates": [ [ [ -1.85636, 54.97136 ], [ -1.87148, 54.9639 ], [ -1.87197, 54.97088 ], [ -1.88028, 54.97406 ], [ -1.88015, 54.97961 ], [ -1.855, 54.98308 ], [ -1.8504, 54.97412 ], [ -1.84452, 54.97301 ], [ -1.85636, 54.97136 ] ] ] } },
{ "type": "Feature", "properties": { "small_area": "E01027417" }, "geometry": { "type": "Polygon", "coordinates": [ [ [ -1.47895, 55.07994 ], [ -1.47782, 55.0782 ], [ -1.47518, 55.07771 ], [ -1.47881, 55.0799 ], [ -1.47445, 55.08274 ], [ -1.47207, 55.0799 ], [ -1.47656, 55.07967 ], [ -1.47451, 55.07802 ], [ -1.47453, 55.07121 ], [ -1.47996, 55.06709 ], [ -1.49124, 55.0659 ], [ -1.51238, 55.08365 ], [ -1.51487, 55.09026 ], [ -1.52673, 55.09095 ], [ -1.53033, 55.09631 ], [ -1.50633, 55.09834 ], [ -1.49456, 55.10239 ], [ -1.47852, 55.08662 ], [ -1.47895, 55.07994 ] ] ] } },
{ "type": "Feature", "properties": { "small_area": "E01027497" }, "geometry": { "type": "Polygon", "coordinates": [ [ [ -1.8318, 54.9649 ], [ -1.87387, 54.95836 ], [ -1.87589, 54.96225 ], [ -1.83771, 54.9774 ], [ -1.83015, 54.97432 ], [ -1.8318, 54.9649 ] ] ] } },
{ "type": "Feature", "properties": { "small_area": "E01027416" }, "geometry": { "type": "Polygon", "coordinates": [ [ [ -1.52221, 55.13309 ], [ -1.51555, 55.1333 ], [ -1.51173, 55.12958 ], [ -1.51651, 55.13129 ], [ -1.51913, 55.12745 ], [ -1.52221, 55.13309 ] ] ] } },
{ "type": "Feature", "properties": { "small_area": "E01027494" }, "geometry": { "type": "Polygon", "coordinates": [ [ [ -2.09767, 54.96951 ], [ -2.09665, 54.96514 ], [ -2.08818, 54.96627 ], [ -2.08119, 54.97131 ], [ -2.06503, 54.97009 ], [ -2.06312, 54.95653 ], [ -2.07814, 54.9494 ], [ -2.07436, 54.9515 ], [ -2.0783, 54.95449 ], [ -2.0906, 54.9511 ], [ -2.09496, 54.95302 ], [ -2.10295, 54.95006 ], [ -2.10311, 54.94548 ], [ -2.11138, 54.94378 ], [ -2.10144, 54.96412 ], [ -2.10112, 54.97167 ], [ -2.09377, 54.97659 ], [ -2.09088, 54.97368 ], [ -2.09767, 54.96951 ] ] ] } },
{ "type": "Feature", "properties": { "small_area": "E01020858" }, "geometry": { "type": "Polygon", "coordinates": [ [ [ -1.74127, 54.66106 ], [ -1.74844, 54.66008 ], [ -1.74067, 54.64856 ], [ -1.75118, 54.65097 ], [ -1.7541, 54.6471 ], [ -1.7722, 54.64714 ], [ -1.77222, 54.67141 ], [ -1.76323, 54.67677 ], [ -1.75309, 54.67364 ], [ -1.74179, 54.67684 ], [ -1.73825, 54.6723 ], [ -1.74127, 54.66106 ] ] ] } },
{ "type": "Feature", "properties": { "small_area": "E01020851" }, "geometry": { "type": "Polygon", "coordinates": [ [ [ -1.56295, 54.62859 ], [ -1.56509, 54.63285 ], [ -1.57165, 54.6341 ], [ -1.57393, 54.64449 ], [ -1.5716, 54.64641 ], [ -1.55959, 54.64058 ], [ -1.5575, 54.63418 ], [ -1.56295, 54.62859 ] ] ] } },
{ "type": "Feature", "properties": { "small_area": "E01020859" }, "geometry": { "type": "Polygon", "coordinates": [ [ [ -1.72562, 54.64211 ], [ -1.73122, 54.63903 ], [ -1.72444, 54.63352 ], [ -1.732, 54.63129 ], [ -1.73115, 54.62765 ], [ -1.71921, 54.62523 ], [ -1.70915, 54.62759 ], [ -1.70876, 54.63211 ], [ -1.69805, 54.62979 ], [ -1.68628, 54.63299 ], [ -1.68476, 54.63605 ], [ -1.6806, 54.59782 ], [ -1.69803, 54.60399 ], [ -1.73889, 54.60504 ], [ -1.73091, 54.61312 ], [ -1.73762, 54.61333 ], [ -1.74264, 54.61751 ], [ -1.73952, 54.61903 ], [ -1.7535, 54.62899 ], [ -1.7513, 54.63134 ], [ -1.7617, 54.63699 ], [ -1.75118, 54.65097 ], [ -1.74067, 54.64856 ], [ -1.74844, 54.66008 ], [ -1.74127, 54.66106 ], [ -1.72562, 54.64211 ] ] ] } },
{ "type": "Feature", "properties": { "small_area": "E01020776" }, "geometry": { "type": "Polygon", "coordinates": [ [ [ -1.39802, 54.81888 ], [ -1.40424, 54.81788 ], [ -1.39156, 54.81688 ], [ -1.38769, 54.81323 ], [ -1.39135, 54.80882 ], [ -1.38507, 54.80753 ], [ -1.40291, 54.80156 ], [ -1.41298, 54.8024 ], [ -1.41137, 54.80935 ], [ -1.4229, 54.80825 ], [ -1.41311, 54.82455 ], [ -1.40229, 54.82333 ], [ -1.39802, 54.81888 ] ] ] } },
{ "type": "Feature", "properties": { "small_area": "E01020872" }, "geometry": { "type": "Polygon", "coordinates": [ [ [ -1.68824, 54.66294 ], [ -1.67847, 54.66163 ], [ -1.67666, 54.65718 ], [ -1.68173, 54.65359 ], [ -1.69442, 54.65985 ], [ -1.68824, 54.66294 ] ] ] } },
{ "type": "Feature", "properties": { "small_area": "E01008433" }, "geometry": { "type": "Polygon", "coordinates": [ [ [ -1.55094, 54.98669 ], [ -1.55499, 54.98354 ], [ -1.56306, 54.99156 ], [ -1.55634, 54.99336 ], [ -1.55094, 54.98669 ] ] ] } },
{ "type": "Feature", "properties": { "small_area": "E01020893" }, "geometry": { "type": "Polygon", "coordinates": [ [ [ -1.73293, 54.74564 ], [ -1.74034, 54.74288 ], [ -1.73473, 54.73104 ], [ -1.72736, 54.73018 ], [ -1.73647, 54.72744 ], [ -1.74352, 54.71761 ], [ -1.75351, 54.72891 ], [ -1.76518, 54.73068 ], [ -1.78887, 54.74127 ], [ -1.79509, 54.74728 ], [ -1.79197, 54.75022 ], [ -1.77397, 54.75123 ], [ -1.74435, 54.75942 ], [ -1.72781, 54.75818 ], [ -1.73293, 54.74564 ] ] ] } },
{ "type": "Feature", "properties": { "small_area": "E01020812" }, "geometry": { "type": "Polygon", "coordinates": [ [ [ -1.39981, 54.69715 ], [ -1.41991, 54.7006 ], [ -1.42134, 54.69427 ], [ -1.4319, 54.70091 ], [ -1.44837, 54.69887 ], [ -1.45077, 54.70751 ], [ -1.44148, 54.71012 ], [ -1.44125, 54.70768 ], [ -1.39825, 54.70226 ], [ -1.39981, 54.69715 ] ] ] } },
{ "type": "Feature", "properties": { "small_area": "E01020815" }, "geometry": { "type": "Polygon", "coordinates": [ [ [ -1.58825, 54.63089 ], [ -1.60156, 54.62973 ], [ -1.60149, 54.62339 ], [ -1.59766, 54.62415 ], [ -1.60057, 54.61663 ], [ -1.6185, 54.61916 ], [ -1.61261, 54.63913 ], [ -1.606, 54.63876 ], [ -1.60483, 54.64183 ], [ -1.58327, 54.63806 ], [ -1.58825, 54.63089 ] ] ] } },
{ "type": "Feature", "properties": { "small_area": "E01027432" }, "geometry": { "type": "Polygon", "coordinates": [ [ [ -1.52668, 55.07498 ], [ -1.52182, 55.07421 ], [ -1.52057, 55.06861 ], [ -1.53251, 55.06957 ], [ -1.52668, 55.07498 ] ] ] } },
{ "type": "Feature", "properties": { "small_area": "E01008832" }, "geometry": { "type": "Polygon", "coordinates": [ [ [ -1.40623, 54.89918 ], [ -1.40133, 54.90207 ], [ -1.39764, 54.90042 ], [ -1.40623, 54.89918 ] ] ] } },
{ "type": "Feature", "properties": { "small_area": "E01020698" }, "geometry": { "type": "Polygon", "coordinates": [ [ [ -1.49958, 54.71161 ], [ -1.48665, 54.71285 ], [ -1.4938, 54.70805 ], [ -1.5189, 54.70734 ], [ -1.52225, 54.70891 ], [ -1.51904, 54.71366 ], [ -1.52905, 54.71402 ], [ -1.51313, 54.72069 ], [ -1.51032, 54.71883 ], [ -1.51408, 54.71552 ], [ -1.50111, 54.71439 ], [ -1.49958, 54.71161 ] ] ] } },
{ "type": "Feature", "properties": { "small_area": "E01008721" }, "geometry": { "type": "Polygon", "coordinates": [ [ [ -1.47635, 54.85426 ], [ -1.48014, 54.85332 ], [ -1.48483, 54.86042 ], [ -1.47892, 54.86154 ], [ -1.47635, 54.85426 ] ] ] } },
{ "type": "Feature", "properties": { "small_area": "E01008723" }, "geometry": { "type": "Polygon", "coordinates": [ [ [ -1.37032, 54.93088 ], [ -1.37025, 54.93478 ], [ -1.37939, 54.93737 ], [ -1.37567, 54.9369 ], [ -1.37424, 54.94351 ], [ -1.36396, 54.94411 ], [ -1.36539, 54.93114 ], [ -1.37032, 54.93088 ] ] ] } },
{ "type": "Feature", "properties": { "small_area": "E01008720" }, "geometry": { "type": "Polygon", "coordinates": [ [ [ -1.41957, 54.85573 ], [ -1.43281, 54.85342 ], [ -1.43819, 54.84118 ], [ -1.45434, 54.83962 ], [ -1.45425, 54.84339 ], [ -1.46694, 54.84636 ], [ -1.46738, 54.84325 ], [ -1.47428, 54.84783 ], [ -1.47635, 54.85426 ], [ -1.47616, 54.8586 ], [ -1.45347, 54.85767 ], [ -1.44634, 54.86485 ], [ -1.41957, 54.85573 ] ] ] } },
{ "type": "Feature", "properties": { "small_area": "E01008725" }, "geometry": { "type": "Polygon", "coordinates": [ [ [ -1.37278, 54.92918 ], [ -1.37949, 54.93582 ], [ -1.37025, 54.93478 ], [ -1.37278, 54.92918 ] ] ] } },
{ "type": "Feature", "properties": { "small_area": "E01008722" }, "geometry": { "type": "Polygon", "coordinates": [ [ [ -1.38491, 54.92589 ], [ -1.39079, 54.93395 ], [ -1.38736, 54.9344 ], [ -1.38132, 54.92885 ], [ -1.38491, 54.92589 ] ] ] } },
{ "type": "Feature", "properties": { "small_area": "E01008421" }, "geometry": { "type": "Polygon", "coordinates": [ [ [ -1.63552, 55.00034 ], [ -1.63862, 55.0023 ], [ -1.62929, 55.00531 ], [ -1.62661, 55.0034 ], [ -1.63552, 55.00034 ] ] ] } },
{ "type": "Feature", "properties": { "small_area": "E01008420" }, "geometry": { "type": "Polygon", "coordinates": [ [ [ -1.61375, 55.00052 ], [ -1.62193, 54.99747 ], [ -1.61888, 55.00042 ], [ -1.6263, 55.00023 ], [ -1.62661, 55.0034 ], [ -1.61375, 55.00052 ] ] ] } },
{ "type": "Feature", "properties": { "small_area": "E01008423" }, "geometry": { "type": "Polygon", "coordinates": [ [ [ -1.61637, 54.99538 ], [ -1.62863, 54.9951 ], [ -1.63552, 55.00034 ], [ -1.62649, 55.003 ], [ -1.6263, 55.00023 ], [ -1.61888, 55.00042 ], [ -1.62193, 54.99747 ], [ -1.61723, 54.99805 ], [ -1.61637, 54.99538 ] ] ] } },
{ "type": "Feature", "properties": { "small_area": "E01012151" }, "geometry": { "type": "Polygon", "coordinates": [ [ [ -1.16341, 54.54283 ], [ -1.19, 54.53859 ], [ -1.19873, 54.54454 ], [ -1.19186, 54.54739 ], [ -1.18167, 54.54478 ], [ -1.17154, 54.54668 ], [ -1.16341, 54.54283 ] ] ] } },
{ "type": "Feature", "properties": { "small_area": "E01012150" }, "geometry": { "type": "Polygon", "coordinates": [ [ [ -1.18167, 54.54478 ], [ -1.19186, 54.54739 ], [ -1.17684, 54.55155 ], [ -1.17154, 54.54668 ], [ -1.18167, 54.54478 ] ] ] } },
{ "type": "Feature", "properties": { "small_area": "E01032648" }, "geometry": { "type": "Polygon", "coordinates": [ [ [ -1.51009, 55.0354 ], [ -1.51321, 55.03197 ], [ -1.51886, 55.03221 ], [ -1.51628, 55.0338 ], [ -1.52416, 55.03919 ], [ -1.51999, 55.04077 ], [ -1.51009, 55.0354 ] ] ] } },
{ "type": "Feature", "properties": { "small_area": "E01032649" }, "geometry": { "type": "Polygon", "coordinates": [ [ [ -1.58515, 55.01204 ], [ -1.59095, 55.00948 ], [ -1.59581, 55.01421 ], [ -1.58515, 55.01204 ] ] ] } },
{ "type": "Feature", "properties": { "small_area": "E01027435" }, "geometry": { "type": "Polygon", "coordinates": [ [ [ -1.55979, 55.05452 ], [ -1.57656, 55.05659 ], [ -1.57853, 55.06307 ], [ -1.56295, 55.06279 ], [ -1.55906, 55.06831 ], [ -1.5522, 55.06832 ], [ -1.55415, 55.06537 ], [ -1.54681, 55.06358 ], [ -1.54752, 55.05667 ], [ -1.55979, 55.05452 ] ] ] } },
{ "type": "Feature", "properties": { "small_area": "E01027433" }, "geometry": { "type": "Polygon", "coordinates": [ [ [ -1.52673, 55.09095 ], [ -1.53391, 55.08723 ], [ -1.52762, 55.0792 ], [ -1.51238, 55.08365 ], [ -1.50563, 55.07965 ], [ -1.52668, 55.07498 ], [ -1.53251, 55.06957 ], [ -1.56054, 55.08441 ], [ -1.5672, 55.08422 ], [ -1.56657, 55.09945 ], [ -1.53331, 55.10349 ], [ -1.52673, 55.09095 ] ] ] } },
{ "type": "Feature", "properties": { "small_area": "E01011999" }, "geometry": { "type": "Polygon", "coordinates": [ [ [ -1.21194, 54.68008 ], [ -1.2159, 54.67691 ], [ -1.21997, 54.67944 ], [ -1.21988, 54.68555 ], [ -1.21153, 54.6855 ], [ -1.20947, 54.68103 ], [ -1.20082, 54.68194 ], [ -1.19737, 54.67602 ], [ -1.21194, 54.68008 ] ] ] } },
{ "type": "Feature", "properties": { "small_area": "E01011998" }, "geometry": { "type": "Polygon", "coordinates": [ [ [ -1.23206, 54.62586 ], [ -1.23416, 54.63138 ], [ -1.20568, 54.64926 ], [ -1.20711, 54.65496 ], [ -1.197, 54.65289 ], [ -1.19579, 54.65666 ], [ -1.19026, 54.65621 ], [ -1.19405, 54.65922 ], [ -1.18552, 54.66161 ], [ -1.16475, 54.64759 ], [ -1.15779, 54.64837 ], [ -1.16878, 54.64428 ], [ -1.16178, 54.63541 ], [ -1.16637, 54.63725 ], [ -1.16591, 54.63388 ], [ -1.16053, 54.63498 ], [ -1.16558, 54.63186 ], [ -1.1886, 54.6327 ], [ -1.20077, 54.623 ], [ -1.21188, 54.62199 ], [ -1.22672, 54.62702 ], [ -1.23206, 54.62586 ] ] ] } },
{ "type": "Feature", "properties": { "small_area": "E01027528" }, "geometry": { "type": "Polygon", "coordinates": [ [ [ -1.56323, 55.18261 ], [ -1.5645, 55.1781 ], [ -1.57081, 55.18 ], [ -1.56745, 55.18333 ], [ -1.57171, 55.18778 ], [ -1.56323, 55.18261 ] ] ] } },
{ "type": "Feature", "properties": { "small_area": "E01020721" }, "geometry": { "type": "Polygon", "coordinates": [ [ [ -1.5727, 54.78917 ], [ -1.57677, 54.79283 ], [ -1.5607, 54.79776 ], [ -1.5727, 54.78917 ] ] ] } },
{ "type": "Feature", "properties": { "small_area": "E01020764" }, "geometry": { "type": "Polygon", "coordinates": [ [ [ -1.31746, 54.76144 ], [ -1.32247, 54.76913 ], [ -1.31852, 54.76996 ], [ -1.32376, 54.77108 ], [ -1.32106, 54.77446 ], [ -1.31723, 54.77166 ], [ -1.31746, 54.76144 ] ] ] } },
{ "type": "Feature", "properties": { "small_area": "E01012329" }, "geometry": { "type": "Polygon", "coordinates": [ [ [ -1.52428, 54.54438 ], [ -1.52588, 54.54702 ], [ -1.52256, 54.54812 ], [ -1.52072, 54.54427 ], [ -1.51599, 54.54588 ], [ -1.51797, 54.55051 ], [ -1.50519, 54.55158 ], [ -1.51241, 54.54237 ], [ -1.52428, 54.54438 ] ] ] } },
{ "type": "Feature", "properties": { "small_area": "E01011969" }, "geometry": { "type": "Polygon", "coordinates": [ [ [ -1.25059, 54.71177 ], [ -1.25259, 54.71446 ], [ -1.24799, 54.71664 ], [ -1.25135, 54.71975 ], [ -1.24283, 54.72225 ], [ -1.23145, 54.71769 ], [ -1.25059, 54.71177 ] ] ] } },
{ "type": "Feature", "properties": { "small_area": "E01027378" }, "geometry": { "type": "Polygon", "coordinates": [ [ [ -2.01597, 55.79386 ], [ -2.02384, 55.79111 ], [ -2.01078, 55.78093 ], [ -2.007, 55.76943 ], [ -2.01495, 55.77456 ], [ -2.03886, 55.76911 ], [ -2.04034, 55.76068 ], [ -2.06484, 55.76341 ], [ -2.04526, 55.75922 ], [ -2.05449, 55.75823 ], [ -2.08566, 55.76273 ], [ -2.08611, 55.79305 ], [ -2.07697, 55.79412 ], [ -2.06223, 55.80274 ], [ -2.05263, 55.80251 ], [ -2.03438, 55.81107 ], [ -2.03152, 55.80455 ], [ -2.01597, 55.79386 ] ] ] } },
{ "type": "Feature", "properties": { "small_area": "E01008476" }, "geometry": { "type": "Polygon", "coordinates": [ [ [ -1.57384, 55.04035 ], [ -1.58644, 55.0392 ], [ -1.5903, 55.04526 ], [ -1.57698, 55.05108 ], [ -1.57722, 55.04438 ], [ -1.57384, 55.04035 ] ] ] } },
{ "type": "Feature", "properties": { "small_area": "E01008311" }, "geometry": { "type": "Polygon", "coordinates": [ [ [ -1.65515, 55.01634 ], [ -1.66876, 55.01911 ], [ -1.66646, 55.02218 ], [ -1.65925, 55.02104 ], [ -1.65636, 55.02498 ], [ -1.64733, 55.02341 ], [ -1.65515, 55.01634 ] ] ] } },
{ "type": "Feature", "properties": { "small_area": "E01033471" }, "geometry": { "type": "Polygon", "coordinates": [ [ [ -1.15443, 54.57776 ], [ -1.14993, 54.57768 ], [ -1.14922, 54.57397 ], [ -1.14135, 54.57465 ], [ -1.13905, 54.57197 ], [ -1.14396, 54.56821 ], [ -1.15241, 54.57156 ], [ -1.1629, 54.5858 ], [ -1.14758, 54.58972 ], [ -1.15443, 54.57776 ] ] ] } },
{ "type": "Feature", "properties": { "small_area": "E01033470" }, "geometry": { "type": "Polygon", "coordinates": [ [ [ -1.17801, 54.57962 ], [ -1.17386, 54.57976 ], [ -1.17486, 54.5753 ], [ -1.16127, 54.57448 ], [ -1.15939, 54.57257 ], [ -1.16418, 54.571 ], [ -1.15738, 54.56914 ], [ -1.1769, 54.5698 ], [ -1.18285, 54.5779 ], [ -1.18675, 54.57268 ], [ -1.20083, 54.5776 ], [ -1.17006, 54.58477 ], [ -1.17801, 54.57962 ] ] ] } },
{ "type": "Feature", "properties": { "small_area": "E01033479" }, "geometry": { "type": "Polygon", "coordinates": [ [ [ -1.31039, 54.52274 ], [ -1.32262, 54.52478 ], [ -1.31613, 54.52826 ], [ -1.31744, 54.53065 ], [ -1.31037, 54.52981 ], [ -1.31039, 54.52274 ] ] ] } },
{ "type": "Feature", "properties": { "small_area": "E01020731" }, "geometry": { "type": "Polygon", "coordinates": [ [ [ -1.48059, 54.77954 ], [ -1.49985, 54.7686 ], [ -1.49109, 54.76593 ], [ -1.4902, 54.75801 ], [ -1.51854, 54.76485 ], [ -1.51451, 54.76969 ], [ -1.51883, 54.77201 ], [ -1.53146, 54.76795 ], [ -1.5327, 54.77495 ], [ -1.52793, 54.77497 ], [ -1.5265, 54.78023 ], [ -1.51454, 54.78198 ], [ -1.50987, 54.77983 ], [ -1.51292, 54.77711 ], [ -1.50872, 54.77826 ], [ -1.50663, 54.77546 ], [ -1.50546, 54.77836 ], [ -1.50501, 54.77185 ], [ -1.49862, 54.77311 ], [ -1.50225, 54.77551 ], [ -1.48059, 54.77954 ] ] ] } },
{ "type": "Feature", "properties": { "small_area": "E01020730" }, "geometry": { "type": "Polygon", "coordinates": [ [ [ -1.49904, 54.77783 ], [ -1.50225, 54.77551 ], [ -1.49862, 54.77311 ], [ -1.50501, 54.77185 ], [ -1.50546, 54.77836 ], [ -1.50663, 54.77546 ], [ -1.50872, 54.77826 ], [ -1.51292, 54.77711 ], [ -1.50987, 54.77983 ], [ -1.51454, 54.78198 ], [ -1.50651, 54.7885 ], [ -1.50356, 54.78311 ], [ -1.49175, 54.77838 ], [ -1.49904, 54.77783 ] ] ] } },
{ "type": "Feature", "properties": { "small_area": "E01020863" }, "geometry": { "type": "Polygon", "coordinates": [ [ [ -1.72727, 54.5305 ], [ -1.73308, 54.52773 ], [ -1.77969, 54.53186 ], [ -1.78155, 54.52682 ], [ -1.77685, 54.52535 ], [ -1.77612, 54.50672 ], [ -1.78217, 54.507 ], [ -1.79294, 54.48436 ], [ -1.82244, 54.49517 ], [ -1.82499, 54.50026 ], [ -1.83943, 54.50843 ], [ -1.84821, 54.50365 ], [ -1.85779, 54.50353 ], [ -1.85912, 54.48185 ], [ -1.8776, 54.47804 ], [ -1.89342, 54.46689 ], [ -1.94254, 54.45339 ], [ -1.97005, 54.45151 ], [ -1.97612, 54.45972 ], [ -1.98553, 54.45991 ], [ -1.99676, 54.46689 ], [ -2.04472, 54.47518 ], [ -2.04319, 54.48359 ], [ -2.06124, 54.48052 ], [ -2.08162, 54.46986 ], [ -2.11659, 54.46225 ], [ -2.15011, 54.45995 ], [ -2.15922, 54.45551 ], [ -2.17021, 54.45819 ], [ -2.15943, 54.47111 ], [ -2.16653, 54.48992 ], [ -2.16246, 54.50398 ], [ -2.1687, 54.51964 ], [ -2.17449, 54.52172 ], [ -2.15932, 54.52786 ], [ -2.13378, 54.52677 ], [ -2.12669, 54.52264 ], [ -2.10722, 54.52859 ], [ -2.08932, 54.52639 ], [ -2.07159, 54.53254 ], [ -2.06024, 54.53119 ], [ -2.04858, 54.53515 ], [ -2.03055, 54.53354 ], [ -2.01995, 54.53602 ], [ -2.00651, 54.53336 ], [ -1.98805, 54.54078 ], [ -1.9532, 54.54248 ], [ -1.9604, 54.53402 ], [ -1.9526, 54.52787 ], [ -1.9458, 54.52964 ], [ -1.93845, 54.5268 ], [ -1.9284, 54.53101 ], [ -1.90398, 54.53203 ], [ -1.88066, 54.52397 ], [ -1.86438, 54.52678 ], [ -1.8542, 54.5248 ], [ -1.84488, 54.52833 ], [ -1.81728, 54.52417 ], [ -1.81159, 54.52863 ], [ -1.80194, 54.52829 ], [ -1.7891, 54.53479 ], [ -1.77439, 54.54825 ], [ -1.75395, 54.55205 ], [ -1.74576, 54.54705 ], [ -1.74442, 54.54176 ], [ -1.7362, 54.54504 ], [ -1.73031, 54.54147 ], [ -1.72187, 54.54225 ], [ -1.72727, 54.5305 ] ] ] } },
{ "type": "Feature", "properties": { "small_area": "E01020860" }, "geometry": { "type": "Polygon", "coordinates": [ [ [ -1.75451, 54.63001 ], [ -1.75138, 54.62367 ], [ -1.75838, 54.62291 ], [ -1.75877, 54.61984 ], [ -1.74906, 54.61921 ], [ -1.75441, 54.61569 ], [ -1.76014, 54.61813 ], [ -1.7671, 54.61309 ], [ -1.77084, 54.61786 ], [ -1.75451, 54.63001 ] ] ] } },
{ "type": "Feature", "properties": { "small_area": "E01020862" }, "geometry": { "type": "Polygon", "coordinates": [ [ [ -1.6793, 54.58596 ], [ -1.69402, 54.58688 ], [ -1.70898, 54.57413 ], [ -1.70447, 54.57215 ], [ -1.70966, 54.56581 ], [ -1.7033, 54.55869 ], [ -1.6912, 54.55623 ], [ -1.69755, 54.5557 ], [ -1.70526, 54.54916 ], [ -1.70376, 54.54493 ], [ -1.69833, 54.5442 ], [ -1.69692, 54.536 ], [ -1.72187, 54.54225 ], [ -1.73031, 54.54147 ], [ -1.7362, 54.54504 ], [ -1.74442, 54.54176 ], [ -1.74576, 54.54705 ], [ -1.75395, 54.55205 ], [ -1.77439, 54.54825 ], [ -1.7891, 54.53479 ], [ -1.80194, 54.52829 ], [ -1.81159, 54.52863 ], [ -1.81506, 54.54603 ], [ -1.82731, 54.55 ], [ -1.8353, 54.54743 ], [ -1.84126, 54.55129 ], [ -1.85328, 54.55127 ], [ -1.85663, 54.56131 ], [ -1.84299, 54.5633 ], [ -1.81675, 54.55652 ], [ -1.81833, 54.56125 ], [ -1.79323, 54.56596 ], [ -1.7954, 54.57527 ], [ -1.78029, 54.57258 ], [ -1.7761, 54.57714 ], [ -1.7614, 54.57647 ], [ -1.76398, 54.58358 ], [ -1.77337, 54.58251 ], [ -1.77377, 54.60143 ], [ -1.76205, 54.60423 ], [ -1.69803, 54.60399 ], [ -1.6806, 54.59782 ], [ -1.6793, 54.58596 ] ] ] } },
{ "type": "Feature", "properties": { "small_area": "E01020867" }, "geometry": { "type": "Polygon", "coordinates": [ [ [ -1.84328, 54.61022 ], [ -1.83558, 54.60805 ], [ -1.78446, 54.6047 ], [ -1.77377, 54.60143 ], [ -1.77337, 54.58251 ], [ -1.76398, 54.58358 ], [ -1.7614, 54.57647 ], [ -1.7761, 54.57714 ], [ -1.78029, 54.57258 ], [ -1.7954, 54.57527 ], [ -1.79323, 54.56596 ], [ -1.81833, 54.56125 ], [ -1.81675, 54.55652 ], [ -1.84299, 54.5633 ], [ -1.85663, 54.56131 ], [ -1.85328, 54.55127 ], [ -1.84126, 54.55129 ], [ -1.8353, 54.54743 ], [ -1.82731, 54.55 ], [ -1.81506, 54.54603 ], [ -1.81159, 54.52863 ], [ -1.81728, 54.52417 ], [ -1.84488, 54.52833 ], [ -1.8542, 54.5248 ], [ -1.86438, 54.52678 ], [ -1.88066, 54.52397 ], [ -1.90398, 54.53203 ], [ -1.90815, 54.53518 ], [ -1.8969, 54.53344 ], [ -1.89647, 54.53695 ], [ -1.88964, 54.53677 ], [ -1.88517, 54.55283 ], [ -1.90123, 54.55386 ], [ -1.9142, 54.55861 ], [ -1.90548, 54.5664 ], [ -1.90984, 54.56782 ], [ -1.9016, 54.56757 ], [ -1.90655, 54.5712 ], [ -1.89718, 54.57755 ], [ -1.88709, 54.59268 ], [ -1.88325, 54.59216 ], [ -1.88452, 54.59625 ], [ -1.91287, 54.59904 ], [ -1.95312, 54.59608 ], [ -1.96263, 54.60151 ], [ -1.95635, 54.61206 ], [ -1.95963, 54.61648 ], [ -1.94803, 54.61903 ], [ -1.91419, 54.61755 ], [ -1.90533, 54.62034 ], [ -1.88695, 54.61706 ], [ -1.87673, 54.62205 ], [ -1.84392, 54.61399 ], [ -1.84328, 54.61022 ] ] ] } },
{ "type": "Feature", "properties": { "small_area": "E01020864" }, "geometry": { "type": "Polygon", "coordinates": [ [ [ -1.7709, 54.65674 ], [ -1.79807, 54.65977 ], [ -1.82085, 54.65037 ], [ -1.81421, 54.63582 ], [ -1.80573, 54.63041 ], [ -1.80821, 54.62331 ], [ -1.8236, 54.62545 ], [ -1.83155, 54.6161 ], [ -1.84392, 54.61399 ], [ -1.87673, 54.62205 ], [ -1.88695, 54.61706 ], [ -1.90533, 54.62034 ], [ -1.91419, 54.61755 ], [ -1.94803, 54.61903 ], [ -1.95963, 54.61648 ], [ -1.96407, 54.62231 ], [ -1.96068, 54.63774 ], [ -1.94247, 54.63623 ], [ -1.9716, 54.64545 ], [ -1.98053, 54.65764 ], [ -1.97705, 54.67253 ], [ -1.94789, 54.67053 ], [ -1.94951, 54.67603 ], [ -1.92199, 54.67993 ], [ -1.91626, 54.68449 ], [ -1.88535, 54.69263 ], [ -1.87046, 54.70025 ], [ -1.82249, 54.70876 ], [ -1.80492, 54.68745 ], [ -1.78978, 54.68157 ], [ -1.79337, 54.67464 ], [ -1.77222, 54.67141 ], [ -1.7709, 54.65674 ] ] ] } },
{ "type": "Feature", "properties": { "small_area": "E01020861" }, "geometry": { "type": "Polygon", "coordinates": [ [ [ -1.7722, 54.64714 ], [ -1.7541, 54.6471 ], [ -1.7617, 54.63699 ], [ -1.7513, 54.63134 ], [ -1.7535, 54.62899 ], [ -1.73952, 54.61903 ], [ -1.74264, 54.61751 ], [ -1.73762, 54.61333 ], [ -1.73091, 54.61312 ], [ -1.73889, 54.60504 ], [ -1.75599, 54.60261 ], [ -1.79065, 54.61421 ], [ -1.79389, 54.62062 ], [ -1.80821, 54.62331 ], [ -1.80573, 54.63041 ], [ -1.81421, 54.63582 ], [ -1.82085, 54.65037 ], [ -1.79807, 54.65977 ], [ -1.7709, 54.65674 ], [ -1.7722, 54.64714 ] ], [ [ -1.7671, 54.61309 ], [ -1.76014, 54.61813 ], [ -1.75441, 54.61569 ], [ -1.74906, 54.61921 ], [ -1.75877, 54.61984 ], [ -1.75838, 54.62291 ], [ -1.75138, 54.62367 ], [ -1.75451, 54.63001 ], [ -1.77084, 54.61786 ], [ -1.7671, 54.61309 ] ] ] } },
{ "type": "Feature", "properties": { "small_area": "E01020868" }, "geometry": { "type": "Polygon", "coordinates": [ [ [ -1.65804, 54.656 ], [ -1.67666, 54.65718 ], [ -1.6811, 54.66894 ], [ -1.67433, 54.67021 ], [ -1.67313, 54.66783 ], [ -1.66941, 54.67095 ], [ -1.66508, 54.66903 ], [ -1.66663, 54.66394 ], [ -1.65613, 54.66448 ], [ -1.65804, 54.656 ] ] ] } },
{ "type": "Feature", "properties": { "small_area": "E01027462" }, "geometry": { "type": "Polygon", "coordinates": [ [ [ -1.64911, 55.17202 ], [ -1.65407, 55.1737 ], [ -1.65388, 55.18103 ], [ -1.66918, 55.18164 ], [ -1.66282, 55.18701 ], [ -1.65513, 55.18751 ], [ -1.65033, 55.18039 ], [ -1.63855, 55.18241 ], [ -1.64457, 55.1796 ], [ -1.64181, 55.17743 ], [ -1.64911, 55.17202 ] ] ] } },
{ "type": "Feature", "properties": { "small_area": "E01033482" }, "geometry": { "type": "Polygon", "coordinates": [ [ [ -1.56002, 54.53971 ], [ -1.58299, 54.54206 ], [ -1.57922, 54.54685 ], [ -1.5837, 54.54654 ], [ -1.59289, 54.55568 ], [ -1.59679, 54.5532 ], [ -1.59446, 54.55587 ], [ -1.58656, 54.55844 ], [ -1.58384, 54.55415 ], [ -1.56232, 54.55307 ], [ -1.56002, 54.53971 ] ] ] } },
{ "type": "Feature", "properties": { "small_area": "E01032552" }, "geometry": { "type": "Polygon", "coordinates": [ [ [ -1.24884, 54.51818 ], [ -1.24447, 54.51759 ], [ -1.24924, 54.5182 ], [ -1.25182, 54.51934 ], [ -1.25871, 54.52754 ], [ -1.24821, 54.5234 ], [ -1.24884, 54.51818 ] ] ] } },
{ "type": "Feature", "properties": { "small_area": "E01008859" }, "geometry": { "type": "Polygon", "coordinates": [ [ [ -1.51267, 54.91164 ], [ -1.50675, 54.9135 ], [ -1.50949, 54.91601 ], [ -1.5043, 54.91733 ], [ -1.50361, 54.90553 ], [ -1.51267, 54.91164 ] ] ] } },
{ "type": "Feature", "properties": { "small_area": "E01020824" }, "geometry": { "type": "Polygon", "coordinates": [ [ [ -1.56955, 54.61216 ], [ -1.58418, 54.61046 ], [ -1.5845, 54.61444 ], [ -1.576, 54.61811 ], [ -1.56955, 54.61216 ] ] ] } },
{ "type": "Feature", "properties": { "small_area": "E01020825" }, "geometry": { "type": "Polygon", "coordinates": [ [ [ -1.55655, 54.61599 ], [ -1.56003, 54.60765 ], [ -1.56269, 54.61491 ], [ -1.57531, 54.61882 ], [ -1.55655, 54.61599 ] ] ] } },
{ "type": "Feature", "properties": { "small_area": "E01020826" }, "geometry": { "type": "Polygon", "coordinates": [ [ [ -1.54531, 54.60975 ], [ -1.55781, 54.60064 ], [ -1.56213, 54.58577 ], [ -1.55217, 54.58279 ], [ -1.58331, 54.5809 ], [ -1.58286, 54.58946 ], [ -1.59085, 54.5902 ], [ -1.593, 54.60443 ], [ -1.58393, 54.60735 ], [ -1.58418, 54.61046 ], [ -1.56955, 54.61216 ], [ -1.57007, 54.61533 ], [ -1.56269, 54.61491 ], [ -1.56003, 54.60765 ], [ -1.55703, 54.61411 ], [ -1.54531, 54.60975 ] ] ] } },
{ "type": "Feature", "properties": { "small_area": "E01020827" }, "geometry": { "type": "Polygon", "coordinates": [ [ [ -1.4012, 54.71145 ], [ -1.39435, 54.70123 ], [ -1.44125, 54.70768 ], [ -1.44148, 54.71012 ], [ -1.45077, 54.70751 ], [ -1.45403, 54.70942 ], [ -1.4399, 54.71167 ], [ -1.43503, 54.71845 ], [ -1.42884, 54.71981 ], [ -1.39813, 54.71716 ], [ -1.4012, 54.71145 ] ] ] } },
{ "type": "Feature", "properties": { "small_area": "E01020822" }, "geometry": { "type": "Polygon", "coordinates": [ [ [ -1.57877, 54.66457 ], [ -1.57117, 54.6573 ], [ -1.60947, 54.65805 ], [ -1.60184, 54.66593 ], [ -1.605, 54.67987 ], [ -1.62588, 54.67645 ], [ -1.62833, 54.68418 ], [ -1.63235, 54.68376 ], [ -1.60949, 54.69007 ], [ -1.60322, 54.68674 ], [ -1.59804, 54.69308 ], [ -1.5924, 54.69224 ], [ -1.58205, 54.69699 ], [ -1.58248, 54.68372 ], [ -1.56887, 54.67221 ], [ -1.57877, 54.66457 ] ] ] } },
{ "type": "Feature", "properties": { "small_area": "E01020900" }, "geometry": { "type": "Polygon", "coordinates": [ [ [ -1.67814, 54.70388 ], [ -1.68385, 54.70531 ], [ -1.6879, 54.71387 ], [ -1.67229, 54.71301 ], [ -1.66682, 54.71598 ], [ -1.66231, 54.71092 ], [ -1.67165, 54.70935 ], [ -1.67023, 54.70686 ], [ -1.67814, 54.70388 ] ] ] } },
{ "type": "Feature", "properties": { "small_area": "E01020903" }, "geometry": { "type": "Polygon", "coordinates": [ [ [ -1.64849, 54.70791 ], [ -1.67023, 54.70686 ], [ -1.67165, 54.70935 ], [ -1.66231, 54.71092 ], [ -1.66682, 54.71598 ], [ -1.69072, 54.71163 ], [ -1.70768, 54.72019 ], [ -1.71702, 54.73461 ], [ -1.66564, 54.73904 ], [ -1.63846, 54.71476 ], [ -1.63265, 54.7153 ], [ -1.64849, 54.70791 ] ] ] } },
{ "type": "Feature", "properties": { "small_area": "E01012118" }, "geometry": { "type": "Polygon", "coordinates": [ [ [ -1.05997, 54.53696 ], [ -1.05351, 54.53575 ], [ -1.05798, 54.5365 ], [ -1.05567, 54.53468 ], [ -1.06358, 54.53237 ], [ -1.05997, 54.53696 ] ] ] } },
{ "type": "Feature", "properties": { "small_area": "E01020901" }, "geometry": { "type": "Polygon", "coordinates": [ [ [ -1.69733, 54.70713 ], [ -1.69336, 54.71319 ], [ -1.6879, 54.71387 ], [ -1.68385, 54.70531 ], [ -1.68865, 54.70359 ], [ -1.69733, 54.70713 ] ] ] } },
{ "type": "Feature", "properties": { "small_area": "E01008704" }, "geometry": { "type": "Polygon", "coordinates": [ [ [ -1.40371, 54.9016 ], [ -1.4096, 54.90054 ], [ -1.41312, 54.90443 ], [ -1.41009, 54.90921 ], [ -1.40656, 54.90844 ], [ -1.40371, 54.9016 ] ] ] } },
{ "type": "Feature", "properties": { "small_area": "E01012299" }, "geometry": { "type": "Polygon", "coordinates": [ [ [ -1.34939, 54.5038 ], [ -1.34432, 54.50348 ], [ -1.34129, 54.49889 ], [ -1.35237, 54.50049 ], [ -1.36126, 54.50982 ], [ -1.35909, 54.51244 ], [ -1.3536, 54.51154 ], [ -1.34939, 54.5038 ] ] ] } },
{ "type": "Feature", "properties": { "small_area": "E01027398" }, "geometry": { "type": "Polygon", "coordinates": [ [ [ -1.56629, 55.10417 ], [ -1.56684, 55.0931 ], [ -1.57839, 55.09574 ], [ -1.56931, 55.09894 ], [ -1.56952, 55.10186 ], [ -1.61777, 55.10557 ], [ -1.62092, 55.11361 ], [ -1.61321, 55.1105 ], [ -1.60654, 55.11553 ], [ -1.6027, 55.11095 ], [ -1.59582, 55.11067 ], [ -1.58621, 55.11291 ], [ -1.58135, 55.11888 ], [ -1.5769, 55.10938 ], [ -1.56629, 55.10417 ] ] ] } },
{ "type": "Feature", "properties": { "small_area": "E01012241" }, "geometry": { "type": "Polygon", "coordinates": [ [ [ -1.28981, 54.54421 ], [ -1.27863, 54.54345 ], [ -1.28456, 54.5375 ], [ -1.29244, 54.54295 ], [ -1.28981, 54.54421 ] ] ] } },
{ "type": "Feature", "properties": { "small_area": "E01012240" }, "geometry": { "type": "Polygon", "coordinates": [ [ [ -1.28895, 54.55095 ], [ -1.27627, 54.54883 ], [ -1.27863, 54.54345 ], [ -1.28981, 54.54421 ], [ -1.28895, 54.55095 ] ] ] } },
{ "type": "Feature", "properties": { "small_area": "E01012243" }, "geometry": { "type": "Polygon", "coordinates": [ [ [ -1.28799, 54.62633 ], [ -1.28133, 54.62379 ], [ -1.28204, 54.62245 ], [ -1.28815, 54.61873 ], [ -1.28799, 54.62633 ] ] ] } },
{ "type": "Feature", "properties": { "small_area": "E01012261" }, "geometry": { "type": "Polygon", "coordinates": [ [ [ -1.29996, 54.58648 ], [ -1.30397, 54.58505 ], [ -1.3111, 54.59264 ], [ -1.30527, 54.59054 ], [ -1.30186, 54.59222 ], [ -1.30306, 54.5974 ], [ -1.29748, 54.59843 ], [ -1.29996, 54.58648 ] ] ] } },
{ "type": "Feature", "properties": { "small_area": "E01020889" }, "geometry": { "type": "Polygon", "coordinates": [ [ [ -2.18711, 54.78142 ], [ -2.13437, 54.76579 ], [ -2.12285, 54.74119 ], [ -2.11436, 54.73613 ], [ -2.10596, 54.73772 ], [ -2.10121, 54.73428 ], [ -2.10688, 54.72081 ], [ -2.11526, 54.72412 ], [ -2.13582, 54.72404 ], [ -2.13757, 54.71585 ], [ -2.14672, 54.7073 ], [ -2.14723, 54.6956 ], [ -2.19217, 54.69508 ], [ -2.19462, 54.70596 ], [ -2.20302, 54.70422 ], [ -2.22876, 54.71674 ], [ -2.25846, 54.70815 ], [ -2.26638, 54.71788 ], [ -2.27925, 54.71812 ], [ -2.30545, 54.72624 ], [ -2.32113, 54.72231 ], [ -2.3323, 54.73191 ], [ -2.32086, 54.75506 ], [ -2.32238, 54.76419 ], [ -2.30844, 54.77351 ], [ -2.31392, 54.78111 ], [ -2.31208, 54.79101 ], [ -2.28066, 54.79797 ], [ -2.24866, 54.78795 ], [ -2.23551, 54.78679 ], [ -2.23406, 54.78416 ], [ -2.18711, 54.78142 ] ] ] } },
{ "type": "Feature", "properties": { "small_area": "E01020808" }, "geometry": { "type": "Polygon", "coordinates": [ [ [ -1.5532, 54.68905 ], [ -1.55133, 54.68486 ], [ -1.5574, 54.68673 ], [ -1.56506, 54.70554 ], [ -1.53492, 54.70951 ], [ -1.53239, 54.69479 ], [ -1.5532, 54.68905 ] ] ] } },
{ "type": "Feature", "properties": { "small_area": "E01020888" }, "geometry": { "type": "Polygon", "coordinates": [ [ [ -1.69137, 54.69913 ], [ -1.69294, 54.69141 ], [ -1.67618, 54.69203 ], [ -1.68526, 54.67968 ], [ -1.6823, 54.67351 ], [ -1.70559, 54.67468 ], [ -1.70657, 54.6723 ], [ -1.72904, 54.66923 ], [ -1.72972, 54.67298 ], [ -1.73825, 54.6723 ], [ -1.74612, 54.68777 ], [ -1.74592, 54.69731 ], [ -1.73822, 54.70051 ], [ -1.73014, 54.69961 ], [ -1.72862, 54.70388 ], [ -1.69137, 54.69913 ] ] ] } },
{ "type": "Feature", "properties": { "small_area": "E01020809" }, "geometry": { "type": "Polygon", "coordinates": [ [ [ -1.39766, 54.68809 ], [ -1.38961, 54.6829 ], [ -1.3994, 54.68133 ], [ -1.42876, 54.68872 ], [ -1.43004, 54.69243 ], [ -1.44118, 54.6942 ], [ -1.44206, 54.69787 ], [ -1.4319, 54.70091 ], [ -1.42134, 54.69427 ], [ -1.41991, 54.7006 ], [ -1.39981, 54.69715 ], [ -1.39766, 54.68809 ] ] ] } },
{ "type": "Feature", "properties": { "small_area": "E01027408" }, "geometry": { "type": "Polygon", "coordinates": [ [ [ -1.57656, 55.07538 ], [ -1.589, 55.07451 ], [ -1.58785, 55.07828 ], [ -1.57776, 55.08019 ], [ -1.57656, 55.07538 ] ] ] } },
{ "type": "Feature", "properties": { "small_area": "E01027489" }, "geometry": { "type": "Polygon", "coordinates": [ [ [ -2.11138, 54.94378 ], [ -2.128, 54.94566 ], [ -2.12104, 54.95424 ], [ -2.12419, 54.96186 ], [ -2.11574, 54.96245 ], [ -2.11495, 54.96854 ], [ -2.11, 54.96947 ], [ -2.10918, 54.96589 ], [ -2.1133, 54.96496 ], [ -2.10144, 54.96412 ], [ -2.11138, 54.94378 ] ] ] } },
{ "type": "Feature", "properties": { "small_area": "E01027488" }, "geometry": { "type": "Polygon", "coordinates": [ [ [ -2.14971, 54.98404 ], [ -2.16786, 54.97932 ], [ -2.17603, 54.97186 ], [ -2.17847, 54.9678 ], [ -2.16883, 54.96342 ], [ -2.17549, 54.95337 ], [ -2.22084, 54.94832 ], [ -2.22228, 54.94442 ], [ -2.26224, 54.93699 ], [ -2.27179, 54.93118 ], [ -2.30397, 54.9214 ], [ -2.31481, 54.92965 ], [ -2.30704, 54.9316 ], [ -2.31299, 54.93466 ], [ -2.31154, 54.93894 ], [ -2.31971, 54.94223 ], [ -2.31473, 54.94574 ], [ -2.32114, 54.95736 ], [ -2.31615, 54.96039 ], [ -2.31354, 54.97743 ], [ -2.30452, 54.98304 ], [ -2.30372, 54.98843 ], [ -2.3096, 55.0104 ], [ -2.31325, 55.01 ], [ -2.31383, 55.01439 ], [ -2.31744, 55.01233 ], [ -2.32885, 55.01448 ], [ -2.31721, 55.01851 ], [ -2.31523, 55.02343 ], [ -2.27822, 55.02927 ], [ -2.26947, 55.02395 ], [ -2.26864, 55.01809 ], [ -2.27648, 55.01655 ], [ -2.26727, 55.0068 ], [ -2.28063, 55.00545 ], [ -2.25568, 55.00758 ], [ -2.25417, 55.00378 ], [ -2.24198, 55.00455 ], [ -2.24217, 55.0004 ], [ -2.22096, 54.99838 ], [ -2.21343, 54.98886 ], [ -2.1998, 54.99775 ], [ -2.17471, 55.00325 ], [ -2.16845, 54.9972 ], [ -2.15807, 54.99538 ], [ -2.15813, 54.98929 ], [ -2.1472, 54.98815 ], [ -2.14971, 54.98404 ] ] ] } },
{ "type": "Feature", "properties": { "small_area": "E01008343" }, "geometry": { "type": "Polygon", "coordinates": [ [ [ -1.67861, 54.98108 ], [ -1.67111, 54.98858 ], [ -1.66717, 54.98655 ], [ -1.67012, 54.97887 ], [ -1.67861, 54.98108 ] ] ] } },
{ "type": "Feature", "properties": { "small_area": "E01012074" }, "geometry": { "type": "Polygon", "coordinates": [ [ [ -1.20848, 54.5577 ], [ -1.21518, 54.55769 ], [ -1.2156, 54.5636 ], [ -1.21017, 54.56055 ], [ -1.2056, 54.56292 ], [ -1.20848, 54.5577 ] ] ] } },
{ "type": "Feature", "properties": { "small_area": "E01008624" }, "geometry": { "type": "Polygon", "coordinates": [ [ [ -1.38668, 54.97082 ], [ -1.39649, 54.96898 ], [ -1.39666, 54.97379 ], [ -1.38909, 54.97566 ], [ -1.38493, 54.97199 ], [ -1.38668, 54.97082 ] ] ] } },
{ "type": "Feature", "properties": { "small_area": "E01027507" }, "geometry": { "type": "Polygon", "coordinates": [ [ [ -1.89842, 54.92732 ], [ -1.8909, 54.92406 ], [ -1.88684, 54.9167 ], [ -1.9147, 54.91051 ], [ -1.91704, 54.91384 ], [ -1.92765, 54.90889 ], [ -1.9307, 54.91268 ], [ -1.95359, 54.91697 ], [ -1.96555, 54.9321 ], [ -1.97831, 54.93001 ], [ -1.97915, 54.93303 ], [ -1.98521, 54.92865 ], [ -1.98334, 54.93112 ], [ -1.96739, 54.93903 ], [ -1.9464, 54.94416 ], [ -1.94018, 54.94248 ], [ -1.93768, 54.94829 ], [ -1.91723, 54.94706 ], [ -1.92196, 54.94545 ], [ -1.919, 54.94051 ], [ -1.90572, 54.94233 ], [ -1.90353, 54.94524 ], [ -1.90337, 54.94063 ], [ -1.89051, 54.93973 ], [ -1.89842, 54.92732 ] ] ] } },
{ "type": "Feature", "properties": { "small_area": "E01008368" }, "geometry": { "type": "Polygon", "coordinates": [ [ [ -1.60166, 54.99211 ], [ -1.59481, 54.98961 ], [ -1.60281, 54.98819 ], [ -1.60166, 54.99211 ] ] ] } },
{ "type": "Feature", "properties": { "small_area": "E01008341" }, "geometry": { "type": "Polygon", "coordinates": [ [ [ -1.64121, 55.00673 ], [ -1.64624, 55.00642 ], [ -1.643, 55.01256 ], [ -1.63895, 55.01089 ], [ -1.64121, 55.00673 ] ] ] } },
{ "type": "Feature", "properties": { "small_area": "E01008340" }, "geometry": { "type": "Polygon", "coordinates": [ [ [ -1.64624, 55.00642 ], [ -1.65346, 55.00673 ], [ -1.65169, 55.01215 ], [ -1.64491, 55.0107 ], [ -1.64624, 55.00642 ] ] ] } },
{ "type": "Feature", "properties": { "small_area": "E01008831" }, "geometry": { "type": "Polygon", "coordinates": [ [ [ -1.38133, 54.90232 ], [ -1.38849, 54.89943 ], [ -1.39742, 54.90272 ], [ -1.38133, 54.90232 ] ] ] } },
{ "type": "Feature", "properties": { "small_area": "E01008348" }, "geometry": { "type": "Polygon", "coordinates": [ [ [ -1.66392, 54.97728 ], [ -1.66508, 54.98163 ], [ -1.65795, 54.98096 ], [ -1.65988, 54.9766 ], [ -1.66392, 54.97728 ] ] ] } },
{ "type": "Feature", "properties": { "small_area": "E01008701" }, "geometry": { "type": "Polygon", "coordinates": [ [ [ -1.41312, 54.90443 ], [ -1.41659, 54.91268 ], [ -1.4095, 54.91141 ], [ -1.41312, 54.90443 ] ] ] } },
{ "type": "Feature", "properties": { "small_area": "E01020693" }, "geometry": { "type": "Polygon", "coordinates": [ [ [ -1.5327, 54.77495 ], [ -1.54503, 54.77661 ], [ -1.5499, 54.78318 ], [ -1.5331, 54.78534 ], [ -1.5327, 54.77495 ] ] ] } },
{ "type": "Feature", "properties": { "small_area": "E01027486" }, "geometry": { "type": "Polygon", "coordinates": [ [ [ -2.46993, 54.96622 ], [ -2.47426, 54.96859 ], [ -2.45273, 54.96912 ], [ -2.45306, 54.96517 ], [ -2.47686, 54.96286 ], [ -2.46993, 54.96622 ] ] ] } },
{ "type": "Feature", "properties": { "small_area": "E01027407" }, "geometry": { "type": "Polygon", "coordinates": [ [ [ -1.57518, 55.07018 ], [ -1.58597, 55.0702 ], [ -1.58101, 55.07471 ], [ -1.57656, 55.07538 ], [ -1.57518, 55.07018 ] ] ] } },
{ "type": "Feature", "properties": { "small_area": "E01027485" }, "geometry": { "type": "Polygon", "coordinates": [ [ [ -2.47426, 54.96859 ], [ -2.46993, 54.96622 ], [ -2.47686, 54.96286 ], [ -2.49122, 54.96781 ], [ -2.48927, 54.97171 ], [ -2.50523, 54.97856 ], [ -2.50855, 54.98569 ], [ -2.49537, 54.98901 ], [ -2.46041, 54.98958 ], [ -2.45834, 54.98633 ], [ -2.45248, 54.98621 ], [ -2.46135, 54.97873 ], [ -2.45771, 54.97607 ], [ -2.46531, 54.97528 ], [ -2.4592, 54.97045 ], [ -2.47426, 54.96859 ] ] ] } },
{ "type": "Feature", "properties": { "small_area": "E01027404" }, "geometry": { "type": "Polygon", "coordinates": [ [ [ -1.5771, 55.09266 ], [ -1.58183, 55.09342 ], [ -1.58372, 55.08837 ], [ -1.59629, 55.08742 ], [ -1.59695, 55.0927 ], [ -1.57839, 55.09574 ], [ -1.5771, 55.09266 ] ] ] } },
{ "type": "Feature", "properties": { "small_area": "E01020594" }, "geometry": { "type": "Polygon", "coordinates": [ [ [ -1.57748, 54.85218 ], [ -1.57311, 54.85136 ], [ -1.57366, 54.85487 ], [ -1.57015, 54.85036 ], [ -1.57724, 54.84666 ], [ -1.57748, 54.85218 ] ] ] } },
{ "type": "Feature", "properties": { "small_area": "E01027478" }, "geometry": { "type": "Polygon", "coordinates": [ [ [ -2.27626, 54.90153 ], [ -2.27833, 54.91021 ], [ -2.2627, 54.91398 ], [ -2.25697, 54.91981 ], [ -2.25131, 54.9155 ], [ -2.26038, 54.90935 ], [ -2.24475, 54.9041 ], [ -2.24195, 54.89796 ], [ -2.25104, 54.89539 ], [ -2.24984, 54.89251 ], [ -2.2593, 54.89505 ], [ -2.26591, 54.88884 ], [ -2.27463, 54.88876 ], [ -2.27255, 54.89129 ], [ -2.27888, 54.89085 ], [ -2.27626, 54.90153 ] ] ] } },
{ "type": "Feature", "properties": { "small_area": "E01008456" }, "geometry": { "type": "Polygon", "coordinates": [ [ [ -1.69227, 55.00063 ], [ -1.6861, 55.00591 ], [ -1.68623, 55.00289 ], [ -1.68112, 55.0025 ], [ -1.69227, 55.00063 ] ] ] } },
{ "type": "Feature", "properties": { "small_area": "E01020636" }, "geometry": { "type": "Polygon", "coordinates": [ [ [ -1.73914, 54.90246 ], [ -1.74652, 54.89381 ], [ -1.75311, 54.89565 ], [ -1.74854, 54.90412 ], [ -1.7308, 54.90676 ], [ -1.72997, 54.90159 ], [ -1.73914, 54.90246 ] ] ] } },
{ "type": "Feature", "properties": { "small_area": "E01012327" }, "geometry": { "type": "Polygon", "coordinates": [ [ [ -1.52657, 54.53603 ], [ -1.52041, 54.53615 ], [ -1.50549, 54.53156 ], [ -1.5284, 54.53204 ], [ -1.52657, 54.53603 ] ] ] } },
{ "type": "Feature", "properties": { "small_area": "E01012030" }, "geometry": { "type": "Polygon", "coordinates": [ [ [ -1.21871, 54.51719 ], [ -1.22699, 54.52266 ], [ -1.21969, 54.52445 ], [ -1.22347, 54.52881 ], [ -1.21287, 54.52507 ], [ -1.21871, 54.51719 ] ] ] } },
{ "type": "Feature", "properties": { "small_area": "E01012033" }, "geometry": { "type": "Polygon", "coordinates": [ [ [ -1.21266, 54.52418 ], [ -1.20523, 54.52181 ], [ -1.21604, 54.51458 ], [ -1.21871, 54.51719 ], [ -1.21266, 54.52418 ] ] ] } },
{ "type": "Feature", "properties": { "small_area": "E01012035" }, "geometry": { "type": "Polygon", "coordinates": [ [ [ -1.22347, 54.52881 ], [ -1.22475, 54.53244 ], [ -1.21646, 54.53257 ], [ -1.20918, 54.52626 ], [ -1.22347, 54.52881 ] ] ] } },
{ "type": "Feature", "properties": { "small_area": "E01012032" }, "geometry": { "type": "Polygon", "coordinates": [ [ [ -1.20233, 54.52407 ], [ -1.20128, 54.52044 ], [ -1.21604, 54.51458 ], [ -1.20523, 54.52181 ], [ -1.21287, 54.52507 ], [ -1.20233, 54.52407 ] ] ] } },
{ "type": "Feature", "properties": { "small_area": "E01012037" }, "geometry": { "type": "Polygon", "coordinates": [ [ [ -1.25503, 54.57076 ], [ -1.2473, 54.57079 ], [ -1.2482, 54.56891 ], [ -1.25449, 54.56618 ], [ -1.25503, 54.57076 ] ] ] } },
{ "type": "Feature", "properties": { "small_area": "E01012034" }, "geometry": { "type": "Polygon", "coordinates": [ [ [ -1.19948, 54.51282 ], [ -1.19547, 54.50662 ], [ -1.22012, 54.51093 ], [ -1.22345, 54.51879 ], [ -1.21604, 54.51458 ], [ -1.1988, 54.51993 ], [ -1.19948, 54.51282 ] ] ] } },
{ "type": "Feature", "properties": { "small_area": "E01012031" }, "geometry": { "type": "Polygon", "coordinates": [ [ [ -1.21969, 54.52445 ], [ -1.22699, 54.52266 ], [ -1.23886, 54.53086 ], [ -1.22475, 54.53244 ], [ -1.21969, 54.52445 ] ] ] } },
{ "type": "Feature", "properties": { "small_area": "E01012306" }, "geometry": { "type": "Polygon", "coordinates": [ [ [ -1.53885, 54.52165 ], [ -1.52865, 54.52281 ], [ -1.52801, 54.51957 ], [ -1.53431, 54.51843 ], [ -1.53885, 54.52165 ] ] ] } },
{ "type": "Feature", "properties": { "small_area": "E01008224" }, "geometry": { "type": "Polygon", "coordinates": [ [ [ -1.55706, 54.90789 ], [ -1.56931, 54.90074 ], [ -1.5733, 54.90148 ], [ -1.56902, 54.90261 ], [ -1.57116, 54.9074 ], [ -1.58738, 54.90523 ], [ -1.59503, 54.90929 ], [ -1.59239, 54.91385 ], [ -1.60386, 54.92132 ], [ -1.5886, 54.9173 ], [ -1.57687, 54.92132 ], [ -1.57667, 54.91882 ], [ -1.56025, 54.91455 ], [ -1.55706, 54.90789 ] ] ] } },
{ "type": "Feature", "properties": { "small_area": "E01008225" }, "geometry": { "type": "Polygon", "coordinates": [ [ [ -1.56637, 54.92167 ], [ -1.56025, 54.91455 ], [ -1.57667, 54.91882 ], [ -1.57416, 54.92505 ], [ -1.56637, 54.92167 ] ] ] } },
{ "type": "Feature", "properties": { "small_area": "E01008227" }, "geometry": { "type": "Polygon", "coordinates": [ [ [ -1.56212, 54.92768 ], [ -1.568, 54.9302 ], [ -1.56601, 54.9334 ], [ -1.555, 54.93207 ], [ -1.56212, 54.92768 ] ] ] } },
{ "type": "Feature", "properties": { "small_area": "E01008226" }, "geometry": { "type": "Polygon", "coordinates": [ [ [ -1.62879, 54.92844 ], [ -1.61767, 54.9288 ], [ -1.60386, 54.92132 ], [ -1.59239, 54.91385 ], [ -1.59503, 54.90929 ], [ -1.58738, 54.90523 ], [ -1.60732, 54.89833 ], [ -1.61874, 54.88705 ], [ -1.62761, 54.8863 ], [ -1.64345, 54.87882 ], [ -1.65097, 54.87966 ], [ -1.64633, 54.88139 ], [ -1.65, 54.89362 ], [ -1.65994, 54.89066 ], [ -1.66303, 54.89594 ], [ -1.67812, 54.89984 ], [ -1.67483, 54.9093 ], [ -1.67035, 54.90934 ], [ -1.66957, 54.91989 ], [ -1.65241, 54.93028 ], [ -1.645, 54.92822 ], [ -1.64395, 54.9352 ], [ -1.63199, 54.93306 ], [ -1.62879, 54.92844 ] ] ] } },
{ "type": "Feature", "properties": { "small_area": "E01008222" }, "geometry": { "type": "Polygon", "coordinates": [ [ [ -1.5717, 54.8983 ], [ -1.57614, 54.90067 ], [ -1.57725, 54.90556 ], [ -1.57116, 54.9074 ], [ -1.56902, 54.90261 ], [ -1.5733, 54.90148 ], [ -1.56931, 54.90074 ], [ -1.5717, 54.8983 ] ] ] } },
{ "type": "Feature", "properties": { "small_area": "E01008223" }, "geometry": { "type": "Polygon", "coordinates": [ [ [ -1.58604, 54.89986 ], [ -1.58755, 54.89433 ], [ -1.59388, 54.9018 ], [ -1.57725, 54.90556 ], [ -1.57614, 54.90067 ], [ -1.58604, 54.89986 ] ] ] } },
{ "type": "Feature", "properties": { "small_area": "E01012099" }, "geometry": { "type": "Polygon", "coordinates": [ [ [ -0.93849, 54.56262 ], [ -0.94759, 54.56014 ], [ -0.95302, 54.56518 ], [ -0.94564, 54.56354 ], [ -0.94785, 54.56883 ], [ -0.93944, 54.5688 ], [ -0.93849, 54.56262 ] ] ] } },
{ "type": "Feature", "properties": { "small_area": "E01012018" }, "geometry": { "type": "Polygon", "coordinates": [ [ [ -1.20793, 54.55161 ], [ -1.21677, 54.54848 ], [ -1.22555, 54.55569 ], [ -1.21518, 54.55769 ], [ -1.20793, 54.55161 ] ] ] } },
{ "type": "Feature", "properties": { "small_area": "E01012209" }, "geometry": { "type": "Polygon", "coordinates": [ [ [ -1.34072, 54.55956 ], [ -1.33442, 54.55539 ], [ -1.34823, 54.55831 ], [ -1.34321, 54.56211 ], [ -1.33715, 54.5618 ], [ -1.34072, 54.55956 ] ] ] } },
{ "type": "Feature", "properties": { "small_area": "E01012288" }, "geometry": { "type": "Polygon", "coordinates": [ [ [ -1.29953, 54.55084 ], [ -1.3056, 54.55084 ], [ -1.30457, 54.55461 ], [ -1.29986, 54.55394 ], [ -1.29953, 54.55084 ] ] ] } },
{ "type": "Feature", "properties": { "small_area": "E01012289" }, "geometry": { "type": "Polygon", "coordinates": [ [ [ -1.27627, 54.54883 ], [ -1.29878, 54.55085 ], [ -1.29461, 54.55636 ], [ -1.28293, 54.56013 ], [ -1.28607, 54.56416 ], [ -1.28158, 54.5647 ], [ -1.27085, 54.55691 ], [ -1.27627, 54.54883 ] ] ] } },
{ "type": "Feature", "properties": { "small_area": "E01008261" }, "geometry": { "type": "Polygon", "coordinates": [ [ [ -1.63452, 54.9444 ], [ -1.63196, 54.94133 ], [ -1.6359, 54.93867 ], [ -1.64104, 54.94025 ], [ -1.63955, 54.94531 ], [ -1.63452, 54.9444 ] ] ] } },
{ "type": "Feature", "properties": { "small_area": "E01008260" }, "geometry": { "type": "Polygon", "coordinates": [ [ [ -1.62382, 54.94026 ], [ -1.62487, 54.93611 ], [ -1.6359, 54.93867 ], [ -1.63196, 54.94133 ], [ -1.63452, 54.9444 ], [ -1.63162, 54.94578 ], [ -1.6351, 54.94742 ], [ -1.6289, 54.94859 ], [ -1.62382, 54.94026 ] ] ] } },
{ "type": "Feature", "properties": { "small_area": "E01012208" }, "geometry": { "type": "Polygon", "coordinates": [ [ [ -1.34823, 54.55831 ], [ -1.35387, 54.56486 ], [ -1.34894, 54.56885 ], [ -1.34321, 54.56211 ], [ -1.34823, 54.55831 ] ] ] } },
{ "type": "Feature", "properties": { "small_area": "E01008263" }, "geometry": { "type": "Polygon", "coordinates": [ [ [ -1.67778, 54.94681 ], [ -1.68348, 54.94467 ], [ -1.68462, 54.94942 ], [ -1.68181, 54.95202 ], [ -1.67726, 54.95159 ], [ -1.6819, 54.95087 ], [ -1.67778, 54.94681 ] ] ] } },
{ "type": "Feature", "properties": { "small_area": "E01008779" }, "geometry": { "type": "Polygon", "coordinates": [ [ [ -1.36799, 54.88593 ], [ -1.36142, 54.87749 ], [ -1.37234, 54.87831 ], [ -1.37648, 54.88706 ], [ -1.36799, 54.88593 ] ] ] } },
{ "type": "Feature", "properties": { "small_area": "E01012235" }, "geometry": { "type": "Polygon", "coordinates": [ [ [ -1.31939, 54.4964 ], [ -1.31118, 54.49704 ], [ -1.3078, 54.48979 ], [ -1.28958, 54.48797 ], [ -1.2867, 54.48272 ], [ -1.2913, 54.48357 ], [ -1.2986, 54.47747 ], [ -1.3131, 54.47727 ], [ -1.3183, 54.47219 ], [ -1.34362, 54.46414 ], [ -1.3449, 54.4724 ], [ -1.35628, 54.47296 ], [ -1.36441, 54.46594 ], [ -1.37433, 54.47405 ], [ -1.37269, 54.48846 ], [ -1.32548, 54.50155 ], [ -1.31731, 54.49968 ], [ -1.31939, 54.4964 ] ] ] } },
{ "type": "Feature", "properties": { "small_area": "E01008568" }, "geometry": { "type": "Polygon", "coordinates": [ [ [ -1.50007, 55.02642 ], [ -1.50482, 55.02738 ], [ -1.50432, 55.0364 ], [ -1.49808, 55.03504 ], [ -1.50007, 55.02642 ] ] ] } },
{ "type": "Feature", "properties": { "small_area": "E01012258" }, "geometry": { "type": "Polygon", "coordinates": [ [ [ -1.26685, 54.56869 ], [ -1.28179, 54.57454 ], [ -1.30312, 54.5778 ], [ -1.30397, 54.58505 ], [ -1.29996, 54.58648 ], [ -1.29342, 54.58179 ], [ -1.26221, 54.57198 ], [ -1.26685, 54.56869 ] ] ] } },
{ "type": "Feature", "properties": { "small_area": "E01012259" }, "geometry": { "type": "Polygon", "coordinates": [ [ [ -1.30397, 54.58505 ], [ -1.30312, 54.5778 ], [ -1.31109, 54.58119 ], [ -1.3109, 54.58766 ], [ -1.30397, 54.58505 ] ] ] } },
{ "type": "Feature", "properties": { "small_area": "E01027514" }, "geometry": { "type": "Polygon", "coordinates": [ [ [ -1.59349, 55.12727 ], [ -1.59255, 55.12975 ], [ -1.58849, 55.12751 ], [ -1.59262, 55.12581 ], [ -1.58338, 55.12637 ], [ -1.58627, 55.11993 ], [ -1.58135, 55.11888 ], [ -1.58621, 55.11291 ], [ -1.6027, 55.11095 ], [ -1.60654, 55.11553 ], [ -1.61321, 55.1105 ], [ -1.62092, 55.11361 ], [ -1.61333, 55.12163 ], [ -1.6001, 55.12621 ], [ -1.59966, 55.13264 ], [ -1.59433, 55.13091 ], [ -1.59349, 55.12727 ] ] ] } },
{ "type": "Feature", "properties": { "small_area": "E01011970" }, "geometry": { "type": "Polygon", "coordinates": [ [ [ -1.25673, 54.71395 ], [ -1.26412, 54.71714 ], [ -1.25135, 54.71975 ], [ -1.24799, 54.71664 ], [ -1.25673, 54.71395 ] ] ] } },
{ "type": "Feature", "properties": { "small_area": "E01008525" }, "geometry": { "type": "Polygon", "coordinates": [ [ [ -1.45343, 55.01775 ], [ -1.45037, 55.01498 ], [ -1.45545, 55.01542 ], [ -1.46097, 55.02115 ], [ -1.44822, 55.02363 ], [ -1.44684, 55.0195 ], [ -1.45343, 55.01775 ] ] ] } },
{ "type": "Feature", "properties": { "small_area": "E01008569" }, "geometry": { "type": "Polygon", "coordinates": [ [ [ -1.50321, 55.02371 ], [ -1.50736, 55.0218 ], [ -1.51321, 55.03197 ], [ -1.51009, 55.0354 ], [ -1.50432, 55.0364 ], [ -1.50321, 55.02371 ] ] ] } },
{ "type": "Feature", "properties": { "small_area": "E01012310" }, "geometry": { "type": "Polygon", "coordinates": [ [ [ -1.57775, 54.5414 ], [ -1.57893, 54.53584 ], [ -1.5861, 54.53616 ], [ -1.58741, 54.54239 ], [ -1.57775, 54.5414 ] ] ] } },
{ "type": "Feature", "properties": { "small_area": "E01012313" }, "geometry": { "type": "Polygon", "coordinates": [ [ [ -1.5861, 54.53616 ], [ -1.5785, 54.53585 ], [ -1.57657, 54.53251 ], [ -1.59742, 54.53606 ], [ -1.59141, 54.54053 ], [ -1.5861, 54.53616 ] ] ] } },
{ "type": "Feature", "properties": { "small_area": "E01012121" }, "geometry": { "type": "Polygon", "coordinates": [ [ [ -1.05997, 54.53696 ], [ -1.06161, 54.54061 ], [ -1.06505, 54.53508 ], [ -1.07209, 54.53675 ], [ -1.07695, 54.54347 ], [ -1.05706, 54.54321 ], [ -1.05343, 54.53889 ], [ -1.05997, 54.53696 ] ] ] } },
{ "type": "Feature", "properties": { "small_area": "E01012120" }, "geometry": { "type": "Polygon", "coordinates": [ [ [ -1.01308, 54.56383 ], [ -1.0211, 54.55354 ], [ -1.02713, 54.55193 ], [ -1.0209, 54.54197 ], [ -1.0246, 54.53664 ], [ -1.02048, 54.53434 ], [ -1.03347, 54.53052 ], [ -1.05122, 54.53011 ], [ -1.04757, 54.53174 ], [ -1.05351, 54.53353 ], [ -1.04669, 54.53835 ], [ -1.05252, 54.54198 ], [ -1.04003, 54.54064 ], [ -1.04484, 54.54282 ], [ -1.04192, 54.54574 ], [ -1.05178, 54.54554 ], [ -1.05442, 54.54813 ], [ -1.06043, 54.54563 ], [ -1.0731, 54.55158 ], [ -1.07188, 54.55523 ], [ -1.06034, 54.55683 ], [ -1.06244, 54.5606 ], [ -1.04782, 54.56652 ], [ -1.04669, 54.5715 ], [ -1.04232, 54.5735 ], [ -1.04165, 54.57153 ], [ -1.02644, 54.57488 ], [ -1.01105, 54.57217 ], [ -0.99451, 54.57583 ], [ -0.98977, 54.56957 ], [ -1.01308, 54.56383 ] ] ] } },
{ "type": "Feature", "properties": { "small_area": "E01027519" }, "geometry": { "type": "Polygon", "coordinates": [ [ [ -1.58441, 55.12858 ], [ -1.58473, 55.13346 ], [ -1.57884, 55.13523 ], [ -1.57374, 55.13078 ], [ -1.58441, 55.12858 ] ] ] } },
{ "type": "Feature", "properties": { "small_area": "E01008307" }, "geometry": { "type": "Polygon", "coordinates": [ [ [ -1.63238, 55.04821 ], [ -1.6389, 55.04249 ], [ -1.65111, 55.04129 ], [ -1.65258, 55.05321 ], [ -1.65981, 55.06233 ], [ -1.65248, 55.07119 ], [ -1.63962, 55.06894 ], [ -1.63238, 55.04821 ] ] ] } },
{ "type": "Feature", "properties": { "small_area": "E01020691" }, "geometry": { "type": "Polygon", "coordinates": [ [ [ -1.52559, 54.79178 ], [ -1.51906, 54.78932 ], [ -1.52979, 54.78597 ], [ -1.53126, 54.78783 ], [ -1.52559, 54.79178 ] ] ] } },
{ "type": "Feature", "properties": { "small_area": "E01008387" }, "geometry": { "type": "Polygon", "coordinates": [ [ [ -1.69742, 54.97095 ], [ -1.71199, 54.97431 ], [ -1.70256, 54.97126 ], [ -1.71099, 54.96762 ], [ -1.71937, 54.96804 ], [ -1.72802, 54.97608 ], [ -1.72669, 54.97887 ], [ -1.70847, 54.97458 ], [ -1.71017, 54.97786 ], [ -1.70209, 54.98051 ], [ -1.69742, 54.97095 ] ] ] } },
{ "type": "Feature", "properties": { "small_area": "E01008306" }, "geometry": { "type": "Polygon", "coordinates": [ [ [ -1.65248, 55.07119 ], [ -1.65981, 55.06233 ], [ -1.65258, 55.05321 ], [ -1.65111, 55.04129 ], [ -1.67884, 55.03866 ], [ -1.68025, 55.04129 ], [ -1.68724, 55.03985 ], [ -1.6949, 55.04289 ], [ -1.69791, 55.05237 ], [ -1.71053, 55.05274 ], [ -1.71375, 55.06547 ], [ -1.70409, 55.06582 ], [ -1.7046, 55.07093 ], [ -1.69132, 55.06972 ], [ -1.6911, 55.07282 ], [ -1.64767, 55.07938 ], [ -1.63962, 55.06894 ], [ -1.65248, 55.07119 ] ] ] } },
{ "type": "Feature", "properties": { "small_area": "E01008386" }, "geometry": { "type": "Polygon", "coordinates": [ [ [ -1.69607, 54.98163 ], [ -1.69785, 54.97548 ], [ -1.70209, 54.98051 ], [ -1.69908, 54.98569 ], [ -1.6943, 54.98416 ], [ -1.69607, 54.98163 ] ] ] } },
{ "type": "Feature", "properties": { "small_area": "E01012366" }, "geometry": { "type": "Polygon", "coordinates": [ [ [ -1.41677, 54.57566 ], [ -1.41137, 54.56477 ], [ -1.42754, 54.56269 ], [ -1.44674, 54.55566 ], [ -1.44258, 54.54303 ], [ -1.44698, 54.53723 ], [ -1.44392, 54.53454 ], [ -1.47546, 54.52515 ], [ -1.48757, 54.51574 ], [ -1.48362, 54.51197 ], [ -1.48875, 54.50884 ], [ -1.50216, 54.50918 ], [ -1.50007, 54.51105 ], [ -1.50821, 54.51247 ], [ -1.50719, 54.51509 ], [ -1.51322, 54.51465 ], [ -1.51352, 54.52075 ], [ -1.50207, 54.52128 ], [ -1.50549, 54.53156 ], [ -1.51821, 54.53581 ], [ -1.51173, 54.53844 ], [ -1.51241, 54.54237 ], [ -1.50519, 54.55158 ], [ -1.52965, 54.54836 ], [ -1.53987, 54.55281 ], [ -1.5409, 54.55929 ], [ -1.54336, 54.55662 ], [ -1.55972, 54.56147 ], [ -1.56427, 54.5603 ], [ -1.56232, 54.55307 ], [ -1.58384, 54.55415 ], [ -1.58656, 54.55844 ], [ -1.59529, 54.55497 ], [ -1.5982, 54.56369 ], [ -1.60864, 54.56595 ], [ -1.61436, 54.57655 ], [ -1.60212, 54.58344 ], [ -1.58871, 54.58612 ], [ -1.59085, 54.5902 ], [ -1.58286, 54.58946 ], [ -1.58331, 54.5809 ], [ -1.56643, 54.58063 ], [ -1.55217, 54.58279 ], [ -1.56213, 54.58577 ], [ -1.55864, 54.59211 ], [ -1.52639, 54.59648 ], [ -1.45607, 54.59921 ], [ -1.45169, 54.59082 ], [ -1.44339, 54.59061 ], [ -1.43834, 54.59507 ], [ -1.43147, 54.59528 ], [ -1.4233, 54.60312 ], [ -1.40734, 54.5936 ], [ -1.41677, 54.57566 ] ] ] } },
{ "type": "Feature", "properties": { "small_area": "E01012364" }, "geometry": { "type": "Polygon", "coordinates": [ [ [ -1.5678, 54.52967 ], [ -1.57196, 54.53078 ], [ -1.57057, 54.53482 ], [ -1.56242, 54.53285 ], [ -1.5678, 54.52967 ] ] ] } },
{ "type": "Feature", "properties": { "small_area": "E01012041" }, "geometry": { "type": "Polygon", "coordinates": [ [ [ -1.25503, 54.57076 ], [ -1.25645, 54.57133 ], [ -1.24579, 54.5773 ], [ -1.24161, 54.57125 ], [ -1.25503, 54.57076 ] ] ] } },
{ "type": "Feature", "properties": { "small_area": "E01012040" }, "geometry": { "type": "Polygon", "coordinates": [ [ [ -1.24412, 54.56817 ], [ -1.24542, 54.56551 ], [ -1.24845, 54.56555 ], [ -1.24767, 54.56852 ], [ -1.24412, 54.56817 ] ] ] } },
{ "type": "Feature", "properties": { "small_area": "E01012043" }, "geometry": { "type": "Polygon", "coordinates": [ [ [ -1.23827, 54.52432 ], [ -1.2433, 54.53004 ], [ -1.23886, 54.53086 ], [ -1.22699, 54.52266 ], [ -1.23827, 54.52432 ] ] ] } },
{ "type": "Feature", "properties": { "small_area": "E01012042" }, "geometry": { "type": "Polygon", "coordinates": [ [ [ -1.2433, 54.53004 ], [ -1.24018, 54.52719 ], [ -1.24821, 54.5234 ], [ -1.25458, 54.52785 ], [ -1.2433, 54.53004 ] ] ] } },
{ "type": "Feature", "properties": { "small_area": "E01012045" }, "geometry": { "type": "Polygon", "coordinates": [ [ [ -1.24023, 54.51851 ], [ -1.24325, 54.52045 ], [ -1.23827, 54.52432 ], [ -1.2292, 54.52182 ], [ -1.24023, 54.51851 ] ] ] } },
{ "type": "Feature", "properties": { "small_area": "E01008679" }, "geometry": { "type": "Polygon", "coordinates": [ [ [ -1.4235, 54.98066 ], [ -1.42661, 54.97756 ], [ -1.42345, 54.97615 ], [ -1.42992, 54.97468 ], [ -1.43841, 54.97961 ], [ -1.43555, 54.98318 ], [ -1.4235, 54.98066 ] ] ] } },
{ "type": "Feature", "properties": { "small_area": "E01020709" }, "geometry": { "type": "Polygon", "coordinates": [ [ [ -1.53627, 54.80309 ], [ -1.53871, 54.79754 ], [ -1.54738, 54.79674 ], [ -1.54489, 54.79096 ], [ -1.55833, 54.78994 ], [ -1.56944, 54.79267 ], [ -1.5607, 54.79776 ], [ -1.56233, 54.80503 ], [ -1.57707, 54.80421 ], [ -1.58055, 54.79884 ], [ -1.58394, 54.80021 ], [ -1.58043, 54.80527 ], [ -1.58356, 54.80815 ], [ -1.58945, 54.80634 ], [ -1.5925, 54.8173 ], [ -1.58427, 54.82301 ], [ -1.57306, 54.82003 ], [ -1.57032, 54.82439 ], [ -1.53994, 54.82511 ], [ -1.53538, 54.82763 ], [ -1.52918, 54.82447 ], [ -1.52859, 54.81861 ], [ -1.54038, 54.81448 ], [ -1.52546, 54.80602 ], [ -1.53627, 54.80309 ] ] ] } },
{ "type": "Feature", "properties": { "small_area": "E01012360" }, "geometry": { "type": "Polygon", "coordinates": [ [ [ -1.56668, 54.51156 ], [ -1.5722, 54.5144 ], [ -1.56526, 54.51848 ], [ -1.57348, 54.51901 ], [ -1.57565, 54.51545 ], [ -1.57795, 54.52133 ], [ -1.56383, 54.52188 ], [ -1.56239, 54.51864 ], [ -1.56668, 54.51156 ] ] ] } },
{ "type": "Feature", "properties": { "small_area": "E01008848" }, "geometry": { "type": "Polygon", "coordinates": [ [ [ -1.5223, 54.88935 ], [ -1.53052, 54.88755 ], [ -1.53771, 54.9007 ], [ -1.52909, 54.90162 ], [ -1.52407, 54.89722 ], [ -1.5223, 54.88935 ] ] ] } },
{ "type": "Feature", "properties": { "small_area": "E01008849" }, "geometry": { "type": "Polygon", "coordinates": [ [ [ -1.52909, 54.90162 ], [ -1.52174, 54.9017 ], [ -1.52407, 54.89722 ], [ -1.52909, 54.90162 ] ] ] } },
{ "type": "Feature", "properties": { "small_area": "E01032650" }, "geometry": { "type": "Polygon", "coordinates": [ [ [ -1.5792, 55.00978 ], [ -1.59081, 55.0087 ], [ -1.59095, 55.00948 ], [ -1.58196, 55.01307 ], [ -1.5792, 55.00978 ] ] ] } },
{ "type": "Feature", "properties": { "small_area": "E01008494" }, "geometry": { "type": "Polygon", "coordinates": [ [ [ -1.45678, 55.02679 ], [ -1.45205, 55.03013 ], [ -1.4457, 55.02906 ], [ -1.44923, 55.02348 ], [ -1.45365, 55.02275 ], [ -1.45678, 55.02679 ] ] ] } },
{ "type": "Feature", "properties": { "small_area": "E01012025" }, "geometry": { "type": "Polygon", "coordinates": [ [ [ -1.25003, 54.53445 ], [ -1.25376, 54.53557 ], [ -1.2577, 54.53191 ], [ -1.26004, 54.5353 ], [ -1.25626, 54.53813 ], [ -1.25003, 54.53445 ] ] ] } },
{ "type": "Feature", "properties": { "small_area": "E01012024" }, "geometry": { "type": "Polygon", "coordinates": [ [ [ -1.26711, 54.53435 ], [ -1.26847, 54.54151 ], [ -1.25626, 54.53813 ], [ -1.26711, 54.53435 ] ] ] } },
{ "type": "Feature", "properties": { "small_area": "E01012027" }, "geometry": { "type": "Polygon", "coordinates": [ [ [ -1.22543, 54.55774 ], [ -1.23079, 54.5624 ], [ -1.21586, 54.56292 ], [ -1.21575, 54.55896 ], [ -1.22543, 54.55774 ] ] ] } },
{ "type": "Feature", "properties": { "small_area": "E01012022" }, "geometry": { "type": "Polygon", "coordinates": [ [ [ -1.26847, 54.54151 ], [ -1.26711, 54.53435 ], [ -1.26158, 54.53482 ], [ -1.26207, 54.53731 ], [ -1.26004, 54.5353 ], [ -1.2587, 54.52754 ], [ -1.28425, 54.52856 ], [ -1.28456, 54.5375 ], [ -1.27627, 54.54897 ], [ -1.26847, 54.54151 ] ] ] } },
{ "type": "Feature", "properties": { "small_area": "E01012023" }, "geometry": { "type": "Polygon", "coordinates": [ [ [ -1.25376, 54.53557 ], [ -1.24411, 54.52988 ], [ -1.2587, 54.52754 ], [ -1.25376, 54.53557 ] ] ] } },
{ "type": "Feature", "properties": { "small_area": "E01020760" }, "geometry": { "type": "Polygon", "coordinates": [ [ [ -1.38338, 54.76303 ], [ -1.39321, 54.76124 ], [ -1.39114, 54.75687 ], [ -1.39549, 54.75534 ], [ -1.38984, 54.75176 ], [ -1.41066, 54.75291 ], [ -1.41093, 54.75748 ], [ -1.40327, 54.76002 ], [ -1.40752, 54.76314 ], [ -1.40596, 54.76855 ], [ -1.39164, 54.77063 ], [ -1.38338, 54.76303 ] ] ] } },
{ "type": "Feature", "properties": { "small_area": "E01020630" }, "geometry": { "type": "Polygon", "coordinates": [ [ [ -1.85517, 54.86014 ], [ -1.85981, 54.85332 ], [ -1.86659, 54.85533 ], [ -1.86971, 54.86145 ], [ -1.86111, 54.86662 ], [ -1.85517, 54.86014 ] ] ] } },
{ "type": "Feature", "properties": { "small_area": "E01008796" }, "geometry": { "type": "Polygon", "coordinates": [ [ [ -1.47913, 54.8669 ], [ -1.48548, 54.86569 ], [ -1.47892, 54.86154 ], [ -1.48483, 54.86042 ], [ -1.48241, 54.85636 ], [ -1.48925, 54.8604 ], [ -1.49538, 54.85864 ], [ -1.497, 54.86149 ], [ -1.48617, 54.86918 ], [ -1.47913, 54.8669 ] ] ] } },
{ "type": "Feature", "properties": { "small_area": "E01008717" }, "geometry": { "type": "Polygon", "coordinates": [ [ [ -1.46091, 54.83613 ], [ -1.47614, 54.83373 ], [ -1.47186, 54.8391 ], [ -1.4587, 54.83771 ], [ -1.46091, 54.83613 ] ] ] } },
{ "type": "Feature", "properties": { "small_area": "E01008646" }, "geometry": { "type": "Polygon", "coordinates": [ [ [ -1.50621, 54.96773 ], [ -1.51033, 54.96484 ], [ -1.51562, 54.96639 ], [ -1.51614, 54.96319 ], [ -1.52386, 54.96613 ], [ -1.51035, 54.9741 ], [ -1.50621, 54.96773 ] ] ] } },
{ "type": "Feature", "properties": { "small_area": "E01020741" }, "geometry": { "type": "Polygon", "coordinates": [ [ [ -1.32866, 54.83496 ], [ -1.32596, 54.83128 ], [ -1.33825, 54.83099 ], [ -1.32866, 54.83496 ] ] ] } },
{ "type": "Feature", "properties": { "small_area": "E01012190" }, "geometry": { "type": "Polygon", "coordinates": [ [ [ -1.36473, 54.57104 ], [ -1.36126, 54.56524 ], [ -1.37161, 54.56434 ], [ -1.3738, 54.56919 ], [ -1.36473, 54.57104 ] ] ] } },
{ "type": "Feature", "properties": { "small_area": "E01008781" }, "geometry": { "type": "Polygon", "coordinates": [ [ [ -1.38898, 54.89625 ], [ -1.39735, 54.88975 ], [ -1.39968, 54.89009 ], [ -1.399, 54.89359 ], [ -1.40217, 54.8901 ], [ -1.40491, 54.89497 ], [ -1.38898, 54.89625 ] ] ] } },
{ "type": "Feature", "properties": { "small_area": "E01032483" }, "geometry": { "type": "Polygon", "coordinates": [ [ [ -1.44634, 54.86485 ], [ -1.45347, 54.85767 ], [ -1.47616, 54.8586 ], [ -1.48548, 54.86569 ], [ -1.47913, 54.8669 ], [ -1.4808, 54.86858 ], [ -1.4764, 54.87598 ], [ -1.46764, 54.87655 ], [ -1.46937, 54.87902 ], [ -1.45502, 54.88284 ], [ -1.44634, 54.86485 ] ] ] } },
{ "type": "Feature", "properties": { "small_area": "E01008229" }, "geometry": { "type": "Polygon", "coordinates": [ [ [ -1.55935, 54.93935 ], [ -1.56957, 54.93705 ], [ -1.5753, 54.94146 ], [ -1.56701, 54.94153 ], [ -1.57127, 54.94483 ], [ -1.55411, 54.94398 ], [ -1.55935, 54.93935 ] ] ] } },
{ "type": "Feature", "properties": { "small_area": "E01008228" }, "geometry": { "type": "Polygon", "coordinates": [ [ [ -1.57127, 54.94483 ], [ -1.58336, 54.94129 ], [ -1.57811, 54.94656 ], [ -1.57127, 54.94483 ] ] ] } },
{ "type": "Feature", "properties": { "small_area": "E01008173" }, "geometry": { "type": "Polygon", "coordinates": [ [ [ -1.57684, 54.8782 ], [ -1.58086, 54.88164 ], [ -1.57262, 54.88502 ], [ -1.56746, 54.88054 ], [ -1.57684, 54.8782 ] ] ] } },
{ "type": "Feature", "properties": { "small_area": "E01020621" }, "geometry": { "type": "Polygon", "coordinates": [ [ [ -1.61706, 54.81494 ], [ -1.6281, 54.82036 ], [ -1.62111, 54.82315 ], [ -1.61066, 54.8219 ], [ -1.60866, 54.81723 ], [ -1.61706, 54.81494 ] ] ] } },
{ "type": "Feature", "properties": { "small_area": "E01020628" }, "geometry": { "type": "Polygon", "coordinates": [ [ [ -1.84209, 54.87211 ], [ -1.84218, 54.86859 ], [ -1.86012, 54.86816 ], [ -1.86014, 54.87537 ], [ -1.84209, 54.87211 ] ] ] } },
{ "type": "Feature", "properties": { "small_area": "E01020623" }, "geometry": { "type": "Polygon", "coordinates": [ [ [ -1.60311, 54.88303 ], [ -1.61101, 54.8819 ], [ -1.6132, 54.88694 ], [ -1.60158, 54.89156 ], [ -1.60311, 54.88303 ] ] ] } },
{ "type": "Feature", "properties": { "small_area": "E01020620" }, "geometry": { "type": "Polygon", "coordinates": [ [ [ -1.63037, 54.81647 ], [ -1.63407, 54.81985 ], [ -1.63103, 54.82268 ], [ -1.65312, 54.82694 ], [ -1.66423, 54.82535 ], [ -1.66464, 54.83246 ], [ -1.63074, 54.83336 ], [ -1.62957, 54.82624 ], [ -1.62111, 54.82315 ], [ -1.63037, 54.81647 ] ] ] } },
{ "type": "Feature", "properties": { "small_area": "E01020622" }, "geometry": { "type": "Polygon", "coordinates": [ [ [ -1.6132, 54.88694 ], [ -1.61101, 54.8819 ], [ -1.60311, 54.88303 ], [ -1.60403, 54.87806 ], [ -1.63816, 54.87196 ], [ -1.66535, 54.87666 ], [ -1.66551, 54.88594 ], [ -1.65994, 54.89066 ], [ -1.65, 54.89362 ], [ -1.64633, 54.88139 ], [ -1.65097, 54.87966 ], [ -1.64345, 54.87882 ], [ -1.62761, 54.8863 ], [ -1.61874, 54.88705 ], [ -1.60732, 54.89833 ], [ -1.59388, 54.9018 ], [ -1.59165, 54.89919 ], [ -1.6132, 54.88694 ] ] ] } },
{ "type": "Feature", "properties": { "small_area": "E01020625" }, "geometry": { "type": "Polygon", "coordinates": [ [ [ -1.74604, 54.85447 ], [ -1.73348, 54.86077 ], [ -1.72549, 54.85486 ], [ -1.73258, 54.85262 ], [ -1.73177, 54.8421 ], [ -1.77349, 54.85687 ], [ -1.77018, 54.86308 ], [ -1.74409, 54.85809 ], [ -1.74604, 54.85447 ] ] ] } },
{ "type": "Feature", "properties": { "small_area": "E01008861" }, "geometry": { "type": "Polygon", "coordinates": [ [ [ -1.52143, 54.88077 ], [ -1.52686, 54.88118 ], [ -1.52872, 54.885 ], [ -1.51582, 54.8878 ], [ -1.51525, 54.88017 ], [ -1.52333, 54.87635 ], [ -1.52143, 54.88077 ] ] ] } },
{ "type": "Feature", "properties": { "small_area": "E01008860" }, "geometry": { "type": "Polygon", "coordinates": [ [ [ -1.52517, 54.91282 ], [ -1.5222, 54.91093 ], [ -1.52669, 54.90783 ], [ -1.53045, 54.91299 ], [ -1.53506, 54.91342 ], [ -1.53458, 54.9169 ], [ -1.52517, 54.91282 ] ] ] } },
{ "type": "Feature", "properties": { "small_area": "E01008863" }, "geometry": { "type": "Polygon", "coordinates": [ [ [ -1.53854, 54.88206 ], [ -1.53684, 54.87932 ], [ -1.52143, 54.88077 ], [ -1.52333, 54.87635 ], [ -1.53209, 54.87816 ], [ -1.54156, 54.87345 ], [ -1.55302, 54.8759 ], [ -1.53854, 54.88206 ] ] ] } },
{ "type": "Feature", "properties": { "small_area": "E01008396" }, "geometry": { "type": "Polygon", "coordinates": [ [ [ -1.63547, 54.97865 ], [ -1.63943, 54.97568 ], [ -1.63964, 54.98041 ], [ -1.62516, 54.97992 ], [ -1.63547, 54.97865 ] ] ] } },
{ "type": "Feature", "properties": { "small_area": "E01020786" }, "geometry": { "type": "Polygon", "coordinates": [ [ [ -1.3724, 54.84422 ], [ -1.3712, 54.83961 ], [ -1.37701, 54.83149 ], [ -1.39626, 54.83208 ], [ -1.4002, 54.83022 ], [ -1.3984, 54.82498 ], [ -1.40229, 54.82333 ], [ -1.41311, 54.82455 ], [ -1.42159, 54.83808 ], [ -1.41199, 54.84189 ], [ -1.41357, 54.84485 ], [ -1.38165, 54.84715 ], [ -1.36766, 54.85781 ], [ -1.36738, 54.85079 ], [ -1.36249, 54.84935 ], [ -1.369, 54.84768 ], [ -1.36795, 54.84506 ], [ -1.3724, 54.84422 ] ] ] } },
{ "type": "Feature", "properties": { "small_area": "E01033717" }, "geometry": { "type": "Polygon", "coordinates": [ [ [ -1.71751, 55.40825 ], [ -1.70958, 55.41159 ], [ -1.70019, 55.40515 ], [ -1.70639, 55.40151 ], [ -1.71801, 55.40196 ], [ -1.71751, 55.40825 ] ] ] } },
{ "type": "Feature", "properties": { "small_area": "E01033716" }, "geometry": { "type": "Polygon", "coordinates": [ [ [ -1.54311, 55.16172 ], [ -1.54381, 55.17173 ], [ -1.5486, 55.17446 ], [ -1.53259, 55.17983 ], [ -1.53054, 55.17342 ], [ -1.53821, 55.16233 ], [ -1.54311, 55.16172 ] ] ] } },
{ "type": "Feature", "properties": { "small_area": "E01033714" }, "geometry": { "type": "Polygon", "coordinates": [ [ [ -1.76415, 55.08366 ], [ -1.74874, 55.05719 ], [ -1.75124, 55.0529 ], [ -1.74535, 55.04895 ], [ -1.75286, 55.04402 ], [ -1.75031, 55.0405 ], [ -1.77169, 55.03356 ], [ -1.76687, 55.04146 ], [ -1.77705, 55.05118 ], [ -1.81473, 55.0468 ], [ -1.82933, 55.05111 ], [ -1.84203, 55.06782 ], [ -1.84337, 55.07715 ], [ -1.81061, 55.08011 ], [ -1.80323, 55.08904 ], [ -1.7697, 55.09365 ], [ -1.75723, 55.08973 ], [ -1.76415, 55.08366 ] ] ] } },
{ "type": "Feature", "properties": { "small_area": "E01012178" }, "geometry": { "type": "Polygon", "coordinates": [ [ [ -1.05251, 54.60957 ], [ -1.05879, 54.60903 ], [ -1.06567, 54.6019 ], [ -1.06787, 54.61406 ], [ -1.05976, 54.61402 ], [ -1.05251, 54.60957 ] ] ] } },
{ "type": "Feature", "properties": { "small_area": "E01012179" }, "geometry": { "type": "Polygon", "coordinates": [ [ [ -1.06567, 54.6019 ], [ -1.05954, 54.6054 ], [ -1.05142, 54.60308 ], [ -1.0545, 54.60092 ], [ -1.05072, 54.59987 ], [ -1.06251, 54.59604 ], [ -1.06567, 54.6019 ] ] ] } },
{ "type": "Feature", "properties": { "small_area": "E01008716" }, "geometry": { "type": "Polygon", "coordinates": [ [ [ -1.46956, 54.83037 ], [ -1.47629, 54.8333 ], [ -1.43819, 54.84118 ], [ -1.43796, 54.83742 ], [ -1.46956, 54.83037 ] ] ] } },
{ "type": "Feature", "properties": { "small_area": "E01008664" }, "geometry": { "type": "Polygon", "coordinates": [ [ [ -1.43394, 54.98428 ], [ -1.43636, 54.98745 ], [ -1.43266, 54.99069 ], [ -1.42643, 54.9877 ], [ -1.43394, 54.98428 ] ] ] } },
{ "type": "Feature", "properties": { "small_area": "E01008535" }, "geometry": { "type": "Polygon", "coordinates": [ [ [ -1.53433, 54.99708 ], [ -1.5416, 54.9897 ], [ -1.54577, 54.98902 ], [ -1.5479, 54.99261 ], [ -1.55186, 54.98994 ], [ -1.55634, 54.99336 ], [ -1.56256, 54.99223 ], [ -1.56053, 54.99595 ], [ -1.54962, 54.99854 ], [ -1.53433, 54.99708 ] ] ] } },
{ "type": "Feature", "properties": { "small_area": "E01008663" }, "geometry": { "type": "MultiPolygon", "coordinates": [ [ [ [ -1.47522, 54.96997 ], [ -1.47912, 54.97117 ], [ -1.48059, 54.96558 ], [ -1.48652, 54.96789 ], [ -1.49215, 54.96547 ], [ -1.49272, 54.97111 ], [ -1.48867, 54.97442 ], [ -1.47681, 54.97406 ], [ -1.47522, 54.96997 ] ] ] ] } },
{ "type": "Feature", "properties": { "small_area": "E01008339" }, "geometry": { "type": "Polygon", "coordinates": [ [ [ -1.65346, 55.00673 ], [ -1.65904, 55.0062 ], [ -1.66215, 55.01008 ], [ -1.65785, 55.01392 ], [ -1.65169, 55.01215 ], [ -1.65346, 55.00673 ] ] ] } },
{ "type": "Feature", "properties": { "small_area": "E01008312" }, "geometry": { "type": "Polygon", "coordinates": [ [ [ -1.66463, 55.01446 ], [ -1.67493, 55.01376 ], [ -1.66876, 55.01911 ], [ -1.66456, 55.0183 ], [ -1.66463, 55.01446 ] ] ] } },
{ "type": "Feature", "properties": { "small_area": "E01012160" }, "geometry": { "type": "Polygon", "coordinates": [ [ [ -0.97716, 54.58207 ], [ -0.98792, 54.57691 ], [ -0.99629, 54.5842 ], [ -0.9843, 54.58927 ], [ -0.97998, 54.58827 ], [ -0.97716, 54.58207 ] ] ] } },
{ "type": "Feature", "properties": { "small_area": "E01008611" }, "geometry": { "type": "Polygon", "coordinates": [ [ [ -1.46454, 54.94993 ], [ -1.46872, 54.95249 ], [ -1.46539, 54.94835 ], [ -1.471, 54.94667 ], [ -1.47287, 54.955 ], [ -1.46515, 54.95338 ], [ -1.46454, 54.94993 ] ] ] } },
{ "type": "Feature", "properties": { "small_area": "E01008690" }, "geometry": { "type": "Polygon", "coordinates": [ [ [ -1.42444, 54.95639 ], [ -1.43192, 54.9557 ], [ -1.42488, 54.96093 ], [ -1.42444, 54.95639 ] ] ] } },
{ "type": "Feature", "properties": { "small_area": "E01008610" }, "geometry": { "type": "Polygon", "coordinates": [ [ [ -1.45971, 54.94953 ], [ -1.4548, 54.95346 ], [ -1.44752, 54.94971 ], [ -1.45697, 54.94462 ], [ -1.45971, 54.94953 ] ] ] } },
{ "type": "Feature", "properties": { "small_area": "E01008691" }, "geometry": { "type": "Polygon", "coordinates": [ [ [ -1.41374, 54.96025 ], [ -1.42407, 54.95886 ], [ -1.42488, 54.96093 ], [ -1.41603, 54.96997 ], [ -1.41374, 54.96025 ] ] ] } },
{ "type": "Feature", "properties": { "small_area": "E01008699" }, "geometry": { "type": "Polygon", "coordinates": [ [ [ -1.44849, 54.92194 ], [ -1.4608, 54.92166 ], [ -1.46287, 54.92575 ], [ -1.44952, 54.92463 ], [ -1.44849, 54.92194 ] ] ] } },
{ "type": "Feature", "properties": { "small_area": "E01008618" }, "geometry": { "type": "Polygon", "coordinates": [ [ [ -1.4084, 54.94441 ], [ -1.41468, 54.94533 ], [ -1.4165, 54.94901 ], [ -1.40896, 54.94885 ], [ -1.40954, 54.95336 ], [ -1.4061, 54.94985 ], [ -1.40007, 54.9505 ], [ -1.40014, 54.95474 ], [ -1.39441, 54.94677 ], [ -1.4084, 54.94441 ] ] ] } },
{ "type": "Feature", "properties": { "small_area": "E01012100" }, "geometry": { "type": "Polygon", "coordinates": [ [ [ -1.06422, 54.61586 ], [ -1.0724, 54.61587 ], [ -1.07524, 54.61941 ], [ -1.08478, 54.61839 ], [ -1.08461, 54.62039 ], [ -1.06687, 54.61983 ], [ -1.06422, 54.61586 ] ] ] } },
{ "type": "Feature", "properties": { "small_area": "E01012182" }, "geometry": { "type": "Polygon", "coordinates": [ [ [ -1.02875, 54.49901 ], [ -1.03684, 54.49403 ], [ -1.06789, 54.50042 ], [ -1.07042, 54.50873 ], [ -1.03243, 54.51248 ], [ -1.05026, 54.52801 ], [ -1.05827, 54.52842 ], [ -1.02048, 54.53434 ], [ -1.00294, 54.53333 ], [ -1.00813, 54.52101 ], [ -1.00338, 54.503 ], [ -1.02875, 54.49901 ] ] ] } },
{ "type": "Feature", "properties": { "small_area": "E01012183" }, "geometry": { "type": "Polygon", "coordinates": [ [ [ -1.05691, 54.51345 ], [ -1.06549, 54.51989 ], [ -1.05621, 54.52568 ], [ -1.05827, 54.52842 ], [ -1.05026, 54.52801 ], [ -1.03243, 54.51248 ], [ -1.06103, 54.51059 ], [ -1.05691, 54.51345 ] ] ] } },
{ "type": "Feature", "properties": { "small_area": "E01012102" }, "geometry": { "type": "Polygon", "coordinates": [ [ [ -1.05976, 54.61402 ], [ -1.06787, 54.61406 ], [ -1.06422, 54.61586 ], [ -1.06687, 54.61983 ], [ -1.05961, 54.61805 ], [ -1.05976, 54.61402 ] ] ] } },
{ "type": "Feature", "properties": { "small_area": "E01012181" }, "geometry": { "type": "Polygon", "coordinates": [ [ [ -0.97263, 54.54019 ], [ -0.98049, 54.5404 ], [ -0.97964, 54.52343 ], [ -0.96795, 54.51924 ], [ -0.97031, 54.51206 ], [ -1.00338, 54.503 ], [ -1.00813, 54.52101 ], [ -1.00294, 54.53333 ], [ -1.02048, 54.53434 ], [ -1.01501, 54.53407 ], [ -0.99313, 54.5439 ], [ -0.98774, 54.54185 ], [ -0.98079, 54.54913 ], [ -0.97491, 54.5468 ], [ -0.97263, 54.54019 ] ] ] } },
{ "type": "Feature", "properties": { "small_area": "E01012139" }, "geometry": { "type": "Polygon", "coordinates": [ [ [ -1.04669, 54.5715 ], [ -1.05096, 54.58019 ], [ -1.03577, 54.5783 ], [ -1.04669, 54.5715 ] ] ] } },
{ "type": "Feature", "properties": { "small_area": "E01008543" }, "geometry": { "type": "Polygon", "coordinates": [ [ [ -1.48496, 54.98903 ], [ -1.50177, 54.98852 ], [ -1.51409, 54.99564 ], [ -1.50135, 54.9966 ], [ -1.49353, 54.99143 ], [ -1.4877, 54.99194 ], [ -1.48496, 54.98903 ] ] ] } },
{ "type": "Feature", "properties": { "small_area": "E01033467" }, "geometry": { "type": "Polygon", "coordinates": [ [ [ -1.23789, 54.70783 ], [ -1.23219, 54.70292 ], [ -1.2456, 54.70369 ], [ -1.24084, 54.70463 ], [ -1.24026, 54.7089 ], [ -1.24736, 54.70789 ], [ -1.24725, 54.71178 ], [ -1.24218, 54.71055 ], [ -1.23789, 54.70783 ] ] ] } },
{ "type": "Feature", "properties": { "small_area": "E01027475" }, "geometry": { "type": "Polygon", "coordinates": [ [ [ -1.56485, 55.24131 ], [ -1.56403, 55.24321 ], [ -1.57563, 55.24246 ], [ -1.58625, 55.235 ], [ -1.60398, 55.23369 ], [ -1.61813, 55.24386 ], [ -1.62813, 55.23887 ], [ -1.61982, 55.23874 ], [ -1.61712, 55.23154 ], [ -1.60523, 55.23068 ], [ -1.61407, 55.21658 ], [ -1.61012, 55.21303 ], [ -1.62072, 55.21006 ], [ -1.65211, 55.21324 ], [ -1.66119, 55.20788 ], [ -1.67234, 55.21692 ], [ -1.66679, 55.22502 ], [ -1.6586, 55.22388 ], [ -1.64977, 55.22762 ], [ -1.66189, 55.23412 ], [ -1.66168, 55.24675 ], [ -1.66594, 55.25459 ], [ -1.65413, 55.25409 ], [ -1.64875, 55.26135 ], [ -1.6014, 55.27284 ], [ -1.5822, 55.27248 ], [ -1.57091, 55.27547 ], [ -1.55298, 55.2459 ], [ -1.56485, 55.24131 ] ] ] } },
{ "type": "Feature", "properties": { "small_area": "E01012295" }, "geometry": { "type": "Polygon", "coordinates": [ [ [ -1.39675, 54.60511 ], [ -1.40393, 54.6015 ], [ -1.40209, 54.59582 ], [ -1.40734, 54.5936 ], [ -1.4233, 54.60312 ], [ -1.43147, 54.59528 ], [ -1.43834, 54.59507 ], [ -1.45077, 54.60469 ], [ -1.4509, 54.6105 ], [ -1.44288, 54.6101 ], [ -1.42996, 54.61528 ], [ -1.42612, 54.61149 ], [ -1.40981, 54.61844 ], [ -1.39675, 54.60511 ] ] ] } },
{ "type": "Feature", "properties": { "small_area": "E01008319" }, "geometry": { "type": "Polygon", "coordinates": [ [ [ -1.56026, 54.9964 ], [ -1.56949, 54.999 ], [ -1.57197, 55.00392 ], [ -1.55849, 55.00554 ], [ -1.56026, 54.9964 ] ] ] } },
{ "type": "Feature", "properties": { "small_area": "E01020811" }, "geometry": { "type": "Polygon", "coordinates": [ [ [ -1.43687, 54.68123 ], [ -1.42882, 54.68571 ], [ -1.42444, 54.67952 ], [ -1.43001, 54.67751 ], [ -1.44177, 54.68053 ], [ -1.44221, 54.68298 ], [ -1.43687, 54.68123 ] ] ] } },
{ "type": "Feature", "properties": { "small_area": "E01008206" }, "geometry": { "type": "Polygon", "coordinates": [ [ [ -1.64104, 54.94025 ], [ -1.65229, 54.93512 ], [ -1.64154, 54.94186 ], [ -1.64759, 54.94465 ], [ -1.6385, 54.9476 ], [ -1.64104, 54.94025 ] ] ] } },
{ "type": "Feature", "properties": { "small_area": "E01008287" }, "geometry": { "type": "Polygon", "coordinates": [ [ [ -1.54045, 54.95216 ], [ -1.52006, 54.95464 ], [ -1.52288, 54.95165 ], [ -1.53242, 54.95132 ], [ -1.53518, 54.94687 ], [ -1.54045, 54.95216 ] ] ] } },
{ "type": "Feature", "properties": { "small_area": "E01008811" }, "geometry": { "type": "Polygon", "coordinates": [ [ [ -1.45675, 54.90236 ], [ -1.44321, 54.90481 ], [ -1.44752, 54.89948 ], [ -1.45579, 54.89684 ], [ -1.45675, 54.90236 ] ] ] } },
{ "type": "Feature", "properties": { "small_area": "E01008834" }, "geometry": { "type": "Polygon", "coordinates": [ [ [ -1.38565, 54.89665 ], [ -1.39215, 54.89758 ], [ -1.38133, 54.90232 ], [ -1.37558, 54.90114 ], [ -1.38565, 54.89665 ] ] ] } },
{ "type": "Feature", "properties": { "small_area": "E01020618" }, "geometry": { "type": "Polygon", "coordinates": [ [ [ -1.59528, 54.86036 ], [ -1.60911, 54.84798 ], [ -1.61585, 54.85499 ], [ -1.62878, 54.85488 ], [ -1.63448, 54.85776 ], [ -1.63362, 54.8627 ], [ -1.60257, 54.86411 ], [ -1.60364, 54.86138 ], [ -1.59528, 54.86036 ] ] ] } },
{ "type": "Feature", "properties": { "small_area": "E01027411" }, "geometry": { "type": "Polygon", "coordinates": [ [ [ -1.58039, 55.08041 ], [ -1.59116, 55.07816 ], [ -1.58903, 55.08208 ], [ -1.58256, 55.08125 ], [ -1.58208, 55.08486 ], [ -1.58039, 55.08041 ] ] ] } },
{ "type": "Feature", "properties": { "small_area": "E01027490" }, "geometry": { "type": "Polygon", "coordinates": [ [ [ -2.10144, 54.96412 ], [ -2.1133, 54.96496 ], [ -2.10918, 54.96589 ], [ -2.11146, 54.97063 ], [ -2.10112, 54.97167 ], [ -2.10144, 54.96412 ] ] ] } },
{ "type": "Feature", "properties": { "small_area": "E01008286" }, "geometry": { "type": "Polygon", "coordinates": [ [ [ -1.52794, 54.94881 ], [ -1.53165, 54.94368 ], [ -1.53532, 54.9466 ], [ -1.53242, 54.95132 ], [ -1.51628, 54.95497 ], [ -1.51811, 54.94799 ], [ -1.52794, 54.94881 ] ] ] } },
{ "type": "Feature", "properties": { "small_area": "E01008207" }, "geometry": { "type": "Polygon", "coordinates": [ [ [ -1.65846, 54.94505 ], [ -1.64529, 54.94626 ], [ -1.64759, 54.94465 ], [ -1.64154, 54.94186 ], [ -1.65177, 54.93757 ], [ -1.65846, 54.94505 ] ] ] } },
{ "type": "Feature", "properties": { "small_area": "E01008204" }, "geometry": { "type": "Polygon", "coordinates": [ [ [ -1.58215, 54.95062 ], [ -1.57991, 54.94902 ], [ -1.58892, 54.94706 ], [ -1.59521, 54.94946 ], [ -1.59041, 54.94899 ], [ -1.59342, 54.95135 ], [ -1.58215, 54.95062 ] ] ] } },
{ "type": "Feature", "properties": { "small_area": "E01008285" }, "geometry": { "type": "Polygon", "coordinates": [ [ [ -1.5565, 54.92991 ], [ -1.55049, 54.93772 ], [ -1.54448, 54.93503 ], [ -1.55291, 54.92801 ], [ -1.5565, 54.92991 ] ] ] } },
{ "type": "Feature", "properties": { "small_area": "E01008205" }, "geometry": { "type": "Polygon", "coordinates": [ [ [ -1.59184, 54.94649 ], [ -1.59958, 54.94337 ], [ -1.59914, 54.94885 ], [ -1.58892, 54.94706 ], [ -1.59184, 54.94649 ] ] ] } },
{ "type": "Feature", "properties": { "small_area": "E01008284" }, "geometry": { "type": "Polygon", "coordinates": [ [ [ -1.53293, 54.94261 ], [ -1.53517, 54.94532 ], [ -1.52906, 54.94198 ], [ -1.54145, 54.93808 ], [ -1.53293, 54.94261 ] ] ] } },
{ "type": "Feature", "properties": { "small_area": "E01008283" }, "geometry": { "type": "Polygon", "coordinates": [ [ [ -1.52906, 54.94198 ], [ -1.53165, 54.94368 ], [ -1.52794, 54.94881 ], [ -1.51811, 54.94799 ], [ -1.5112, 54.93166 ], [ -1.5274, 54.93312 ], [ -1.54799, 54.93031 ], [ -1.5506, 54.93239 ], [ -1.52906, 54.94198 ] ] ] } },
{ "type": "Feature", "properties": { "small_area": "E01020810" }, "geometry": { "type": "Polygon", "coordinates": [ [ [ -1.44206, 54.69787 ], [ -1.44118, 54.6942 ], [ -1.43004, 54.69243 ], [ -1.42876, 54.68872 ], [ -1.3994, 54.68133 ], [ -1.40718, 54.67021 ], [ -1.41482, 54.66888 ], [ -1.43109, 54.66873 ], [ -1.44782, 54.67836 ], [ -1.46306, 54.67629 ], [ -1.4938, 54.70805 ], [ -1.47099, 54.69838 ], [ -1.44206, 54.69787 ] ], [ [ -1.44177, 54.68053 ], [ -1.43001, 54.67751 ], [ -1.42444, 54.67952 ], [ -1.42882, 54.68571 ], [ -1.43687, 54.68123 ], [ -1.44221, 54.68298 ], [ -1.44177, 54.68053 ] ] ] } },
{ "type": "Feature", "properties": { "small_area": "E01020891" }, "geometry": { "type": "Polygon", "coordinates": [ [ [ -1.95314, 54.85008 ], [ -1.96832, 54.84334 ], [ -2.00373, 54.8339 ], [ -2.02979, 54.81638 ], [ -2.03167, 54.79896 ], [ -2.00522, 54.79479 ], [ -1.99286, 54.77625 ], [ -1.97545, 54.77074 ], [ -1.96402, 54.745 ], [ -1.9752, 54.74675 ], [ -1.9786, 54.73319 ], [ -2.0009, 54.73936 ], [ -2.00218, 54.74573 ], [ -1.99758, 54.74638 ], [ -2.00546, 54.74558 ], [ -2.01166, 54.75083 ], [ -2.02747, 54.75271 ], [ -2.01807, 54.74869 ], [ -2.02457, 54.74684 ], [ -2.01907, 54.74235 ], [ -2.01944, 54.73281 ], [ -2.0294, 54.71787 ], [ -2.02609, 54.71271 ], [ -2.01883, 54.71079 ], [ -2.02406, 54.69854 ], [ -2.01414, 54.68171 ], [ -2.04708, 54.68514 ], [ -2.0808, 54.69456 ], [ -2.11472, 54.68758 ], [ -2.14723, 54.6956 ], [ -2.14672, 54.7073 ], [ -2.13757, 54.71585 ], [ -2.13582, 54.72404 ], [ -2.11526, 54.72412 ], [ -2.10688, 54.72081 ], [ -2.10121, 54.73428 ], [ -2.10596, 54.73772 ], [ -2.11436, 54.73613 ], [ -2.12285, 54.74119 ], [ -2.13437, 54.76579 ], [ -2.18711, 54.78142 ], [ -2.21569, 54.78359 ], [ -2.19859, 54.80673 ], [ -2.17741, 54.80681 ], [ -2.16946, 54.8036 ], [ -2.16634, 54.81388 ], [ -2.14312, 54.82695 ], [ -2.13978, 54.84186 ], [ -2.10391, 54.84024 ], [ -2.09772, 54.83676 ], [ -2.08231, 54.83827 ], [ -2.06788, 54.84479 ], [ -2.03975, 54.84828 ], [ -2.02742, 54.85781 ], [ -2.00096, 54.86966 ], [ -1.97651, 54.86629 ], [ -1.97068, 54.86348 ], [ -1.97259, 54.86032 ], [ -1.9524, 54.85423 ], [ -1.95314, 54.85008 ] ] ] } },
{ "type": "Feature", "properties": { "small_area": "E01020890" }, "geometry": { "type": "Polygon", "coordinates": [ [ [ -1.95465, 54.74135 ], [ -1.9509, 54.73432 ], [ -1.94019, 54.73336 ], [ -1.93885, 54.72824 ], [ -1.92836, 54.72699 ], [ -1.95114, 54.70198 ], [ -1.94789, 54.67053 ], [ -1.97705, 54.67253 ], [ -1.98957, 54.68432 ], [ -2.01414, 54.68171 ], [ -2.02406, 54.69854 ], [ -2.01883, 54.71079 ], [ -2.02609, 54.71271 ], [ -2.0294, 54.71787 ], [ -2.01944, 54.73281 ], [ -2.01907, 54.74235 ], [ -2.02457, 54.74684 ], [ -2.01807, 54.74869 ], [ -2.02747, 54.75271 ], [ -2.01166, 54.75083 ], [ -2.00546, 54.74558 ], [ -1.99758, 54.74638 ], [ -2.00218, 54.74573 ], [ -2.0009, 54.73936 ], [ -1.9786, 54.73319 ], [ -1.9752, 54.74675 ], [ -1.95465, 54.74135 ] ] ] } },
{ "type": "Feature", "properties": { "small_area": "E01008778" }, "geometry": { "type": "Polygon", "coordinates": [ [ [ -1.43194, 54.87421 ], [ -1.43252, 54.87671 ], [ -1.43855, 54.87645 ], [ -1.43071, 54.87914 ], [ -1.42771, 54.8768 ], [ -1.43194, 54.87421 ] ] ] } },
{ "type": "Feature", "properties": { "small_area": "E01012237" }, "geometry": { "type": "Polygon", "coordinates": [ [ [ -1.29919, 54.52051 ], [ -1.3025, 54.51595 ], [ -1.30904, 54.51844 ], [ -1.30759, 54.52379 ], [ -1.30111, 54.52346 ], [ -1.29919, 54.52051 ] ] ] } },
{ "type": "Feature", "properties": { "small_area": "E01008777" }, "geometry": { "type": "Polygon", "coordinates": [ [ [ -1.41747, 54.87203 ], [ -1.41838, 54.87104 ], [ -1.42594, 54.87541 ], [ -1.42987, 54.87429 ], [ -1.42771, 54.8768 ], [ -1.42, 54.87628 ], [ -1.42129, 54.87878 ], [ -1.41747, 54.87203 ] ] ] } },
{ "type": "Feature", "properties": { "small_area": "E01008186" }, "geometry": { "type": "Polygon", "coordinates": [ [ [ -1.82565, 54.91706 ], [ -1.83066, 54.92541 ], [ -1.82587, 54.93375 ], [ -1.82079, 54.93303 ], [ -1.82295, 54.92898 ], [ -1.81815, 54.92453 ], [ -1.81897, 54.92703 ], [ -1.81202, 54.92466 ], [ -1.81167, 54.92063 ], [ -1.8057, 54.91957 ], [ -1.82565, 54.91706 ] ] ] } },
{ "type": "Feature", "properties": { "small_area": "E01020759" }, "geometry": { "type": "Polygon", "coordinates": [ [ [ -1.32976, 54.77373 ], [ -1.32909, 54.77013 ], [ -1.33453, 54.76889 ], [ -1.33179, 54.76433 ], [ -1.34174, 54.76667 ], [ -1.34394, 54.77347 ], [ -1.32976, 54.77373 ] ] ] } },
{ "type": "Feature", "properties": { "small_area": "E01020845" }, "geometry": { "type": "Polygon", "coordinates": [ [ [ -1.58055, 54.61561 ], [ -1.58398, 54.62039 ], [ -1.58041, 54.62311 ], [ -1.57531, 54.61882 ], [ -1.58055, 54.61561 ] ] ] } },
{ "type": "Feature", "properties": { "small_area": "E01020847" }, "geometry": { "type": "Polygon", "coordinates": [ [ [ -1.58398, 54.62039 ], [ -1.58815, 54.62366 ], [ -1.57987, 54.62823 ], [ -1.57411, 54.62556 ], [ -1.58398, 54.62039 ] ] ] } },
{ "type": "Feature", "properties": { "small_area": "E01020844" }, "geometry": { "type": "Polygon", "coordinates": [ [ [ -1.58055, 54.61561 ], [ -1.59228, 54.6176 ], [ -1.58815, 54.62366 ], [ -1.58055, 54.61561 ] ] ] } },
{ "type": "Feature", "properties": { "small_area": "E01020846" }, "geometry": { "type": "Polygon", "coordinates": [ [ [ -1.59431, 54.61494 ], [ -1.59228, 54.6176 ], [ -1.5845, 54.61444 ], [ -1.58418, 54.61048 ], [ -1.60621, 54.60343 ], [ -1.60675, 54.61753 ], [ -1.61212, 54.61812 ], [ -1.60814, 54.61869 ], [ -1.59431, 54.61494 ] ] ] } },
{ "type": "Feature", "properties": { "small_area": "E01032484" }, "geometry": { "type": "Polygon", "coordinates": [ [ [ -1.45623, 54.88445 ], [ -1.46279, 54.87889 ], [ -1.46937, 54.87902 ], [ -1.46764, 54.87655 ], [ -1.48269, 54.87821 ], [ -1.48757, 54.87418 ], [ -1.50539, 54.88134 ], [ -1.47272, 54.90309 ], [ -1.4672, 54.9033 ], [ -1.46198, 54.8981 ], [ -1.45675, 54.90236 ], [ -1.45623, 54.88445 ] ] ] } },
{ "type": "Feature", "properties": { "small_area": "E01012211" }, "geometry": { "type": "Polygon", "coordinates": [ [ [ -1.32928, 54.59396 ], [ -1.33304, 54.59886 ], [ -1.32643, 54.60032 ], [ -1.32831, 54.60222 ], [ -1.31295, 54.60376 ], [ -1.31896, 54.59863 ], [ -1.31557, 54.59355 ], [ -1.32928, 54.59396 ] ] ] } },
{ "type": "Feature", "properties": { "small_area": "E01011957" }, "geometry": { "type": "Polygon", "coordinates": [ [ [ -1.22754, 54.69446 ], [ -1.2203, 54.6959 ], [ -1.22209, 54.69314 ], [ -1.21698, 54.6934 ], [ -1.21817, 54.69064 ], [ -1.22657, 54.69015 ], [ -1.22754, 54.69446 ] ] ] } },
{ "type": "Feature", "properties": { "small_area": "E01027455" }, "geometry": { "type": "Polygon", "coordinates": [ [ [ -1.70428, 55.16541 ], [ -1.69857, 55.15623 ], [ -1.70721, 55.15157 ], [ -1.71179, 55.15543 ], [ -1.71036, 55.16798 ], [ -1.69731, 55.16859 ], [ -1.70428, 55.16541 ] ] ] } },
{ "type": "Feature", "properties": { "small_area": "E01020659" }, "geometry": { "type": "Polygon", "coordinates": [ [ [ -1.68306, 54.79645 ], [ -1.68388, 54.79844 ], [ -1.67046, 54.80057 ], [ -1.66959, 54.79335 ], [ -1.68306, 54.79645 ] ] ] } },
{ "type": "Feature", "properties": { "small_area": "E01008876" }, "geometry": { "type": "Polygon", "coordinates": [ [ [ -1.52996, 54.92229 ], [ -1.53458, 54.9169 ], [ -1.53739, 54.92011 ], [ -1.5477, 54.9194 ], [ -1.55291, 54.92801 ], [ -1.5274, 54.93312 ], [ -1.51933, 54.92502 ], [ -1.52996, 54.92229 ] ] ] } },
{ "type": "Feature", "properties": { "small_area": "E01027426" }, "geometry": { "type": "Polygon", "coordinates": [ [ [ -1.52052, 55.09792 ], [ -1.53033, 55.09631 ], [ -1.53331, 55.10349 ], [ -1.54595, 55.1019 ], [ -1.54811, 55.10578 ], [ -1.53302, 55.10853 ], [ -1.53317, 55.11106 ], [ -1.52052, 55.09792 ] ] ] } },
{ "type": "Feature", "properties": { "small_area": "E01008788" }, "geometry": { "type": "Polygon", "coordinates": [ [ [ -1.38304, 54.92155 ], [ -1.38408, 54.924 ], [ -1.38055, 54.92422 ], [ -1.37397, 54.92088 ], [ -1.38304, 54.92155 ] ] ] } },
{ "type": "Feature", "properties": { "small_area": "E01008577" }, "geometry": { "type": "Polygon", "coordinates": [ [ [ -1.59819, 55.06424 ], [ -1.60651, 55.058 ], [ -1.59592, 55.05446 ], [ -1.59213, 55.04831 ], [ -1.58646, 55.04824 ], [ -1.5903, 55.04526 ], [ -1.58644, 55.03919 ], [ -1.61673, 55.04127 ], [ -1.61299, 55.04441 ], [ -1.622, 55.04447 ], [ -1.63053, 55.05611 ], [ -1.61534, 55.05335 ], [ -1.61668, 55.06521 ], [ -1.59819, 55.06424 ] ] ] } },
{ "type": "Feature", "properties": { "small_area": "E01008576" }, "geometry": { "type": "Polygon", "coordinates": [ [ [ -1.5271, 54.99872 ], [ -1.52536, 55.00352 ], [ -1.51462, 55.00572 ], [ -1.51204, 55.00142 ], [ -1.51877, 54.99654 ], [ -1.5271, 54.99872 ] ] ] } },
{ "type": "Feature", "properties": { "small_area": "E01027427" }, "geometry": { "type": "Polygon", "coordinates": [ [ [ -1.53286, 55.11324 ], [ -1.52797, 55.11626 ], [ -1.52677, 55.10658 ], [ -1.53317, 55.11106 ], [ -1.53302, 55.10853 ], [ -1.54811, 55.10578 ], [ -1.54595, 55.1019 ], [ -1.56657, 55.09945 ], [ -1.56629, 55.10417 ], [ -1.5769, 55.10938 ], [ -1.55045, 55.12008 ], [ -1.53286, 55.11324 ] ] ] } },
{ "type": "Feature", "properties": { "small_area": "E01011953" }, "geometry": { "type": "Polygon", "coordinates": [ [ [ -1.22989, 54.70455 ], [ -1.23502, 54.70817 ], [ -1.22859, 54.70903 ], [ -1.23876, 54.71477 ], [ -1.23145, 54.71769 ], [ -1.21823, 54.71198 ], [ -1.22989, 54.70455 ] ] ] } },
{ "type": "Feature", "properties": { "small_area": "E01008669" }, "geometry": { "type": "Polygon", "coordinates": [ [ [ -1.45742, 54.96494 ], [ -1.44373, 54.97315 ], [ -1.45056, 54.96473 ], [ -1.45742, 54.96494 ] ] ] } },
{ "type": "Feature", "properties": { "small_area": "E01012195" }, "geometry": { "type": "Polygon", "coordinates": [ [ [ -1.31038, 54.58487 ], [ -1.31193, 54.58101 ], [ -1.32026, 54.58032 ], [ -1.32558, 54.58504 ], [ -1.31038, 54.58487 ] ] ] } },
{ "type": "Feature", "properties": { "small_area": "E01027451" }, "geometry": { "type": "Polygon", "coordinates": [ [ [ -1.53359, 55.21422 ], [ -1.52659, 55.2069 ], [ -1.52163, 55.20676 ], [ -1.54848, 55.2052 ], [ -1.54652, 55.21638 ], [ -1.53359, 55.21422 ] ] ] } },
{ "type": "Feature", "properties": { "small_area": "E01008629" }, "geometry": { "type": "Polygon", "coordinates": [ [ [ -1.47972, 54.95074 ], [ -1.48284, 54.94599 ], [ -1.47329, 54.94692 ], [ -1.47324, 54.93842 ], [ -1.46643, 54.93013 ], [ -1.48323, 54.92841 ], [ -1.5112, 54.93166 ], [ -1.51811, 54.94799 ], [ -1.51628, 54.95497 ], [ -1.49484, 54.95673 ], [ -1.49798, 54.95312 ], [ -1.4932, 54.95136 ], [ -1.4879, 54.95698 ], [ -1.48141, 54.95781 ], [ -1.48429, 54.95251 ], [ -1.47972, 54.95074 ] ] ] } },
{ "type": "Feature", "properties": { "small_area": "E01020633" }, "geometry": { "type": "Polygon", "coordinates": [ [ [ -1.66423, 54.82535 ], [ -1.6552, 54.81559 ], [ -1.65465, 54.80652 ], [ -1.68994, 54.80746 ], [ -1.70564, 54.81123 ], [ -1.70491, 54.81957 ], [ -1.72339, 54.83212 ], [ -1.71802, 54.83657 ], [ -1.72107, 54.84076 ], [ -1.70695, 54.84376 ], [ -1.70494, 54.84049 ], [ -1.70006, 54.841 ], [ -1.69768, 54.84528 ], [ -1.68391, 54.8476 ], [ -1.66169, 54.843 ], [ -1.65376, 54.8489 ], [ -1.66464, 54.83246 ], [ -1.66423, 54.82535 ] ] ] } },
{ "type": "Feature", "properties": { "small_area": "E01020724" }, "geometry": { "type": "Polygon", "coordinates": [ [ [ -1.53146, 54.76795 ], [ -1.54544, 54.76591 ], [ -1.56009, 54.77051 ], [ -1.55654, 54.77649 ], [ -1.5327, 54.77495 ], [ -1.53146, 54.76795 ] ] ] } },
{ "type": "Feature", "properties": { "small_area": "E01012226" }, "geometry": { "type": "Polygon", "coordinates": [ [ [ -1.36126, 54.56524 ], [ -1.35834, 54.56023 ], [ -1.36958, 54.55942 ], [ -1.37161, 54.56434 ], [ -1.36126, 54.56524 ] ] ] } },
{ "type": "Feature", "properties": { "small_area": "E01008450" }, "geometry": { "type": "Polygon", "coordinates": [ [ [ -1.65358, 54.98597 ], [ -1.65668, 54.98386 ], [ -1.66345, 54.98508 ], [ -1.65512, 54.98943 ], [ -1.65358, 54.98597 ] ] ] } },
{ "type": "Feature", "properties": { "small_area": "E01027473" }, "geometry": { "type": "Polygon", "coordinates": [ [ [ -1.65094, 55.12755 ], [ -1.63999, 55.12122 ], [ -1.63942, 55.1167 ], [ -1.62147, 55.11324 ], [ -1.62597, 55.10787 ], [ -1.63085, 55.11148 ], [ -1.64709, 55.10509 ], [ -1.63719, 55.10089 ], [ -1.63015, 55.06814 ], [ -1.63788, 55.06476 ], [ -1.64767, 55.07938 ], [ -1.6911, 55.07282 ], [ -1.71537, 55.07445 ], [ -1.71558, 55.08166 ], [ -1.70798, 55.08608 ], [ -1.71266, 55.0936 ], [ -1.71866, 55.08926 ], [ -1.73016, 55.09505 ], [ -1.73929, 55.09547 ], [ -1.75723, 55.08973 ], [ -1.7697, 55.09365 ], [ -1.80323, 55.08904 ], [ -1.80663, 55.095 ], [ -1.82216, 55.09292 ], [ -1.82732, 55.1051 ], [ -1.81222, 55.10733 ], [ -1.81171, 55.11647 ], [ -1.82324, 55.12108 ], [ -1.8311, 55.13634 ], [ -1.78497, 55.1427 ], [ -1.77009, 55.13963 ], [ -1.76993, 55.13163 ], [ -1.76121, 55.13206 ], [ -1.75707, 55.12784 ], [ -1.73644, 55.13862 ], [ -1.72099, 55.13246 ], [ -1.68778, 55.14252 ], [ -1.6763, 55.14026 ], [ -1.67096, 55.14231 ], [ -1.66566, 55.13184 ], [ -1.6492, 55.13665 ], [ -1.65094, 55.12755 ] ] ] } },
{ "type": "Feature", "properties": { "small_area": "E01008238" }, "geometry": { "type": "Polygon", "coordinates": [ [ [ -1.59678, 54.93375 ], [ -1.59969, 54.9383 ], [ -1.59512, 54.93977 ], [ -1.59267, 54.93614 ], [ -1.59678, 54.93375 ] ] ] } },
{ "type": "Feature", "properties": { "small_area": "E01008239" }, "geometry": { "type": "Polygon", "coordinates": [ [ [ -1.59822, 54.93447 ], [ -1.6087, 54.93415 ], [ -1.60669, 54.93908 ], [ -1.5996, 54.93989 ], [ -1.59822, 54.93447 ] ] ] } },
{ "type": "Feature", "properties": { "small_area": "E01008230" }, "geometry": { "type": "Polygon", "coordinates": [ [ [ -1.57279, 54.93469 ], [ -1.58052, 54.9406 ], [ -1.57147, 54.94453 ], [ -1.56701, 54.94153 ], [ -1.5753, 54.94146 ], [ -1.56957, 54.93705 ], [ -1.57279, 54.93469 ] ] ] } },
{ "type": "Feature", "properties": { "small_area": "E01008231" }, "geometry": { "type": "Polygon", "coordinates": [ [ [ -1.54788, 54.94112 ], [ -1.55158, 54.93668 ], [ -1.55679, 54.93638 ], [ -1.55935, 54.93935 ], [ -1.55411, 54.94398 ], [ -1.54788, 54.94112 ] ] ] } },
{ "type": "Feature", "properties": { "small_area": "E01008257" }, "geometry": { "type": "Polygon", "coordinates": [ [ [ -1.6153, 54.94666 ], [ -1.61922, 54.94546 ], [ -1.62509, 54.94903 ], [ -1.62072, 54.95083 ], [ -1.62352, 54.95449 ], [ -1.61803, 54.95758 ], [ -1.6153, 54.94666 ] ] ] } },
{ "type": "Feature", "properties": { "small_area": "E01008256" }, "geometry": { "type": "Polygon", "coordinates": [ [ [ -1.63041, 54.93665 ], [ -1.63199, 54.93306 ], [ -1.64395, 54.9352 ], [ -1.64104, 54.94025 ], [ -1.63041, 54.93665 ] ] ] } },
{ "type": "Feature", "properties": { "small_area": "E01008254" }, "geometry": { "type": "Polygon", "coordinates": [ [ [ -1.61344, 54.94433 ], [ -1.61738, 54.94918 ], [ -1.61496, 54.94965 ], [ -1.60915, 54.94791 ], [ -1.61344, 54.94433 ] ] ] } },
{ "type": "Feature", "properties": { "small_area": "E01012323" }, "geometry": { "type": "Polygon", "coordinates": [ [ [ -1.54925, 54.54639 ], [ -1.56106, 54.54355 ], [ -1.56233, 54.55312 ], [ -1.547, 54.55038 ], [ -1.54925, 54.54639 ] ] ] } },
{ "type": "Feature", "properties": { "small_area": "E01020909" }, "geometry": { "type": "Polygon", "coordinates": [ [ [ -1.6957, 54.64397 ], [ -1.68671, 54.64782 ], [ -1.68305, 54.64523 ], [ -1.69308, 54.64151 ], [ -1.6957, 54.64397 ] ] ] } },
{ "type": "Feature", "properties": { "small_area": "E01020908" }, "geometry": { "type": "Polygon", "coordinates": [ [ [ -1.68257, 54.65027 ], [ -1.6957, 54.64397 ], [ -1.70275, 54.64739 ], [ -1.69761, 54.65334 ], [ -1.68257, 54.65027 ] ] ] } },
{ "type": "Feature", "properties": { "small_area": "E01027370" }, "geometry": { "type": "Polygon", "coordinates": [ [ [ -1.67698, 55.35034 ], [ -1.67821, 55.3396 ], [ -1.67235, 55.33378 ], [ -1.69045, 55.3307 ], [ -1.6888, 55.32524 ], [ -1.69472, 55.33007 ], [ -1.7005, 55.32684 ], [ -1.72264, 55.33049 ], [ -1.72045, 55.32664 ], [ -1.7013, 55.32418 ], [ -1.68033, 55.31613 ], [ -1.68329, 55.31124 ], [ -1.69198, 55.30867 ], [ -1.68248, 55.30071 ], [ -1.69101, 55.30202 ], [ -1.7198, 55.29194 ], [ -1.73737, 55.29204 ], [ -1.74342, 55.29823 ], [ -1.75123, 55.28723 ], [ -1.7669, 55.29142 ], [ -1.77113, 55.29556 ], [ -1.76017, 55.29641 ], [ -1.77057, 55.3078 ], [ -1.76066, 55.30711 ], [ -1.75469, 55.31 ], [ -1.77349, 55.32294 ], [ -1.77735, 55.33078 ], [ -1.78859, 55.33309 ], [ -1.78517, 55.33739 ], [ -1.80034, 55.34404 ], [ -1.80362, 55.34943 ], [ -1.80003, 55.35165 ], [ -1.78507, 55.34596 ], [ -1.74483, 55.34291 ], [ -1.73843, 55.34642 ], [ -1.74464, 55.34974 ], [ -1.734, 55.35623 ], [ -1.72566, 55.35328 ], [ -1.71349, 55.36468 ], [ -1.69921, 55.35767 ], [ -1.70198, 55.35109 ], [ -1.69308, 55.34976 ], [ -1.68289, 55.3549 ], [ -1.67698, 55.35034 ] ] ] } },
{ "type": "Feature", "properties": { "small_area": "E01008334" }, "geometry": { "type": "Polygon", "coordinates": [ [ [ -1.65988, 54.9766 ], [ -1.65357, 54.9756 ], [ -1.65876, 54.97488 ], [ -1.6606, 54.97096 ], [ -1.66433, 54.97187 ], [ -1.66483, 54.97749 ], [ -1.65988, 54.9766 ] ] ] } },
{ "type": "Feature", "properties": { "small_area": "E01008556" }, "geometry": { "type": "Polygon", "coordinates": [ [ [ -1.45678, 55.02679 ], [ -1.45498, 55.02479 ], [ -1.46019, 55.02309 ], [ -1.46287, 55.02647 ], [ -1.46776, 55.02324 ], [ -1.4716, 55.02573 ], [ -1.47297, 55.03324 ], [ -1.46611, 55.03677 ], [ -1.45678, 55.02679 ] ] ] } },
{ "type": "Feature", "properties": { "small_area": "E01008772" }, "geometry": { "type": "Polygon", "coordinates": [ [ [ -1.43547, 54.87495 ], [ -1.43937, 54.87071 ], [ -1.43581, 54.86878 ], [ -1.44182, 54.86925 ], [ -1.44508, 54.86624 ], [ -1.45085, 54.87028 ], [ -1.45502, 54.88284 ], [ -1.4438, 54.88265 ], [ -1.43547, 54.87495 ] ] ] } },
{ "type": "Feature", "properties": { "small_area": "E01008545" }, "geometry": { "type": "Polygon", "coordinates": [ [ [ -1.45235, 54.99835 ], [ -1.45755, 55.00047 ], [ -1.45645, 54.9968 ], [ -1.46244, 54.99876 ], [ -1.46102, 55.00216 ], [ -1.46571, 55.00275 ], [ -1.44769, 55.00353 ], [ -1.45235, 54.99835 ] ] ] } },
{ "type": "Feature", "properties": { "small_area": "E01012296" }, "geometry": { "type": "Polygon", "coordinates": [ [ [ -1.30442, 54.61712 ], [ -1.29763, 54.62194 ], [ -1.30358, 54.62428 ], [ -1.29625, 54.62472 ], [ -1.29803, 54.61933 ], [ -1.28815, 54.61873 ], [ -1.30442, 54.61712 ] ] ] } },
{ "type": "Feature", "properties": { "small_area": "E01020876" }, "geometry": { "type": "Polygon", "coordinates": [ [ [ -1.74908, 54.71474 ], [ -1.75395, 54.7177 ], [ -1.7726, 54.71823 ], [ -1.77671, 54.71529 ], [ -1.79054, 54.71994 ], [ -1.78592, 54.72831 ], [ -1.78887, 54.74127 ], [ -1.76518, 54.73068 ], [ -1.75351, 54.72891 ], [ -1.74776, 54.72081 ], [ -1.74908, 54.71474 ] ] ] } },
{ "type": "Feature", "properties": { "small_area": "E01008437" }, "geometry": { "type": "Polygon", "coordinates": [ [ [ -1.65744, 54.96377 ], [ -1.64184, 54.96881 ], [ -1.62838, 54.96025 ], [ -1.65744, 54.96377 ] ] ] } },
{ "type": "Feature", "properties": { "small_area": "E01012300" }, "geometry": { "type": "Polygon", "coordinates": [ [ [ -1.35651, 54.49713 ], [ -1.3646, 54.4978 ], [ -1.35763, 54.5057 ], [ -1.35237, 54.50049 ], [ -1.35651, 54.49713 ] ] ] } },
{ "type": "Feature", "properties": { "small_area": "E01012303" }, "geometry": { "type": "Polygon", "coordinates": [ [ [ -1.3646, 54.4978 ], [ -1.35651, 54.49713 ], [ -1.35572, 54.49322 ], [ -1.37269, 54.48846 ], [ -1.38091, 54.49391 ], [ -1.37664, 54.50265 ], [ -1.36113, 54.50312 ], [ -1.3646, 54.4978 ] ] ] } },
{ "type": "Feature", "properties": { "small_area": "E01012132" }, "geometry": { "type": "Polygon", "coordinates": [ [ [ -0.90788, 54.55662 ], [ -0.90557, 54.56177 ], [ -0.90458, 54.55586 ], [ -0.91894, 54.54173 ], [ -0.91608, 54.53818 ], [ -0.91993, 54.52985 ], [ -0.8942, 54.4969 ], [ -0.89627, 54.49541 ], [ -0.95257, 54.488 ], [ -0.96643, 54.49634 ], [ -0.99869, 54.50235 ], [ -0.97031, 54.51206 ], [ -0.96795, 54.51924 ], [ -0.97964, 54.52343 ], [ -0.98049, 54.5404 ], [ -0.97263, 54.54019 ], [ -0.97491, 54.5468 ], [ -0.94265, 54.55402 ], [ -0.94759, 54.56014 ], [ -0.93849, 54.56262 ], [ -0.92965, 54.56214 ], [ -0.91865, 54.55527 ], [ -0.90788, 54.55662 ] ] ] } },
{ "type": "Feature", "properties": { "small_area": "E01008534" }, "geometry": { "type": "Polygon", "coordinates": [ [ [ -1.54962, 54.99854 ], [ -1.56053, 54.99595 ], [ -1.55883, 55.00176 ], [ -1.54962, 54.99854 ] ] ] } },
{ "type": "Feature", "properties": { "small_area": "E01008537" }, "geometry": { "type": "Polygon", "coordinates": [ [ [ -1.54069, 54.98986 ], [ -1.5416, 54.9897 ], [ -1.539, 54.9946 ], [ -1.53679, 54.99046 ], [ -1.54069, 54.98986 ] ] ] } },
{ "type": "Feature", "properties": { "small_area": "E01008536" }, "geometry": { "type": "Polygon", "coordinates": [ [ [ -1.53679, 54.99046 ], [ -1.539, 54.9946 ], [ -1.53433, 54.99708 ], [ -1.53125, 54.99194 ], [ -1.53679, 54.99046 ] ] ] } },
{ "type": "Feature", "properties": { "small_area": "E01020590" }, "geometry": { "type": "Polygon", "coordinates": [ [ [ -1.50604, 54.84564 ], [ -1.53047, 54.84799 ], [ -1.53568, 54.85167 ], [ -1.55607, 54.84629 ], [ -1.56472, 54.85807 ], [ -1.56445, 54.86289 ], [ -1.55911, 54.86132 ], [ -1.5578, 54.86372 ], [ -1.53071, 54.85509 ], [ -1.53241, 54.86244 ], [ -1.52565, 54.86213 ], [ -1.51954, 54.85518 ], [ -1.52193, 54.85164 ], [ -1.50764, 54.8504 ], [ -1.50604, 54.84564 ] ] ] } },
{ "type": "Feature", "properties": { "small_area": "E01008269" }, "geometry": { "type": "Polygon", "coordinates": [ [ [ -1.6763, 54.93302 ], [ -1.68512, 54.93142 ], [ -1.68268, 54.93828 ], [ -1.67833, 54.93748 ], [ -1.67924, 54.94039 ], [ -1.6763, 54.93302 ] ] ] } },
{ "type": "Feature", "properties": { "small_area": "E01008410" }, "geometry": { "type": "Polygon", "coordinates": [ [ [ -1.58217, 54.98509 ], [ -1.59478, 54.9759 ], [ -1.59901, 54.97881 ], [ -1.58999, 54.98732 ], [ -1.58217, 54.98509 ] ] ] } },
{ "type": "Feature", "properties": { "small_area": "E01008272" }, "geometry": { "type": "Polygon", "coordinates": [ [ [ -1.645, 54.92822 ], [ -1.65241, 54.93028 ], [ -1.66957, 54.91989 ], [ -1.67557, 54.92209 ], [ -1.67794, 54.92687 ], [ -1.70025, 54.93422 ], [ -1.68512, 54.93142 ], [ -1.64353, 54.9382 ], [ -1.645, 54.92822 ] ] ] } },
{ "type": "Feature", "properties": { "small_area": "E01020870" }, "geometry": { "type": "Polygon", "coordinates": [ [ [ -1.69761, 54.65334 ], [ -1.69444, 54.65833 ], [ -1.68173, 54.65359 ], [ -1.68845, 54.65073 ], [ -1.69761, 54.65334 ] ] ] } },
{ "type": "Feature", "properties": { "small_area": "E01008844" }, "geometry": { "type": "Polygon", "coordinates": [ [ [ -1.51386, 54.90304 ], [ -1.52174, 54.9017 ], [ -1.53832, 54.90189 ], [ -1.52575, 54.90595 ], [ -1.51482, 54.90556 ], [ -1.51386, 54.90304 ] ] ] } },
{ "type": "Feature", "properties": { "small_area": "E01008648" }, "geometry": { "type": "Polygon", "coordinates": [ [ [ -1.40647, 54.99176 ], [ -1.40464, 54.98898 ], [ -1.41129, 54.98617 ], [ -1.41617, 54.99139 ], [ -1.40831, 54.99644 ], [ -1.39658, 54.99145 ], [ -1.40647, 54.99176 ] ] ] } },
{ "type": "Feature", "properties": { "small_area": "E01020729" }, "geometry": { "type": "Polygon", "coordinates": [ [ [ -1.44986, 54.76827 ], [ -1.43626, 54.77235 ], [ -1.40596, 54.76855 ], [ -1.40752, 54.76314 ], [ -1.40327, 54.76002 ], [ -1.41093, 54.75748 ], [ -1.41066, 54.75291 ], [ -1.43278, 54.75595 ], [ -1.45656, 54.74702 ], [ -1.47432, 54.74962 ], [ -1.47439, 54.75221 ], [ -1.49049, 54.75642 ], [ -1.49109, 54.76593 ], [ -1.49985, 54.7686 ], [ -1.48059, 54.77954 ], [ -1.4716, 54.77891 ], [ -1.44986, 54.76827 ] ] ] } },
{ "type": "Feature", "properties": { "small_area": "E01027499" }, "geometry": { "type": "Polygon", "coordinates": [ [ [ -1.82335, 54.95548 ], [ -1.83269, 54.95366 ], [ -1.83107, 54.94432 ], [ -1.83709, 54.93518 ], [ -1.84244, 54.94036 ], [ -1.84853, 54.93786 ], [ -1.85148, 54.94216 ], [ -1.86057, 54.9411 ], [ -1.86151, 54.95508 ], [ -1.85688, 54.95641 ], [ -1.85935, 54.95772 ], [ -1.83868, 54.95784 ], [ -1.84067, 54.96129 ], [ -1.8234, 54.95824 ], [ -1.82335, 54.95548 ] ] ] } },
{ "type": "Feature", "properties": { "small_area": "E01012206" }, "geometry": { "type": "Polygon", "coordinates": [ [ [ -1.3538, 54.56951 ], [ -1.35273, 54.57478 ], [ -1.34387, 54.57518 ], [ -1.34396, 54.5714 ], [ -1.3538, 54.56951 ] ] ] } },
{ "type": "Feature", "properties": { "small_area": "E01012287" }, "geometry": { "type": "Polygon", "coordinates": [ [ [ -1.29403, 54.56143 ], [ -1.29835, 54.56044 ], [ -1.29973, 54.56293 ], [ -1.30197, 54.55958 ], [ -1.29588, 54.55609 ], [ -1.30457, 54.55461 ], [ -1.3056, 54.55084 ], [ -1.31161, 54.55103 ], [ -1.31047, 54.56398 ], [ -1.29497, 54.56399 ], [ -1.29403, 54.56143 ] ] ] } },
{ "type": "Feature", "properties": { "small_area": "E01012207" }, "geometry": { "type": "Polygon", "coordinates": [ [ [ -1.33715, 54.5618 ], [ -1.34321, 54.56211 ], [ -1.34894, 54.56885 ], [ -1.35387, 54.56486 ], [ -1.35927, 54.56937 ], [ -1.33817, 54.57128 ], [ -1.33715, 54.5618 ] ] ] } },
{ "type": "Feature", "properties": { "small_area": "E01012286" }, "geometry": { "type": "Polygon", "coordinates": [ [ [ -1.29986, 54.55394 ], [ -1.29588, 54.55609 ], [ -1.30197, 54.55958 ], [ -1.29973, 54.56293 ], [ -1.29835, 54.56044 ], [ -1.29403, 54.56143 ], [ -1.29497, 54.56399 ], [ -1.28607, 54.56416 ], [ -1.28293, 54.56013 ], [ -1.29461, 54.55636 ], [ -1.29878, 54.55085 ], [ -1.29986, 54.55394 ] ] ] } },
{ "type": "Feature", "properties": { "small_area": "E01020723" }, "geometry": { "type": "Polygon", "coordinates": [ [ [ -1.55654, 54.77649 ], [ -1.56401, 54.77766 ], [ -1.56196, 54.78005 ], [ -1.54622, 54.78043 ], [ -1.54503, 54.77661 ], [ -1.55654, 54.77649 ] ] ] } },
{ "type": "Feature", "properties": { "small_area": "E01012054" }, "geometry": { "type": "Polygon", "coordinates": [ [ [ -1.26257, 54.55177 ], [ -1.26117, 54.55736 ], [ -1.25213, 54.55563 ], [ -1.26257, 54.55177 ] ] ] } },
{ "type": "Feature", "properties": { "small_area": "E01012057" }, "geometry": { "type": "Polygon", "coordinates": [ [ [ -1.24807, 54.55833 ], [ -1.24614, 54.55523 ], [ -1.26117, 54.55736 ], [ -1.25385, 54.56537 ], [ -1.24807, 54.55833 ] ] ] } },
{ "type": "Feature", "properties": { "small_area": "E01012056" }, "geometry": { "type": "Polygon", "coordinates": [ [ [ -1.24807, 54.55833 ], [ -1.25385, 54.56537 ], [ -1.24545, 54.56551 ], [ -1.24807, 54.55833 ] ] ] } },
{ "type": "Feature", "properties": { "small_area": "E01012055" }, "geometry": { "type": "Polygon", "coordinates": [ [ [ -1.24944, 54.55181 ], [ -1.25036, 54.55539 ], [ -1.24008, 54.55588 ], [ -1.23607, 54.55253 ], [ -1.24944, 54.55181 ] ] ] } },
{ "type": "Feature", "properties": { "small_area": "E01012052" }, "geometry": { "type": "Polygon", "coordinates": [ [ [ -1.20915, 54.53628 ], [ -1.21588, 54.53738 ], [ -1.2171, 54.53335 ], [ -1.22964, 54.54121 ], [ -1.21093, 54.54062 ], [ -1.20915, 54.53628 ] ] ] } },
{ "type": "Feature", "properties": { "small_area": "E01033547" }, "geometry": { "type": "Polygon", "coordinates": [ [ [ -1.67394, 54.96537 ], [ -1.68925, 54.96755 ], [ -1.69287, 54.97426 ], [ -1.67395, 54.97462 ], [ -1.67394, 54.96537 ] ] ] } },
{ "type": "Feature", "properties": { "small_area": "E01033545" }, "geometry": { "type": "Polygon", "coordinates": [ [ [ -1.61962, 54.9628 ], [ -1.62693, 54.96868 ], [ -1.61195, 54.97046 ], [ -1.60927, 54.9675 ], [ -1.61962, 54.9628 ] ] ] } },
{ "type": "Feature", "properties": { "small_area": "E01012049" }, "geometry": { "type": "Polygon", "coordinates": [ [ [ -1.21646, 54.53257 ], [ -1.21588, 54.53738 ], [ -1.20836, 54.53824 ], [ -1.20725, 54.53235 ], [ -1.21646, 54.53257 ] ] ] } },
{ "type": "Feature", "properties": { "small_area": "E01012048" }, "geometry": { "type": "Polygon", "coordinates": [ [ [ -1.254, 54.53701 ], [ -1.27276, 54.54407 ], [ -1.25819, 54.54479 ], [ -1.25024, 54.53846 ], [ -1.254, 54.53701 ] ] ] } },
{ "type": "Feature", "properties": { "small_area": "E01008383" }, "geometry": { "type": "Polygon", "coordinates": [ [ [ -1.72039, 54.97774 ], [ -1.72669, 54.97887 ], [ -1.72448, 54.98192 ], [ -1.71378, 54.98395 ], [ -1.71186, 54.98079 ], [ -1.72039, 54.97774 ] ] ] } },
{ "type": "Feature", "properties": { "small_area": "E01008303" }, "geometry": { "type": "Polygon", "coordinates": [ [ [ -1.57519, 54.98207 ], [ -1.57155, 54.97639 ], [ -1.57845, 54.97542 ], [ -1.58427, 54.97905 ], [ -1.57519, 54.98207 ] ] ] } },
{ "type": "Feature", "properties": { "small_area": "E01008305" }, "geometry": { "type": "Polygon", "coordinates": [ [ [ -1.57136, 54.96972 ], [ -1.58218, 54.96693 ], [ -1.58826, 54.97132 ], [ -1.5806, 54.97067 ], [ -1.57845, 54.97542 ], [ -1.57307, 54.97549 ], [ -1.57768, 54.97158 ], [ -1.57136, 54.96972 ] ] ] } },
{ "type": "Feature", "properties": { "small_area": "E01008302" }, "geometry": { "type": "Polygon", "coordinates": [ [ [ -1.56545, 54.97175 ], [ -1.57768, 54.97158 ], [ -1.57155, 54.97639 ], [ -1.56545, 54.97175 ] ] ] } },
{ "type": "Feature", "properties": { "small_area": "E01008385" }, "geometry": { "type": "Polygon", "coordinates": [ [ [ -1.70847, 54.97458 ], [ -1.72039, 54.97774 ], [ -1.71186, 54.98079 ], [ -1.70847, 54.97458 ] ] ] } },
{ "type": "Feature", "properties": { "small_area": "E01008384" }, "geometry": { "type": "Polygon", "coordinates": [ [ [ -1.6994, 54.98622 ], [ -1.69378, 54.98494 ], [ -1.69908, 54.98569 ], [ -1.70209, 54.98051 ], [ -1.70569, 54.98036 ], [ -1.70895, 54.98533 ], [ -1.70734, 54.98762 ], [ -1.6994, 54.98622 ] ] ] } },
{ "type": "Feature", "properties": { "small_area": "E01008372" }, "geometry": { "type": "Polygon", "coordinates": [ [ [ -1.60564, 54.9907 ], [ -1.60891, 54.99592 ], [ -1.60826, 54.99618 ], [ -1.60155, 54.9927 ], [ -1.60564, 54.9907 ] ] ] } },
{ "type": "Feature", "properties": { "small_area": "E01008375" }, "geometry": { "type": "Polygon", "coordinates": [ [ [ -1.6528, 55.00081 ], [ -1.64633, 55.00072 ], [ -1.6571, 54.99882 ], [ -1.65904, 55.0062 ], [ -1.65092, 55.00671 ], [ -1.6528, 55.00081 ] ] ] } },
{ "type": "Feature", "properties": { "small_area": "E01008382" }, "geometry": { "type": "Polygon", "coordinates": [ [ [ -1.71017, 54.97786 ], [ -1.71378, 54.98395 ], [ -1.70895, 54.98533 ], [ -1.70569, 54.98036 ], [ -1.71017, 54.97786 ] ] ] } },
{ "type": "Feature", "properties": { "small_area": "E01008381" }, "geometry": { "type": "Polygon", "coordinates": [ [ [ -1.70734, 54.98762 ], [ -1.72448, 54.98192 ], [ -1.7232, 54.99146 ], [ -1.70734, 54.98762 ] ] ] } },
{ "type": "Feature", "properties": { "small_area": "E01008373" }, "geometry": { "type": "Polygon", "coordinates": [ [ [ -1.60642, 54.99231 ], [ -1.61171, 54.99191 ], [ -1.60891, 54.99592 ], [ -1.60642, 54.99231 ] ] ] } },
{ "type": "Feature", "properties": { "small_area": "E01008370" }, "geometry": { "type": "Polygon", "coordinates": [ [ [ -1.60753, 54.98127 ], [ -1.61377, 54.98721 ], [ -1.60067, 54.98716 ], [ -1.60753, 54.98127 ] ] ] } },
{ "type": "Feature", "properties": { "small_area": "E01012336" }, "geometry": { "type": "Polygon", "coordinates": [ [ [ -1.57883, 54.52833 ], [ -1.57909, 54.52579 ], [ -1.58576, 54.52668 ], [ -1.58658, 54.52335 ], [ -1.59199, 54.52335 ], [ -1.59146, 54.51821 ], [ -1.60932, 54.52066 ], [ -1.60844, 54.52533 ], [ -1.5981, 54.52876 ], [ -1.59764, 54.52522 ], [ -1.57883, 54.52833 ] ] ] } },
{ "type": "Feature", "properties": { "small_area": "E01012337" }, "geometry": { "type": "Polygon", "coordinates": [ [ [ -1.57797, 54.51784 ], [ -1.59146, 54.51821 ], [ -1.59199, 54.52335 ], [ -1.58658, 54.52335 ], [ -1.58576, 54.52668 ], [ -1.57909, 54.52579 ], [ -1.57797, 54.51784 ] ] ] } },
{ "type": "Feature", "properties": { "small_area": "E01012334" }, "geometry": { "type": "Polygon", "coordinates": [ [ [ -1.60675, 54.61753 ], [ -1.60621, 54.60343 ], [ -1.58418, 54.61046 ], [ -1.58393, 54.60735 ], [ -1.593, 54.60443 ], [ -1.58871, 54.58612 ], [ -1.60212, 54.58344 ], [ -1.61436, 54.57655 ], [ -1.60864, 54.56595 ], [ -1.5982, 54.56369 ], [ -1.59529, 54.55497 ], [ -1.60728, 54.5413 ], [ -1.60416, 54.54175 ], [ -1.59914, 54.53521 ], [ -1.5981, 54.52876 ], [ -1.60844, 54.52533 ], [ -1.60951, 54.5199 ], [ -1.62585, 54.51419 ], [ -1.64007, 54.51686 ], [ -1.63292, 54.51869 ], [ -1.63433, 54.52563 ], [ -1.65692, 54.52613 ], [ -1.65793, 54.53458 ], [ -1.68225, 54.53333 ], [ -1.69692, 54.536 ], [ -1.69833, 54.5442 ], [ -1.70376, 54.54493 ], [ -1.70526, 54.54916 ], [ -1.69755, 54.5557 ], [ -1.6912, 54.55623 ], [ -1.7033, 54.55869 ], [ -1.70966, 54.56581 ], [ -1.70447, 54.57215 ], [ -1.70898, 54.57413 ], [ -1.69402, 54.58688 ], [ -1.6793, 54.58596 ], [ -1.68241, 54.61776 ], [ -1.64162, 54.61936 ], [ -1.63767, 54.61713 ], [ -1.60675, 54.61753 ] ], [ [ -1.61274, 54.58816 ], [ -1.60838, 54.59572 ], [ -1.61138, 54.59956 ], [ -1.61892, 54.59872 ], [ -1.62524, 54.60346 ], [ -1.63123, 54.5951 ], [ -1.61527, 54.59202 ], [ -1.61274, 54.58816 ] ] ] } },
{ "type": "Feature", "properties": { "small_area": "E01012163" }, "geometry": { "type": "Polygon", "coordinates": [ [ [ -0.95267, 54.56413 ], [ -0.96416, 54.56148 ], [ -0.97763, 54.5617 ], [ -0.98217, 54.56835 ], [ -0.99012, 54.56446 ], [ -1.00305, 54.56598 ], [ -0.97314, 54.57357 ], [ -0.97088, 54.5808 ], [ -0.96441, 54.58186 ], [ -0.95837, 54.57823 ], [ -0.95813, 54.57193 ], [ -0.95267, 54.56413 ] ] ] } },
{ "type": "Feature", "properties": { "small_area": "E01012162" }, "geometry": { "type": "Polygon", "coordinates": [ [ [ -0.94557, 54.55763 ], [ -0.95241, 54.55742 ], [ -0.95586, 54.55335 ], [ -0.9601, 54.55629 ], [ -0.9644, 54.55414 ], [ -0.96251, 54.55807 ], [ -0.97238, 54.55751 ], [ -0.97329, 54.56035 ], [ -0.95267, 54.56413 ], [ -0.94557, 54.55763 ] ] ] } },
{ "type": "Feature", "properties": { "small_area": "E01008643" }, "geometry": { "type": "Polygon", "coordinates": [ [ [ -1.51676, 54.95835 ], [ -1.53043, 54.9582 ], [ -1.52386, 54.96613 ], [ -1.51614, 54.96319 ], [ -1.51676, 54.95835 ] ] ] } },
{ "type": "Feature", "properties": { "small_area": "E01027366" }, "geometry": { "type": "Polygon", "coordinates": [ [ [ -1.59782, 55.45267 ], [ -1.62852, 55.47339 ], [ -1.62801, 55.45944 ], [ -1.63679, 55.45621 ], [ -1.6458, 55.45722 ], [ -1.6568, 55.44038 ], [ -1.66787, 55.43828 ], [ -1.6712, 55.44217 ], [ -1.68013, 55.44199 ], [ -1.6912, 55.43381 ], [ -1.69453, 55.4571 ], [ -1.70659, 55.45716 ], [ -1.71432, 55.46149 ], [ -1.71447, 55.46657 ], [ -1.72171, 55.46702 ], [ -1.72765, 55.47419 ], [ -1.71323, 55.47957 ], [ -1.70598, 55.49016 ], [ -1.72901, 55.50865 ], [ -1.7214, 55.50939 ], [ -1.72127, 55.51181 ], [ -1.69632, 55.51307 ], [ -1.69941, 55.51648 ], [ -1.673, 55.5209 ], [ -1.67667, 55.52297 ], [ -1.66655, 55.52647 ], [ -1.65482, 55.52382 ], [ -1.64942, 55.52553 ], [ -1.63809, 55.54091 ], [ -1.62619, 55.52782 ], [ -1.61847, 55.52639 ], [ -1.61902, 55.52256 ], [ -1.61058, 55.52172 ], [ -1.61868, 55.5145 ], [ -1.6136, 55.50939 ], [ -1.61426, 55.49815 ], [ -1.59547, 55.49127 ], [ -1.59112, 55.49241 ], [ -1.59335, 55.47304 ], [ -1.58859, 55.46197 ], [ -1.59782, 55.45267 ] ] ] } },
{ "type": "Feature", "properties": { "small_area": "E01020660" }, "geometry": { "type": "Polygon", "coordinates": [ [ [ -1.65145, 54.80002 ], [ -1.6565, 54.80378 ], [ -1.66624, 54.80129 ], [ -1.67432, 54.80372 ], [ -1.67698, 54.79866 ], [ -1.68388, 54.79844 ], [ -1.66959, 54.79335 ], [ -1.66942, 54.78904 ], [ -1.6561, 54.79175 ], [ -1.64753, 54.78312 ], [ -1.66761, 54.78592 ], [ -1.66966, 54.78185 ], [ -1.69972, 54.77367 ], [ -1.70682, 54.77435 ], [ -1.71762, 54.78127 ], [ -1.73222, 54.78231 ], [ -1.73236, 54.78781 ], [ -1.73711, 54.78752 ], [ -1.74093, 54.79631 ], [ -1.73713, 54.79835 ], [ -1.71757, 54.79544 ], [ -1.70713, 54.80005 ], [ -1.70658, 54.80508 ], [ -1.6904, 54.80358 ], [ -1.68994, 54.80746 ], [ -1.65465, 54.80652 ], [ -1.65145, 54.80002 ] ] ] } },
{ "type": "Feature", "properties": { "small_area": "E01020663" }, "geometry": { "type": "Polygon", "coordinates": [ [ [ -1.66551, 54.88594 ], [ -1.66535, 54.87666 ], [ -1.65801, 54.87611 ], [ -1.66402, 54.87295 ], [ -1.6786, 54.87244 ], [ -1.68457, 54.87924 ], [ -1.69498, 54.87655 ], [ -1.70066, 54.88255 ], [ -1.69749, 54.89005 ], [ -1.67627, 54.90533 ], [ -1.67812, 54.89984 ], [ -1.66303, 54.89594 ], [ -1.65994, 54.89066 ], [ -1.66551, 54.88594 ] ] ] } },
{ "type": "Feature", "properties": { "small_area": "E01020662" }, "geometry": { "type": "Polygon", "coordinates": [ [ [ -1.69298, 54.87234 ], [ -1.68978, 54.87453 ], [ -1.69722, 54.8744 ], [ -1.68457, 54.87924 ], [ -1.6786, 54.87244 ], [ -1.69298, 54.87234 ] ] ] } },
{ "type": "Feature", "properties": { "small_area": "E01020665" }, "geometry": { "type": "Polygon", "coordinates": [ [ [ -1.75143, 54.83014 ], [ -1.74035, 54.83278 ], [ -1.74359, 54.82985 ], [ -1.72757, 54.82431 ], [ -1.73544, 54.82189 ], [ -1.728, 54.81389 ], [ -1.74044, 54.81872 ], [ -1.75143, 54.83014 ] ] ] } },
{ "type": "Feature", "properties": { "small_area": "E01020664" }, "geometry": { "type": "Polygon", "coordinates": [ [ [ -1.71802, 54.83657 ], [ -1.72339, 54.83212 ], [ -1.70491, 54.81957 ], [ -1.70564, 54.81123 ], [ -1.68994, 54.80746 ], [ -1.6904, 54.80358 ], [ -1.70658, 54.80508 ], [ -1.70713, 54.80005 ], [ -1.71757, 54.79544 ], [ -1.73713, 54.79835 ], [ -1.74093, 54.79631 ], [ -1.73873, 54.79074 ], [ -1.74656, 54.79434 ], [ -1.75863, 54.79223 ], [ -1.77867, 54.79934 ], [ -1.78743, 54.78772 ], [ -1.79401, 54.79058 ], [ -1.79609, 54.7887 ], [ -1.80371, 54.7939 ], [ -1.79147, 54.80137 ], [ -1.80055, 54.79998 ], [ -1.80584, 54.80423 ], [ -1.82112, 54.80209 ], [ -1.82243, 54.80462 ], [ -1.83072, 54.80413 ], [ -1.84758, 54.80094 ], [ -1.8465, 54.79838 ], [ -1.86476, 54.79161 ], [ -1.86813, 54.7937 ], [ -1.88133, 54.77842 ], [ -1.91605, 54.79652 ], [ -1.89942, 54.79923 ], [ -1.89003, 54.79638 ], [ -1.8982, 54.80047 ], [ -1.89143, 54.80681 ], [ -1.87147, 54.80716 ], [ -1.87001, 54.81509 ], [ -1.86348, 54.81457 ], [ -1.85678, 54.8185 ], [ -1.84493, 54.81714 ], [ -1.84623, 54.82068 ], [ -1.81856, 54.81575 ], [ -1.81468, 54.82857 ], [ -1.80915, 54.82807 ], [ -1.80089, 54.8412 ], [ -1.79068, 54.83582 ], [ -1.77599, 54.84705 ], [ -1.77349, 54.85687 ], [ -1.73177, 54.8421 ], [ -1.73047, 54.84599 ], [ -1.71802, 54.83657 ] ], [ [ -1.7509, 54.82634 ], [ -1.7593, 54.82514 ], [ -1.75375, 54.82191 ], [ -1.75903, 54.81712 ], [ -1.75162, 54.81642 ], [ -1.74724, 54.81926 ], [ -1.74333, 54.81716 ], [ -1.74847, 54.82249 ], [ -1.74698, 54.82748 ], [ -1.74044, 54.81872 ], [ -1.728, 54.81389 ], [ -1.73544, 54.82189 ], [ -1.72757, 54.82431 ], [ -1.74359, 54.82985 ], [ -1.74035, 54.83278 ], [ -1.75143, 54.83014 ], [ -1.7509, 54.82634 ] ] ] } },
{ "type": "Feature", "properties": { "small_area": "E01020667" }, "geometry": { "type": "Polygon", "coordinates": [ [ [ -1.79464, 54.86231 ], [ -1.80595, 54.86679 ], [ -1.80632, 54.86304 ], [ -1.81086, 54.86047 ], [ -1.80649, 54.85745 ], [ -1.81073, 54.85748 ], [ -1.81026, 54.8544 ], [ -1.8184, 54.85786 ], [ -1.81461, 54.85915 ], [ -1.81933, 54.86235 ], [ -1.81909, 54.8662 ], [ -1.82587, 54.86747 ], [ -1.82025, 54.87317 ], [ -1.79919, 54.87159 ], [ -1.78739, 54.87788 ], [ -1.78029, 54.86845 ], [ -1.79464, 54.86231 ] ] ] } },
{ "type": "Feature", "properties": { "small_area": "E01020666" }, "geometry": { "type": "Polygon", "coordinates": [ [ [ -1.74698, 54.82748 ], [ -1.74847, 54.82249 ], [ -1.74333, 54.81716 ], [ -1.74724, 54.81926 ], [ -1.75162, 54.81642 ], [ -1.75903, 54.81712 ], [ -1.75375, 54.82191 ], [ -1.7593, 54.82514 ], [ -1.7509, 54.82634 ], [ -1.75143, 54.83014 ], [ -1.74698, 54.82748 ] ] ] } },
{ "type": "Feature", "properties": { "small_area": "E01008172" }, "geometry": { "type": "Polygon", "coordinates": [ [ [ -1.56746, 54.88054 ], [ -1.57262, 54.88502 ], [ -1.57133, 54.88841 ], [ -1.56156, 54.8851 ], [ -1.5583, 54.89135 ], [ -1.55707, 54.88473 ], [ -1.56746, 54.88054 ] ] ] } },
{ "type": "Feature", "properties": { "small_area": "E01020668" }, "geometry": { "type": "Polygon", "coordinates": [ [ [ -1.81026, 54.8544 ], [ -1.81073, 54.85748 ], [ -1.80649, 54.85745 ], [ -1.81086, 54.86047 ], [ -1.80632, 54.86304 ], [ -1.80225, 54.85693 ], [ -1.79982, 54.85972 ], [ -1.79414, 54.8574 ], [ -1.81026, 54.8544 ] ] ] } },
{ "type": "Feature", "properties": { "small_area": "E01020661" }, "geometry": { "type": "Polygon", "coordinates": [ [ [ -1.69722, 54.8744 ], [ -1.68978, 54.87453 ], [ -1.6978, 54.86804 ], [ -1.70569, 54.86665 ], [ -1.70738, 54.8698 ], [ -1.70081, 54.87564 ], [ -1.70345, 54.88021 ], [ -1.70066, 54.88255 ], [ -1.69498, 54.87655 ], [ -1.69722, 54.8744 ] ] ] } },
{ "type": "Feature", "properties": { "small_area": "E01008786" }, "geometry": { "type": "Polygon", "coordinates": [ [ [ -1.37522, 54.92488 ], [ -1.37099, 54.92506 ], [ -1.37397, 54.92088 ], [ -1.38099, 54.92652 ], [ -1.37304, 54.92634 ], [ -1.37522, 54.92488 ] ] ] } },
{ "type": "Feature", "properties": { "small_area": "E01033469" }, "geometry": { "type": "Polygon", "coordinates": [ [ [ -1.23607, 54.55253 ], [ -1.24008, 54.55588 ], [ -1.23079, 54.5624 ], [ -1.22543, 54.55774 ], [ -1.23607, 54.55253 ] ] ] } },
{ "type": "Feature", "properties": { "small_area": "E01020697" }, "geometry": { "type": "Polygon", "coordinates": [ [ [ -1.51939, 54.72976 ], [ -1.54199, 54.73501 ], [ -1.52919, 54.74174 ], [ -1.52619, 54.73683 ], [ -1.51832, 54.73797 ], [ -1.51939, 54.72976 ] ] ] } },
{ "type": "Feature", "properties": { "small_area": "E01008712" }, "geometry": { "type": "Polygon", "coordinates": [ [ [ -1.39202, 54.92351 ], [ -1.40644, 54.92476 ], [ -1.41246, 54.9358 ], [ -1.40603, 54.93734 ], [ -1.39623, 54.92669 ], [ -1.391, 54.92575 ], [ -1.39202, 54.92351 ] ] ] } },
{ "type": "Feature", "properties": { "small_area": "E01008792" }, "geometry": { "type": "Polygon", "coordinates": [ [ [ -1.36804, 54.92443 ], [ -1.37522, 54.92488 ], [ -1.37032, 54.93088 ], [ -1.36539, 54.93114 ], [ -1.36328, 54.92295 ], [ -1.35224, 54.92134 ], [ -1.36314, 54.92188 ], [ -1.36804, 54.92443 ] ] ] } },
{ "type": "Feature", "properties": { "small_area": "E01008715" }, "geometry": { "type": "Polygon", "coordinates": [ [ [ -1.46416, 54.83974 ], [ -1.4587, 54.83771 ], [ -1.47186, 54.8391 ], [ -1.46694, 54.84636 ], [ -1.4641, 54.8455 ], [ -1.46416, 54.83974 ] ] ] } },
{ "type": "Feature", "properties": { "small_area": "E01008793" }, "geometry": { "type": "Polygon", "coordinates": [ [ [ -1.49944, 54.86446 ], [ -1.49656, 54.8695 ], [ -1.48617, 54.86918 ], [ -1.497, 54.86149 ], [ -1.49944, 54.86446 ] ] ] } },
{ "type": "Feature", "properties": { "small_area": "E01008714" }, "geometry": { "type": "Polygon", "coordinates": [ [ [ -1.46091, 54.83613 ], [ -1.4587, 54.83771 ], [ -1.46416, 54.83974 ], [ -1.4641, 54.8455 ], [ -1.45425, 54.84339 ], [ -1.45434, 54.83962 ], [ -1.46091, 54.83613 ] ] ] } },
{ "type": "Feature", "properties": { "small_area": "E01008795" }, "geometry": { "type": "Polygon", "coordinates": [ [ [ -1.49944, 54.86446 ], [ -1.51009, 54.86417 ], [ -1.50666, 54.87114 ], [ -1.50181, 54.87065 ], [ -1.49827, 54.8741 ], [ -1.49656, 54.8695 ], [ -1.49944, 54.86446 ] ] ] } },
{ "type": "Feature", "properties": { "small_area": "E01020629" }, "geometry": { "type": "Polygon", "coordinates": [ [ [ -1.8489, 54.86257 ], [ -1.85487, 54.8631 ], [ -1.85387, 54.86578 ], [ -1.84684, 54.86525 ], [ -1.85469, 54.86798 ], [ -1.84218, 54.86859 ], [ -1.84209, 54.87211 ], [ -1.83876, 54.87238 ], [ -1.84076, 54.86748 ], [ -1.8489, 54.86257 ] ] ] } },
{ "type": "Feature", "properties": { "small_area": "E01027387" }, "geometry": { "type": "Polygon", "coordinates": [ [ [ -2.02207, 55.75936 ], [ -2.02835, 55.76552 ], [ -2.02537, 55.76932 ], [ -2.01374, 55.77139 ], [ -2.00498, 55.76252 ], [ -2.02207, 55.75936 ] ] ] } },
{ "type": "Feature", "properties": { "small_area": "E01008713" }, "geometry": { "type": "Polygon", "coordinates": [ [ [ -1.38503, 54.92616 ], [ -1.38722, 54.92462 ], [ -1.39623, 54.92669 ], [ -1.40603, 54.93734 ], [ -1.39338, 54.93963 ], [ -1.38503, 54.92616 ] ] ] } },
{ "type": "Feature", "properties": { "small_area": "E01008791" }, "geometry": { "type": "Polygon", "coordinates": [ [ [ -1.37247, 54.9179 ], [ -1.36953, 54.91923 ], [ -1.37538, 54.91102 ], [ -1.38633, 54.91033 ], [ -1.39163, 54.91366 ], [ -1.37247, 54.9179 ] ] ] } },
{ "type": "Feature", "properties": { "small_area": "E01012065" }, "geometry": { "type": "Polygon", "coordinates": [ [ [ -1.19115, 54.52615 ], [ -1.19174, 54.52103 ], [ -1.20128, 54.52044 ], [ -1.20233, 54.52407 ], [ -1.20819, 54.52532 ], [ -1.20522, 54.52877 ], [ -1.19115, 54.52615 ] ] ] } },
{ "type": "Feature", "properties": { "small_area": "E01012067" }, "geometry": { "type": "Polygon", "coordinates": [ [ [ -1.19984, 54.53118 ], [ -1.19624, 54.5284 ], [ -1.20522, 54.52877 ], [ -1.20819, 54.52532 ], [ -1.21646, 54.53257 ], [ -1.19984, 54.53118 ] ] ] } },
{ "type": "Feature", "properties": { "small_area": "E01012066" }, "geometry": { "type": "Polygon", "coordinates": [ [ [ -1.17912, 54.5201 ], [ -1.1944, 54.50776 ], [ -1.19948, 54.51282 ], [ -1.1988, 54.51993 ], [ -1.19174, 54.52103 ], [ -1.19115, 54.52615 ], [ -1.17912, 54.5201 ] ] ] } },
{ "type": "Feature", "properties": { "small_area": "E01008845" }, "geometry": { "type": "Polygon", "coordinates": [ [ [ -1.51079, 54.90275 ], [ -1.50644, 54.89675 ], [ -1.50973, 54.89443 ], [ -1.52226, 54.89937 ], [ -1.51386, 54.90304 ], [ -1.51482, 54.90556 ], [ -1.50814, 54.90548 ], [ -1.51079, 54.90275 ] ] ] } },
{ "type": "Feature", "properties": { "small_area": "E01033715" }, "geometry": { "type": "Polygon", "coordinates": [ [ [ -1.70028, 55.41088 ], [ -1.70019, 55.40515 ], [ -1.70958, 55.41159 ], [ -1.70028, 55.41088 ] ] ] } },
{ "type": "Feature", "properties": { "small_area": "E01008868" }, "geometry": { "type": "Polygon", "coordinates": [ [ [ -1.55196, 54.89863 ], [ -1.54527, 54.89801 ], [ -1.54702, 54.89338 ], [ -1.55285, 54.89252 ], [ -1.55196, 54.89863 ] ] ] } },
{ "type": "Feature", "properties": { "small_area": "E01020783" }, "geometry": { "type": "Polygon", "coordinates": [ [ [ -1.34958, 54.83876 ], [ -1.36121, 54.8386 ], [ -1.35184, 54.84329 ], [ -1.34758, 54.84063 ], [ -1.34958, 54.83876 ] ] ] } },
{ "type": "Feature", "properties": { "small_area": "E01020702" }, "geometry": { "type": "Polygon", "coordinates": [ [ [ -1.5727, 54.78917 ], [ -1.56944, 54.79267 ], [ -1.55833, 54.78994 ], [ -1.56438, 54.7871 ], [ -1.56375, 54.78356 ], [ -1.57967, 54.77661 ], [ -1.59048, 54.77743 ], [ -1.59354, 54.78294 ], [ -1.60584, 54.7887 ], [ -1.57677, 54.79283 ], [ -1.5727, 54.78917 ] ] ] } },
{ "type": "Feature", "properties": { "small_area": "E01008698" }, "geometry": { "type": "Polygon", "coordinates": [ [ [ -1.44783, 54.92733 ], [ -1.44759, 54.92504 ], [ -1.44952, 54.92463 ], [ -1.46155, 54.92669 ], [ -1.44783, 54.92733 ] ] ] } },
{ "type": "Feature", "properties": { "small_area": "E01008619" }, "geometry": { "type": "Polygon", "coordinates": [ [ [ -1.38408, 54.94721 ], [ -1.39441, 54.94677 ], [ -1.40014, 54.95474 ], [ -1.40007, 54.9505 ], [ -1.4061, 54.94985 ], [ -1.41388, 54.96308 ], [ -1.39882, 54.96456 ], [ -1.39649, 54.96898 ], [ -1.38668, 54.97082 ], [ -1.38064, 54.96423 ], [ -1.38408, 54.94721 ] ] ] } },
{ "type": "Feature", "properties": { "small_area": "E01020599" }, "geometry": { "type": "Polygon", "coordinates": [ [ [ -1.57748, 54.85218 ], [ -1.57688, 54.8492 ], [ -1.58787, 54.84672 ], [ -1.59146, 54.8496 ], [ -1.57748, 54.85218 ] ] ] } },
{ "type": "Feature", "properties": { "small_area": "E01027439" }, "geometry": { "type": "Polygon", "coordinates": [ [ [ -1.5277, 55.11188 ], [ -1.51502, 55.10905 ], [ -1.51357, 55.10625 ], [ -1.51897, 55.10701 ], [ -1.52444, 55.10337 ], [ -1.5277, 55.11188 ] ] ] } },
{ "type": "Feature", "properties": { "small_area": "E01027438" }, "geometry": { "type": "Polygon", "coordinates": [ [ [ -1.50796, 55.11057 ], [ -1.51279, 55.11589 ], [ -1.50979, 55.11752 ], [ -1.50518, 55.11215 ], [ -1.50796, 55.11057 ] ] ] } },
{ "type": "Feature", "properties": { "small_area": "E01012075" }, "geometry": { "type": "Polygon", "coordinates": [ [ [ -1.19258, 54.55651 ], [ -1.19093, 54.55456 ], [ -1.1946, 54.55315 ], [ -1.19978, 54.55808 ], [ -1.20848, 54.5577 ], [ -1.2056, 54.56292 ], [ -1.19949, 54.56253 ], [ -1.19258, 54.55651 ] ] ] } },
{ "type": "Feature", "properties": { "small_area": "E01008743" }, "geometry": { "type": "Polygon", "coordinates": [ [ [ -1.45577, 54.80648 ], [ -1.46255, 54.80509 ], [ -1.46871, 54.80991 ], [ -1.45817, 54.81667 ], [ -1.45214, 54.81543 ], [ -1.45577, 54.80648 ] ] ] } },
{ "type": "Feature", "properties": { "small_area": "E01008740" }, "geometry": { "type": "Polygon", "coordinates": [ [ [ -1.37116, 54.8915 ], [ -1.3757, 54.88977 ], [ -1.37064, 54.8877 ], [ -1.37406, 54.88634 ], [ -1.38842, 54.89211 ], [ -1.37841, 54.89491 ], [ -1.37116, 54.8915 ] ] ] } },
{ "type": "Feature", "properties": { "small_area": "E01008455" }, "geometry": { "type": "Polygon", "coordinates": [ [ [ -1.64642, 54.97922 ], [ -1.64921, 54.97489 ], [ -1.65358, 54.9756 ], [ -1.65297, 54.97943 ], [ -1.64642, 54.97922 ] ] ] } },
{ "type": "Feature", "properties": { "small_area": "E01012136" }, "geometry": { "type": "Polygon", "coordinates": [ [ [ -0.89847, 54.55179 ], [ -0.89634, 54.5558 ], [ -0.88796, 54.55408 ], [ -0.87609, 54.55987 ], [ -0.87319, 54.5557 ], [ -0.89847, 54.55179 ] ] ] } },
{ "type": "Feature", "properties": { "small_area": "E01008739" }, "geometry": { "type": "Polygon", "coordinates": [ [ [ -1.37406, 54.88634 ], [ -1.37064, 54.8877 ], [ -1.3757, 54.88977 ], [ -1.36569, 54.8918 ], [ -1.36799, 54.88593 ], [ -1.37406, 54.88634 ] ] ] } },
{ "type": "Feature", "properties": { "small_area": "E01008738" }, "geometry": { "type": "Polygon", "coordinates": [ [ [ -1.36569, 54.8918 ], [ -1.37116, 54.8915 ], [ -1.37117, 54.89618 ], [ -1.36671, 54.89802 ], [ -1.36569, 54.8918 ] ] ] } },
{ "type": "Feature", "properties": { "small_area": "E01012101" }, "geometry": { "type": "Polygon", "coordinates": [ [ [ -1.08495, 54.61541 ], [ -1.0926, 54.61716 ], [ -1.07524, 54.61941 ], [ -1.0724, 54.61587 ], [ -1.08495, 54.61541 ] ] ] } },
{ "type": "Feature", "properties": { "small_area": "E01012180" }, "geometry": { "type": "Polygon", "coordinates": [ [ [ -1.05889, 54.59355 ], [ -1.05904, 54.59731 ], [ -1.05072, 54.59987 ], [ -1.04869, 54.59492 ], [ -1.05889, 54.59355 ] ] ] } },
{ "type": "Feature", "properties": { "small_area": "E01008166" }, "geometry": { "type": "Polygon", "coordinates": [ [ [ -1.60104, 54.95772 ], [ -1.60792, 54.96645 ], [ -1.59102, 54.96985 ], [ -1.57902, 54.96377 ], [ -1.60104, 54.95772 ] ] ] } },
{ "type": "Feature", "properties": { "small_area": "E01008167" }, "geometry": { "type": "Polygon", "coordinates": [ [ [ -1.60806, 54.95554 ], [ -1.61383, 54.95314 ], [ -1.61096, 54.95805 ], [ -1.6135, 54.95829 ], [ -1.60937, 54.96108 ], [ -1.60806, 54.95554 ] ] ] } },
{ "type": "Feature", "properties": { "small_area": "E01020605" }, "geometry": { "type": "Polygon", "coordinates": [ [ [ -1.58844, 54.84525 ], [ -1.60651, 54.84905 ], [ -1.60076, 54.852 ], [ -1.59182, 54.8499 ], [ -1.58844, 54.84525 ] ] ] } },
{ "type": "Feature", "properties": { "small_area": "E01020604" }, "geometry": { "type": "Polygon", "coordinates": [ [ [ -1.60156, 54.84769 ], [ -1.59823, 54.84146 ], [ -1.59462, 54.84419 ], [ -1.57898, 54.84227 ], [ -1.58194, 54.83514 ], [ -1.5988, 54.83565 ], [ -1.59703, 54.8338 ], [ -1.6069, 54.83195 ], [ -1.61799, 54.83953 ], [ -1.63074, 54.83336 ], [ -1.66464, 54.83246 ], [ -1.65376, 54.8489 ], [ -1.65361, 54.85499 ], [ -1.63448, 54.85776 ], [ -1.62878, 54.85488 ], [ -1.61585, 54.85499 ], [ -1.60911, 54.84798 ], [ -1.60156, 54.84769 ] ] ] } },
{ "type": "Feature", "properties": { "small_area": "E01008498" }, "geometry": { "type": "Polygon", "coordinates": [ [ [ -1.45678, 55.02679 ], [ -1.46033, 55.03086 ], [ -1.4488, 55.03409 ], [ -1.44391, 55.03178 ], [ -1.45678, 55.02679 ] ] ] } },
{ "type": "Feature", "properties": { "small_area": "E01020685" }, "geometry": { "type": "Polygon", "coordinates": [ [ [ -1.64185, 54.74309 ], [ -1.62245, 54.75349 ], [ -1.61947, 54.75129 ], [ -1.62524, 54.74912 ], [ -1.61729, 54.74084 ], [ -1.61974, 54.73582 ], [ -1.60542, 54.72889 ], [ -1.61784, 54.72465 ], [ -1.6259, 54.71742 ], [ -1.63846, 54.71476 ], [ -1.66564, 54.73904 ], [ -1.71702, 54.73461 ], [ -1.72736, 54.73018 ], [ -1.73473, 54.73104 ], [ -1.74034, 54.74288 ], [ -1.73293, 54.74564 ], [ -1.73108, 54.75011 ], [ -1.72063, 54.75215 ], [ -1.71834, 54.74904 ], [ -1.70103, 54.74733 ], [ -1.7028, 54.75256 ], [ -1.70008, 54.74726 ], [ -1.68154, 54.74672 ], [ -1.67657, 54.75016 ], [ -1.67814, 54.75516 ], [ -1.66623, 54.75582 ], [ -1.64185, 54.74309 ] ] ] } },
{ "type": "Feature", "properties": { "small_area": "E01020686" }, "geometry": { "type": "Polygon", "coordinates": [ [ [ -1.64065, 54.74742 ], [ -1.63566, 54.74942 ], [ -1.63464, 54.75418 ], [ -1.62533, 54.75474 ], [ -1.62682, 54.75033 ], [ -1.63746, 54.74506 ], [ -1.64065, 54.74742 ] ] ] } },
{ "type": "Feature", "properties": { "small_area": "E01008817" }, "geometry": { "type": "Polygon", "coordinates": [ [ [ -1.40688, 54.92232 ], [ -1.41714, 54.92304 ], [ -1.41617, 54.92634 ], [ -1.40644, 54.92476 ], [ -1.40688, 54.92232 ] ] ] } },
{ "type": "Feature", "properties": { "small_area": "E01020779" }, "geometry": { "type": "Polygon", "coordinates": [ [ [ -1.36313, 54.74964 ], [ -1.35116, 54.75166 ], [ -1.34807, 54.74872 ], [ -1.34819, 54.74164 ], [ -1.36723, 54.74288 ], [ -1.36313, 54.74964 ] ] ] } },
{ "type": "Feature", "properties": { "small_area": "E01020778" }, "geometry": { "type": "Polygon", "coordinates": [ [ [ -1.32557, 54.74965 ], [ -1.34819, 54.74164 ], [ -1.34807, 54.74872 ], [ -1.32557, 54.74965 ] ] ] } },
{ "type": "Feature", "properties": { "small_area": "E01012079" }, "geometry": { "type": "Polygon", "coordinates": [ [ [ -1.24008, 54.55588 ], [ -1.2452, 54.55525 ], [ -1.24063, 54.55997 ], [ -1.23246, 54.55895 ], [ -1.24008, 54.55588 ] ] ] } },
{ "type": "Feature", "properties": { "small_area": "E01008462" }, "geometry": { "type": "Polygon", "coordinates": [ [ [ -1.52373, 55.00385 ], [ -1.5269, 55.00527 ], [ -1.51416, 55.00802 ], [ -1.51239, 55.00618 ], [ -1.52373, 55.00385 ] ] ] } },
{ "type": "Feature", "properties": { "small_area": "E01012198" }, "geometry": { "type": "MultiPolygon", "coordinates": [ [ [ [ -1.22494, 54.62562 ], [ -1.22379, 54.6263 ], [ -1.22281, 54.62594 ], [ -1.22494, 54.62562 ] ] ], [ [ [ -1.16667, 54.61982 ], [ -1.16206, 54.62264 ], [ -1.15926, 54.61289 ], [ -1.20317, 54.5829 ], [ -1.23049, 54.58564 ], [ -1.24537, 54.59381 ], [ -1.245, 54.59162 ], [ -1.26374, 54.59075 ], [ -1.25732, 54.59746 ], [ -1.28018, 54.60328 ], [ -1.26141, 54.61595 ], [ -1.26155, 54.61309 ], [ -1.24839, 54.61729 ], [ -1.26048, 54.62112 ], [ -1.25983, 54.62458 ], [ -1.24065, 54.62478 ], [ -1.23403, 54.62902 ], [ -1.23206, 54.62586 ], [ -1.22672, 54.62702 ], [ -1.22368, 54.62357 ], [ -1.21576, 54.62283 ], [ -1.21745, 54.62073 ], [ -1.17355, 54.62149 ], [ -1.17085, 54.62972 ], [ -1.16483, 54.62822 ], [ -1.17215, 54.62147 ], [ -1.16667, 54.61982 ] ] ] ] } },
{ "type": "Feature", "properties": { "small_area": "E01008465" }, "geometry": { "type": "Polygon", "coordinates": [ [ [ -1.53767, 55.00194 ], [ -1.52373, 55.00385 ], [ -1.54053, 55.00056 ], [ -1.53836, 55.00432 ], [ -1.53767, 55.00194 ] ] ] } },
{ "type": "Feature", "properties": { "small_area": "E01008526" }, "geometry": { "type": "Polygon", "coordinates": [ [ [ -1.46477, 55.01276 ], [ -1.4691, 55.01531 ], [ -1.46943, 55.01983 ], [ -1.46097, 55.02115 ], [ -1.45545, 55.01542 ], [ -1.46477, 55.01276 ] ] ] } },
{ "type": "Feature", "properties": { "small_area": "E01008783" }, "geometry": { "type": "Polygon", "coordinates": [ [ [ -1.38927, 54.89448 ], [ -1.38711, 54.89128 ], [ -1.39198, 54.88902 ], [ -1.38794, 54.88542 ], [ -1.39735, 54.88975 ], [ -1.38927, 54.89448 ] ] ] } },
{ "type": "Feature", "properties": { "small_area": "E01008760" }, "geometry": { "type": "Polygon", "coordinates": [ [ [ -1.40273, 54.8933 ], [ -1.41477, 54.89223 ], [ -1.41587, 54.8963 ], [ -1.41136, 54.89681 ], [ -1.41336, 54.89948 ], [ -1.40959, 54.90052 ], [ -1.40273, 54.8933 ] ] ] } },
{ "type": "Feature", "properties": { "small_area": "E01008763" }, "geometry": { "type": "Polygon", "coordinates": [ [ [ -1.37126, 54.87827 ], [ -1.37085, 54.87348 ], [ -1.37741, 54.87291 ], [ -1.37516, 54.87475 ], [ -1.38665, 54.87743 ], [ -1.38095, 54.88075 ], [ -1.37126, 54.87827 ] ] ] } },
{ "type": "Feature", "properties": { "small_area": "E01012219" }, "geometry": { "type": "Polygon", "coordinates": [ [ [ -1.33106, 54.56509 ], [ -1.33715, 54.5618 ], [ -1.33817, 54.57128 ], [ -1.32476, 54.57099 ], [ -1.33106, 54.56509 ] ] ] } },
{ "type": "Feature", "properties": { "small_area": "E01008761" }, "geometry": { "type": "Polygon", "coordinates": [ [ [ -1.41587, 54.8963 ], [ -1.41525, 54.89315 ], [ -1.42402, 54.89218 ], [ -1.42288, 54.89876 ], [ -1.41743, 54.90088 ], [ -1.41136, 54.89681 ], [ -1.41587, 54.8963 ] ] ] } },
{ "type": "Feature", "properties": { "small_area": "E01020676" }, "geometry": { "type": "Polygon", "coordinates": [ [ [ -1.69749, 54.89005 ], [ -1.70345, 54.88021 ], [ -1.71311, 54.8819 ], [ -1.71031, 54.88374 ], [ -1.71579, 54.89218 ], [ -1.72419, 54.88758 ], [ -1.7218, 54.88539 ], [ -1.72736, 54.88541 ], [ -1.72532, 54.88044 ], [ -1.73069, 54.87839 ], [ -1.73302, 54.88312 ], [ -1.72862, 54.88466 ], [ -1.73353, 54.88463 ], [ -1.73326, 54.88845 ], [ -1.72721, 54.89469 ], [ -1.71066, 54.89987 ], [ -1.70798, 54.90841 ], [ -1.69056, 54.90266 ], [ -1.68764, 54.90791 ], [ -1.67483, 54.9093 ], [ -1.67627, 54.90533 ], [ -1.69749, 54.89005 ] ] ] } },
{ "type": "Feature", "properties": { "small_area": "E01011993" }, "geometry": { "type": "MultiPolygon", "coordinates": [ [ [ [ -1.18958, 54.69629 ], [ -1.19021, 54.69676 ], [ -1.19008, 54.69699 ], [ -1.18958, 54.69629 ] ] ], [ [ [ -1.17796, 54.69922 ], [ -1.18753, 54.6999 ], [ -1.18234, 54.69693 ], [ -1.18838, 54.69673 ], [ -1.20995, 54.70891 ], [ -1.17796, 54.69922 ] ] ] ] } },
{ "type": "Feature", "properties": { "small_area": "E01011992" }, "geometry": { "type": "Polygon", "coordinates": [ [ [ -1.21228, 54.69792 ], [ -1.22158, 54.69909 ], [ -1.22315, 54.70697 ], [ -1.21823, 54.71198 ], [ -1.20995, 54.70891 ], [ -1.21207, 54.69927 ], [ -1.20349, 54.69745 ], [ -1.20055, 54.69332 ], [ -1.21184, 54.69177 ], [ -1.21228, 54.69792 ] ] ] } },
{ "type": "Feature", "properties": { "small_area": "E01020793" }, "geometry": { "type": "Polygon", "coordinates": [ [ [ -1.37472, 54.7357 ], [ -1.38921, 54.72797 ], [ -1.39774, 54.72879 ], [ -1.40085, 54.73849 ], [ -1.37472, 54.7357 ] ] ] } },
{ "type": "Feature", "properties": { "small_area": "E01020712" }, "geometry": { "type": "Polygon", "coordinates": [ [ [ -1.5962, 54.77417 ], [ -1.5909, 54.77113 ], [ -1.59684, 54.76932 ], [ -1.59332, 54.76643 ], [ -1.59976, 54.76724 ], [ -1.60412, 54.77688 ], [ -1.5981, 54.78068 ], [ -1.6023, 54.78494 ], [ -1.59354, 54.78294 ], [ -1.59048, 54.77743 ], [ -1.5962, 54.77417 ] ] ] } },
{ "type": "Feature", "properties": { "small_area": "E01020794" }, "geometry": { "type": "Polygon", "coordinates": [ [ [ -1.36799, 54.73472 ], [ -1.37152, 54.73609 ], [ -1.37552, 54.72751 ], [ -1.38213, 54.72825 ], [ -1.37472, 54.7357 ], [ -1.39239, 54.73834 ], [ -1.38629, 54.74368 ], [ -1.37592, 54.74156 ], [ -1.36799, 54.73472 ] ] ] } },
{ "type": "Feature", "properties": { "small_area": "E01020792" }, "geometry": { "type": "Polygon", "coordinates": [ [ [ -1.3946, 54.7189 ], [ -1.42884, 54.71981 ], [ -1.43202, 54.73537 ], [ -1.42546, 54.72955 ], [ -1.41452, 54.72977 ], [ -1.40559, 54.72549 ], [ -1.4061, 54.72243 ], [ -1.3946, 54.7189 ] ] ] } },
{ "type": "Feature", "properties": { "small_area": "E01008180" }, "geometry": { "type": "Polygon", "coordinates": [ [ [ -1.72392, 54.95628 ], [ -1.73241, 54.95618 ], [ -1.71817, 54.96116 ], [ -1.72392, 54.95628 ] ] ] } },
{ "type": "Feature", "properties": { "small_area": "E01008181" }, "geometry": { "type": "Polygon", "coordinates": [ [ [ -1.69977, 54.94724 ], [ -1.7065, 54.94582 ], [ -1.71147, 54.94907 ], [ -1.70778, 54.95831 ], [ -1.71212, 54.95922 ], [ -1.70841, 54.9654 ], [ -1.71443, 54.96649 ], [ -1.70146, 54.97028 ], [ -1.67987, 54.96358 ], [ -1.68665, 54.95918 ], [ -1.68478, 54.95712 ], [ -1.69885, 54.9503 ], [ -1.69977, 54.94724 ] ] ] } },
{ "type": "Feature", "properties": { "small_area": "E01008638" }, "geometry": { "type": "Polygon", "coordinates": [ [ [ -1.52085, 54.98022 ], [ -1.53228, 54.9757 ], [ -1.52838, 54.9821 ], [ -1.51602, 54.98587 ], [ -1.52085, 54.98022 ] ] ] } },
{ "type": "Feature", "properties": { "small_area": "E01008631" }, "geometry": { "type": "Polygon", "coordinates": [ [ [ -1.47124, 54.95865 ], [ -1.48398, 54.9576 ], [ -1.47889, 54.95965 ], [ -1.4844, 54.96264 ], [ -1.47368, 54.96544 ], [ -1.47124, 54.95865 ] ] ] } },
{ "type": "Feature", "properties": { "small_area": "E01027518" }, "geometry": { "type": "Polygon", "coordinates": [ [ [ -1.57374, 55.13078 ], [ -1.57884, 55.13523 ], [ -1.56981, 55.13826 ], [ -1.57161, 55.1327 ], [ -1.56776, 55.13196 ], [ -1.57374, 55.13078 ] ] ] } },
{ "type": "Feature", "properties": { "small_area": "E01008189" }, "geometry": { "type": "Polygon", "coordinates": [ [ [ -1.59889, 54.91985 ], [ -1.59913, 54.92257 ], [ -1.59301, 54.92325 ], [ -1.59077, 54.91958 ], [ -1.59889, 54.91985 ] ] ] } },
{ "type": "Feature", "properties": { "small_area": "E01008633" }, "geometry": { "type": "Polygon", "coordinates": [ [ [ -1.39743, 54.97795 ], [ -1.38978, 54.97543 ], [ -1.40374, 54.97265 ], [ -1.39743, 54.97795 ] ] ] } },
{ "type": "Feature", "properties": { "small_area": "E01008630" }, "geometry": { "type": "Polygon", "coordinates": [ [ [ -1.47329, 54.94692 ], [ -1.48284, 54.94599 ], [ -1.47972, 54.95074 ], [ -1.48429, 54.95251 ], [ -1.47356, 54.95367 ], [ -1.47329, 54.94692 ] ] ] } },
{ "type": "Feature", "properties": { "small_area": "E01008635" }, "geometry": { "type": "Polygon", "coordinates": [ [ [ -1.41405, 54.97842 ], [ -1.40776, 54.98028 ], [ -1.40383, 54.97664 ], [ -1.41078, 54.97255 ], [ -1.41405, 54.97842 ] ] ] } },
{ "type": "Feature", "properties": { "small_area": "E01008632" }, "geometry": { "type": "Polygon", "coordinates": [ [ [ -1.4844, 54.96264 ], [ -1.47889, 54.95965 ], [ -1.48398, 54.9576 ], [ -1.49458, 54.95675 ], [ -1.4844, 54.96264 ] ] ] } },
{ "type": "Feature", "properties": { "small_area": "E01008639" }, "geometry": { "type": "Polygon", "coordinates": [ [ [ -1.5159, 54.97798 ], [ -1.51136, 54.97488 ], [ -1.51925, 54.97512 ], [ -1.52085, 54.98022 ], [ -1.51602, 54.98587 ], [ -1.50639, 54.98605 ], [ -1.50104, 54.98132 ], [ -1.5159, 54.97798 ] ] ] } },
{ "type": "Feature", "properties": { "small_area": "E01008804" }, "geometry": { "type": "Polygon", "coordinates": [ [ [ -1.39999, 54.87742 ], [ -1.39189, 54.87853 ], [ -1.38967, 54.87371 ], [ -1.39728, 54.86826 ], [ -1.39999, 54.87742 ] ] ] } },
{ "type": "Feature", "properties": { "small_area": "E01008621" }, "geometry": { "type": "Polygon", "coordinates": [ [ [ -1.40896, 54.94885 ], [ -1.4165, 54.94901 ], [ -1.41934, 54.9523 ], [ -1.41839, 54.95548 ], [ -1.41126, 54.95496 ], [ -1.40896, 54.94885 ] ] ] } },
{ "type": "Feature", "properties": { "small_area": "E01020849" }, "geometry": { "type": "Polygon", "coordinates": [ [ [ -1.58184, 54.62922 ], [ -1.58024, 54.63354 ], [ -1.57323, 54.62995 ], [ -1.57551, 54.62807 ], [ -1.56948, 54.62668 ], [ -1.57411, 54.62556 ], [ -1.58184, 54.62922 ] ] ] } },
{ "type": "Feature", "properties": { "small_area": "E01020650" }, "geometry": { "type": "Polygon", "coordinates": [ [ [ -1.819, 54.84107 ], [ -1.81578, 54.83888 ], [ -1.81932, 54.83522 ], [ -1.82979, 54.83814 ], [ -1.83117, 54.84336 ], [ -1.81869, 54.84305 ], [ -1.8156, 54.84625 ], [ -1.80892, 54.84452 ], [ -1.819, 54.84107 ] ] ] } },
{ "type": "Feature", "properties": { "small_area": "E01008708" }, "geometry": { "type": "Polygon", "coordinates": [ [ [ -1.38752, 54.91635 ], [ -1.39356, 54.9203 ], [ -1.391, 54.92575 ], [ -1.38722, 54.92462 ], [ -1.38752, 54.91635 ] ] ] } },
{ "type": "Feature", "properties": { "small_area": "E01008879" }, "geometry": { "type": "Polygon", "coordinates": [ [ [ -1.54175, 54.915 ], [ -1.53045, 54.91299 ], [ -1.53056, 54.9098 ], [ -1.53312, 54.91112 ], [ -1.53775, 54.9072 ], [ -1.53619, 54.91204 ], [ -1.54166, 54.90982 ], [ -1.54688, 54.9126 ], [ -1.54191, 54.9207 ], [ -1.54175, 54.915 ] ] ] } },
{ "type": "Feature", "properties": { "small_area": "E01011952" }, "geometry": { "type": "Polygon", "coordinates": [ [ [ -1.22158, 54.69909 ], [ -1.23789, 54.70783 ], [ -1.22989, 54.70455 ], [ -1.22315, 54.70697 ], [ -1.22158, 54.69909 ] ] ] } },
{ "type": "Feature", "properties": { "small_area": "E01027450" }, "geometry": { "type": "Polygon", "coordinates": [ [ [ -1.68488, 55.29696 ], [ -1.66576, 55.29336 ], [ -1.65247, 55.26754 ], [ -1.67187, 55.26466 ], [ -1.67194, 55.25904 ], [ -1.66168, 55.24675 ], [ -1.66189, 55.23412 ], [ -1.64977, 55.22762 ], [ -1.6586, 55.22388 ], [ -1.66679, 55.22502 ], [ -1.67234, 55.21692 ], [ -1.69613, 55.22101 ], [ -1.70971, 55.21857 ], [ -1.71102, 55.21552 ], [ -1.71317, 55.21904 ], [ -1.72604, 55.21071 ], [ -1.74724, 55.20648 ], [ -1.75639, 55.21765 ], [ -1.79452, 55.22399 ], [ -1.79094, 55.22796 ], [ -1.82914, 55.23767 ], [ -1.82838, 55.24159 ], [ -1.81797, 55.23793 ], [ -1.79887, 55.24836 ], [ -1.80652, 55.25309 ], [ -1.8051, 55.25828 ], [ -1.812, 55.26403 ], [ -1.78856, 55.26939 ], [ -1.7913, 55.27657 ], [ -1.7821, 55.28177 ], [ -1.77165, 55.28069 ], [ -1.7669, 55.29142 ], [ -1.75123, 55.28723 ], [ -1.74342, 55.29823 ], [ -1.73737, 55.29204 ], [ -1.7198, 55.29194 ], [ -1.69101, 55.30202 ], [ -1.68248, 55.30071 ], [ -1.68488, 55.29696 ] ] ] } },
{ "type": "Feature", "properties": { "small_area": "E01008628" }, "geometry": { "type": "Polygon", "coordinates": [ [ [ -1.47356, 54.95367 ], [ -1.48429, 54.95251 ], [ -1.48141, 54.95781 ], [ -1.47124, 54.95865 ], [ -1.47356, 54.95367 ] ] ] } },
{ "type": "Feature", "properties": { "small_area": "E01020806" }, "geometry": { "type": "Polygon", "coordinates": [ [ [ -1.55932, 54.68942 ], [ -1.56763, 54.6863 ], [ -1.56366, 54.6872 ], [ -1.56094, 54.68344 ], [ -1.5574, 54.68673 ], [ -1.55133, 54.68486 ], [ -1.54761, 54.67944 ], [ -1.56887, 54.67221 ], [ -1.58248, 54.68372 ], [ -1.58205, 54.69699 ], [ -1.56232, 54.69661 ], [ -1.55932, 54.68942 ] ] ] } },
{ "type": "Feature", "properties": { "small_area": "E01008558" }, "geometry": { "type": "Polygon", "coordinates": [ [ [ -1.4371, 55.01839 ], [ -1.42968, 55.0187 ], [ -1.42346, 55.01472 ], [ -1.42007, 55.02079 ], [ -1.41535, 55.01679 ], [ -1.40278, 55.01449 ], [ -1.41635, 55.01672 ], [ -1.41762, 55.0141 ], [ -1.42486, 55.01396 ], [ -1.4371, 55.01839 ] ] ] } },
{ "type": "Feature", "properties": { "small_area": "E01012199" }, "geometry": { "type": "Polygon", "coordinates": [ [ [ -1.33647, 54.52495 ], [ -1.33636, 54.50854 ], [ -1.34776, 54.50314 ], [ -1.3536, 54.51154 ], [ -1.34959, 54.51479 ], [ -1.35216, 54.51847 ], [ -1.34452, 54.5232 ], [ -1.34591, 54.5279 ], [ -1.33647, 54.52495 ] ] ] } },
{ "type": "Feature", "properties": { "small_area": "E01012191" }, "geometry": { "type": "Polygon", "coordinates": [ [ [ -1.36216, 54.5699 ], [ -1.35193, 54.56365 ], [ -1.35912, 54.56257 ], [ -1.36216, 54.5699 ] ] ] } },
{ "type": "Feature", "properties": { "small_area": "E01008705" }, "geometry": { "type": "Polygon", "coordinates": [ [ [ -1.38986, 54.9043 ], [ -1.39466, 54.90321 ], [ -1.39958, 54.90684 ], [ -1.39731, 54.90908 ], [ -1.38986, 54.9043 ] ] ] } },
{ "type": "Feature", "properties": { "small_area": "E01020756" }, "geometry": { "type": "Polygon", "coordinates": [ [ [ -1.36026, 54.78951 ], [ -1.35946, 54.7872 ], [ -1.34592, 54.78598 ], [ -1.34973, 54.78205 ], [ -1.34086, 54.78247 ], [ -1.33312, 54.7781 ], [ -1.33989, 54.77401 ], [ -1.35844, 54.7717 ], [ -1.37125, 54.76455 ], [ -1.38857, 54.76607 ], [ -1.39164, 54.77063 ], [ -1.38336, 54.77203 ], [ -1.38396, 54.77601 ], [ -1.3973, 54.79033 ], [ -1.36292, 54.79842 ], [ -1.36611, 54.78939 ], [ -1.36258, 54.78468 ], [ -1.35651, 54.78478 ], [ -1.36069, 54.78528 ], [ -1.36026, 54.78951 ] ], [ [ -1.35617, 54.78474 ], [ -1.3562, 54.78478 ], [ -1.35651, 54.78478 ], [ -1.35617, 54.78474 ] ], [ [ -1.35455, 54.78211 ], [ -1.35094, 54.78411 ], [ -1.35617, 54.78474 ], [ -1.35455, 54.78211 ] ] ] } },
{ "type": "Feature", "properties": { "small_area": "E01008875" }, "geometry": { "type": "Polygon", "coordinates": [ [ [ -1.53833, 54.90421 ], [ -1.54885, 54.901 ], [ -1.54688, 54.9126 ], [ -1.54166, 54.90982 ], [ -1.53619, 54.91204 ], [ -1.53833, 54.90421 ] ] ] } },
{ "type": "Feature", "properties": { "small_area": "E01008481" }, "geometry": { "type": "Polygon", "coordinates": [ [ [ -1.47934, 55.00827 ], [ -1.47076, 55.01091 ], [ -1.46597, 55.00856 ], [ -1.48617, 54.99971 ], [ -1.49778, 55.00916 ], [ -1.48201, 55.01242 ], [ -1.47934, 55.00827 ] ] ] } },
{ "type": "Feature", "properties": { "small_area": "E01008400" }, "geometry": { "type": "Polygon", "coordinates": [ [ [ -1.75583, 54.99341 ], [ -1.75212, 54.9906 ], [ -1.75737, 54.99013 ], [ -1.75478, 54.9874 ], [ -1.7465, 54.98933 ], [ -1.74338, 54.98675 ], [ -1.74715, 54.98453 ], [ -1.73999, 54.97997 ], [ -1.75244, 54.98344 ], [ -1.76984, 54.98138 ], [ -1.77553, 54.99051 ], [ -1.75583, 54.99341 ] ] ] } },
{ "type": "Feature", "properties": { "small_area": "E01008482" }, "geometry": { "type": "Polygon", "coordinates": [ [ [ -1.45866, 55.00599 ], [ -1.46244, 55.00794 ], [ -1.46852, 55.0034 ], [ -1.47251, 55.00692 ], [ -1.46794, 55.00598 ], [ -1.46209, 55.00979 ], [ -1.45866, 55.00599 ] ] ] } },
{ "type": "Feature", "properties": { "small_area": "E01008403" }, "geometry": { "type": "Polygon", "coordinates": [ [ [ -1.76214, 54.99562 ], [ -1.75423, 54.99471 ], [ -1.77553, 54.99051 ], [ -1.7738, 55.00396 ], [ -1.76884, 55.00352 ], [ -1.76214, 54.99562 ] ] ] } },
{ "type": "Feature", "properties": { "small_area": "E01008483" }, "geometry": { "type": "Polygon", "coordinates": [ [ [ -1.45485, 55.00485 ], [ -1.46012, 55.00781 ], [ -1.45433, 55.00881 ], [ -1.45054, 55.00732 ], [ -1.45485, 55.00485 ] ] ] } },
{ "type": "Feature", "properties": { "small_area": "E01008402" }, "geometry": { "type": "Polygon", "coordinates": [ [ [ -1.7465, 54.98933 ], [ -1.74785, 55.00113 ], [ -1.7232, 54.99146 ], [ -1.72429, 54.98369 ], [ -1.73121, 54.97968 ], [ -1.73685, 54.98568 ], [ -1.7465, 54.98933 ] ] ] } },
{ "type": "Feature", "properties": { "small_area": "E01008484" }, "geometry": { "type": "Polygon", "coordinates": [ [ [ -1.46819, 55.00266 ], [ -1.48104, 55.00085 ], [ -1.47251, 55.00692 ], [ -1.46819, 55.00266 ] ] ] } },
{ "type": "Feature", "properties": { "small_area": "E01008405" }, "geometry": { "type": "Polygon", "coordinates": [ [ [ -1.74825, 54.99542 ], [ -1.75423, 54.99471 ], [ -1.76214, 54.99562 ], [ -1.76884, 55.00352 ], [ -1.74785, 55.00113 ], [ -1.74825, 54.99542 ] ] ] } },
{ "type": "Feature", "properties": { "small_area": "E01008480" }, "geometry": { "type": "Polygon", "coordinates": [ [ [ -1.58408, 55.05589 ], [ -1.58426, 55.06243 ], [ -1.57853, 55.06307 ], [ -1.57656, 55.05659 ], [ -1.58408, 55.05589 ] ] ] } },
{ "type": "Feature", "properties": { "small_area": "E01008401" }, "geometry": { "type": "Polygon", "coordinates": [ [ [ -1.75478, 54.9874 ], [ -1.75737, 54.99013 ], [ -1.75212, 54.9906 ], [ -1.75583, 54.99341 ], [ -1.75423, 54.99471 ], [ -1.74825, 54.99542 ], [ -1.7465, 54.98933 ], [ -1.75478, 54.9874 ] ] ] } },
{ "type": "Feature", "properties": { "small_area": "E01027421" }, "geometry": { "type": "Polygon", "coordinates": [ [ [ -1.50563, 55.07965 ], [ -1.49508, 55.06941 ], [ -1.50167, 55.06478 ], [ -1.5062, 55.06532 ], [ -1.50409, 55.06398 ], [ -1.5121, 55.06738 ], [ -1.51528, 55.06549 ], [ -1.52057, 55.06861 ], [ -1.52182, 55.07421 ], [ -1.50563, 55.07965 ] ] ] } },
{ "type": "Feature", "properties": { "small_area": "E01027420" }, "geometry": { "type": "Polygon", "coordinates": [ [ [ -1.48763, 55.05381 ], [ -1.50874, 55.04806 ], [ -1.51027, 55.055 ], [ -1.53233, 55.05414 ], [ -1.53985, 55.06158 ], [ -1.5121, 55.06738 ], [ -1.50409, 55.06398 ], [ -1.5062, 55.06532 ], [ -1.50167, 55.06478 ], [ -1.49508, 55.06941 ], [ -1.48763, 55.05381 ] ] ] } },
{ "type": "Feature", "properties": { "small_area": "E01027423" }, "geometry": { "type": "Polygon", "coordinates": [ [ [ -1.51925, 55.12605 ], [ -1.52473, 55.1196 ], [ -1.53207, 55.12524 ], [ -1.51925, 55.12605 ] ] ] } },
{ "type": "Feature", "properties": { "small_area": "E01008571" }, "geometry": { "type": "Polygon", "coordinates": [ [ [ -1.50741, 54.9962 ], [ -1.51409, 54.99564 ], [ -1.50266, 54.98872 ], [ -1.51294, 54.98814 ], [ -1.51877, 54.99654 ], [ -1.51204, 55.00142 ], [ -1.51462, 55.00572 ], [ -1.50896, 55.00686 ], [ -1.50741, 54.9962 ] ] ] } },
{ "type": "Feature", "properties": { "small_area": "E01008573" }, "geometry": { "type": "Polygon", "coordinates": [ [ [ -1.53364, 54.99114 ], [ -1.52785, 54.99531 ], [ -1.52464, 54.99131 ], [ -1.53364, 54.99114 ] ] ] } },
{ "type": "Feature", "properties": { "small_area": "E01008570" }, "geometry": { "type": "Polygon", "coordinates": [ [ [ -1.50736, 55.0218 ], [ -1.51148, 55.01857 ], [ -1.52338, 55.02918 ], [ -1.51116, 55.02884 ], [ -1.50736, 55.0218 ] ] ] } },
{ "type": "Feature", "properties": { "small_area": "E01008745" }, "geometry": { "type": "Polygon", "coordinates": [ [ [ -1.43569, 54.81329 ], [ -1.44536, 54.81429 ], [ -1.44256, 54.81095 ], [ -1.44764, 54.80597 ], [ -1.45577, 54.80648 ], [ -1.45214, 54.81543 ], [ -1.43935, 54.81581 ], [ -1.43569, 54.81329 ] ] ] } },
{ "type": "Feature", "properties": { "small_area": "E01008742" }, "geometry": { "type": "Polygon", "coordinates": [ [ [ -1.45214, 54.81543 ], [ -1.45457, 54.81715 ], [ -1.45269, 54.82208 ], [ -1.43877, 54.82654 ], [ -1.44268, 54.81862 ], [ -1.43935, 54.81581 ], [ -1.45214, 54.81543 ] ] ] } },
{ "type": "Feature", "properties": { "small_area": "E01008744" }, "geometry": { "type": "Polygon", "coordinates": [ [ [ -1.46478, 54.81582 ], [ -1.45817, 54.81667 ], [ -1.46871, 54.80991 ], [ -1.46255, 54.80509 ], [ -1.44764, 54.80597 ], [ -1.44256, 54.81095 ], [ -1.44536, 54.81429 ], [ -1.43569, 54.81329 ], [ -1.43852, 54.81101 ], [ -1.43401, 54.80793 ], [ -1.4413, 54.80609 ], [ -1.44094, 54.80172 ], [ -1.49352, 54.80004 ], [ -1.48184, 54.80964 ], [ -1.49429, 54.816 ], [ -1.49038, 54.82032 ], [ -1.48601, 54.82069 ], [ -1.48453, 54.81756 ], [ -1.47794, 54.8205 ], [ -1.46515, 54.81981 ], [ -1.46478, 54.81582 ] ] ] } },
{ "type": "Feature", "properties": { "small_area": "E01008747" }, "geometry": { "type": "Polygon", "coordinates": [ [ [ -1.46956, 54.83037 ], [ -1.46515, 54.81981 ], [ -1.47794, 54.8205 ], [ -1.48453, 54.81756 ], [ -1.48601, 54.82069 ], [ -1.49775, 54.82345 ], [ -1.50427, 54.83122 ], [ -1.50331, 54.83662 ], [ -1.49334, 54.83526 ], [ -1.48372, 54.83831 ], [ -1.46956, 54.83037 ] ] ] } },
{ "type": "Feature", "properties": { "small_area": "E01008746" }, "geometry": { "type": "Polygon", "coordinates": [ [ [ -1.42348, 54.80323 ], [ -1.44094, 54.80172 ], [ -1.4413, 54.80609 ], [ -1.43401, 54.80793 ], [ -1.43852, 54.81101 ], [ -1.43569, 54.81329 ], [ -1.44268, 54.81862 ], [ -1.43877, 54.82654 ], [ -1.42451, 54.82782 ], [ -1.413, 54.8233 ], [ -1.42348, 54.80323 ] ] ] } },
{ "type": "Feature", "properties": { "small_area": "E01008585" }, "geometry": { "type": "Polygon", "coordinates": [ [ [ -1.4495, 55.03396 ], [ -1.45082, 55.03364 ], [ -1.45573, 55.04141 ], [ -1.44785, 55.04468 ], [ -1.4495, 55.03396 ] ] ] } },
{ "type": "Feature", "properties": { "small_area": "E01008504" }, "geometry": { "type": "Polygon", "coordinates": [ [ [ -1.55084, 55.03587 ], [ -1.56669, 55.03639 ], [ -1.56383, 55.04242 ], [ -1.55153, 55.04572 ], [ -1.54367, 55.03989 ], [ -1.55084, 55.03587 ] ] ] } },
{ "type": "Feature", "properties": { "small_area": "E01008507" }, "geometry": { "type": "Polygon", "coordinates": [ [ [ -1.54754, 55.02912 ], [ -1.55519, 55.02977 ], [ -1.56273, 55.03576 ], [ -1.55084, 55.03587 ], [ -1.54367, 55.03989 ], [ -1.53469, 55.0357 ], [ -1.54754, 55.02912 ] ] ] } },
{ "type": "Feature", "properties": { "small_area": "E01008586" }, "geometry": { "type": "Polygon", "coordinates": [ [ [ -1.44785, 55.04468 ], [ -1.45961, 55.04265 ], [ -1.44742, 55.04789 ], [ -1.44785, 55.04468 ] ] ] } },
{ "type": "Feature", "properties": { "small_area": "E01008505" }, "geometry": { "type": "Polygon", "coordinates": [ [ [ -1.57193, 55.03071 ], [ -1.56669, 55.03639 ], [ -1.55519, 55.02977 ], [ -1.56529, 55.03065 ], [ -1.55822, 55.02842 ], [ -1.56645, 55.02436 ], [ -1.57193, 55.03071 ] ] ] } },
{ "type": "Feature", "properties": { "small_area": "E01008584" }, "geometry": { "type": "Polygon", "coordinates": [ [ [ -1.44405, 55.04052 ], [ -1.44742, 55.04789 ], [ -1.44568, 55.04816 ], [ -1.43905, 55.04391 ], [ -1.44405, 55.04052 ] ] ] } },
{ "type": "Feature", "properties": { "small_area": "E01027541" }, "geometry": { "type": "Polygon", "coordinates": [ [ [ -1.49907, 55.18536 ], [ -1.50862, 55.18536 ], [ -1.51402, 55.18166 ], [ -1.52135, 55.18911 ], [ -1.51771, 55.19416 ], [ -1.51263, 55.19352 ], [ -1.51497, 55.18596 ], [ -1.5038, 55.19034 ], [ -1.49907, 55.18536 ] ] ] } },
{ "type": "Feature", "properties": { "small_area": "E01020635" }, "geometry": { "type": "Polygon", "coordinates": [ [ [ -1.69954, 54.90917 ], [ -1.69756, 54.90623 ], [ -1.70798, 54.90841 ], [ -1.71066, 54.89987 ], [ -1.72721, 54.89469 ], [ -1.73031, 54.89664 ], [ -1.72263, 54.90322 ], [ -1.73318, 54.90723 ], [ -1.73363, 54.91031 ], [ -1.7309, 54.91257 ], [ -1.72652, 54.91005 ], [ -1.69954, 54.90917 ] ] ] } },
{ "type": "Feature", "properties": { "small_area": "E01012349" }, "geometry": { "type": "Polygon", "coordinates": [ [ [ -1.55274, 54.53531 ], [ -1.55999, 54.53967 ], [ -1.55227, 54.54233 ], [ -1.54854, 54.53671 ], [ -1.55274, 54.53531 ] ] ] } },
{ "type": "Feature", "properties": { "small_area": "E01011960" }, "geometry": { "type": "Polygon", "coordinates": [ [ [ -1.24292, 54.65415 ], [ -1.23266, 54.65248 ], [ -1.2446, 54.64927 ], [ -1.24856, 54.65229 ], [ -1.24292, 54.65415 ] ] ] } },
{ "type": "Feature", "properties": { "small_area": "E01011963" }, "geometry": { "type": "Polygon", "coordinates": [ [ [ -1.23093, 54.65064 ], [ -1.23271, 54.65634 ], [ -1.22282, 54.65671 ], [ -1.23093, 54.65064 ] ] ] } },
{ "type": "Feature", "properties": { "small_area": "E01011961" }, "geometry": { "type": "Polygon", "coordinates": [ [ [ -1.23266, 54.65248 ], [ -1.24292, 54.65415 ], [ -1.24122, 54.6578 ], [ -1.23333, 54.65842 ], [ -1.23266, 54.65248 ] ] ] } },
{ "type": "Feature", "properties": { "small_area": "E01008316" }, "geometry": { "type": "Polygon", "coordinates": [ [ [ -1.56059, 54.99585 ], [ -1.5715, 54.99383 ], [ -1.56949, 54.999 ], [ -1.56059, 54.99585 ] ] ] } },
{ "type": "Feature", "properties": { "small_area": "E01008258" }, "geometry": { "type": "Polygon", "coordinates": [ [ [ -1.62352, 54.95449 ], [ -1.63296, 54.95282 ], [ -1.63723, 54.9575 ], [ -1.61519, 54.96226 ], [ -1.62352, 54.95449 ] ] ] } },
{ "type": "Feature", "properties": { "small_area": "E01008259" }, "geometry": { "type": "MultiPolygon", "coordinates": [ [ [ [ -1.63452, 54.9444 ], [ -1.63955, 54.94531 ], [ -1.63454, 54.95128 ], [ -1.62941, 54.94864 ], [ -1.6351, 54.94742 ], [ -1.63162, 54.94578 ], [ -1.63452, 54.9444 ] ] ], [ [ [ -1.61344, 54.94433 ], [ -1.60463, 54.92158 ], [ -1.61767, 54.9288 ], [ -1.62879, 54.92844 ], [ -1.63199, 54.93306 ], [ -1.63041, 54.93665 ], [ -1.62487, 54.93611 ], [ -1.62382, 54.94026 ], [ -1.6289, 54.94859 ], [ -1.63571, 54.95196 ], [ -1.62352, 54.95449 ], [ -1.62072, 54.95083 ], [ -1.62509, 54.94903 ], [ -1.61344, 54.94433 ] ] ] ] } },
{ "type": "Feature", "properties": { "small_area": "E01008857" }, "geometry": { "type": "Polygon", "coordinates": [ [ [ -1.52996, 54.92229 ], [ -1.52207, 54.91734 ], [ -1.52923, 54.9163 ], [ -1.53356, 54.91706 ], [ -1.52996, 54.92229 ] ] ] } },
{ "type": "Feature", "properties": { "small_area": "E01008856" }, "geometry": { "type": "Polygon", "coordinates": [ [ [ -1.51933, 54.92502 ], [ -1.51714, 54.91778 ], [ -1.52207, 54.91734 ], [ -1.52996, 54.92229 ], [ -1.51933, 54.92502 ] ] ] } },
{ "type": "Feature", "properties": { "small_area": "E01008854" }, "geometry": { "type": "Polygon", "coordinates": [ [ [ -1.52009, 54.91076 ], [ -1.51636, 54.91526 ], [ -1.50675, 54.9135 ], [ -1.52009, 54.91076 ] ] ] } },
{ "type": "Feature", "properties": { "small_area": "E01012228" }, "geometry": { "type": "Polygon", "coordinates": [ [ [ -1.30996, 54.51457 ], [ -1.31471, 54.5185 ], [ -1.31778, 54.51735 ], [ -1.31542, 54.52246 ], [ -1.30898, 54.52136 ], [ -1.30996, 54.51457 ] ] ] } },
{ "type": "Feature", "properties": { "small_area": "E01027443" }, "geometry": { "type": "Polygon", "coordinates": [ [ [ -1.60898, 55.29456 ], [ -1.60631, 55.29943 ], [ -1.5984, 55.29535 ], [ -1.59239, 55.29593 ], [ -1.60004, 55.29113 ], [ -1.60898, 55.29456 ] ] ] } },
{ "type": "Feature", "properties": { "small_area": "E01027442" }, "geometry": { "type": "Polygon", "coordinates": [ [ [ -1.4984, 55.12075 ], [ -1.50463, 55.1194 ], [ -1.50343, 55.12216 ], [ -1.50769, 55.12194 ], [ -1.50459, 55.12938 ], [ -1.49739, 55.1247 ], [ -1.4984, 55.12075 ] ] ] } },
{ "type": "Feature", "properties": { "small_area": "E01027445" }, "geometry": { "type": "Polygon", "coordinates": [ [ [ -1.52659, 55.2069 ], [ -1.53359, 55.21422 ], [ -1.54652, 55.21638 ], [ -1.54848, 55.2052 ], [ -1.56501, 55.2049 ], [ -1.56884, 55.20166 ], [ -1.59041, 55.20554 ], [ -1.58718, 55.21294 ], [ -1.60041, 55.21054 ], [ -1.61407, 55.21658 ], [ -1.60398, 55.23369 ], [ -1.58625, 55.235 ], [ -1.57563, 55.24246 ], [ -1.56403, 55.24321 ], [ -1.56485, 55.24131 ], [ -1.55298, 55.2459 ], [ -1.52544, 55.2272 ], [ -1.52885, 55.22127 ], [ -1.5183, 55.20694 ], [ -1.52659, 55.2069 ] ], [ [ -1.57059, 55.21589 ], [ -1.56045, 55.21528 ], [ -1.56164, 55.22004 ], [ -1.55682, 55.22085 ], [ -1.56011, 55.22313 ], [ -1.55618, 55.22535 ], [ -1.54967, 55.22339 ], [ -1.55348, 55.22771 ], [ -1.56825, 55.22668 ], [ -1.56556, 55.21956 ], [ -1.56935, 55.22037 ], [ -1.57059, 55.21589 ] ] ] } },
{ "type": "Feature", "properties": { "small_area": "E01027440" }, "geometry": { "type": "Polygon", "coordinates": [ [ [ -1.52052, 55.09792 ], [ -1.52444, 55.10337 ], [ -1.51897, 55.10701 ], [ -1.51357, 55.10625 ], [ -1.51502, 55.10905 ], [ -1.50518, 55.11215 ], [ -1.50287, 55.10929 ], [ -1.49848, 55.11265 ], [ -1.49456, 55.10239 ], [ -1.52052, 55.09792 ] ] ] } },
{ "type": "Feature", "properties": { "small_area": "E01027392" }, "geometry": { "type": "Polygon", "coordinates": [ [ [ -1.52221, 55.13309 ], [ -1.5208, 55.12855 ], [ -1.53158, 55.13106 ], [ -1.5306, 55.1258 ], [ -1.53657, 55.12442 ], [ -1.54012, 55.12741 ], [ -1.54087, 55.13422 ], [ -1.52776, 55.13714 ], [ -1.51436, 55.13366 ], [ -1.52221, 55.13309 ] ] ] } },
{ "type": "Feature", "properties": { "small_area": "E01027393" }, "geometry": { "type": "Polygon", "coordinates": [ [ [ -1.53232, 55.12187 ], [ -1.5371, 55.12136 ], [ -1.54292, 55.12571 ], [ -1.53207, 55.12524 ], [ -1.53232, 55.12187 ] ] ] } },
{ "type": "Feature", "properties": { "small_area": "E01027394" }, "geometry": { "type": "Polygon", "coordinates": [ [ [ -1.57422, 55.07157 ], [ -1.57776, 55.08019 ], [ -1.56961, 55.08028 ], [ -1.57139, 55.07538 ], [ -1.56677, 55.07409 ], [ -1.57422, 55.07157 ] ] ] } },
{ "type": "Feature", "properties": { "small_area": "E01008590" }, "geometry": { "type": "Polygon", "coordinates": [ [ [ -1.43328, 54.97495 ], [ -1.43295, 54.9716 ], [ -1.4435, 54.97343 ], [ -1.43886, 54.97907 ], [ -1.43981, 54.97442 ], [ -1.43328, 54.97495 ] ] ] } },
{ "type": "Feature", "properties": { "small_area": "E01008511" }, "geometry": { "type": "Polygon", "coordinates": [ [ [ -1.50741, 54.9962 ], [ -1.50908, 54.99937 ], [ -1.49902, 54.99979 ], [ -1.5006, 54.99673 ], [ -1.50741, 54.9962 ] ] ] } },
{ "type": "Feature", "properties": { "small_area": "E01008591" }, "geometry": { "type": "Polygon", "coordinates": [ [ [ -1.43395, 54.97726 ], [ -1.43614, 54.97364 ], [ -1.43981, 54.97442 ], [ -1.43841, 54.97961 ], [ -1.43103, 54.97597 ], [ -1.43395, 54.97726 ] ] ] } },
{ "type": "Feature", "properties": { "small_area": "E01008510" }, "geometry": { "type": "Polygon", "coordinates": [ [ [ -1.49922, 55.00127 ], [ -1.48727, 54.99938 ], [ -1.5006, 54.99673 ], [ -1.49922, 55.00127 ] ] ] } },
{ "type": "Feature", "properties": { "small_area": "E01008592" }, "geometry": { "type": "Polygon", "coordinates": [ [ [ -1.42992, 54.97468 ], [ -1.4255, 54.97126 ], [ -1.43614, 54.97364 ], [ -1.43395, 54.97726 ], [ -1.42992, 54.97468 ] ] ] } },
{ "type": "Feature", "properties": { "small_area": "E01008513" }, "geometry": { "type": "Polygon", "coordinates": [ [ [ -1.59581, 55.01421 ], [ -1.59081, 55.0087 ], [ -1.60046, 55.00974 ], [ -1.59479, 55.02296 ], [ -1.59042, 55.01661 ], [ -1.59429, 55.01492 ], [ -1.58903, 55.01318 ], [ -1.59581, 55.01421 ] ] ] } },
{ "type": "Feature", "properties": { "small_area": "E01008512" }, "geometry": { "type": "Polygon", "coordinates": [ [ [ -1.49822, 55.00322 ], [ -1.50103, 55.00572 ], [ -1.5103, 55.00438 ], [ -1.49778, 55.00916 ], [ -1.49543, 55.00672 ], [ -1.49822, 55.00322 ] ] ] } },
{ "type": "Feature", "properties": { "small_area": "E01012230" }, "geometry": { "type": "Polygon", "coordinates": [ [ [ -1.30904, 54.51844 ], [ -1.3025, 54.51595 ], [ -1.31026, 54.50981 ], [ -1.30904, 54.51844 ] ] ] } },
{ "type": "Feature", "properties": { "small_area": "E01033553" }, "geometry": { "type": "Polygon", "coordinates": [ [ [ -1.59765, 54.97342 ], [ -1.60745, 54.96931 ], [ -1.6064, 54.97543 ], [ -1.59765, 54.97342 ] ] ] } },
{ "type": "Feature", "properties": { "small_area": "E01033550" }, "geometry": { "type": "Polygon", "coordinates": [ [ [ -1.6316, 55.02368 ], [ -1.64733, 55.02341 ], [ -1.62894, 55.03425 ], [ -1.62627, 55.03341 ], [ -1.6316, 55.02368 ] ] ] } },
{ "type": "Feature", "properties": { "small_area": "E01011971" }, "geometry": { "type": "Polygon", "coordinates": [ [ [ -1.24967, 54.70812 ], [ -1.25472, 54.70952 ], [ -1.25673, 54.71395 ], [ -1.25059, 54.71177 ], [ -1.24967, 54.70812 ] ] ] } },
{ "type": "Feature", "properties": { "small_area": "E01008521" }, "geometry": { "type": "Polygon", "coordinates": [ [ [ -1.47758, 55.03937 ], [ -1.47153, 55.03758 ], [ -1.47685, 55.03503 ], [ -1.48147, 55.03837 ], [ -1.47885, 55.04316 ], [ -1.47436, 55.04107 ], [ -1.47758, 55.03937 ] ] ] } },
{ "type": "Feature", "properties": { "small_area": "E01027481" }, "geometry": { "type": "Polygon", "coordinates": [ [ [ -1.95783, 54.98678 ], [ -1.9676, 54.97793 ], [ -1.98578, 54.97176 ], [ -1.98223, 54.96142 ], [ -1.98625, 54.96018 ], [ -1.9923, 54.96607 ], [ -2.00476, 54.96488 ], [ -2.02819, 54.97572 ], [ -2.04243, 54.97514 ], [ -2.04549, 54.98721 ], [ -2.02359, 54.99478 ], [ -2.02117, 55.00721 ], [ -2.03782, 55.00668 ], [ -2.05055, 55.01633 ], [ -2.04881, 55.02035 ], [ -2.02825, 55.01837 ], [ -2.02457, 55.01993 ], [ -2.02701, 55.02582 ], [ -2.00727, 55.02645 ], [ -2.00364, 55.01871 ], [ -2.01048, 55.01717 ], [ -2.01214, 55.00631 ], [ -2.00215, 54.99936 ], [ -1.9814, 55.0021 ], [ -1.97689, 55.00956 ], [ -1.96591, 55.01121 ], [ -1.95952, 55.00191 ], [ -1.95783, 54.98678 ] ], [ [ -2.01294, 54.9718 ], [ -2.00722, 54.97207 ], [ -2.01114, 54.97607 ], [ -2.00436, 54.97917 ], [ -1.99763, 54.97733 ], [ -1.99824, 54.98284 ], [ -2.01044, 54.98371 ], [ -2.01034, 54.98103 ], [ -2.01937, 54.97973 ], [ -2.00981, 54.97338 ], [ -2.01294, 54.9718 ] ] ] } },
{ "type": "Feature", "properties": { "small_area": "E01027400" }, "geometry": { "type": "Polygon", "coordinates": [ [ [ -1.57601, 55.10194 ], [ -1.58315, 55.10049 ], [ -1.58056, 55.10363 ], [ -1.56952, 55.10186 ], [ -1.56931, 55.09894 ], [ -1.57377, 55.0986 ], [ -1.57601, 55.10194 ] ] ] } },
{ "type": "Feature", "properties": { "small_area": "E01027480" }, "geometry": { "type": "Polygon", "coordinates": [ [ [ -2.09447, 55.11152 ], [ -2.09114, 55.10452 ], [ -2.10173, 55.09775 ], [ -2.08075, 55.09872 ], [ -2.07275, 55.0949 ], [ -2.06246, 55.09532 ], [ -2.06344, 55.09232 ], [ -2.04899, 55.09408 ], [ -2.04197, 55.08908 ], [ -1.99723, 55.09442 ], [ -1.98979, 55.07728 ], [ -2.01443, 55.07191 ], [ -2.01887, 55.06563 ], [ -1.97504, 55.05069 ], [ -1.98244, 55.04031 ], [ -1.97174, 55.03225 ], [ -1.96114, 55.03455 ], [ -1.95962, 55.0224 ], [ -1.94806, 55.0114 ], [ -1.95888, 55.0016 ], [ -1.96591, 55.01121 ], [ -1.97689, 55.00956 ], [ -1.9814, 55.0021 ], [ -2.00215, 54.99936 ], [ -2.01214, 55.00631 ], [ -2.01048, 55.01717 ], [ -2.00364, 55.01871 ], [ -2.00727, 55.02645 ], [ -2.01761, 55.02653 ], [ -2.02097, 55.03427 ], [ -2.00874, 55.0371 ], [ -2.04484, 55.04215 ], [ -2.05831, 55.05107 ], [ -2.06431, 55.04718 ], [ -2.09591, 55.04018 ], [ -2.10308, 55.04151 ], [ -2.10995, 55.03638 ], [ -2.11952, 55.04185 ], [ -2.12558, 55.05192 ], [ -2.14621, 55.05219 ], [ -2.15724, 55.05585 ], [ -2.15914, 55.06263 ], [ -2.1811, 55.06299 ], [ -2.18735, 55.07218 ], [ -2.19341, 55.07119 ], [ -2.19789, 55.07829 ], [ -2.21318, 55.08186 ], [ -2.19662, 55.09194 ], [ -2.17537, 55.08917 ], [ -2.17009, 55.09683 ], [ -2.16133, 55.09197 ], [ -2.15735, 55.09406 ], [ -2.15187, 55.09125 ], [ -2.14187, 55.09468 ], [ -2.14482, 55.10859 ], [ -2.15107, 55.10748 ], [ -2.16756, 55.11252 ], [ -2.15504, 55.12711 ], [ -2.14349, 55.12642 ], [ -2.1324, 55.11225 ], [ -2.09447, 55.11152 ] ] ] } },
{ "type": "Feature", "properties": { "small_area": "E01008547" }, "geometry": { "type": "Polygon", "coordinates": [ [ [ -1.47474, 55.04678 ], [ -1.47677, 55.05031 ], [ -1.47535, 55.05385 ], [ -1.46852, 55.05571 ], [ -1.4678, 55.04904 ], [ -1.47474, 55.04678 ] ] ] } },
{ "type": "Feature", "properties": { "small_area": "E01008323" }, "geometry": { "type": "Polygon", "coordinates": [ [ [ -1.5726, 55.0068 ], [ -1.57021, 55.00012 ], [ -1.5826, 54.99828 ], [ -1.57728, 55.00568 ], [ -1.5726, 55.0068 ] ] ] } },
{ "type": "Feature", "properties": { "small_area": "E01008322" }, "geometry": { "type": "Polygon", "coordinates": [ [ [ -1.58871, 54.99857 ], [ -1.58996, 55.00401 ], [ -1.58012, 55.00142 ], [ -1.5826, 54.99828 ], [ -1.58871, 54.99857 ] ] ] } },
{ "type": "Feature", "properties": { "small_area": "E01008325" }, "geometry": { "type": "Polygon", "coordinates": [ [ [ -1.69229, 54.99158 ], [ -1.69378, 54.98872 ], [ -1.70901, 54.99447 ], [ -1.69661, 54.99506 ], [ -1.69229, 54.99158 ] ] ] } },
{ "type": "Feature", "properties": { "small_area": "E01008324" }, "geometry": { "type": "Polygon", "coordinates": [ [ [ -1.68453, 54.99445 ], [ -1.69229, 54.99158 ], [ -1.697, 54.99631 ], [ -1.68453, 54.99445 ] ] ] } },
{ "type": "Feature", "properties": { "small_area": "E01008327" }, "geometry": { "type": "Polygon", "coordinates": [ [ [ -1.69188, 54.98622 ], [ -1.69378, 54.98872 ], [ -1.69229, 54.99158 ], [ -1.68213, 54.9932 ], [ -1.69188, 54.98622 ] ] ] } },
{ "type": "Feature", "properties": { "small_area": "E01008326" }, "geometry": { "type": "Polygon", "coordinates": [ [ [ -1.71088, 54.9896 ], [ -1.70572, 54.98737 ], [ -1.71741, 54.98949 ], [ -1.71308, 54.9943 ], [ -1.70627, 54.99399 ], [ -1.71088, 54.9896 ] ] ] } },
{ "type": "Feature", "properties": { "small_area": "E01008321" }, "geometry": { "type": "Polygon", "coordinates": [ [ [ -1.58668, 55.00862 ], [ -1.58772, 55.00526 ], [ -1.59488, 55.00387 ], [ -1.59117, 55.00193 ], [ -1.59837, 54.99883 ], [ -1.60299, 54.99941 ], [ -1.60106, 55.00974 ], [ -1.58668, 55.00862 ] ] ] } },
{ "type": "Feature", "properties": { "small_area": "E01008320" }, "geometry": { "type": "Polygon", "coordinates": [ [ [ -1.5792, 55.00978 ], [ -1.57728, 55.00568 ], [ -1.58012, 55.00142 ], [ -1.58772, 55.00526 ], [ -1.58668, 55.00862 ], [ -1.5792, 55.00978 ] ] ] } },
{ "type": "Feature", "properties": { "small_area": "E01012297" }, "geometry": { "type": "Polygon", "coordinates": [ [ [ -1.29902, 54.628 ], [ -1.28864, 54.62763 ], [ -1.28815, 54.61873 ], [ -1.29803, 54.61933 ], [ -1.29625, 54.62472 ], [ -1.3002, 54.6252 ], [ -1.30358, 54.62428 ], [ -1.29763, 54.62194 ], [ -1.30442, 54.61712 ], [ -1.31462, 54.61654 ], [ -1.30909, 54.63224 ], [ -1.29858, 54.63115 ], [ -1.29902, 54.628 ] ] ] } },
{ "type": "Feature", "properties": { "small_area": "E01008662" }, "geometry": { "type": "Polygon", "coordinates": [ [ [ -1.47368, 54.96544 ], [ -1.48837, 54.96259 ], [ -1.48652, 54.96789 ], [ -1.48059, 54.96558 ], [ -1.47912, 54.97117 ], [ -1.47522, 54.96997 ], [ -1.47368, 54.96544 ] ] ] } },
{ "type": "Feature", "properties": { "small_area": "E01020591" }, "geometry": { "type": "Polygon", "coordinates": [ [ [ -1.51009, 54.86417 ], [ -1.50764, 54.8504 ], [ -1.52193, 54.85164 ], [ -1.51954, 54.85518 ], [ -1.52565, 54.86213 ], [ -1.53241, 54.86244 ], [ -1.53071, 54.85509 ], [ -1.56001, 54.86594 ], [ -1.56009, 54.87096 ], [ -1.54277, 54.86576 ], [ -1.51912, 54.87241 ], [ -1.51995, 54.87602 ], [ -1.50666, 54.87114 ], [ -1.51009, 54.86417 ] ] ] } },
{ "type": "Feature", "properties": { "small_area": "E01008492" }, "geometry": { "type": "Polygon", "coordinates": [ [ [ -1.47934, 55.00827 ], [ -1.48159, 55.01178 ], [ -1.47285, 55.01447 ], [ -1.47076, 55.01091 ], [ -1.47934, 55.00827 ] ] ] } },
{ "type": "Feature", "properties": { "small_area": "E01020722" }, "geometry": { "type": "Polygon", "coordinates": [ [ [ -1.5499, 54.78318 ], [ -1.54622, 54.78043 ], [ -1.56196, 54.78005 ], [ -1.55697, 54.78422 ], [ -1.5499, 54.78318 ] ] ] } },
{ "type": "Feature", "properties": { "small_area": "E01012272" }, "geometry": { "type": "Polygon", "coordinates": [ [ [ -1.32884, 54.57777 ], [ -1.33575, 54.58366 ], [ -1.32883, 54.5843 ], [ -1.33091, 54.58121 ], [ -1.32884, 54.57777 ] ] ] } },
{ "type": "Feature", "properties": { "small_area": "E01012275" }, "geometry": { "type": "Polygon", "coordinates": [ [ [ -1.28317, 54.60751 ], [ -1.28567, 54.60753 ], [ -1.28684, 54.61489 ], [ -1.29108, 54.61613 ], [ -1.2833, 54.61658 ], [ -1.28317, 54.60751 ] ] ] } },
{ "type": "Feature", "properties": { "small_area": "E01012274" }, "geometry": { "type": "Polygon", "coordinates": [ [ [ -1.32843, 54.58668 ], [ -1.32883, 54.5843 ], [ -1.33575, 54.58366 ], [ -1.33817, 54.58728 ], [ -1.33301, 54.58996 ], [ -1.32843, 54.58668 ] ] ] } },
{ "type": "Feature", "properties": { "small_area": "E01008241" }, "geometry": { "type": "Polygon", "coordinates": [ [ [ -1.54792, 54.94653 ], [ -1.55313, 54.94721 ], [ -1.55313, 54.94386 ], [ -1.56086, 54.94533 ], [ -1.55519, 54.95052 ], [ -1.55754, 54.95302 ], [ -1.5471, 54.9556 ], [ -1.55058, 54.95191 ], [ -1.54513, 54.95228 ], [ -1.54792, 54.94653 ] ] ] } },
{ "type": "Feature", "properties": { "small_area": "E01008248" }, "geometry": { "type": "Polygon", "coordinates": [ [ [ -1.73263, 54.96241 ], [ -1.73528, 54.95714 ], [ -1.76565, 54.94759 ], [ -1.77283, 54.95426 ], [ -1.75569, 54.96039 ], [ -1.76597, 54.96336 ], [ -1.7741, 54.95883 ], [ -1.78139, 54.96394 ], [ -1.77413, 54.96535 ], [ -1.77942, 54.96703 ], [ -1.77679, 54.96846 ], [ -1.75651, 54.96481 ], [ -1.75699, 54.96768 ], [ -1.74783, 54.96626 ], [ -1.74721, 54.97029 ], [ -1.74069, 54.96767 ], [ -1.73759, 54.97142 ], [ -1.74628, 54.97711 ], [ -1.7441, 54.98027 ], [ -1.72848, 54.97498 ], [ -1.72686, 54.96965 ], [ -1.71889, 54.96679 ], [ -1.73263, 54.96241 ] ] ] } },
{ "type": "Feature", "properties": { "small_area": "E01008644" }, "geometry": { "type": "Polygon", "coordinates": [ [ [ -1.50721, 54.96425 ], [ -1.51618, 54.95908 ], [ -1.51562, 54.96639 ], [ -1.50721, 54.96425 ] ] ] } },
{ "type": "Feature", "properties": { "small_area": "E01008819" }, "geometry": { "type": "Polygon", "coordinates": [ [ [ -1.42565, 54.92244 ], [ -1.42823, 54.92232 ], [ -1.41617, 54.92634 ], [ -1.41714, 54.92304 ], [ -1.42565, 54.92244 ] ] ] } },
{ "type": "Feature", "properties": { "small_area": "E01008191" }, "geometry": { "type": "Polygon", "coordinates": [ [ [ -1.58159, 54.92419 ], [ -1.58253, 54.91974 ], [ -1.5886, 54.9173 ], [ -1.58811, 54.92461 ], [ -1.58159, 54.92419 ] ] ] } },
{ "type": "Feature", "properties": { "small_area": "E01008190" }, "geometry": { "type": "Polygon", "coordinates": [ [ [ -1.5886, 54.9173 ], [ -1.59496, 54.92654 ], [ -1.58811, 54.92461 ], [ -1.5886, 54.9173 ] ] ] } },
{ "type": "Feature", "properties": { "small_area": "E01008192" }, "geometry": { "type": "Polygon", "coordinates": [ [ [ -1.58848, 54.93063 ], [ -1.58538, 54.92409 ], [ -1.59428, 54.92667 ], [ -1.59404, 54.93195 ], [ -1.58848, 54.93063 ] ] ] } },
{ "type": "Feature", "properties": { "small_area": "E01008193" }, "geometry": { "type": "Polygon", "coordinates": [ [ [ -1.59496, 54.92654 ], [ -1.60239, 54.92701 ], [ -1.59404, 54.93195 ], [ -1.59496, 54.92654 ] ] ] } },
{ "type": "Feature", "properties": { "small_area": "E01008194" }, "geometry": { "type": "Polygon", "coordinates": [ [ [ -1.60506, 54.92241 ], [ -1.60239, 54.92701 ], [ -1.59496, 54.92654 ], [ -1.59301, 54.92325 ], [ -1.59913, 54.92257 ], [ -1.59889, 54.91985 ], [ -1.60506, 54.92241 ] ] ] } },
{ "type": "Feature", "properties": { "small_area": "E01033197" }, "geometry": { "type": "Polygon", "coordinates": [ [ [ -1.56356, 54.76775 ], [ -1.5696, 54.76935 ], [ -1.57181, 54.77458 ], [ -1.56852, 54.77485 ], [ -1.57328, 54.77593 ], [ -1.55889, 54.7752 ], [ -1.56356, 54.76775 ] ] ] } },
{ "type": "Feature", "properties": { "small_area": "E01033195" }, "geometry": { "type": "Polygon", "coordinates": [ [ [ -1.56401, 54.77766 ], [ -1.55654, 54.77649 ], [ -1.55889, 54.7752 ], [ -1.57267, 54.77915 ], [ -1.55716, 54.78424 ], [ -1.56401, 54.77766 ] ] ] } },
{ "type": "Feature", "properties": { "small_area": "E01008309" }, "geometry": { "type": "Polygon", "coordinates": [ [ [ -1.62748, 55.01985 ], [ -1.6316, 55.02368 ], [ -1.62855, 55.02948 ], [ -1.6228, 55.02916 ], [ -1.62748, 55.01985 ] ] ] } },
{ "type": "Feature", "properties": { "small_area": "E01012239" }, "geometry": { "type": "Polygon", "coordinates": [ [ [ -1.29598, 54.54537 ], [ -1.29946, 54.55084 ], [ -1.28895, 54.55095 ], [ -1.28981, 54.54421 ], [ -1.29598, 54.54537 ] ] ] } },
{ "type": "Feature", "properties": { "small_area": "E01008686" }, "geometry": { "type": "Polygon", "coordinates": [ [ [ -1.3674, 54.95078 ], [ -1.37437, 54.9507 ], [ -1.37567, 54.9369 ], [ -1.38408, 54.93865 ], [ -1.38242, 54.95907 ], [ -1.36563, 54.95617 ], [ -1.3674, 54.95078 ] ] ] } },
{ "type": "Feature", "properties": { "small_area": "E01008606" }, "geometry": { "type": "Polygon", "coordinates": [ [ [ -1.43619, 54.953 ], [ -1.4522, 54.95903 ], [ -1.4429, 54.9618 ], [ -1.43625, 54.95805 ], [ -1.43619, 54.953 ] ] ] } },
{ "type": "Feature", "properties": { "small_area": "E01008687" }, "geometry": { "type": "Polygon", "coordinates": [ [ [ -1.36431, 54.95294 ], [ -1.35344, 54.95742 ], [ -1.36396, 54.94411 ], [ -1.37424, 54.94351 ], [ -1.37437, 54.9507 ], [ -1.3674, 54.95078 ], [ -1.36563, 54.95617 ], [ -1.36431, 54.95294 ] ] ] } },
{ "type": "Feature", "properties": { "small_area": "E01008607" }, "geometry": { "type": "Polygon", "coordinates": [ [ [ -1.44865, 54.96145 ], [ -1.45485, 54.96171 ], [ -1.4435, 54.96613 ], [ -1.4429, 54.9618 ], [ -1.44865, 54.96145 ] ] ] } },
{ "type": "Feature", "properties": { "small_area": "E01027510" }, "geometry": { "type": "Polygon", "coordinates": [ [ [ -2.16028, 55.03039 ], [ -2.16298, 55.02738 ], [ -2.14444, 55.01977 ], [ -2.14334, 55.01375 ], [ -2.13348, 55.00984 ], [ -2.12988, 54.98884 ], [ -2.15813, 54.98929 ], [ -2.15807, 54.99538 ], [ -2.16845, 54.9972 ], [ -2.17471, 55.00325 ], [ -2.1998, 54.99775 ], [ -2.21343, 54.98886 ], [ -2.22096, 54.99838 ], [ -2.24217, 55.0004 ], [ -2.24198, 55.00455 ], [ -2.25417, 55.00378 ], [ -2.25568, 55.00758 ], [ -2.28063, 55.00545 ], [ -2.26727, 55.0068 ], [ -2.27648, 55.01655 ], [ -2.26864, 55.01809 ], [ -2.26947, 55.02395 ], [ -2.27822, 55.02927 ], [ -2.27712, 55.03836 ], [ -2.235, 55.03643 ], [ -2.23301, 55.04321 ], [ -2.22676, 55.03515 ], [ -2.19492, 55.03879 ], [ -2.16028, 55.03039 ] ] ] } },
{ "type": "Feature", "properties": { "small_area": "E01008175" }, "geometry": { "type": "Polygon", "coordinates": [ [ [ -1.58755, 54.89433 ], [ -1.58604, 54.89986 ], [ -1.57799, 54.90085 ], [ -1.57604, 54.89521 ], [ -1.56941, 54.89294 ], [ -1.57629, 54.89411 ], [ -1.57684, 54.89126 ], [ -1.58332, 54.89066 ], [ -1.58755, 54.89433 ] ] ] } },
{ "type": "Feature", "properties": { "small_area": "E01011977" }, "geometry": { "type": "Polygon", "coordinates": [ [ [ -1.25214, 54.65744 ], [ -1.25197, 54.66073 ], [ -1.24963, 54.66392 ], [ -1.24688, 54.66121 ], [ -1.24274, 54.66236 ], [ -1.24095, 54.65782 ], [ -1.25214, 54.65744 ] ] ] } },
{ "type": "Feature", "properties": { "small_area": "E01008787" }, "geometry": { "type": "Polygon", "coordinates": [ [ [ -1.37247, 54.9179 ], [ -1.38263, 54.91572 ], [ -1.38304, 54.92155 ], [ -1.37247, 54.9179 ] ] ] } },
{ "type": "Feature", "properties": { "small_area": "E01008275" }, "geometry": { "type": "Polygon", "coordinates": [ [ [ -1.67924, 54.94039 ], [ -1.67833, 54.93748 ], [ -1.7025, 54.93735 ], [ -1.69416, 54.94295 ], [ -1.69213, 54.93935 ], [ -1.67924, 54.94039 ] ] ] } },
{ "type": "Feature", "properties": { "small_area": "E01012215" }, "geometry": { "type": "Polygon", "coordinates": [ [ [ -1.28317, 54.60751 ], [ -1.28327, 54.61398 ], [ -1.28061, 54.61453 ], [ -1.27753, 54.60681 ], [ -1.28317, 54.60751 ] ] ] } },
{ "type": "Feature", "properties": { "small_area": "E01012168" }, "geometry": { "type": "Polygon", "coordinates": [ [ [ -1.15259, 54.5635 ], [ -1.1596, 54.56219 ], [ -1.16855, 54.56636 ], [ -1.15226, 54.57078 ], [ -1.15259, 54.5635 ] ] ] } },
{ "type": "Feature", "properties": { "small_area": "E01008430" }, "geometry": { "type": "Polygon", "coordinates": [ [ [ -1.54991, 54.97582 ], [ -1.5422, 54.97972 ], [ -1.53667, 54.97752 ], [ -1.54991, 54.97582 ] ] ] } },
{ "type": "Feature", "properties": { "small_area": "E01027358" }, "geometry": { "type": "Polygon", "coordinates": [ [ [ -1.69783, 55.41166 ], [ -1.69427, 55.40728 ], [ -1.68343, 55.40533 ], [ -1.69531, 55.39801 ], [ -1.70639, 55.40151 ], [ -1.70019, 55.40515 ], [ -1.70028, 55.41088 ], [ -1.71819, 55.41446 ], [ -1.7222, 55.41202 ], [ -1.71751, 55.40825 ], [ -1.71801, 55.40196 ], [ -1.72373, 55.39556 ], [ -1.72681, 55.39974 ], [ -1.73987, 55.39797 ], [ -1.74936, 55.3885 ], [ -1.7435, 55.38408 ], [ -1.75234, 55.38372 ], [ -1.75787, 55.37639 ], [ -1.75876, 55.37186 ], [ -1.75408, 55.37046 ], [ -1.75792, 55.36654 ], [ -1.78152, 55.36499 ], [ -1.78075, 55.37843 ], [ -1.78632, 55.38804 ], [ -1.77328, 55.39808 ], [ -1.76834, 55.41768 ], [ -1.75629, 55.424 ], [ -1.73534, 55.41562 ], [ -1.72064, 55.41624 ], [ -1.71715, 55.4186 ], [ -1.72173, 55.41998 ], [ -1.71351, 55.42044 ], [ -1.69911, 55.41624 ], [ -1.68957, 55.41784 ], [ -1.69783, 55.41166 ] ] ] } },
{ "type": "Feature", "properties": { "small_area": "E01008756" }, "geometry": { "type": "Polygon", "coordinates": [ [ [ -1.4208, 54.90506 ], [ -1.4166, 54.90359 ], [ -1.42548, 54.90199 ], [ -1.42708, 54.90469 ], [ -1.42205, 54.90633 ], [ -1.42425, 54.90839 ], [ -1.41868, 54.90737 ], [ -1.4208, 54.90506 ] ] ] } },
{ "type": "Feature", "properties": { "small_area": "E01008757" }, "geometry": { "type": "Polygon", "coordinates": [ [ [ -1.4208, 54.90506 ], [ -1.41481, 54.9097 ], [ -1.41328, 54.90465 ], [ -1.4208, 54.90506 ] ] ] } },
{ "type": "Feature", "properties": { "small_area": "E01012078" }, "geometry": { "type": "Polygon", "coordinates": [ [ [ -1.23815, 54.56646 ], [ -1.24535, 54.56111 ], [ -1.24545, 54.56551 ], [ -1.23815, 54.56646 ] ] ] } },
{ "type": "Feature", "properties": { "small_area": "E01027381" }, "geometry": { "type": "MultiPolygon", "coordinates": [ [ [ [ -1.7869, 55.64706 ], [ -1.7907, 55.64752 ], [ -1.78965, 55.65307 ], [ -1.79521, 55.65807 ], [ -1.78719, 55.65551 ], [ -1.7869, 55.64706 ] ] ], [ [ [ -2.03965, 55.67851 ], [ -2.01589, 55.68225 ], [ -2.01756, 55.67869 ], [ -2.0074, 55.67662 ], [ -2.00351, 55.67066 ], [ -1.97609, 55.67175 ], [ -1.95765, 55.66879 ], [ -1.94829, 55.66033 ], [ -1.9392, 55.66004 ], [ -1.93013, 55.64547 ], [ -1.91087, 55.64204 ], [ -1.91961, 55.63374 ], [ -1.89277, 55.62841 ], [ -1.85711, 55.63121 ], [ -1.84778, 55.6276 ], [ -1.84336, 55.63061 ], [ -1.84945, 55.63447 ], [ -1.839, 55.64235 ], [ -1.81317, 55.63371 ], [ -1.80216, 55.63612 ], [ -1.79009, 55.64679 ], [ -1.76469, 55.6253 ], [ -1.77181, 55.61735 ], [ -1.79208, 55.61432 ], [ -1.8024, 55.62096 ], [ -1.81675, 55.61999 ], [ -1.84101, 55.60719 ], [ -1.85019, 55.60882 ], [ -1.8618, 55.60538 ], [ -1.86591, 55.60015 ], [ -1.87488, 55.59793 ], [ -1.89103, 55.59956 ], [ -1.88263, 55.58499 ], [ -1.88787, 55.577 ], [ -1.90689, 55.57421 ], [ -1.91446, 55.57008 ], [ -1.91898, 55.57408 ], [ -1.94428, 55.5668 ], [ -1.95918, 55.56563 ], [ -1.96742, 55.56849 ], [ -1.97158, 55.56512 ], [ -1.98199, 55.57062 ], [ -1.99712, 55.56441 ], [ -1.99817, 55.56967 ], [ -2.00642, 55.57171 ], [ -2.03021, 55.57091 ], [ -2.0321, 55.56666 ], [ -2.04624, 55.5655 ], [ -2.04488, 55.5723 ], [ -2.08336, 55.57661 ], [ -2.08719, 55.57124 ], [ -2.1324, 55.57267 ], [ -2.14801, 55.56836 ], [ -2.1372, 55.57193 ], [ -2.14351, 55.58539 ], [ -2.15586, 55.58829 ], [ -2.158, 55.59151 ], [ -2.14044, 55.59688 ], [ -2.13736, 55.60409 ], [ -2.14822, 55.60418 ], [ -2.1545, 55.61265 ], [ -2.15269, 55.63027 ], [ -2.15855, 55.63658 ], [ -2.15421, 55.63871 ], [ -2.17378, 55.63471 ], [ -2.20986, 55.63568 ], [ -2.2136, 55.64246 ], [ -2.20335, 55.64621 ], [ -2.18172, 55.6451 ], [ -2.14423, 55.65138 ], [ -2.14933, 55.65541 ], [ -2.14023, 55.66158 ], [ -2.13407, 55.66149 ], [ -2.12937, 55.65623 ], [ -2.10945, 55.66483 ], [ -2.09704, 55.66137 ], [ -2.08663, 55.66369 ], [ -2.08578, 55.67619 ], [ -2.07682, 55.6773 ], [ -2.06743, 55.68296 ], [ -2.03965, 55.67851 ] ] ] ] } },
{ "type": "Feature", "properties": { "small_area": "E01027382" }, "geometry": { "type": "MultiPolygon", "coordinates": [ [ [ [ -2.11834, 55.74124 ], [ -2.11918, 55.74165 ], [ -2.11916, 55.7426 ], [ -2.11834, 55.74124 ] ] ], [ [ [ -2.07334, 55.7345 ], [ -2.07159, 55.72916 ], [ -2.0423, 55.72159 ], [ -2.05714, 55.71211 ], [ -2.05597, 55.70796 ], [ -2.0729, 55.70645 ], [ -2.06743, 55.68296 ], [ -2.07682, 55.6773 ], [ -2.08578, 55.67619 ], [ -2.08663, 55.66369 ], [ -2.09704, 55.66137 ], [ -2.10945, 55.66483 ], [ -2.12937, 55.65623 ], [ -2.13407, 55.66149 ], [ -2.14023, 55.66158 ], [ -2.14933, 55.65541 ], [ -2.14423, 55.65138 ], [ -2.18172, 55.6451 ], [ -2.20335, 55.64621 ], [ -2.2136, 55.64246 ], [ -2.20986, 55.63568 ], [ -2.22059, 55.6316 ], [ -2.23143, 55.6347 ], [ -2.22743, 55.64171 ], [ -2.24823, 55.65207 ], [ -2.23035, 55.66227 ], [ -2.21845, 55.66426 ], [ -2.21865, 55.67591 ], [ -2.1978, 55.6884 ], [ -2.18405, 55.7016 ], [ -2.16722, 55.70604 ], [ -2.17603, 55.71923 ], [ -2.15057, 55.72316 ], [ -2.14974, 55.73519 ], [ -2.14401, 55.73935 ], [ -2.1173, 55.73843 ], [ -2.11607, 55.74654 ], [ -2.106, 55.74816 ], [ -2.10727, 55.75945 ], [ -2.08653, 55.76153 ], [ -2.08403, 55.75644 ], [ -2.05556, 55.7448 ], [ -2.07334, 55.7345 ] ] ] ] } },
{ "type": "Feature", "properties": { "small_area": "E01012061" }, "geometry": { "type": "Polygon", "coordinates": [ [ [ -1.20753, 54.56741 ], [ -1.20721, 54.57218 ], [ -1.19712, 54.57371 ], [ -1.18866, 54.56602 ], [ -1.19175, 54.56429 ], [ -1.20753, 54.56741 ] ] ] } },
{ "type": "Feature", "properties": { "small_area": "E01008459" }, "geometry": { "type": "Polygon", "coordinates": [ [ [ -1.68023, 55.00397 ], [ -1.69393, 55.00882 ], [ -1.68451, 55.01146 ], [ -1.68023, 55.01022 ], [ -1.68023, 55.00397 ] ] ] } },
{ "type": "Feature", "properties": { "small_area": "E01008656" }, "geometry": { "type": "Polygon", "coordinates": [ [ [ -1.4924, 54.96617 ], [ -1.50267, 54.96386 ], [ -1.50699, 54.97042 ], [ -1.49907, 54.97232 ], [ -1.49754, 54.96894 ], [ -1.49289, 54.96925 ], [ -1.4924, 54.96617 ] ] ] } },
{ "type": "Feature", "properties": { "small_area": "E01008657" }, "geometry": { "type": "Polygon", "coordinates": [ [ [ -1.49754, 54.96894 ], [ -1.49907, 54.97232 ], [ -1.49531, 54.97608 ], [ -1.49272, 54.97111 ], [ -1.49754, 54.96894 ] ] ] } },
{ "type": "Feature", "properties": { "small_area": "E01008825" }, "geometry": { "type": "Polygon", "coordinates": [ [ [ -1.42303, 54.8864 ], [ -1.4316, 54.88937 ], [ -1.42741, 54.89242 ], [ -1.41477, 54.89223 ], [ -1.42303, 54.8864 ] ] ] } },
{ "type": "Feature", "properties": { "small_area": "E01008824" }, "geometry": { "type": "Polygon", "coordinates": [ [ [ -1.43604, 54.87736 ], [ -1.43778, 54.8816 ], [ -1.43437, 54.8823 ], [ -1.42794, 54.88061 ], [ -1.43604, 54.87736 ] ] ] } },
{ "type": "Feature", "properties": { "small_area": "E01008827" }, "geometry": { "type": "Polygon", "coordinates": [ [ [ -1.42129, 54.87878 ], [ -1.42842, 54.88418 ], [ -1.42032, 54.88728 ], [ -1.41636, 54.88375 ], [ -1.42129, 54.87878 ] ] ] } },
{ "type": "Feature", "properties": { "small_area": "E01008822" }, "geometry": { "type": "Polygon", "coordinates": [ [ [ -1.42039, 54.92619 ], [ -1.42794, 54.924 ], [ -1.43072, 54.92684 ], [ -1.4274, 54.93093 ], [ -1.42077, 54.92999 ], [ -1.42039, 54.92619 ] ] ] } },
{ "type": "Feature", "properties": { "small_area": "E01012340" }, "geometry": { "type": "Polygon", "coordinates": [ [ [ -1.53646, 54.5142 ], [ -1.54766, 54.51332 ], [ -1.54649, 54.51841 ], [ -1.53431, 54.51843 ], [ -1.53646, 54.5142 ] ] ] } },
{ "type": "Feature", "properties": { "small_area": "E01020601" }, "geometry": { "type": "Polygon", "coordinates": [ [ [ -1.5876, 54.85329 ], [ -1.58984, 54.85681 ], [ -1.59694, 54.85442 ], [ -1.59182, 54.8499 ], [ -1.60076, 54.852 ], [ -1.60911, 54.84798 ], [ -1.59528, 54.86036 ], [ -1.5857, 54.8598 ], [ -1.5876, 54.85329 ] ] ] } },
{ "type": "Feature", "properties": { "small_area": "E01020680" }, "geometry": { "type": "Polygon", "coordinates": [ [ [ -1.63877, 54.82056 ], [ -1.64107, 54.81446 ], [ -1.63301, 54.81356 ], [ -1.6455, 54.81035 ], [ -1.63668, 54.80701 ], [ -1.62395, 54.80875 ], [ -1.61706, 54.81494 ], [ -1.60866, 54.81723 ], [ -1.5925, 54.8173 ], [ -1.58854, 54.80831 ], [ -1.60202, 54.8019 ], [ -1.59874, 54.79231 ], [ -1.60454, 54.792 ], [ -1.59983, 54.78919 ], [ -1.60584, 54.7887 ], [ -1.5981, 54.78068 ], [ -1.60412, 54.77688 ], [ -1.62076, 54.78172 ], [ -1.62866, 54.77992 ], [ -1.6257, 54.78295 ], [ -1.6352, 54.78853 ], [ -1.63916, 54.78607 ], [ -1.64605, 54.79527 ], [ -1.65677, 54.79246 ], [ -1.66624, 54.80129 ], [ -1.6565, 54.80378 ], [ -1.65145, 54.80002 ], [ -1.6552, 54.81559 ], [ -1.66423, 54.82535 ], [ -1.65312, 54.82694 ], [ -1.63877, 54.82056 ] ] ] } },
{ "type": "Feature", "properties": { "small_area": "E01020608" }, "geometry": { "type": "Polygon", "coordinates": [ [ [ -1.50356, 54.83747 ], [ -1.51641, 54.83483 ], [ -1.51418, 54.8285 ], [ -1.52393, 54.8294 ], [ -1.52462, 54.83502 ], [ -1.53158, 54.83569 ], [ -1.5327, 54.839 ], [ -1.53997, 54.83814 ], [ -1.54032, 54.83518 ], [ -1.54974, 54.8358 ], [ -1.55531, 54.83188 ], [ -1.55493, 54.83693 ], [ -1.53959, 54.84047 ], [ -1.53928, 54.84431 ], [ -1.54847, 54.8471 ], [ -1.53568, 54.85167 ], [ -1.53047, 54.84799 ], [ -1.50604, 54.84564 ], [ -1.50356, 54.83747 ] ] ] } },
{ "type": "Feature", "properties": { "small_area": "E01020689" }, "geometry": { "type": "Polygon", "coordinates": [ [ [ -1.62533, 54.75474 ], [ -1.63464, 54.75418 ], [ -1.61984, 54.76088 ], [ -1.64098, 54.76408 ], [ -1.62718, 54.76804 ], [ -1.61672, 54.76474 ], [ -1.6094, 54.76587 ], [ -1.62682, 54.75033 ], [ -1.62533, 54.75474 ] ] ] } },
{ "type": "Feature", "properties": { "small_area": "E01027377" }, "geometry": { "type": "Polygon", "coordinates": [ [ [ -1.9841, 55.76472 ], [ -1.99137, 55.7658 ], [ -1.99279, 55.76759 ], [ -2.0042, 55.76549 ], [ -2.00971, 55.77472 ], [ -1.99695, 55.776 ], [ -1.9912, 55.76629 ], [ -1.9841, 55.76472 ] ] ] } },
{ "type": "Feature", "properties": { "small_area": "E01020695" }, "geometry": { "type": "Polygon", "coordinates": [ [ [ -1.45826, 54.73909 ], [ -1.47304, 54.73355 ], [ -1.47532, 54.73723 ], [ -1.48715, 54.73682 ], [ -1.48469, 54.73177 ], [ -1.49051, 54.72633 ], [ -1.49763, 54.72658 ], [ -1.51846, 54.7174 ], [ -1.5157, 54.7268 ], [ -1.51939, 54.72976 ], [ -1.51832, 54.73797 ], [ -1.52573, 54.74367 ], [ -1.5145, 54.74435 ], [ -1.51364, 54.7507 ], [ -1.50747, 54.75044 ], [ -1.50616, 54.74752 ], [ -1.49978, 54.74912 ], [ -1.50123, 54.75241 ], [ -1.49049, 54.75642 ], [ -1.47439, 54.75221 ], [ -1.47432, 54.74962 ], [ -1.45656, 54.74702 ], [ -1.45826, 54.73909 ] ] ] } },
{ "type": "Feature", "properties": { "small_area": "E01012218" }, "geometry": { "type": "Polygon", "coordinates": [ [ [ -1.33045, 54.55873 ], [ -1.32601, 54.55908 ], [ -1.33033, 54.5532 ], [ -1.34072, 54.55956 ], [ -1.32963, 54.56638 ], [ -1.32765, 54.56481 ], [ -1.33045, 54.55873 ] ] ] } },
{ "type": "Feature", "properties": { "small_area": "E01027419" }, "geometry": { "type": "MultiPolygon", "coordinates": [ [ [ [ -1.47684, 55.08426 ], [ -1.47795, 55.08189 ], [ -1.47852, 55.08662 ], [ -1.47495, 55.08506 ], [ -1.47684, 55.08426 ] ] ], [ [ [ -1.47495, 55.08506 ], [ -1.47445, 55.08564 ], [ -1.47012, 55.08508 ], [ -1.46176, 55.07431 ], [ -1.47413, 55.07234 ], [ -1.47656, 55.07967 ], [ -1.47207, 55.0799 ], [ -1.47445, 55.08274 ], [ -1.47791, 55.08168 ], [ -1.47495, 55.08506 ] ] ] ] } },
{ "type": "Feature", "properties": { "small_area": "E01027498" }, "geometry": { "type": "Polygon", "coordinates": [ [ [ -1.8234, 54.95824 ], [ -1.85423, 54.96288 ], [ -1.8318, 54.9649 ], [ -1.82991, 54.97058 ], [ -1.82258, 54.96483 ], [ -1.8234, 54.95824 ] ] ] } },
{ "type": "Feature", "properties": { "small_area": "E01012291" }, "geometry": { "type": "Polygon", "coordinates": [ [ [ -1.30049, 54.53902 ], [ -1.30929, 54.5414 ], [ -1.30884, 54.54552 ], [ -1.29754, 54.54535 ], [ -1.30049, 54.53902 ] ] ] } },
{ "type": "Feature", "properties": { "small_area": "E01027418" }, "geometry": { "type": "Polygon", "coordinates": [ [ [ -1.52762, 55.0792 ], [ -1.53391, 55.08723 ], [ -1.52673, 55.09095 ], [ -1.51487, 55.09026 ], [ -1.51238, 55.08365 ], [ -1.52762, 55.0792 ] ] ] } },
{ "type": "Feature", "properties": { "small_area": "E01020878" }, "geometry": { "type": "Polygon", "coordinates": [ [ [ -1.74826, 54.71374 ], [ -1.75515, 54.71088 ], [ -1.75869, 54.71418 ], [ -1.7639, 54.71371 ], [ -1.76425, 54.71673 ], [ -1.75395, 54.7177 ], [ -1.74826, 54.71374 ] ] ] } },
{ "type": "Feature", "properties": { "small_area": "E01020819" }, "geometry": { "type": "Polygon", "coordinates": [ [ [ -1.60119, 54.70666 ], [ -1.59749, 54.70488 ], [ -1.6039, 54.70054 ], [ -1.60514, 54.7037 ], [ -1.60119, 54.70666 ] ] ] } },
{ "type": "Feature", "properties": { "small_area": "E01020898" }, "geometry": { "type": "Polygon", "coordinates": [ [ [ -1.73947, 54.70444 ], [ -1.74517, 54.70638 ], [ -1.74082, 54.71368 ], [ -1.73184, 54.71012 ], [ -1.73947, 54.70444 ] ] ] } },
{ "type": "Feature", "properties": { "small_area": "E01020818" }, "geometry": { "type": "Polygon", "coordinates": [ [ [ -1.58686, 54.70065 ], [ -1.59074, 54.70418 ], [ -1.59938, 54.70228 ], [ -1.5957, 54.7089 ], [ -1.60004, 54.71127 ], [ -1.58959, 54.70789 ], [ -1.58686, 54.70065 ] ] ] } },
{ "type": "Feature", "properties": { "small_area": "E01008461" }, "geometry": { "type": "Polygon", "coordinates": [ [ [ -1.51239, 55.00618 ], [ -1.517, 55.01151 ], [ -1.50801, 55.01242 ], [ -1.51233, 55.01047 ], [ -1.50581, 55.00749 ], [ -1.51239, 55.00618 ] ] ] } },
{ "type": "Feature", "properties": { "small_area": "E01020899" }, "geometry": { "type": "Polygon", "coordinates": [ [ [ -1.71039, 54.70075 ], [ -1.72862, 54.70388 ], [ -1.73643, 54.70755 ], [ -1.73184, 54.71012 ], [ -1.74352, 54.71761 ], [ -1.73647, 54.72744 ], [ -1.71591, 54.72103 ], [ -1.70602, 54.71363 ], [ -1.71251, 54.71195 ], [ -1.71469, 54.70707 ], [ -1.70892, 54.70428 ], [ -1.71039, 54.70075 ] ] ] } },
{ "type": "Feature", "properties": { "small_area": "E01008460" }, "geometry": { "type": "Polygon", "coordinates": [ [ [ -1.70029, 55.00858 ], [ -1.69513, 55.01548 ], [ -1.68451, 55.01146 ], [ -1.69393, 55.00882 ], [ -1.69129, 55.00637 ], [ -1.70029, 55.00858 ] ] ] } },
{ "type": "Feature", "properties": { "small_area": "E01008463" }, "geometry": { "type": "Polygon", "coordinates": [ [ [ -1.51416, 55.00802 ], [ -1.52625, 55.00577 ], [ -1.52723, 55.00871 ], [ -1.517, 55.01151 ], [ -1.51416, 55.00802 ] ] ] } },
{ "type": "Feature", "properties": { "small_area": "E01008625" }, "geometry": { "type": "Polygon", "coordinates": [ [ [ -1.39882, 54.96456 ], [ -1.39895, 54.97002 ], [ -1.40368, 54.96985 ], [ -1.39666, 54.97379 ], [ -1.39882, 54.96456 ] ] ] } },
{ "type": "Feature", "properties": { "small_area": "E01020652" }, "geometry": { "type": "Polygon", "coordinates": [ [ [ -1.80383, 54.85364 ], [ -1.80651, 54.85178 ], [ -1.80148, 54.8479 ], [ -1.80617, 54.84399 ], [ -1.8156, 54.84625 ], [ -1.81869, 54.84305 ], [ -1.83117, 54.84336 ], [ -1.82443, 54.8472 ], [ -1.8184, 54.85786 ], [ -1.80383, 54.85364 ] ] ] } },
{ "type": "Feature", "properties": { "small_area": "E01020678" }, "geometry": { "type": "Polygon", "coordinates": [ [ [ -1.71403, 54.87557 ], [ -1.71972, 54.8747 ], [ -1.71685, 54.87843 ], [ -1.70345, 54.88021 ], [ -1.70081, 54.87564 ], [ -1.70738, 54.8698 ], [ -1.71403, 54.87557 ] ] ] } },
{ "type": "Feature", "properties": { "small_area": "E01020671" }, "geometry": { "type": "Polygon", "coordinates": [ [ [ -1.7043, 54.85952 ], [ -1.70993, 54.85918 ], [ -1.70854, 54.86367 ], [ -1.7043, 54.85952 ] ] ] } },
{ "type": "Feature", "properties": { "small_area": "E01020670" }, "geometry": { "type": "Polygon", "coordinates": [ [ [ -1.70569, 54.86665 ], [ -1.70146, 54.86705 ], [ -1.70258, 54.86231 ], [ -1.69494, 54.85892 ], [ -1.72119, 54.86596 ], [ -1.72815, 54.87113 ], [ -1.71403, 54.87557 ], [ -1.70569, 54.86665 ] ] ] } },
{ "type": "Feature", "properties": { "small_area": "E01020673" }, "geometry": { "type": "Polygon", "coordinates": [ [ [ -1.6841, 54.8624 ], [ -1.70258, 54.86231 ], [ -1.70146, 54.86705 ], [ -1.6841, 54.8624 ] ] ] } },
{ "type": "Feature", "properties": { "small_area": "E01020672" }, "geometry": { "type": "Polygon", "coordinates": [ [ [ -1.70993, 54.85918 ], [ -1.7043, 54.85952 ], [ -1.70487, 54.86209 ], [ -1.69494, 54.85892 ], [ -1.68391, 54.8476 ], [ -1.69768, 54.84528 ], [ -1.70006, 54.841 ], [ -1.70494, 54.84049 ], [ -1.70695, 54.84376 ], [ -1.72107, 54.84076 ], [ -1.73047, 54.84599 ], [ -1.73258, 54.85262 ], [ -1.71773, 54.8576 ], [ -1.71552, 54.86441 ], [ -1.70854, 54.86367 ], [ -1.70993, 54.85918 ] ] ] } },
{ "type": "Feature", "properties": { "small_area": "E01020612" }, "geometry": { "type": "Polygon", "coordinates": [ [ [ -1.57528, 54.8726 ], [ -1.56781, 54.87284 ], [ -1.56476, 54.86646 ], [ -1.5578, 54.86372 ], [ -1.55911, 54.86132 ], [ -1.59497, 54.87127 ], [ -1.59613, 54.87606 ], [ -1.5807, 54.88105 ], [ -1.57528, 54.8726 ] ] ] } },
{ "type": "Feature", "properties": { "small_area": "E01020675" }, "geometry": { "type": "Polygon", "coordinates": [ [ [ -1.6795, 54.87021 ], [ -1.69745, 54.86516 ], [ -1.69298, 54.87234 ], [ -1.6795, 54.87021 ] ] ] } },
{ "type": "Feature", "properties": { "small_area": "E01020674" }, "geometry": { "type": "Polygon", "coordinates": [ [ [ -1.6795, 54.87021 ], [ -1.68887, 54.87222 ], [ -1.66402, 54.87295 ], [ -1.66161, 54.8642 ], [ -1.66986, 54.85688 ], [ -1.6795, 54.87021 ] ] ] } },
{ "type": "Feature", "properties": { "small_area": "E01020677" }, "geometry": { "type": "Polygon", "coordinates": [ [ [ -1.71685, 54.87843 ], [ -1.72815, 54.87113 ], [ -1.74922, 54.87878 ], [ -1.7437, 54.88822 ], [ -1.73326, 54.88845 ], [ -1.73353, 54.88463 ], [ -1.72862, 54.88466 ], [ -1.73302, 54.88312 ], [ -1.73069, 54.87839 ], [ -1.72532, 54.88044 ], [ -1.72736, 54.88541 ], [ -1.7218, 54.88539 ], [ -1.72419, 54.88758 ], [ -1.71579, 54.89218 ], [ -1.71031, 54.88374 ], [ -1.71311, 54.8819 ], [ -1.70574, 54.88043 ], [ -1.71685, 54.87843 ] ] ] } },
{ "type": "Feature", "properties": { "small_area": "E01020679" }, "geometry": { "type": "Polygon", "coordinates": [ [ [ -1.64753, 54.78312 ], [ -1.65677, 54.79246 ], [ -1.64605, 54.79527 ], [ -1.63916, 54.78607 ], [ -1.6352, 54.78853 ], [ -1.6257, 54.78295 ], [ -1.62866, 54.77992 ], [ -1.64753, 54.78312 ] ] ] } },
{ "type": "Feature", "properties": { "small_area": "E01020742" }, "geometry": { "type": "Polygon", "coordinates": [ [ [ -1.34057, 54.83003 ], [ -1.33825, 54.83099 ], [ -1.32504, 54.83157 ], [ -1.31862, 54.82162 ], [ -1.33507, 54.81822 ], [ -1.34057, 54.83003 ] ] ] } },
{ "type": "Feature", "properties": { "small_area": "E01011955" }, "geometry": { "type": "Polygon", "coordinates": [ [ [ -1.22093, 54.69902 ], [ -1.21228, 54.69792 ], [ -1.21184, 54.69177 ], [ -1.21817, 54.69064 ], [ -1.21698, 54.6934 ], [ -1.22093, 54.69902 ] ] ] } },
{ "type": "Feature", "properties": { "small_area": "E01027453" }, "geometry": { "type": "Polygon", "coordinates": [ [ [ -1.68123, 55.16527 ], [ -1.68991, 55.16354 ], [ -1.69869, 55.16946 ], [ -1.6862, 55.16973 ], [ -1.68123, 55.16527 ] ] ] } },
{ "type": "Feature", "properties": { "small_area": "E01008801" }, "geometry": { "type": "Polygon", "coordinates": [ [ [ -1.4808, 54.86858 ], [ -1.49656, 54.8695 ], [ -1.49827, 54.8741 ], [ -1.48957, 54.87203 ], [ -1.48269, 54.87821 ], [ -1.4764, 54.87598 ], [ -1.4808, 54.86858 ] ] ] } },
{ "type": "Feature", "properties": { "small_area": "E01008880" }, "geometry": { "type": "Polygon", "coordinates": [ [ [ -1.52669, 54.90783 ], [ -1.52575, 54.90595 ], [ -1.53072, 54.90455 ], [ -1.53597, 54.90809 ], [ -1.53312, 54.91112 ], [ -1.52669, 54.90783 ] ] ] } },
{ "type": "Feature", "properties": { "small_area": "E01008800" }, "geometry": { "type": "Polygon", "coordinates": [ [ [ -1.48957, 54.87203 ], [ -1.50012, 54.8783 ], [ -1.48757, 54.87418 ], [ -1.48957, 54.87203 ] ] ] } },
{ "type": "Feature", "properties": { "small_area": "E01008441" }, "geometry": { "type": "Polygon", "coordinates": [ [ [ -1.694, 55.0013 ], [ -1.69445, 54.99728 ], [ -1.6875, 54.99593 ], [ -1.697, 54.99631 ], [ -1.70405, 55.00139 ], [ -1.7016, 55.00465 ], [ -1.694, 55.0013 ] ] ] } },
{ "type": "Feature", "properties": { "small_area": "E01008442" }, "geometry": { "type": "Polygon", "coordinates": [ [ [ -1.71851, 54.99789 ], [ -1.72101, 55.00276 ], [ -1.71121, 55.00463 ], [ -1.71318, 54.99952 ], [ -1.71851, 54.99789 ] ] ] } },
{ "type": "Feature", "properties": { "small_area": "E01008443" }, "geometry": { "type": "Polygon", "coordinates": [ [ [ -1.7279, 55.00256 ], [ -1.71851, 54.99789 ], [ -1.72412, 54.99831 ], [ -1.72405, 54.99509 ], [ -1.7738, 55.00396 ], [ -1.7576, 55.00295 ], [ -1.75686, 55.00781 ], [ -1.73795, 55.01223 ], [ -1.7211, 55.00951 ], [ -1.7279, 55.00256 ] ] ] } },
{ "type": "Feature", "properties": { "small_area": "E01008444" }, "geometry": { "type": "Polygon", "coordinates": [ [ [ -1.70405, 55.00139 ], [ -1.70023, 54.99849 ], [ -1.71318, 54.99952 ], [ -1.71182, 55.00727 ], [ -1.7016, 55.00465 ], [ -1.70405, 55.00139 ] ] ] } },
{ "type": "Feature", "properties": { "small_area": "E01008445" }, "geometry": { "type": "Polygon", "coordinates": [ [ [ -1.68371, 54.99881 ], [ -1.67975, 54.9951 ], [ -1.68213, 54.9932 ], [ -1.69445, 54.99728 ], [ -1.694, 55.0013 ], [ -1.68371, 54.99881 ] ] ] } },
{ "type": "Feature", "properties": { "small_area": "E01008497" }, "geometry": { "type": "Polygon", "coordinates": [ [ [ -1.4488, 55.03409 ], [ -1.43766, 55.03706 ], [ -1.4366, 55.03364 ], [ -1.44391, 55.03178 ], [ -1.4488, 55.03409 ] ] ] } },
{ "type": "Feature", "properties": { "small_area": "E01020754" }, "geometry": { "type": "MultiPolygon", "coordinates": [ [ [ [ -1.35094, 54.78411 ], [ -1.35455, 54.78211 ], [ -1.35617, 54.78474 ], [ -1.35094, 54.78411 ] ] ], [ [ [ -1.35651, 54.78478 ], [ -1.3562, 54.78478 ], [ -1.35617, 54.78474 ], [ -1.35651, 54.78478 ] ] ], [ [ [ -1.36258, 54.78468 ], [ -1.36611, 54.78939 ], [ -1.36292, 54.79842 ], [ -1.38828, 54.79345 ], [ -1.39398, 54.80024 ], [ -1.38513, 54.80209 ], [ -1.38037, 54.80711 ], [ -1.35819, 54.80993 ], [ -1.3622, 54.81429 ], [ -1.35094, 54.8196 ], [ -1.33507, 54.81822 ], [ -1.31862, 54.82162 ], [ -1.31239, 54.80657 ], [ -1.31998, 54.80696 ], [ -1.34117, 54.80011 ], [ -1.34616, 54.79257 ], [ -1.34086, 54.78247 ], [ -1.34973, 54.78205 ], [ -1.34592, 54.78598 ], [ -1.35946, 54.7872 ], [ -1.36026, 54.78951 ], [ -1.36069, 54.78528 ], [ -1.35651, 54.78478 ], [ -1.36258, 54.78468 ] ] ] ] } },
{ "type": "Feature", "properties": { "small_area": "E01020757" }, "geometry": { "type": "Polygon", "coordinates": [ [ [ -1.33179, 54.76433 ], [ -1.33587, 54.76066 ], [ -1.34174, 54.76667 ], [ -1.33179, 54.76433 ] ] ] } },
{ "type": "Feature", "properties": { "small_area": "E01020752" }, "geometry": { "type": "Polygon", "coordinates": [ [ [ -1.30878, 54.78514 ], [ -1.32271, 54.78186 ], [ -1.3254, 54.7874 ], [ -1.33198, 54.7893 ], [ -1.32198, 54.79402 ], [ -1.32596, 54.79941 ], [ -1.3339, 54.79747 ], [ -1.33199, 54.79415 ], [ -1.34616, 54.79257 ], [ -1.34117, 54.80011 ], [ -1.31998, 54.80696 ], [ -1.31239, 54.80657 ], [ -1.30878, 54.78514 ] ] ] } },
{ "type": "Feature", "properties": { "small_area": "E01008580" }, "geometry": { "type": "Polygon", "coordinates": [ [ [ -1.63711, 55.04332 ], [ -1.63212, 55.04151 ], [ -1.6389, 55.04249 ], [ -1.63238, 55.04821 ], [ -1.63104, 55.04532 ], [ -1.63711, 55.04332 ] ] ] } },
{ "type": "Feature", "properties": { "small_area": "E01008500" }, "geometry": { "type": "Polygon", "coordinates": [ [ [ -1.54754, 55.02912 ], [ -1.55131, 55.0235 ], [ -1.5662, 55.02383 ], [ -1.55822, 55.02842 ], [ -1.56529, 55.03065 ], [ -1.54754, 55.02912 ] ] ] } },
{ "type": "Feature", "properties": { "small_area": "E01008581" }, "geometry": { "type": "Polygon", "coordinates": [ [ [ -1.61299, 55.04441 ], [ -1.62456, 55.04002 ], [ -1.63711, 55.04332 ], [ -1.62603, 55.04691 ], [ -1.61299, 55.04441 ] ] ] } },
{ "type": "Feature", "properties": { "small_area": "E01008582" }, "geometry": { "type": "Polygon", "coordinates": [ [ [ -1.61534, 55.05335 ], [ -1.63253, 55.05872 ], [ -1.63508, 55.05646 ], [ -1.63788, 55.06476 ], [ -1.61668, 55.06521 ], [ -1.61534, 55.05335 ] ] ] } },
{ "type": "Feature", "properties": { "small_area": "E01008503" }, "geometry": { "type": "Polygon", "coordinates": [ [ [ -1.52769, 55.0326 ], [ -1.52897, 55.02946 ], [ -1.54227, 55.02523 ], [ -1.53835, 55.02345 ], [ -1.54021, 55.01487 ], [ -1.55917, 55.01219 ], [ -1.54754, 55.02912 ], [ -1.53443, 55.0356 ], [ -1.52769, 55.0326 ] ] ] } },
{ "type": "Feature", "properties": { "small_area": "E01008502" }, "geometry": { "type": "Polygon", "coordinates": [ [ [ -1.55522, 55.01918 ], [ -1.56205, 55.02173 ], [ -1.5614, 55.02382 ], [ -1.55131, 55.0235 ], [ -1.55522, 55.01918 ] ] ] } },
{ "type": "Feature", "properties": { "small_area": "E01008583" }, "geometry": { "type": "Polygon", "coordinates": [ [ [ -1.58718, 55.06322 ], [ -1.58668, 55.05897 ], [ -1.59291, 55.05829 ], [ -1.59592, 55.05446 ], [ -1.60651, 55.058 ], [ -1.59819, 55.06424 ], [ -1.58718, 55.06322 ] ] ] } },
{ "type": "Feature", "properties": { "small_area": "E01020762" }, "geometry": { "type": "Polygon", "coordinates": [ [ [ -1.39549, 54.75534 ], [ -1.39114, 54.75687 ], [ -1.39321, 54.76124 ], [ -1.38709, 54.76186 ], [ -1.38941, 54.75927 ], [ -1.38261, 54.75924 ], [ -1.37832, 54.75546 ], [ -1.39055, 54.7529 ], [ -1.39549, 54.75534 ] ] ] } },
{ "type": "Feature", "properties": { "small_area": "E01008479" }, "geometry": { "type": "Polygon", "coordinates": [ [ [ -1.56669, 55.03639 ], [ -1.57261, 55.03009 ], [ -1.57384, 55.04035 ], [ -1.56888, 55.03707 ], [ -1.56383, 55.04242 ], [ -1.56669, 55.03639 ] ] ] } },
{ "type": "Feature", "properties": { "small_area": "E01008478" }, "geometry": { "type": "Polygon", "coordinates": [ [ [ -1.55979, 55.05452 ], [ -1.55153, 55.04572 ], [ -1.56383, 55.04242 ], [ -1.57722, 55.04438 ], [ -1.57698, 55.05108 ], [ -1.58518, 55.049 ], [ -1.58972, 55.05746 ], [ -1.55979, 55.05452 ] ] ] } },
{ "type": "Feature", "properties": { "small_area": "E01008748" }, "geometry": { "type": "Polygon", "coordinates": [ [ [ -1.45457, 54.81715 ], [ -1.46478, 54.81582 ], [ -1.46956, 54.83037 ], [ -1.45991, 54.83265 ], [ -1.45415, 54.82582 ], [ -1.45457, 54.81715 ] ] ] } },
{ "type": "Feature", "properties": { "small_area": "E01008741" }, "geometry": { "type": "Polygon", "coordinates": [ [ [ -1.36142, 54.87749 ], [ -1.36799, 54.88593 ], [ -1.36599, 54.89442 ], [ -1.36056, 54.89507 ], [ -1.35555, 54.87741 ], [ -1.36142, 54.87749 ] ] ] } },
{ "type": "Feature", "properties": { "small_area": "E01008873" }, "geometry": { "type": "Polygon", "coordinates": [ [ [ -1.54191, 54.9207 ], [ -1.54688, 54.9126 ], [ -1.54885, 54.901 ], [ -1.5584, 54.90031 ], [ -1.56277, 54.90508 ], [ -1.55706, 54.90789 ], [ -1.56637, 54.92167 ], [ -1.55436, 54.91638 ], [ -1.54191, 54.9207 ] ] ] } },
{ "type": "Feature", "properties": { "small_area": "E01008749" }, "geometry": { "type": "Polygon", "coordinates": [ [ [ -1.48682, 54.84485 ], [ -1.47249, 54.83881 ], [ -1.47629, 54.8333 ], [ -1.48372, 54.83831 ], [ -1.48682, 54.84485 ] ] ] } },
{ "type": "Feature", "properties": { "small_area": "E01008870" }, "geometry": { "type": "Polygon", "coordinates": [ [ [ -1.54243, 54.89287 ], [ -1.53851, 54.88991 ], [ -1.54732, 54.88885 ], [ -1.55285, 54.89252 ], [ -1.54243, 54.89287 ] ] ] } },
{ "type": "Feature", "properties": { "small_area": "E01027428" }, "geometry": { "type": "Polygon", "coordinates": [ [ [ -1.53286, 55.11324 ], [ -1.54117, 55.11699 ], [ -1.53232, 55.12187 ], [ -1.52797, 55.11626 ], [ -1.53286, 55.11324 ] ] ] } },
{ "type": "Feature", "properties": { "small_area": "E01027549" }, "geometry": { "type": "Polygon", "coordinates": [ [ [ -1.5486, 55.17446 ], [ -1.55229, 55.17922 ], [ -1.54869, 55.18467 ], [ -1.53897, 55.18741 ], [ -1.53259, 55.17983 ], [ -1.5486, 55.17446 ] ] ] } },
{ "type": "Feature", "properties": { "small_area": "E01027469" }, "geometry": { "type": "Polygon", "coordinates": [ [ [ -1.75104, 55.01561 ], [ -1.76342, 55.01397 ], [ -1.7657, 55.01757 ], [ -1.77176, 55.01649 ], [ -1.77587, 55.03199 ], [ -1.77046, 55.03389 ], [ -1.76474, 55.03242 ], [ -1.76544, 55.0286 ], [ -1.75879, 55.03147 ], [ -1.75532, 55.02814 ], [ -1.75059, 55.02943 ], [ -1.75104, 55.01561 ] ] ] } },
{ "type": "Feature", "properties": { "small_area": "E01008853" }, "geometry": { "type": "Polygon", "coordinates": [ [ [ -1.52009, 54.91076 ], [ -1.51267, 54.91164 ], [ -1.50637, 54.9055 ], [ -1.52575, 54.90595 ], [ -1.5222, 54.91093 ], [ -1.52517, 54.91282 ], [ -1.51636, 54.91526 ], [ -1.52009, 54.91076 ] ] ] } },
{ "type": "Feature", "properties": { "small_area": "E01008519" }, "geometry": { "type": "Polygon", "coordinates": [ [ [ -1.47436, 55.04107 ], [ -1.47885, 55.04316 ], [ -1.47488, 55.04673 ], [ -1.46966, 55.04264 ], [ -1.47436, 55.04107 ] ] ] } },
{ "type": "Feature", "properties": { "small_area": "E01008518" }, "geometry": { "type": "Polygon", "coordinates": [ [ [ -1.47831, 55.04546 ], [ -1.48147, 55.03837 ], [ -1.49165, 55.03759 ], [ -1.48586, 55.04351 ], [ -1.47831, 55.04546 ] ] ] } },
{ "type": "Feature", "properties": { "small_area": "E01008598" }, "geometry": { "type": "Polygon", "coordinates": [ [ [ -1.41834, 55.00125 ], [ -1.4292, 55.00108 ], [ -1.43158, 55.00598 ], [ -1.41834, 55.00125 ] ] ] } },
{ "type": "Feature", "properties": { "small_area": "E01008599" }, "geometry": { "type": "Polygon", "coordinates": [ [ [ -1.43158, 55.00598 ], [ -1.4292, 55.00108 ], [ -1.43384, 55.00031 ], [ -1.43798, 55.00482 ], [ -1.42389, 55.00817 ], [ -1.42389, 55.00563 ], [ -1.43158, 55.00598 ] ] ] } },
{ "type": "Feature", "properties": { "small_area": "E01008852" }, "geometry": { "type": "Polygon", "coordinates": [ [ [ -1.51708, 54.89755 ], [ -1.5179, 54.89506 ], [ -1.52359, 54.89807 ], [ -1.52226, 54.89937 ], [ -1.51243, 54.89713 ], [ -1.51708, 54.89755 ] ] ] } },
{ "type": "Feature", "properties": { "small_area": "E01008855" }, "geometry": { "type": "Polygon", "coordinates": [ [ [ -1.48323, 54.92841 ], [ -1.46643, 54.93013 ], [ -1.4608, 54.92166 ], [ -1.461, 54.90924 ], [ -1.50361, 54.90553 ], [ -1.5043, 54.91733 ], [ -1.51636, 54.91526 ], [ -1.51933, 54.92502 ], [ -1.5274, 54.93312 ], [ -1.48323, 54.92841 ] ] ] } },
{ "type": "Feature", "properties": { "small_area": "E01008296" }, "geometry": { "type": "Polygon", "coordinates": [ [ [ -1.66501, 54.99924 ], [ -1.67147, 54.99706 ], [ -1.67322, 55.00171 ], [ -1.68078, 55.00093 ], [ -1.68029, 55.00367 ], [ -1.67184, 55.00484 ], [ -1.66501, 54.99924 ] ] ] } },
{ "type": "Feature", "properties": { "small_area": "E01008217" }, "geometry": { "type": "Polygon", "coordinates": [ [ [ -1.57687, 54.92132 ], [ -1.58253, 54.91974 ], [ -1.58159, 54.92419 ], [ -1.58538, 54.92409 ], [ -1.58848, 54.93063 ], [ -1.58536, 54.92807 ], [ -1.57899, 54.93074 ], [ -1.57435, 54.92891 ], [ -1.57687, 54.92132 ] ] ] } },
{ "type": "Feature", "properties": { "small_area": "E01008297" }, "geometry": { "type": "Polygon", "coordinates": [ [ [ -1.66652, 54.98953 ], [ -1.67431, 54.99679 ], [ -1.66501, 54.99924 ], [ -1.66301, 54.9966 ], [ -1.66652, 54.98953 ] ] ] } },
{ "type": "Feature", "properties": { "small_area": "E01008216" }, "geometry": { "type": "Polygon", "coordinates": [ [ [ -1.569, 54.94754 ], [ -1.56837, 54.9502 ], [ -1.55519, 54.95052 ], [ -1.559, 54.94725 ], [ -1.569, 54.94754 ] ] ] } },
{ "type": "Feature", "properties": { "small_area": "E01008214" }, "geometry": { "type": "Polygon", "coordinates": [ [ [ -1.58458, 54.96078 ], [ -1.57967, 54.96304 ], [ -1.56988, 54.96141 ], [ -1.57128, 54.95449 ], [ -1.57763, 54.95246 ], [ -1.58458, 54.96078 ] ] ] } },
{ "type": "Feature", "properties": { "small_area": "E01012232" }, "geometry": { "type": "Polygon", "coordinates": [ [ [ -1.3165, 54.50942 ], [ -1.32056, 54.51375 ], [ -1.31207, 54.51435 ], [ -1.31182, 54.50966 ], [ -1.3165, 54.50942 ] ] ] } },
{ "type": "Feature", "properties": { "small_area": "E01020906" }, "geometry": { "type": "Polygon", "coordinates": [ [ [ -1.88133, 54.77842 ], [ -1.85874, 54.77105 ], [ -1.85033, 54.76434 ], [ -1.85506, 54.75438 ], [ -1.83458, 54.7351 ], [ -1.83713, 54.72057 ], [ -1.82147, 54.71526 ], [ -1.79865, 54.71413 ], [ -1.78385, 54.70396 ], [ -1.7845, 54.70108 ], [ -1.76819, 54.69762 ], [ -1.75631, 54.6907 ], [ -1.74959, 54.69192 ], [ -1.73825, 54.6723 ], [ -1.74179, 54.67684 ], [ -1.75309, 54.67364 ], [ -1.76323, 54.67677 ], [ -1.77222, 54.67141 ], [ -1.79337, 54.67464 ], [ -1.78978, 54.68157 ], [ -1.80492, 54.68745 ], [ -1.82249, 54.70876 ], [ -1.87046, 54.70025 ], [ -1.88535, 54.69263 ], [ -1.91626, 54.68449 ], [ -1.92199, 54.67993 ], [ -1.94951, 54.67603 ], [ -1.95114, 54.70198 ], [ -1.92836, 54.72699 ], [ -1.93885, 54.72824 ], [ -1.94019, 54.73336 ], [ -1.9509, 54.73432 ], [ -1.95465, 54.74135 ], [ -1.96402, 54.745 ], [ -1.97545, 54.77074 ], [ -1.95424, 54.78576 ], [ -1.94529, 54.79707 ], [ -1.92615, 54.79407 ], [ -1.91605, 54.79652 ], [ -1.88133, 54.77842 ] ], [ [ -1.86254, 54.7291 ], [ -1.87127, 54.73573 ], [ -1.87943, 54.73542 ], [ -1.87639, 54.73731 ], [ -1.89013, 54.74534 ], [ -1.89093, 54.73593 ], [ -1.88363, 54.73115 ], [ -1.88558, 54.72721 ], [ -1.86204, 54.72345 ], [ -1.86254, 54.7291 ] ] ] } },
{ "type": "Feature", "properties": { "small_area": "E01008522" }, "geometry": { "type": "Polygon", "coordinates": [ [ [ -1.46445, 55.04094 ], [ -1.47153, 55.03758 ], [ -1.47758, 55.03937 ], [ -1.46966, 55.04264 ], [ -1.46445, 55.04094 ] ] ] } },
{ "type": "Feature", "properties": { "small_area": "E01027509" }, "geometry": { "type": "Polygon", "coordinates": [ [ [ -1.90337, 54.94063 ], [ -1.90353, 54.94524 ], [ -1.90572, 54.94233 ], [ -1.919, 54.94051 ], [ -1.92196, 54.94545 ], [ -1.91723, 54.94706 ], [ -1.92361, 54.94892 ], [ -1.90183, 54.95752 ], [ -1.90248, 54.95463 ], [ -1.89347, 54.95376 ], [ -1.90035, 54.9494 ], [ -1.89919, 54.94631 ], [ -1.90447, 54.94623 ], [ -1.89867, 54.94373 ], [ -1.89717, 54.94601 ], [ -1.89051, 54.93973 ], [ -1.90337, 54.94063 ] ] ] } },
{ "type": "Feature", "properties": { "small_area": "E01027401" }, "geometry": { "type": "Polygon", "coordinates": [ [ [ -1.58667, 55.0958 ], [ -1.58041, 55.09847 ], [ -1.58758, 55.09917 ], [ -1.58056, 55.10363 ], [ -1.58315, 55.10049 ], [ -1.57601, 55.10194 ], [ -1.57377, 55.0986 ], [ -1.58667, 55.0958 ] ] ] } },
{ "type": "Feature", "properties": { "small_area": "E01020802" }, "geometry": { "type": "Polygon", "coordinates": [ [ [ -1.65376, 54.62662 ], [ -1.63974, 54.62829 ], [ -1.6358, 54.62571 ], [ -1.64362, 54.62572 ], [ -1.63767, 54.61713 ], [ -1.64162, 54.61936 ], [ -1.68241, 54.61776 ], [ -1.68476, 54.63605 ], [ -1.67969, 54.63566 ], [ -1.67688, 54.64278 ], [ -1.65841, 54.64464 ], [ -1.65376, 54.62662 ] ] ] } },
{ "type": "Feature", "properties": { "small_area": "E01020883" }, "geometry": { "type": "Polygon", "coordinates": [ [ [ -1.70275, 54.64739 ], [ -1.7102, 54.65241 ], [ -1.70398, 54.65393 ], [ -1.70409, 54.66051 ], [ -1.69765, 54.66275 ], [ -1.69442, 54.65985 ], [ -1.70275, 54.64739 ] ] ] } },
{ "type": "Feature", "properties": { "small_area": "E01020884" }, "geometry": { "type": "Polygon", "coordinates": [ [ [ -1.67678, 54.65039 ], [ -1.67137, 54.65036 ], [ -1.67802, 54.64841 ], [ -1.67234, 54.64858 ], [ -1.68105, 54.64312 ], [ -1.67727, 54.65506 ], [ -1.67678, 54.65039 ] ] ] } },
{ "type": "Feature", "properties": { "small_area": "E01011984" }, "geometry": { "type": "Polygon", "coordinates": [ [ [ -1.21879, 54.66987 ], [ -1.22577, 54.66486 ], [ -1.23554, 54.66493 ], [ -1.23613, 54.6722 ], [ -1.21879, 54.66987 ] ] ] } },
{ "type": "Feature", "properties": { "small_area": "E01008328" }, "geometry": { "type": "Polygon", "coordinates": [ [ [ -1.71741, 54.98949 ], [ -1.72995, 54.99502 ], [ -1.71308, 54.9943 ], [ -1.71741, 54.98949 ] ] ] } },
{ "type": "Feature", "properties": { "small_area": "E01011985" }, "geometry": { "type": "Polygon", "coordinates": [ [ [ -1.22098, 54.66461 ], [ -1.22577, 54.66486 ], [ -1.21354, 54.67189 ], [ -1.21218, 54.6686 ], [ -1.22098, 54.66461 ] ] ] } },
{ "type": "Feature", "properties": { "small_area": "E01012073" }, "geometry": { "type": "Polygon", "coordinates": [ [ [ -1.18246, 54.52589 ], [ -1.19159, 54.52633 ], [ -1.18549, 54.5309 ], [ -1.17764, 54.53173 ], [ -1.18246, 54.52589 ] ] ] } },
{ "type": "Feature", "properties": { "small_area": "E01012280" }, "geometry": { "type": "Polygon", "coordinates": [ [ [ -1.29348, 54.60057 ], [ -1.28978, 54.59917 ], [ -1.29424, 54.59913 ], [ -1.29291, 54.59677 ], [ -1.29661, 54.5946 ], [ -1.30117, 54.60225 ], [ -1.28714, 54.60161 ], [ -1.29348, 54.60057 ] ] ] } },
{ "type": "Feature", "properties": { "small_area": "E01008267" }, "geometry": { "type": "Polygon", "coordinates": [ [ [ -1.67204, 54.94522 ], [ -1.67711, 54.9372 ], [ -1.67924, 54.94039 ], [ -1.68772, 54.94068 ], [ -1.67778, 54.94681 ], [ -1.67204, 54.94522 ] ] ] } },
{ "type": "Feature", "properties": { "small_area": "E01008355" }, "geometry": { "type": "Polygon", "coordinates": [ [ [ -1.61724, 55.00732 ], [ -1.62624, 55.00608 ], [ -1.62805, 55.00949 ], [ -1.62076, 55.01225 ], [ -1.61724, 55.00732 ] ] ] } },
{ "type": "Feature", "properties": { "small_area": "E01008352" }, "geometry": { "type": "Polygon", "coordinates": [ [ [ -1.62348, 55.01691 ], [ -1.6283, 55.01407 ], [ -1.6248, 55.01163 ], [ -1.62805, 55.00949 ], [ -1.63339, 55.01102 ], [ -1.62982, 55.01329 ], [ -1.63989, 55.01687 ], [ -1.64186, 55.02296 ], [ -1.6316, 55.02368 ], [ -1.62348, 55.01691 ] ] ] } },
{ "type": "Feature", "properties": { "small_area": "E01008353" }, "geometry": { "type": "Polygon", "coordinates": [ [ [ -1.63614, 55.00702 ], [ -1.63895, 55.01089 ], [ -1.63522, 55.01426 ], [ -1.62982, 55.01329 ], [ -1.63339, 55.01102 ], [ -1.62978, 55.00928 ], [ -1.63614, 55.00702 ] ] ] } },
{ "type": "Feature", "properties": { "small_area": "E01008350" }, "geometry": { "type": "Polygon", "coordinates": [ [ [ -1.67884, 54.9875 ], [ -1.6849, 54.99138 ], [ -1.67975, 54.9951 ], [ -1.67198, 54.98999 ], [ -1.67884, 54.9875 ] ] ] } },
{ "type": "Feature", "properties": { "small_area": "E01012081" }, "geometry": { "type": "Polygon", "coordinates": [ [ [ -1.2452, 54.55525 ], [ -1.24807, 54.55833 ], [ -1.23701, 54.56228 ], [ -1.2452, 54.55525 ] ] ] } },
{ "type": "Feature", "properties": { "small_area": "E01012001" }, "geometry": { "type": "Polygon", "coordinates": [ [ [ -1.19668, 54.67609 ], [ -1.18954, 54.6687 ], [ -1.20528, 54.66878 ], [ -1.20495, 54.67106 ], [ -1.21218, 54.6686 ], [ -1.2159, 54.67691 ], [ -1.21194, 54.68008 ], [ -1.19668, 54.67609 ] ] ] } },
{ "type": "Feature", "properties": { "small_area": "E01012080" }, "geometry": { "type": "Polygon", "coordinates": [ [ [ -1.23246, 54.55895 ], [ -1.24063, 54.55997 ], [ -1.23701, 54.56228 ], [ -1.24111, 54.56239 ], [ -1.23815, 54.56646 ], [ -1.22787, 54.5665 ], [ -1.23246, 54.55895 ] ] ] } },
{ "type": "Feature", "properties": { "small_area": "E01008700" }, "geometry": { "type": "Polygon", "coordinates": [ [ [ -1.38463, 54.90804 ], [ -1.39731, 54.90908 ], [ -1.39958, 54.90684 ], [ -1.41659, 54.91268 ], [ -1.41594, 54.91613 ], [ -1.40747, 54.91286 ], [ -1.3953, 54.9166 ], [ -1.38463, 54.90804 ] ] ] } },
{ "type": "Feature", "properties": { "small_area": "E01012008" }, "geometry": { "type": "Polygon", "coordinates": [ [ [ -1.24787, 54.55027 ], [ -1.23607, 54.55253 ], [ -1.23797, 54.5469 ], [ -1.24787, 54.55027 ] ] ] } },
{ "type": "Feature", "properties": { "small_area": "E01008559" }, "geometry": { "type": "Polygon", "coordinates": [ [ [ -1.4345, 55.01541 ], [ -1.44337, 55.01256 ], [ -1.44631, 55.0176 ], [ -1.4371, 55.01839 ], [ -1.4345, 55.01541 ] ] ] } },
{ "type": "Feature", "properties": { "small_area": "E01008665" }, "geometry": { "type": "Polygon", "coordinates": [ [ [ -1.43841, 54.97961 ], [ -1.44472, 54.98656 ], [ -1.43997, 54.98667 ], [ -1.43624, 54.98308 ], [ -1.43841, 54.97961 ] ] ] } },
{ "type": "Feature", "properties": { "small_area": "E01011950" }, "geometry": { "type": "Polygon", "coordinates": [ [ [ -1.22322, 54.67676 ], [ -1.21537, 54.67545 ], [ -1.22268, 54.6742 ], [ -1.22322, 54.67676 ] ] ] } },
{ "type": "Feature", "properties": { "small_area": "E01020592" }, "geometry": { "type": "Polygon", "coordinates": [ [ [ -1.5821, 54.85387 ], [ -1.5876, 54.85329 ], [ -1.5857, 54.8598 ], [ -1.57912, 54.85879 ], [ -1.5821, 54.85387 ] ] ] } },
{ "type": "Feature", "properties": { "small_area": "E01008415" }, "geometry": { "type": "Polygon", "coordinates": [ [ [ -1.68357, 54.97536 ], [ -1.69287, 54.97426 ], [ -1.68925, 54.96755 ], [ -1.69742, 54.97095 ], [ -1.69607, 54.98163 ], [ -1.68892, 54.97816 ], [ -1.68561, 54.97958 ], [ -1.68357, 54.97536 ] ] ] } },
{ "type": "Feature", "properties": { "small_area": "E01020631" }, "geometry": { "type": "Polygon", "coordinates": [ [ [ -1.84686, 54.85658 ], [ -1.85937, 54.85461 ], [ -1.85517, 54.86014 ], [ -1.85823, 54.86378 ], [ -1.84909, 54.86103 ], [ -1.84686, 54.85658 ] ] ] } },
{ "type": "Feature", "properties": { "small_area": "E01020725" }, "geometry": { "type": "Polygon", "coordinates": [ [ [ -1.44094, 54.80172 ], [ -1.43752, 54.80052 ], [ -1.43764, 54.79421 ], [ -1.44876, 54.78879 ], [ -1.46843, 54.79062 ], [ -1.4716, 54.77891 ], [ -1.49175, 54.77838 ], [ -1.50356, 54.78311 ], [ -1.50651, 54.7885 ], [ -1.51355, 54.78491 ], [ -1.51783, 54.78982 ], [ -1.50905, 54.79826 ], [ -1.51454, 54.80104 ], [ -1.44094, 54.80172 ] ] ] } },
{ "type": "Feature", "properties": { "small_area": "E01012309" }, "geometry": { "type": "Polygon", "coordinates": [ [ [ -1.55781, 54.53752 ], [ -1.56773, 54.53651 ], [ -1.57129, 54.54152 ], [ -1.55781, 54.53752 ] ] ] } },
{ "type": "Feature", "properties": { "small_area": "E01008361" }, "geometry": { "type": "Polygon", "coordinates": [ [ [ -1.57717, 54.98704 ], [ -1.57048, 54.98634 ], [ -1.57572, 54.98334 ], [ -1.57717, 54.98704 ] ] ] } },
{ "type": "Feature", "properties": { "small_area": "E01008360" }, "geometry": { "type": "Polygon", "coordinates": [ [ [ -1.57518, 54.98207 ], [ -1.57048, 54.98634 ], [ -1.57363, 54.98959 ], [ -1.56512, 54.98891 ], [ -1.57518, 54.98207 ] ] ] } },
{ "type": "Feature", "properties": { "small_area": "E01008363" }, "geometry": { "type": "Polygon", "coordinates": [ [ [ -1.56512, 54.98891 ], [ -1.57363, 54.98959 ], [ -1.57702, 54.99303 ], [ -1.56059, 54.99585 ], [ -1.56512, 54.98891 ] ] ] } },
{ "type": "Feature", "properties": { "small_area": "E01008333" }, "geometry": { "type": "Polygon", "coordinates": [ [ [ -1.64828, 54.96888 ], [ -1.65134, 54.97524 ], [ -1.64295, 54.9739 ], [ -1.6407, 54.96873 ], [ -1.64828, 54.96888 ] ] ] } },
{ "type": "Feature", "properties": { "small_area": "E01027371" }, "geometry": { "type": "Polygon", "coordinates": [ [ [ -1.65304, 55.35975 ], [ -1.66077, 55.36112 ], [ -1.69308, 55.34976 ], [ -1.70198, 55.35109 ], [ -1.69921, 55.35767 ], [ -1.71349, 55.36468 ], [ -1.72566, 55.35328 ], [ -1.734, 55.35623 ], [ -1.74464, 55.34974 ], [ -1.7592, 55.35768 ], [ -1.743, 55.36272 ], [ -1.72952, 55.37999 ], [ -1.72426, 55.37741 ], [ -1.7034, 55.37974 ], [ -1.69665, 55.38458 ], [ -1.69367, 55.38297 ], [ -1.67318, 55.39054 ], [ -1.67312, 55.38156 ], [ -1.65663, 55.36725 ], [ -1.65304, 55.35975 ] ] ] } },
{ "type": "Feature", "properties": { "small_area": "E01012091" }, "geometry": { "type": "Polygon", "coordinates": [ [ [ -1.17228, 54.55931 ], [ -1.19093, 54.55456 ], [ -1.19258, 54.55651 ], [ -1.18975, 54.55971 ], [ -1.18462, 54.55853 ], [ -1.18439, 54.5626 ], [ -1.17228, 54.55931 ] ] ] } },
{ "type": "Feature", "properties": { "small_area": "E01012010" }, "geometry": { "type": "Polygon", "coordinates": [ [ [ -1.2479, 54.53694 ], [ -1.25902, 54.54669 ], [ -1.24996, 54.54768 ], [ -1.2479, 54.53694 ] ] ] } },
{ "type": "Feature", "properties": { "small_area": "E01027368" }, "geometry": { "type": "Polygon", "coordinates": [ [ [ -1.95763, 55.32226 ], [ -1.9605, 55.31789 ], [ -1.97173, 55.32499 ], [ -1.98503, 55.32631 ], [ -1.98034, 55.31545 ], [ -1.96036, 55.312 ], [ -1.95533, 55.30631 ], [ -1.94031, 55.30771 ], [ -1.91754, 55.30207 ], [ -1.90897, 55.30702 ], [ -1.90115, 55.30598 ], [ -1.91159, 55.30798 ], [ -1.91448, 55.31288 ], [ -1.90128, 55.31647 ], [ -1.88689, 55.31405 ], [ -1.8912, 55.30689 ], [ -1.9026, 55.30382 ], [ -1.89655, 55.29671 ], [ -1.90173, 55.2927 ], [ -1.89136, 55.29368 ], [ -1.88206, 55.28857 ], [ -1.85799, 55.28634 ], [ -1.8534, 55.28294 ], [ -1.86126, 55.27945 ], [ -1.86191, 55.27328 ], [ -1.85652, 55.27119 ], [ -1.84662, 55.26872 ], [ -1.83667, 55.27657 ], [ -1.8315, 55.26803 ], [ -1.82055, 55.26274 ], [ -1.81463, 55.26299 ], [ -1.81562, 55.27088 ], [ -1.8051, 55.25828 ], [ -1.80652, 55.25309 ], [ -1.79887, 55.24836 ], [ -1.81797, 55.23793 ], [ -1.82838, 55.24159 ], [ -1.82914, 55.23767 ], [ -1.82296, 55.23724 ], [ -1.84432, 55.23104 ], [ -1.85412, 55.23199 ], [ -1.85691, 55.23668 ], [ -1.863, 55.23535 ], [ -1.85922, 55.23078 ], [ -1.86558, 55.23053 ], [ -1.86477, 55.22496 ], [ -1.85703, 55.21973 ], [ -1.85943, 55.21533 ], [ -1.86943, 55.21653 ], [ -1.88334, 55.21302 ], [ -1.90296, 55.21689 ], [ -1.91349, 55.21402 ], [ -1.90704, 55.20165 ], [ -1.9119, 55.18501 ], [ -1.90929, 55.17791 ], [ -1.92594, 55.17596 ], [ -1.93801, 55.18007 ], [ -1.99799, 55.18158 ], [ -2.00538, 55.19567 ], [ -2.03593, 55.19009 ], [ -2.04578, 55.20352 ], [ -2.06136, 55.21119 ], [ -2.02471, 55.22329 ], [ -2.02293, 55.23455 ], [ -2.03446, 55.23871 ], [ -2.03288, 55.24291 ], [ -2.01115, 55.24205 ], [ -1.9768, 55.26167 ], [ -1.98869, 55.26797 ], [ -1.97896, 55.28329 ], [ -1.98104, 55.28927 ], [ -1.99365, 55.28593 ], [ -1.99821, 55.29442 ], [ -1.99387, 55.2988 ], [ -1.99909, 55.30273 ], [ -1.99414, 55.30635 ], [ -2.02587, 55.31696 ], [ -2.02811, 55.32357 ], [ -2.02018, 55.32844 ], [ -1.99255, 55.33082 ], [ -1.99173, 55.33483 ], [ -1.97122, 55.34632 ], [ -1.96513, 55.3441 ], [ -1.96717, 55.3362 ], [ -1.94836, 55.32702 ], [ -1.94922, 55.32427 ], [ -1.95385, 55.32596 ], [ -1.95176, 55.31987 ], [ -1.95763, 55.32226 ] ] ] } },
{ "type": "Feature", "properties": { "small_area": "E01008540" }, "geometry": { "type": "Polygon", "coordinates": [ [ [ -1.47124, 54.99085 ], [ -1.48496, 54.98903 ], [ -1.4877, 54.99194 ], [ -1.48514, 54.99998 ], [ -1.47438, 55.00215 ], [ -1.47069, 55.00039 ], [ -1.47398, 54.99613 ], [ -1.46907, 54.9965 ], [ -1.47124, 54.99085 ] ] ] } },
{ "type": "Feature", "properties": { "small_area": "E01012088" }, "geometry": { "type": "Polygon", "coordinates": [ [ [ -1.18975, 54.55971 ], [ -1.19258, 54.55651 ], [ -1.19949, 54.56253 ], [ -1.19533, 54.56564 ], [ -1.18975, 54.55971 ] ] ] } },
{ "type": "Feature", "properties": { "small_area": "E01012009" }, "geometry": { "type": "MultiPolygon", "coordinates": [ [ [ [ -1.24995, 54.54766 ], [ -1.24996, 54.54768 ], [ -1.25902, 54.54669 ], [ -1.26063, 54.54995 ], [ -1.24619, 54.55188 ], [ -1.24995, 54.54766 ] ] ], [ [ [ -1.24434, 54.54437 ], [ -1.24873, 54.54371 ], [ -1.24995, 54.54766 ], [ -1.24434, 54.54437 ] ] ] ] } },
{ "type": "Feature", "properties": { "small_area": "E01012071" }, "geometry": { "type": "Polygon", "coordinates": [ [ [ -1.18951, 54.52544 ], [ -1.17447, 54.52535 ], [ -1.17308, 54.52065 ], [ -1.16926, 54.52273 ], [ -1.17098, 54.51884 ], [ -1.18951, 54.52544 ] ] ] } },
{ "type": "Feature", "properties": { "small_area": "E01020877" }, "geometry": { "type": "Polygon", "coordinates": [ [ [ -1.74082, 54.71368 ], [ -1.74517, 54.70638 ], [ -1.74814, 54.70693 ], [ -1.7451, 54.71351 ], [ -1.74908, 54.71474 ], [ -1.74776, 54.72081 ], [ -1.74082, 54.71368 ] ] ] } },
{ "type": "Feature", "properties": { "small_area": "E01033472" }, "geometry": { "type": "Polygon", "coordinates": [ [ [ -1.05621, 54.52568 ], [ -1.06348, 54.52267 ], [ -1.06801, 54.52568 ], [ -1.06358, 54.53237 ], [ -1.05621, 54.52568 ] ] ] } },
{ "type": "Feature", "properties": { "small_area": "E01033475" }, "geometry": { "type": "Polygon", "coordinates": [ [ [ -1.31613, 54.52826 ], [ -1.32907, 54.52632 ], [ -1.33019, 54.53198 ], [ -1.31965, 54.53376 ], [ -1.31613, 54.52826 ] ] ] } },
{ "type": "Feature", "properties": { "small_area": "E01033474" }, "geometry": { "type": "Polygon", "coordinates": [ [ [ -1.31778, 54.51735 ], [ -1.32637, 54.51799 ], [ -1.32839, 54.52282 ], [ -1.32508, 54.51834 ], [ -1.32262, 54.52478 ], [ -1.31614, 54.52538 ], [ -1.31778, 54.51735 ] ] ] } },
{ "type": "Feature", "properties": { "small_area": "E01032548" }, "geometry": { "type": "Polygon", "coordinates": [ [ [ -1.06979, 54.52046 ], [ -1.08227, 54.52274 ], [ -1.07516, 54.52726 ], [ -1.08158, 54.53096 ], [ -1.07223, 54.53348 ], [ -1.0639, 54.53116 ], [ -1.06979, 54.52046 ] ] ] } },
{ "type": "Feature", "properties": { "small_area": "E01032549" }, "geometry": { "type": "Polygon", "coordinates": [ [ [ -1.0639, 54.53116 ], [ -1.06794, 54.53025 ], [ -1.07223, 54.53348 ], [ -1.08158, 54.53096 ], [ -1.08017, 54.52902 ], [ -1.08541, 54.52916 ], [ -1.08469, 54.53162 ], [ -1.09243, 54.52943 ], [ -1.08691, 54.53501 ], [ -1.06362, 54.53439 ], [ -1.0639, 54.53116 ] ] ] } },
{ "type": "Feature", "properties": { "small_area": "E01032540" }, "geometry": { "type": "Polygon", "coordinates": [ [ [ -1.22958, 54.69527 ], [ -1.23183, 54.69978 ], [ -1.24146, 54.69882 ], [ -1.24174, 54.7009 ], [ -1.23219, 54.70292 ], [ -1.22549, 54.69946 ], [ -1.22958, 54.69527 ] ] ] } },
{ "type": "Feature", "properties": { "small_area": "E01032541" }, "geometry": { "type": "Polygon", "coordinates": [ [ [ -1.23786, 54.69423 ], [ -1.23869, 54.69135 ], [ -1.24431, 54.69408 ], [ -1.24146, 54.69882 ], [ -1.23183, 54.69978 ], [ -1.22958, 54.69527 ], [ -1.23786, 54.69423 ] ] ] } },
{ "type": "Feature", "properties": { "small_area": "E01008773" }, "geometry": { "type": "Polygon", "coordinates": [ [ [ -1.42594, 54.87541 ], [ -1.41838, 54.87104 ], [ -1.43007, 54.86992 ], [ -1.43194, 54.87421 ], [ -1.42594, 54.87541 ] ] ] } },
{ "type": "Feature", "properties": { "small_area": "E01012011" }, "geometry": { "type": "Polygon", "coordinates": [ [ [ -1.26718, 54.54977 ], [ -1.27165, 54.55372 ], [ -1.27085, 54.55691 ], [ -1.27822, 54.56088 ], [ -1.27045, 54.56315 ], [ -1.26133, 54.55704 ], [ -1.26203, 54.55126 ], [ -1.26718, 54.54977 ] ] ] } },
{ "type": "Feature", "properties": { "small_area": "E01012090" }, "geometry": { "type": "Polygon", "coordinates": [ [ [ -1.18462, 54.55853 ], [ -1.18975, 54.55971 ], [ -1.19175, 54.56429 ], [ -1.18485, 54.56656 ], [ -1.18462, 54.55853 ] ] ] } },
{ "type": "Feature", "properties": { "small_area": "E01012140" }, "geometry": { "type": "Polygon", "coordinates": [ [ [ -1.04165, 54.57153 ], [ -1.03577, 54.5783 ], [ -1.04373, 54.57893 ], [ -1.04175, 54.58086 ], [ -1.04527, 54.58502 ], [ -1.02644, 54.57488 ], [ -1.04165, 54.57153 ] ] ] } },
{ "type": "Feature", "properties": { "small_area": "E01012143" }, "geometry": { "type": "Polygon", "coordinates": [ [ [ -1.07638, 54.60306 ], [ -1.07787, 54.60683 ], [ -1.07276, 54.60841 ], [ -1.06815, 54.60387 ], [ -1.07638, 54.60306 ] ] ] } },
{ "type": "Feature", "properties": { "small_area": "E01012145" }, "geometry": { "type": "Polygon", "coordinates": [ [ [ -1.15247, 54.55349 ], [ -1.15001, 54.55181 ], [ -1.16045, 54.55576 ], [ -1.15064, 54.5592 ], [ -1.1481, 54.55613 ], [ -1.15247, 54.55349 ] ] ] } },
{ "type": "Feature", "properties": { "small_area": "E01012142" }, "geometry": { "type": "Polygon", "coordinates": [ [ [ -1.066, 54.60393 ], [ -1.07276, 54.60841 ], [ -1.07787, 54.60683 ], [ -1.07746, 54.61353 ], [ -1.06675, 54.60877 ], [ -1.066, 54.60393 ] ] ] } },
{ "type": "Feature", "properties": { "small_area": "E01012144" }, "geometry": { "type": "Polygon", "coordinates": [ [ [ -1.06675, 54.60877 ], [ -1.07746, 54.61353 ], [ -1.07684, 54.61553 ], [ -1.06802, 54.61501 ], [ -1.06675, 54.60877 ] ] ] } },
{ "type": "Feature", "properties": { "small_area": "E01012141" }, "geometry": { "type": "Polygon", "coordinates": [ [ [ -1.03094, 54.59255 ], [ -1.03069, 54.6021 ], [ -1.03768, 54.60521 ], [ -1.01638, 54.59824 ], [ -1.03094, 54.59255 ] ] ] } },
{ "type": "Feature", "properties": { "small_area": "E01008202" }, "geometry": { "type": "Polygon", "coordinates": [ [ [ -1.5806, 54.94338 ], [ -1.58583, 54.94716 ], [ -1.57991, 54.94902 ], [ -1.58215, 54.95062 ], [ -1.5772, 54.95054 ], [ -1.5806, 54.94338 ] ] ] } },
{ "type": "Feature", "properties": { "small_area": "E01008203" }, "geometry": { "type": "Polygon", "coordinates": [ [ [ -1.59975, 54.95421 ], [ -1.59041, 54.94899 ], [ -1.59521, 54.94946 ], [ -1.59914, 54.94885 ], [ -1.59975, 54.95421 ] ] ] } },
{ "type": "Feature", "properties": { "small_area": "E01008282" }, "geometry": { "type": "Polygon", "coordinates": [ [ [ -1.54488, 54.94035 ], [ -1.54145, 54.93808 ], [ -1.54448, 54.93503 ], [ -1.55049, 54.93772 ], [ -1.54488, 54.94035 ] ] ] } },
{ "type": "Feature", "properties": { "small_area": "E01008200" }, "geometry": { "type": "Polygon", "coordinates": [ [ [ -1.77451, 54.97802 ], [ -1.78234, 54.9772 ], [ -1.78229, 54.96939 ], [ -1.78964, 54.9719 ], [ -1.79307, 54.96861 ], [ -1.79883, 54.97182 ], [ -1.79697, 54.9636 ], [ -1.78573, 54.95919 ], [ -1.80085, 54.95562 ], [ -1.79758, 54.94866 ], [ -1.80201, 54.9431 ], [ -1.81674, 54.94247 ], [ -1.81846, 54.94666 ], [ -1.83269, 54.95366 ], [ -1.82335, 54.95548 ], [ -1.82258, 54.96483 ], [ -1.81551, 54.96729 ], [ -1.8128, 54.97631 ], [ -1.78496, 54.98452 ], [ -1.77451, 54.97802 ] ] ] } },
{ "type": "Feature", "properties": { "small_area": "E01008281" }, "geometry": { "type": "Polygon", "coordinates": [ [ [ -1.53293, 54.94261 ], [ -1.54145, 54.93808 ], [ -1.54488, 54.94035 ], [ -1.54952, 54.93864 ], [ -1.5402, 54.94532 ], [ -1.53293, 54.94261 ] ] ] } },
{ "type": "Feature", "properties": { "small_area": "E01008280" }, "geometry": { "type": "Polygon", "coordinates": [ [ [ -1.7167, 54.95603 ], [ -1.71017, 54.94824 ], [ -1.71621, 54.94739 ], [ -1.71869, 54.95288 ], [ -1.72786, 54.95311 ], [ -1.7299, 54.95676 ], [ -1.7167, 54.95603 ] ] ] } },
{ "type": "Feature", "properties": { "small_area": "E01008201" }, "geometry": { "type": "Polygon", "coordinates": [ [ [ -1.58701, 54.93996 ], [ -1.59184, 54.94649 ], [ -1.58583, 54.94716 ], [ -1.5806, 54.94338 ], [ -1.58701, 54.93996 ] ] ] } },
{ "type": "Feature", "properties": { "small_area": "E01027551" }, "geometry": { "type": "Polygon", "coordinates": [ [ [ -1.56273, 55.1389 ], [ -1.56892, 55.13971 ], [ -1.5717, 55.14601 ], [ -1.56188, 55.14421 ], [ -1.56273, 55.1389 ] ] ] } },
{ "type": "Feature", "properties": { "small_area": "E01008266" }, "geometry": { "type": "Polygon", "coordinates": [ [ [ -1.69213, 54.93935 ], [ -1.69977, 54.94724 ], [ -1.69745, 54.95113 ], [ -1.68462, 54.94942 ], [ -1.68348, 54.94467 ], [ -1.69213, 54.93935 ] ] ] } },
{ "type": "Feature", "properties": { "small_area": "E01008174" }, "geometry": { "type": "Polygon", "coordinates": [ [ [ -1.55854, 54.89595 ], [ -1.5618, 54.89955 ], [ -1.56596, 54.89803 ], [ -1.5655, 54.89045 ], [ -1.58086, 54.88164 ], [ -1.58332, 54.89066 ], [ -1.57684, 54.89126 ], [ -1.57629, 54.89411 ], [ -1.56941, 54.89294 ], [ -1.57604, 54.89521 ], [ -1.57799, 54.90085 ], [ -1.5717, 54.8983 ], [ -1.56277, 54.90508 ], [ -1.55854, 54.89595 ] ] ] } },
{ "type": "Feature", "properties": { "small_area": "E01012114" }, "geometry": { "type": "Polygon", "coordinates": [ [ [ -1.13985, 54.58047 ], [ -1.14135, 54.57465 ], [ -1.14922, 54.57397 ], [ -1.14993, 54.57768 ], [ -1.15443, 54.57776 ], [ -1.14804, 54.58296 ], [ -1.13985, 54.58047 ] ] ] } },
{ "type": "Feature", "properties": { "small_area": "E01027369" }, "geometry": { "type": "Polygon", "coordinates": [ [ [ -1.90128, 55.31647 ], [ -1.91448, 55.31288 ], [ -1.91159, 55.30798 ], [ -1.90115, 55.30598 ], [ -1.90897, 55.30702 ], [ -1.91754, 55.30207 ], [ -1.94031, 55.30771 ], [ -1.95533, 55.30631 ], [ -1.96036, 55.312 ], [ -1.98034, 55.31545 ], [ -1.98503, 55.32631 ], [ -1.97173, 55.32499 ], [ -1.9605, 55.31789 ], [ -1.95763, 55.32226 ], [ -1.90128, 55.31647 ] ] ] } },
{ "type": "Feature", "properties": { "small_area": "E01008274" }, "geometry": { "type": "Polygon", "coordinates": [ [ [ -1.68041, 54.91959 ], [ -1.68355, 54.9229 ], [ -1.67794, 54.92687 ], [ -1.67557, 54.92209 ], [ -1.68041, 54.91959 ] ] ] } },
{ "type": "Feature", "properties": { "small_area": "E01012214" }, "geometry": { "type": "Polygon", "coordinates": [ [ [ -1.27753, 54.60681 ], [ -1.28061, 54.61453 ], [ -1.2744, 54.61549 ], [ -1.27686, 54.61206 ], [ -1.27189, 54.61003 ], [ -1.27753, 54.60681 ] ] ] } },
{ "type": "Feature", "properties": { "small_area": "E01008208" }, "geometry": { "type": "Polygon", "coordinates": [ [ [ -1.64366, 54.94687 ], [ -1.65846, 54.94505 ], [ -1.66149, 54.94558 ], [ -1.66285, 54.95036 ], [ -1.66668, 54.95047 ], [ -1.66036, 54.95679 ], [ -1.64366, 54.94687 ] ] ] } },
{ "type": "Feature", "properties": { "small_area": "E01008289" }, "geometry": { "type": "Polygon", "coordinates": [ [ [ -1.66483, 54.97749 ], [ -1.66433, 54.97187 ], [ -1.67129, 54.9714 ], [ -1.66894, 54.97445 ], [ -1.67407, 54.97606 ], [ -1.67388, 54.97985 ], [ -1.66483, 54.97749 ] ] ] } },
{ "type": "Feature", "properties": { "small_area": "E01008209" }, "geometry": { "type": "Polygon", "coordinates": [ [ [ -1.64434, 54.95724 ], [ -1.6434, 54.95386 ], [ -1.64908, 54.95232 ], [ -1.67908, 54.9633 ], [ -1.65955, 54.96194 ], [ -1.63738, 54.95783 ], [ -1.64434, 54.95724 ] ] ] } },
{ "type": "Feature", "properties": { "small_area": "E01008288" }, "geometry": { "type": "Polygon", "coordinates": [ [ [ -1.66894, 54.97445 ], [ -1.67129, 54.9714 ], [ -1.6871, 54.97845 ], [ -1.67941, 54.97667 ], [ -1.67977, 54.98138 ], [ -1.66894, 54.97445 ] ] ] } },
{ "type": "Feature", "properties": { "small_area": "E01027531" }, "geometry": { "type": "Polygon", "coordinates": [ [ [ -1.61833, 55.16502 ], [ -1.61832, 55.16043 ], [ -1.60952, 55.15838 ], [ -1.61803, 55.1549 ], [ -1.61925, 55.15076 ], [ -1.61083, 55.15192 ], [ -1.6084, 55.15793 ], [ -1.60732, 55.15539 ], [ -1.59108, 55.16207 ], [ -1.5888, 55.15634 ], [ -1.59274, 55.15583 ], [ -1.58956, 55.14462 ], [ -1.62483, 55.14893 ], [ -1.62108, 55.15067 ], [ -1.63486, 55.15485 ], [ -1.6371, 55.16453 ], [ -1.63163, 55.16957 ], [ -1.62259, 55.17234 ], [ -1.62156, 55.1682 ], [ -1.61435, 55.16717 ], [ -1.61833, 55.16502 ] ] ] } },
{ "type": "Feature", "properties": { "small_area": "E01027530" }, "geometry": { "type": "Polygon", "coordinates": [ [ [ -1.60287, 55.15861 ], [ -1.60112, 55.15693 ], [ -1.60732, 55.15539 ], [ -1.6084, 55.15793 ], [ -1.61083, 55.15192 ], [ -1.61925, 55.15076 ], [ -1.61803, 55.1549 ], [ -1.60952, 55.15838 ], [ -1.61832, 55.16043 ], [ -1.61833, 55.16502 ], [ -1.61435, 55.16717 ], [ -1.61712, 55.16366 ], [ -1.61339, 55.16162 ], [ -1.59929, 55.16592 ], [ -1.60287, 55.15861 ] ] ] } },
{ "type": "Feature", "properties": { "small_area": "E01027533" }, "geometry": { "type": "Polygon", "coordinates": [ [ [ -1.54773, 55.1728 ], [ -1.55305, 55.17072 ], [ -1.55868, 55.17568 ], [ -1.5521, 55.17885 ], [ -1.54773, 55.1728 ] ] ] } },
{ "type": "Feature", "properties": { "small_area": "E01020875" }, "geometry": { "type": "Polygon", "coordinates": [ [ [ -1.6573, 54.68654 ], [ -1.64576, 54.68503 ], [ -1.63592, 54.67689 ], [ -1.605, 54.67987 ], [ -1.60184, 54.66593 ], [ -1.60772, 54.66107 ], [ -1.60425, 54.66727 ], [ -1.61668, 54.66636 ], [ -1.61863, 54.67163 ], [ -1.62419, 54.67086 ], [ -1.63012, 54.66345 ], [ -1.63738, 54.66594 ], [ -1.64357, 54.66294 ], [ -1.63514, 54.66102 ], [ -1.63748, 54.65932 ], [ -1.64808, 54.66254 ], [ -1.6553, 54.66057 ], [ -1.65613, 54.66448 ], [ -1.66663, 54.66394 ], [ -1.66508, 54.66903 ], [ -1.67121, 54.67403 ], [ -1.6823, 54.67351 ], [ -1.68526, 54.67968 ], [ -1.67618, 54.69203 ], [ -1.69294, 54.69141 ], [ -1.68865, 54.70359 ], [ -1.67814, 54.70388 ], [ -1.6573, 54.68654 ] ] ] } },
{ "type": "Feature", "properties": { "small_area": "E01008435" }, "geometry": { "type": "Polygon", "coordinates": [ [ [ -1.55746, 54.98087 ], [ -1.55882, 54.98514 ], [ -1.55499, 54.98354 ], [ -1.54792, 54.98717 ], [ -1.54446, 54.98501 ], [ -1.55746, 54.98087 ] ] ] } },
{ "type": "Feature", "properties": { "small_area": "E01008608" }, "geometry": { "type": "Polygon", "coordinates": [ [ [ -1.46037, 54.95964 ], [ -1.46419, 54.96679 ], [ -1.45747, 54.96495 ], [ -1.46037, 54.95964 ] ] ] } },
{ "type": "Feature", "properties": { "small_area": "E01008689" }, "geometry": { "type": "Polygon", "coordinates": [ [ [ -1.43539, 54.95553 ], [ -1.43719, 54.96111 ], [ -1.43331, 54.96172 ], [ -1.42876, 54.95895 ], [ -1.43539, 54.95553 ] ] ] } },
{ "type": "Feature", "properties": { "small_area": "E01008601" }, "geometry": { "type": "Polygon", "coordinates": [ [ [ -1.47493, 54.96907 ], [ -1.47681, 54.97406 ], [ -1.45086, 54.97658 ], [ -1.46031, 54.97098 ], [ -1.47493, 54.96907 ] ] ] } },
{ "type": "Feature", "properties": { "small_area": "E01008680" }, "geometry": { "type": "Polygon", "coordinates": [ [ [ -1.42212, 54.97595 ], [ -1.42661, 54.97756 ], [ -1.42033, 54.98253 ], [ -1.41522, 54.97947 ], [ -1.42212, 54.97595 ] ] ] } },
{ "type": "Feature", "properties": { "small_area": "E01008688" }, "geometry": { "type": "Polygon", "coordinates": [ [ [ -1.42876, 54.95895 ], [ -1.43331, 54.96172 ], [ -1.4281, 54.96512 ], [ -1.43484, 54.96444 ], [ -1.43782, 54.96714 ], [ -1.41671, 54.97191 ], [ -1.42876, 54.95895 ] ] ] } },
{ "type": "Feature", "properties": { "small_area": "E01008609" }, "geometry": { "type": "Polygon", "coordinates": [ [ [ -1.43625, 54.95805 ], [ -1.4429, 54.9618 ], [ -1.4435, 54.96613 ], [ -1.43904, 54.96695 ], [ -1.43625, 54.95805 ] ] ] } },
{ "type": "Feature", "properties": { "small_area": "E01008839" }, "geometry": { "type": "Polygon", "coordinates": [ [ [ -1.4406, 54.92266 ], [ -1.44528, 54.92423 ], [ -1.43713, 54.92722 ], [ -1.4418, 54.93294 ], [ -1.4274, 54.93093 ], [ -1.4406, 54.92266 ] ] ] } },
{ "type": "Feature", "properties": { "small_area": "E01008835" }, "geometry": { "type": "Polygon", "coordinates": [ [ [ -1.39215, 54.89758 ], [ -1.38565, 54.89665 ], [ -1.40115, 54.89622 ], [ -1.39592, 54.90195 ], [ -1.38849, 54.89943 ], [ -1.39215, 54.89758 ] ] ] } },
{ "type": "Feature", "properties": { "small_area": "E01020699" }, "geometry": { "type": "Polygon", "coordinates": [ [ [ -1.49958, 54.71161 ], [ -1.49899, 54.71968 ], [ -1.50525, 54.72174 ], [ -1.49763, 54.72658 ], [ -1.49051, 54.72633 ], [ -1.48469, 54.73177 ], [ -1.47582, 54.72786 ], [ -1.48501, 54.72595 ], [ -1.47862, 54.72055 ], [ -1.48024, 54.71763 ], [ -1.4925, 54.71809 ], [ -1.48665, 54.71285 ], [ -1.49958, 54.71161 ] ] ] } },
{ "type": "Feature", "properties": { "small_area": "E01008660" }, "geometry": { "type": "Polygon", "coordinates": [ [ [ -1.48857, 54.97914 ], [ -1.48867, 54.97442 ], [ -1.49272, 54.97111 ], [ -1.49649, 54.98068 ], [ -1.48857, 54.97914 ] ] ] } },
{ "type": "Feature", "properties": { "small_area": "E01012350" }, "geometry": { "type": "Polygon", "coordinates": [ [ [ -1.54775, 54.54588 ], [ -1.54511, 54.53881 ], [ -1.54854, 54.53671 ], [ -1.55243, 54.54692 ], [ -1.54775, 54.54588 ] ] ] } },
{ "type": "Feature", "properties": { "small_area": "E01012353" }, "geometry": { "type": "Polygon", "coordinates": [ [ [ -1.55825, 54.53061 ], [ -1.56376, 54.53264 ], [ -1.56174, 54.53431 ], [ -1.5559, 54.53412 ], [ -1.55825, 54.53061 ] ] ] } },
{ "type": "Feature", "properties": { "small_area": "E01012352" }, "geometry": { "type": "Polygon", "coordinates": [ [ [ -1.55999, 54.53967 ], [ -1.56106, 54.54355 ], [ -1.55243, 54.54692 ], [ -1.55227, 54.54233 ], [ -1.55999, 54.53967 ] ] ] } },
{ "type": "Feature", "properties": { "small_area": "E01012355" }, "geometry": { "type": "Polygon", "coordinates": [ [ [ -1.55639, 54.52755 ], [ -1.5678, 54.52967 ], [ -1.56376, 54.53264 ], [ -1.55639, 54.52755 ] ] ] } },
{ "type": "Feature", "properties": { "small_area": "E01012351" }, "geometry": { "type": "Polygon", "coordinates": [ [ [ -1.54083, 54.54581 ], [ -1.54206, 54.53903 ], [ -1.54511, 54.53881 ], [ -1.54775, 54.54588 ], [ -1.54083, 54.54581 ] ] ] } },
{ "type": "Feature", "properties": { "small_area": "E01012007" }, "geometry": { "type": "Polygon", "coordinates": [ [ [ -1.23488, 54.54028 ], [ -1.2479, 54.53694 ], [ -1.24873, 54.54371 ], [ -1.24434, 54.54437 ], [ -1.24995, 54.54766 ], [ -1.24787, 54.55027 ], [ -1.23797, 54.5469 ], [ -1.23488, 54.54028 ] ] ] } },
{ "type": "Feature", "properties": { "small_area": "E01012085" }, "geometry": { "type": "Polygon", "coordinates": [ [ [ -1.20067, 54.54602 ], [ -1.20879, 54.55219 ], [ -1.20188, 54.55173 ], [ -1.20334, 54.55446 ], [ -1.19725, 54.5521 ], [ -1.20067, 54.54602 ] ] ] } },
{ "type": "Feature", "properties": { "small_area": "E01012084" }, "geometry": { "type": "Polygon", "coordinates": [ [ [ -1.19189, 54.55117 ], [ -1.19872, 54.54956 ], [ -1.19725, 54.5521 ], [ -1.20477, 54.55689 ], [ -1.19978, 54.55808 ], [ -1.19189, 54.55117 ] ] ] } },
{ "type": "Feature", "properties": { "small_area": "E01012005" }, "geometry": { "type": "Polygon", "coordinates": [ [ [ -1.25083, 54.6906 ], [ -1.25761, 54.69191 ], [ -1.24978, 54.69493 ], [ -1.2546, 54.69992 ], [ -1.24174, 54.7009 ], [ -1.25083, 54.6906 ] ] ] } },
{ "type": "Feature", "properties": { "small_area": "E01008758" }, "geometry": { "type": "Polygon", "coordinates": [ [ [ -1.42288, 54.89876 ], [ -1.42402, 54.89218 ], [ -1.4296, 54.89486 ], [ -1.42905, 54.89811 ], [ -1.42404, 54.89885 ], [ -1.42548, 54.90199 ], [ -1.41743, 54.90088 ], [ -1.42288, 54.89876 ] ] ] } },
{ "type": "Feature", "properties": { "small_area": "E01008458" }, "geometry": { "type": "Polygon", "coordinates": [ [ [ -1.665, 55.02448 ], [ -1.65636, 55.02498 ], [ -1.65925, 55.02104 ], [ -1.66646, 55.02218 ], [ -1.68023, 55.01022 ], [ -1.69513, 55.01548 ], [ -1.70029, 55.00858 ], [ -1.69408, 55.00366 ], [ -1.71722, 55.01109 ], [ -1.73795, 55.01223 ], [ -1.75686, 55.00781 ], [ -1.75653, 55.01401 ], [ -1.75104, 55.01561 ], [ -1.75023, 55.02401 ], [ -1.74002, 55.02457 ], [ -1.73931, 55.02959 ], [ -1.72691, 55.03315 ], [ -1.71443, 55.03402 ], [ -1.71588, 55.03711 ], [ -1.70864, 55.04225 ], [ -1.68025, 55.04129 ], [ -1.67884, 55.03866 ], [ -1.66766, 55.04111 ], [ -1.665, 55.02448 ] ] ] } },
{ "type": "Feature", "properties": { "small_area": "E01012083" }, "geometry": { "type": "Polygon", "coordinates": [ [ [ -1.20188, 54.55173 ], [ -1.20879, 54.55219 ], [ -1.21518, 54.55769 ], [ -1.20477, 54.55689 ], [ -1.20188, 54.55173 ] ] ] } },
{ "type": "Feature", "properties": { "small_area": "E01008671" }, "geometry": { "type": "Polygon", "coordinates": [ [ [ -1.44216, 54.97544 ], [ -1.44476, 54.98027 ], [ -1.45068, 54.9771 ], [ -1.45686, 54.98054 ], [ -1.45657, 54.98559 ], [ -1.44472, 54.98656 ], [ -1.43841, 54.97961 ], [ -1.44216, 54.97544 ] ] ] } },
{ "type": "Feature", "properties": { "small_area": "E01008670" }, "geometry": { "type": "Polygon", "coordinates": [ [ [ -1.45742, 54.96494 ], [ -1.46671, 54.96823 ], [ -1.46031, 54.97098 ], [ -1.45826, 54.96839 ], [ -1.45329, 54.96937 ], [ -1.45742, 54.96494 ] ] ] } },
{ "type": "Feature", "properties": { "small_area": "E01008673" }, "geometry": { "type": "Polygon", "coordinates": [ [ [ -1.42718, 54.9833 ], [ -1.41768, 54.98731 ], [ -1.42033, 54.98253 ], [ -1.4235, 54.98066 ], [ -1.42718, 54.9833 ] ] ] } },
{ "type": "Feature", "properties": { "small_area": "E01012002" }, "geometry": { "type": "Polygon", "coordinates": [ [ [ -1.23031, 54.69039 ], [ -1.23869, 54.69135 ], [ -1.23786, 54.69423 ], [ -1.22777, 54.69535 ], [ -1.22657, 54.69015 ], [ -1.23031, 54.69039 ] ] ] } },
{ "type": "Feature", "properties": { "small_area": "E01008841" }, "geometry": { "type": "Polygon", "coordinates": [ [ [ -1.44783, 54.92733 ], [ -1.44165, 54.92985 ], [ -1.43712, 54.92727 ], [ -1.44528, 54.92423 ], [ -1.44783, 54.92733 ] ] ] } },
{ "type": "Feature", "properties": { "small_area": "E01033718" }, "geometry": { "type": "Polygon", "coordinates": [ [ [ -1.69188, 55.15924 ], [ -1.69971, 55.15968 ], [ -1.69857, 55.15623 ], [ -1.70428, 55.16541 ], [ -1.69731, 55.16859 ], [ -1.68991, 55.16354 ], [ -1.69188, 55.15924 ] ] ] } },
{ "type": "Feature", "properties": { "small_area": "E01008356" }, "geometry": { "type": "Polygon", "coordinates": [ [ [ -1.62805, 55.00949 ], [ -1.62624, 55.00608 ], [ -1.63862, 55.0023 ], [ -1.64121, 55.00673 ], [ -1.63882, 55.00985 ], [ -1.63614, 55.00702 ], [ -1.62805, 55.00949 ] ] ] } },
{ "type": "Feature", "properties": { "small_area": "E01008357" }, "geometry": { "type": "Polygon", "coordinates": [ [ [ -1.62552, 55.02331 ], [ -1.60952, 55.02291 ], [ -1.61039, 55.01809 ], [ -1.62348, 55.01691 ], [ -1.62748, 55.01985 ], [ -1.62552, 55.02331 ] ] ] } },
{ "type": "Feature", "properties": { "small_area": "E01008354" }, "geometry": { "type": "Polygon", "coordinates": [ [ [ -1.61104, 55.00572 ], [ -1.61724, 55.00732 ], [ -1.61738, 55.00991 ], [ -1.60626, 55.01145 ], [ -1.61104, 55.00572 ] ] ] } },
{ "type": "Feature", "properties": { "small_area": "E01012082" }, "geometry": { "type": "Polygon", "coordinates": [ [ [ -1.18959, 54.54821 ], [ -1.20067, 54.54602 ], [ -1.19872, 54.54956 ], [ -1.19189, 54.55117 ], [ -1.18959, 54.54821 ] ] ] } },
{ "type": "Feature", "properties": { "small_area": "E01012003" }, "geometry": { "type": "Polygon", "coordinates": [ [ [ -1.24118, 54.69158 ], [ -1.24611, 54.68874 ], [ -1.26482, 54.69025 ], [ -1.26537, 54.69969 ], [ -1.2546, 54.69992 ], [ -1.24978, 54.69493 ], [ -1.25761, 54.69191 ], [ -1.25083, 54.6906 ], [ -1.24874, 54.69484 ], [ -1.24118, 54.69158 ] ] ] } },
{ "type": "Feature", "properties": { "small_area": "E01012000" }, "geometry": { "type": "Polygon", "coordinates": [ [ [ -1.19668, 54.67609 ], [ -1.20082, 54.68194 ], [ -1.20947, 54.68103 ], [ -1.21153, 54.6855 ], [ -1.19414, 54.68781 ], [ -1.19884, 54.68537 ], [ -1.19668, 54.67609 ] ] ] } },
{ "type": "Feature", "properties": { "small_area": "E01020720" }, "geometry": { "type": "Polygon", "coordinates": [ [ [ -1.57677, 54.79283 ], [ -1.58071, 54.79808 ], [ -1.57189, 54.79925 ], [ -1.56869, 54.7965 ], [ -1.57677, 54.79283 ] ] ] } },
{ "type": "Feature", "properties": { "small_area": "E01012342" }, "geometry": { "type": "Polygon", "coordinates": [ [ [ -1.54477, 54.52566 ], [ -1.54361, 54.53026 ], [ -1.5231, 54.53203 ], [ -1.52057, 54.52679 ], [ -1.53416, 54.52338 ], [ -1.54477, 54.52566 ] ] ] } },
{ "type": "Feature", "properties": { "small_area": "E01027389" }, "geometry": { "type": "Polygon", "coordinates": [ [ [ -2.00448, 55.75346 ], [ -1.99745, 55.75533 ], [ -1.99694, 55.75148 ], [ -1.99151, 55.75285 ], [ -2.00294, 55.76144 ], [ -1.99256, 55.76138 ], [ -1.98326, 55.75097 ], [ -1.99834, 55.74638 ], [ -2.00448, 55.75346 ] ] ] } },
{ "type": "Feature", "properties": { "small_area": "E01008524" }, "geometry": { "type": "Polygon", "coordinates": [ [ [ -1.43911, 55.00769 ], [ -1.44408, 55.00432 ], [ -1.4567, 55.01142 ], [ -1.44498, 55.01174 ], [ -1.43911, 55.00769 ] ] ] } },
{ "type": "Feature", "properties": { "small_area": "E01020837" }, "geometry": { "type": "Polygon", "coordinates": [ [ [ -1.6098, 54.7007 ], [ -1.61238, 54.70848 ], [ -1.60708, 54.70822 ], [ -1.6039, 54.70054 ], [ -1.6098, 54.7007 ] ] ] } },
{ "type": "Feature", "properties": { "small_area": "E01008351" }, "geometry": { "type": "Polygon", "coordinates": [ [ [ -1.61738, 55.00991 ], [ -1.62076, 55.01225 ], [ -1.61003, 55.01654 ], [ -1.60136, 55.00995 ], [ -1.61738, 55.00991 ] ] ] } },
{ "type": "Feature", "properties": { "small_area": "E01012173" }, "geometry": { "type": "Polygon", "coordinates": [ [ [ -1.15846, 54.55681 ], [ -1.1596, 54.56219 ], [ -1.15259, 54.5635 ], [ -1.15142, 54.56006 ], [ -1.14226, 54.56048 ], [ -1.15846, 54.55681 ] ] ] } },
{ "type": "Feature", "properties": { "small_area": "E01012172" }, "geometry": { "type": "Polygon", "coordinates": [ [ [ -1.15206, 54.56601 ], [ -1.14628, 54.56435 ], [ -1.14226, 54.56048 ], [ -1.15142, 54.56006 ], [ -1.15206, 54.56601 ] ] ] } },
{ "type": "Feature", "properties": { "small_area": "E01008358" }, "geometry": { "type": "Polygon", "coordinates": [ [ [ -1.6248, 55.01163 ], [ -1.6283, 55.01407 ], [ -1.61039, 55.01809 ], [ -1.60952, 55.02291 ], [ -1.60113, 55.0216 ], [ -1.6248, 55.01163 ] ] ] } },
{ "type": "Feature", "properties": { "small_area": "E01008359" }, "geometry": { "type": "Polygon", "coordinates": [ [ [ -1.57552, 54.98281 ], [ -1.58204, 54.98476 ], [ -1.58214, 54.98584 ], [ -1.57717, 54.98704 ], [ -1.57552, 54.98281 ] ] ] } },
{ "type": "Feature", "properties": { "small_area": "E01008658" }, "geometry": { "type": "Polygon", "coordinates": [ [ [ -1.4924, 54.96617 ], [ -1.49707, 54.96008 ], [ -1.49303, 54.95771 ], [ -1.49704, 54.95656 ], [ -1.50267, 54.96386 ], [ -1.4924, 54.96617 ] ] ] } },
{ "type": "Feature", "properties": { "small_area": "E01027376" }, "geometry": { "type": "Polygon", "coordinates": [ [ [ -1.99998, 55.78593 ], [ -2.00088, 55.78174 ], [ -1.99471, 55.77967 ], [ -1.99695, 55.776 ], [ -2.00971, 55.77472 ], [ -2.01078, 55.78093 ], [ -2.02384, 55.79111 ], [ -2.01597, 55.79386 ], [ -1.99998, 55.78593 ] ] ] } },
{ "type": "Feature", "properties": { "small_area": "E01008391" }, "geometry": { "type": "Polygon", "coordinates": [ [ [ -1.56714, 54.9797 ], [ -1.55728, 54.98056 ], [ -1.55926, 54.97419 ], [ -1.56714, 54.9797 ] ] ] } },
{ "type": "Feature", "properties": { "small_area": "E01020642" }, "geometry": { "type": "Polygon", "coordinates": [ [ [ -1.82619, 54.864 ], [ -1.83182, 54.85556 ], [ -1.83507, 54.85874 ], [ -1.8396, 54.85798 ], [ -1.83623, 54.86506 ], [ -1.82958, 54.86423 ], [ -1.82587, 54.86747 ], [ -1.81909, 54.8662 ], [ -1.81933, 54.86235 ], [ -1.82619, 54.864 ] ] ] } },
{ "type": "Feature", "properties": { "small_area": "E01020643" }, "geometry": { "type": "Polygon", "coordinates": [ [ [ -1.83019, 54.85212 ], [ -1.83573, 54.84961 ], [ -1.84346, 54.85284 ], [ -1.8396, 54.85798 ], [ -1.83507, 54.85874 ], [ -1.83019, 54.85212 ] ] ] } },
{ "type": "Feature", "properties": { "small_area": "E01020645" }, "geometry": { "type": "Polygon", "coordinates": [ [ [ -1.86416, 54.84516 ], [ -1.85967, 54.84143 ], [ -1.86569, 54.84106 ], [ -1.86553, 54.83805 ], [ -1.87393, 54.83571 ], [ -1.87404, 54.84089 ], [ -1.88245, 54.84372 ], [ -1.86659, 54.85533 ], [ -1.85981, 54.85332 ], [ -1.86416, 54.84516 ] ] ] } },
{ "type": "Feature", "properties": { "small_area": "E01020646" }, "geometry": { "type": "Polygon", "coordinates": [ [ [ -1.73711, 54.78752 ], [ -1.73236, 54.78781 ], [ -1.73222, 54.78231 ], [ -1.71762, 54.78127 ], [ -1.70682, 54.77435 ], [ -1.73607, 54.77333 ], [ -1.75568, 54.76787 ], [ -1.74637, 54.76444 ], [ -1.74435, 54.75942 ], [ -1.77397, 54.75123 ], [ -1.79197, 54.75022 ], [ -1.79509, 54.74728 ], [ -1.80661, 54.7466 ], [ -1.82519, 54.75482 ], [ -1.84062, 54.757 ], [ -1.85874, 54.77105 ], [ -1.88133, 54.77842 ], [ -1.86813, 54.7937 ], [ -1.86476, 54.79161 ], [ -1.8465, 54.79838 ], [ -1.84758, 54.80094 ], [ -1.83072, 54.80413 ], [ -1.82243, 54.80462 ], [ -1.82112, 54.80209 ], [ -1.80584, 54.80423 ], [ -1.80055, 54.79998 ], [ -1.79147, 54.80137 ], [ -1.80371, 54.7939 ], [ -1.79609, 54.7887 ], [ -1.79401, 54.79058 ], [ -1.78743, 54.78772 ], [ -1.77867, 54.79934 ], [ -1.75863, 54.79223 ], [ -1.74656, 54.79434 ], [ -1.73711, 54.78752 ] ] ] } },
{ "type": "Feature", "properties": { "small_area": "E01020647" }, "geometry": { "type": "Polygon", "coordinates": [ [ [ -1.68203, 54.8606 ], [ -1.69038, 54.86596 ], [ -1.6795, 54.87021 ], [ -1.67711, 54.86371 ], [ -1.68203, 54.8606 ] ] ] } },
{ "type": "Feature", "properties": { "small_area": "E01008864" }, "geometry": { "type": "Polygon", "coordinates": [ [ [ -1.55302, 54.8759 ], [ -1.5618, 54.87571 ], [ -1.55707, 54.88473 ], [ -1.54973, 54.88477 ], [ -1.5507, 54.88007 ], [ -1.54656, 54.8804 ], [ -1.55302, 54.8759 ] ] ] } },
{ "type": "Feature", "properties": { "small_area": "E01008867" }, "geometry": { "type": "Polygon", "coordinates": [ [ [ -1.53323, 54.89182 ], [ -1.53783, 54.89525 ], [ -1.54229, 54.89294 ], [ -1.5397, 54.89575 ], [ -1.54395, 54.9011 ], [ -1.53832, 54.90189 ], [ -1.53323, 54.89182 ] ] ] } },
{ "type": "Feature", "properties": { "small_area": "E01020640" }, "geometry": { "type": "Polygon", "coordinates": [ [ [ -1.83573, 54.84961 ], [ -1.81921, 54.857 ], [ -1.82443, 54.8472 ], [ -1.83152, 54.84433 ], [ -1.83573, 54.84961 ] ] ] } },
{ "type": "Feature", "properties": { "small_area": "E01020641" }, "geometry": { "type": "Polygon", "coordinates": [ [ [ -1.81461, 54.85915 ], [ -1.83019, 54.85212 ], [ -1.83182, 54.85556 ], [ -1.82619, 54.864 ], [ -1.81461, 54.85915 ] ] ] } },
{ "type": "Feature", "properties": { "small_area": "E01012170" }, "geometry": { "type": "Polygon", "coordinates": [ [ [ -1.16418, 54.571 ], [ -1.15939, 54.57257 ], [ -1.16127, 54.57448 ], [ -1.17486, 54.5753 ], [ -1.17386, 54.57976 ], [ -1.17801, 54.57962 ], [ -1.1629, 54.5858 ], [ -1.15241, 54.57156 ], [ -1.15738, 54.56914 ], [ -1.16418, 54.571 ] ] ] } },
{ "type": "Feature", "properties": { "small_area": "E01008627" }, "geometry": { "type": "Polygon", "coordinates": [ [ [ -1.4879, 54.95698 ], [ -1.4932, 54.95136 ], [ -1.49798, 54.95312 ], [ -1.49458, 54.95675 ], [ -1.4879, 54.95698 ] ] ] } },
{ "type": "Feature", "properties": { "small_area": "E01020654" }, "geometry": { "type": "Polygon", "coordinates": [ [ [ -1.73326, 54.88845 ], [ -1.7437, 54.88822 ], [ -1.747, 54.8815 ], [ -1.75513, 54.88065 ], [ -1.75913, 54.8762 ], [ -1.76279, 54.88135 ], [ -1.75288, 54.88333 ], [ -1.74583, 54.89067 ], [ -1.73806, 54.89125 ], [ -1.73031, 54.89664 ], [ -1.72721, 54.89469 ], [ -1.73326, 54.88845 ] ] ] } },
{ "type": "Feature", "properties": { "small_area": "E01020766" }, "geometry": { "type": "Polygon", "coordinates": [ [ [ -1.32422, 54.76104 ], [ -1.32367, 54.76844 ], [ -1.32247, 54.76913 ], [ -1.31746, 54.76144 ], [ -1.32422, 54.76104 ] ] ] } },
{ "type": "Feature", "properties": { "small_area": "E01012089" }, "geometry": { "type": "Polygon", "coordinates": [ [ [ -1.18439, 54.5626 ], [ -1.18485, 54.56656 ], [ -1.17945, 54.56867 ], [ -1.1759, 54.56139 ], [ -1.18439, 54.5626 ] ] ] } },
{ "type": "Feature", "properties": { "small_area": "E01008549" }, "geometry": { "type": "Polygon", "coordinates": [ [ [ -1.46407, 55.05471 ], [ -1.46436, 55.05012 ], [ -1.4678, 55.04904 ], [ -1.46852, 55.05571 ], [ -1.49476, 55.04797 ], [ -1.49789, 55.0515 ], [ -1.48763, 55.05381 ], [ -1.49124, 55.0659 ], [ -1.47996, 55.06709 ], [ -1.47453, 55.07121 ], [ -1.47054, 55.05915 ], [ -1.45647, 55.05664 ], [ -1.46407, 55.05471 ] ] ] } },
{ "type": "Feature", "properties": { "small_area": "E01020696" }, "geometry": { "type": "Polygon", "coordinates": [ [ [ -1.54974, 54.74138 ], [ -1.54213, 54.7433 ], [ -1.53695, 54.7372 ], [ -1.54199, 54.73501 ], [ -1.53796, 54.73207 ], [ -1.51939, 54.72976 ], [ -1.5157, 54.7268 ], [ -1.51846, 54.7174 ], [ -1.53425, 54.71342 ], [ -1.53492, 54.70951 ], [ -1.56621, 54.70545 ], [ -1.57531, 54.71946 ], [ -1.58166, 54.71813 ], [ -1.59853, 54.72737 ], [ -1.57934, 54.74063 ], [ -1.58199, 54.75035 ], [ -1.56506, 54.74671 ], [ -1.56167, 54.74227 ], [ -1.55694, 54.74543 ], [ -1.54974, 54.74138 ] ] ] } },
{ "type": "Feature", "properties": { "small_area": "E01033465" }, "geometry": { "type": "Polygon", "coordinates": [ [ [ -1.24725, 54.71178 ], [ -1.24736, 54.70789 ], [ -1.24026, 54.7089 ], [ -1.24084, 54.70463 ], [ -1.2456, 54.70369 ], [ -1.25472, 54.70952 ], [ -1.24967, 54.70812 ], [ -1.25059, 54.71177 ], [ -1.24384, 54.71312 ], [ -1.24218, 54.71055 ], [ -1.24725, 54.71178 ] ] ] } },
{ "type": "Feature", "properties": { "small_area": "E01008273" }, "geometry": { "type": "Polygon", "coordinates": [ [ [ -1.7025, 54.93735 ], [ -1.67794, 54.92687 ], [ -1.68355, 54.9229 ], [ -1.68041, 54.91959 ], [ -1.67557, 54.92209 ], [ -1.66957, 54.91989 ], [ -1.67035, 54.90934 ], [ -1.68764, 54.90791 ], [ -1.69056, 54.90266 ], [ -1.69954, 54.90917 ], [ -1.72652, 54.91005 ], [ -1.73758, 54.91869 ], [ -1.73728, 54.92392 ], [ -1.73006, 54.92439 ], [ -1.71863, 54.93139 ], [ -1.72029, 54.93752 ], [ -1.71204, 54.93632 ], [ -1.7065, 54.94582 ], [ -1.69977, 54.94724 ], [ -1.69416, 54.94295 ], [ -1.7025, 54.93735 ] ] ] } },
{ "type": "Feature", "properties": { "small_area": "E01008451" }, "geometry": { "type": "Polygon", "coordinates": [ [ [ -1.6586, 54.98969 ], [ -1.66345, 54.98508 ], [ -1.67111, 54.98858 ], [ -1.6586, 54.98969 ] ] ] } },
{ "type": "Feature", "properties": { "small_area": "E01008495" }, "geometry": { "type": "Polygon", "coordinates": [ [ [ -1.4366, 55.03364 ], [ -1.43389, 55.0296 ], [ -1.44678, 55.02908 ], [ -1.4366, 55.03364 ] ] ] } },
{ "type": "Feature", "properties": { "small_area": "E01020853" }, "geometry": { "type": "Polygon", "coordinates": [ [ [ -1.88964, 54.53677 ], [ -1.89647, 54.53695 ], [ -1.8969, 54.53344 ], [ -1.90815, 54.53518 ], [ -1.90465, 54.54093 ], [ -1.91001, 54.54053 ], [ -1.9082, 54.54506 ], [ -1.91887, 54.54722 ], [ -1.91841, 54.55422 ], [ -1.92472, 54.55287 ], [ -1.92378, 54.55592 ], [ -1.91392, 54.55679 ], [ -1.90807, 54.55311 ], [ -1.8957, 54.55255 ], [ -1.89164, 54.54686 ], [ -1.88563, 54.54638 ], [ -1.88964, 54.53677 ] ] ] } },
{ "type": "Feature", "properties": { "small_area": "E01020852" }, "geometry": { "type": "Polygon", "coordinates": [ [ [ -1.92369, 54.54218 ], [ -1.92494, 54.54465 ], [ -1.91887, 54.54722 ], [ -1.9082, 54.54506 ], [ -1.91001, 54.54053 ], [ -1.90465, 54.54093 ], [ -1.90561, 54.53754 ], [ -1.92369, 54.54218 ] ] ] } },
{ "type": "Feature", "properties": { "small_area": "E01020855" }, "geometry": { "type": "Polygon", "coordinates": [ [ [ -1.92986, 54.54534 ], [ -1.92472, 54.55287 ], [ -1.91841, 54.55422 ], [ -1.91711, 54.5485 ], [ -1.92986, 54.54534 ] ] ] } },
{ "type": "Feature", "properties": { "small_area": "E01020857" }, "geometry": { "type": "Polygon", "coordinates": [ [ [ -1.98053, 54.65764 ], [ -1.9716, 54.64545 ], [ -1.94247, 54.63623 ], [ -1.96068, 54.63774 ], [ -1.96407, 54.62231 ], [ -1.95635, 54.61206 ], [ -1.96263, 54.60151 ], [ -1.95312, 54.59608 ], [ -1.91287, 54.59904 ], [ -1.88452, 54.59625 ], [ -1.88325, 54.59216 ], [ -1.88709, 54.59268 ], [ -1.89718, 54.57755 ], [ -1.90655, 54.5712 ], [ -1.9016, 54.56757 ], [ -1.90984, 54.56782 ], [ -1.90548, 54.5664 ], [ -1.9142, 54.55861 ], [ -1.90123, 54.55386 ], [ -1.88517, 54.55283 ], [ -1.88563, 54.54638 ], [ -1.89164, 54.54686 ], [ -1.8957, 54.55255 ], [ -1.90807, 54.55311 ], [ -1.91392, 54.55679 ], [ -1.92378, 54.55592 ], [ -1.92986, 54.54534 ], [ -1.98805, 54.54078 ], [ -2.00651, 54.53336 ], [ -2.01995, 54.53602 ], [ -2.03055, 54.53354 ], [ -2.04858, 54.53515 ], [ -2.06024, 54.53119 ], [ -2.07159, 54.53254 ], [ -2.08932, 54.52639 ], [ -2.10722, 54.52859 ], [ -2.12669, 54.52264 ], [ -2.13378, 54.52677 ], [ -2.15932, 54.52786 ], [ -2.17449, 54.52172 ], [ -2.17252, 54.53242 ], [ -2.18244, 54.53579 ], [ -2.19045, 54.53422 ], [ -2.15329, 54.54912 ], [ -2.13837, 54.55721 ], [ -2.1374, 54.56221 ], [ -2.09889, 54.55834 ], [ -2.07003, 54.56898 ], [ -2.04525, 54.57064 ], [ -2.04182, 54.57399 ], [ -1.98072, 54.5763 ], [ -1.98197, 54.58091 ], [ -1.99359, 54.58616 ], [ -1.99641, 54.59644 ], [ -2.00742, 54.60524 ], [ -2.01645, 54.60276 ], [ -2.02425, 54.60793 ], [ -2.0359, 54.60867 ], [ -2.0466, 54.62371 ], [ -2.0316, 54.64243 ], [ -2.01991, 54.64447 ], [ -2.02265, 54.65237 ], [ -2.01079, 54.65921 ], [ -2.01028, 54.67045 ], [ -2.02071, 54.67641 ], [ -1.98957, 54.68432 ], [ -1.97705, 54.67253 ], [ -1.98053, 54.65764 ] ] ] } },
{ "type": "Feature", "properties": { "small_area": "E01020854" }, "geometry": { "type": "Polygon", "coordinates": [ [ [ -1.92494, 54.54465 ], [ -1.92369, 54.54218 ], [ -1.90561, 54.53754 ], [ -1.90815, 54.53518 ], [ -1.90398, 54.53203 ], [ -1.9284, 54.53101 ], [ -1.93845, 54.5268 ], [ -1.9458, 54.52964 ], [ -1.9526, 54.52787 ], [ -1.9604, 54.53402 ], [ -1.9532, 54.54248 ], [ -1.91711, 54.5485 ], [ -1.92494, 54.54465 ] ] ] } },
{ "type": "Feature", "properties": { "small_area": "E01020850" }, "geometry": { "type": "Polygon", "coordinates": [ [ [ -1.56938, 54.63032 ], [ -1.58024, 54.63354 ], [ -1.58184, 54.62922 ], [ -1.58717, 54.63178 ], [ -1.57393, 54.64449 ], [ -1.56938, 54.63032 ] ] ] } },
{ "type": "Feature", "properties": { "small_area": "E01008666" }, "geometry": { "type": "Polygon", "coordinates": [ [ [ -1.43636, 54.98745 ], [ -1.43394, 54.98428 ], [ -1.43702, 54.98128 ], [ -1.4393, 54.99182 ], [ -1.43827, 54.98934 ], [ -1.43287, 54.9937 ], [ -1.43636, 54.98745 ] ] ] } },
{ "type": "Feature", "properties": { "small_area": "E01008335" }, "geometry": { "type": "Polygon", "coordinates": [ [ [ -1.65134, 54.97524 ], [ -1.64828, 54.96888 ], [ -1.65527, 54.96977 ], [ -1.65134, 54.97524 ] ] ] } },
{ "type": "Feature", "properties": { "small_area": "E01008317" }, "geometry": { "type": "Polygon", "coordinates": [ [ [ -1.59837, 54.99883 ], [ -1.59117, 55.00193 ], [ -1.59488, 55.00387 ], [ -1.58996, 55.00401 ], [ -1.58871, 54.99857 ], [ -1.59262, 54.98965 ], [ -1.59837, 54.99883 ] ] ] } },
{ "type": "Feature", "properties": { "small_area": "E01011954" }, "geometry": { "type": "Polygon", "coordinates": [ [ [ -1.23789, 54.70783 ], [ -1.24384, 54.71312 ], [ -1.23876, 54.71477 ], [ -1.22859, 54.70903 ], [ -1.23789, 54.70783 ] ] ] } },
{ "type": "Feature", "properties": { "small_area": "E01020895" }, "geometry": { "type": "Polygon", "coordinates": [ [ [ -1.70876, 54.6355 ], [ -1.70915, 54.62759 ], [ -1.71921, 54.62523 ], [ -1.72617, 54.63307 ], [ -1.70876, 54.6355 ] ] ] } },
{ "type": "Feature", "properties": { "small_area": "E01020814" }, "geometry": { "type": "Polygon", "coordinates": [ [ [ -1.57987, 54.62823 ], [ -1.59482, 54.62062 ], [ -1.59132, 54.62754 ], [ -1.58643, 54.6289 ], [ -1.58717, 54.63178 ], [ -1.57987, 54.62823 ] ] ] } },
{ "type": "Feature", "properties": { "small_area": "E01020817" }, "geometry": { "type": "Polygon", "coordinates": [ [ [ -1.60708, 54.70822 ], [ -1.61238, 54.70848 ], [ -1.604, 54.7151 ], [ -1.5957, 54.7089 ], [ -1.59749, 54.70488 ], [ -1.60119, 54.70666 ], [ -1.60514, 54.7037 ], [ -1.60708, 54.70822 ] ] ] } },
{ "type": "Feature", "properties": { "small_area": "E01020896" }, "geometry": { "type": "Polygon", "coordinates": [ [ [ -1.73115, 54.62765 ], [ -1.732, 54.63129 ], [ -1.72617, 54.63307 ], [ -1.71921, 54.62523 ], [ -1.73115, 54.62765 ] ] ] } },
{ "type": "Feature", "properties": { "small_area": "E01020894" }, "geometry": { "type": "Polygon", "coordinates": [ [ [ -1.82556, 54.74146 ], [ -1.8142, 54.74152 ], [ -1.81185, 54.74464 ], [ -1.81988, 54.74374 ], [ -1.82281, 54.74678 ], [ -1.81463, 54.74615 ], [ -1.8154, 54.74859 ], [ -1.80869, 54.74958 ], [ -1.80661, 54.7466 ], [ -1.79509, 54.74728 ], [ -1.78887, 54.74127 ], [ -1.78592, 54.72831 ], [ -1.79054, 54.71994 ], [ -1.79865, 54.71413 ], [ -1.82147, 54.71526 ], [ -1.83713, 54.72057 ], [ -1.83458, 54.7351 ], [ -1.85506, 54.75438 ], [ -1.85033, 54.76434 ], [ -1.84062, 54.757 ], [ -1.82519, 54.75482 ], [ -1.82556, 54.74146 ] ] ] } },
{ "type": "Feature", "properties": { "small_area": "E01008727" }, "geometry": { "type": "Polygon", "coordinates": [ [ [ -1.37298, 54.92664 ], [ -1.38132, 54.92885 ], [ -1.37687, 54.93165 ], [ -1.37298, 54.92664 ] ] ] } },
{ "type": "Feature", "properties": { "small_area": "E01008726" }, "geometry": { "type": "Polygon", "coordinates": [ [ [ -1.38498, 54.93706 ], [ -1.39092, 54.93855 ], [ -1.37939, 54.93737 ], [ -1.37687, 54.93165 ], [ -1.38132, 54.92885 ], [ -1.38736, 54.9344 ], [ -1.38498, 54.93706 ] ] ] } },
{ "type": "Feature", "properties": { "small_area": "E01008724" }, "geometry": { "type": "Polygon", "coordinates": [ [ [ -1.39338, 54.93963 ], [ -1.38498, 54.93706 ], [ -1.38736, 54.9344 ], [ -1.39079, 54.93395 ], [ -1.39338, 54.93963 ] ] ] } },
{ "type": "Feature", "properties": { "small_area": "E01027434" }, "geometry": { "type": "Polygon", "coordinates": [ [ [ -1.52971, 55.06856 ], [ -1.51528, 55.06549 ], [ -1.52685, 55.06367 ], [ -1.52971, 55.06856 ] ] ] } },
{ "type": "Feature", "properties": { "small_area": "E01027437" }, "geometry": { "type": "Polygon", "coordinates": [ [ [ -1.51985, 55.10811 ], [ -1.52346, 55.11233 ], [ -1.51279, 55.11589 ], [ -1.50796, 55.11057 ], [ -1.51985, 55.10811 ] ] ] } },
{ "type": "Feature", "properties": { "small_area": "E01008809" }, "geometry": { "type": "Polygon", "coordinates": [ [ [ -1.39189, 54.87853 ], [ -1.40684, 54.87959 ], [ -1.407, 54.87451 ], [ -1.4122, 54.87579 ], [ -1.41747, 54.87203 ], [ -1.42129, 54.87878 ], [ -1.4119, 54.88616 ], [ -1.39576, 54.88278 ], [ -1.39189, 54.87853 ] ] ] } },
{ "type": "Feature", "properties": { "small_area": "E01008808" }, "geometry": { "type": "Polygon", "coordinates": [ [ [ -1.42357, 54.85677 ], [ -1.42852, 54.85805 ], [ -1.43344, 54.86793 ], [ -1.42093, 54.87034 ], [ -1.42357, 54.85677 ] ], [ [ -1.42391, 54.8652 ], [ -1.42419, 54.8651 ], [ -1.42413, 54.86507 ], [ -1.42391, 54.8652 ] ] ] } },
{ "type": "Feature", "properties": { "small_area": "E01008179" }, "geometry": { "type": "Polygon", "coordinates": [ [ [ -1.73241, 54.95618 ], [ -1.73528, 54.95714 ], [ -1.73263, 54.96241 ], [ -1.72505, 54.96388 ], [ -1.72132, 54.96107 ], [ -1.73241, 54.95618 ] ] ] } },
{ "type": "Feature", "properties": { "small_area": "E01027520" }, "geometry": { "type": "Polygon", "coordinates": [ [ [ -1.59949, 55.13482 ], [ -1.61389, 55.13897 ], [ -1.60594, 55.14142 ], [ -1.61166, 55.14685 ], [ -1.59966, 55.14519 ], [ -1.59949, 55.13482 ] ] ] } },
{ "type": "Feature", "properties": { "small_area": "E01027522" }, "geometry": { "type": "Polygon", "coordinates": [ [ [ -1.61262, 55.13152 ], [ -1.60867, 55.12813 ], [ -1.61052, 55.12438 ], [ -1.62405, 55.12512 ], [ -1.62502, 55.1333 ], [ -1.60387, 55.13453 ], [ -1.61262, 55.13152 ] ] ] } },
{ "type": "Feature", "properties": { "small_area": "E01027523" }, "geometry": { "type": "Polygon", "coordinates": [ [ [ -1.6001, 55.12621 ], [ -1.61262, 55.13152 ], [ -1.60387, 55.13453 ], [ -1.59949, 55.13482 ], [ -1.6001, 55.12621 ] ] ] } },
{ "type": "Feature", "properties": { "small_area": "E01027524" }, "geometry": { "type": "Polygon", "coordinates": [ [ [ -1.57815, 55.1754 ], [ -1.58402, 55.17693 ], [ -1.58663, 55.18487 ], [ -1.59591, 55.18649 ], [ -1.58005, 55.191 ], [ -1.57749, 55.18774 ], [ -1.57815, 55.1754 ] ] ] } },
{ "type": "Feature", "properties": { "small_area": "E01027525" }, "geometry": { "type": "Polygon", "coordinates": [ [ [ -1.58005, 55.191 ], [ -1.59591, 55.18649 ], [ -1.58663, 55.18487 ], [ -1.58402, 55.17693 ], [ -1.59929, 55.16592 ], [ -1.61339, 55.16162 ], [ -1.61712, 55.16366 ], [ -1.61435, 55.16717 ], [ -1.62156, 55.1682 ], [ -1.62259, 55.17234 ], [ -1.64828, 55.16899 ], [ -1.64911, 55.17202 ], [ -1.64181, 55.17743 ], [ -1.63507, 55.17851 ], [ -1.63653, 55.19041 ], [ -1.61169, 55.19293 ], [ -1.61617, 55.19756 ], [ -1.59739, 55.20034 ], [ -1.58927, 55.20508 ], [ -1.58005, 55.191 ] ] ] } },
{ "type": "Feature", "properties": { "small_area": "E01027527" }, "geometry": { "type": "Polygon", "coordinates": [ [ [ -1.57081, 55.18 ], [ -1.56346, 55.17652 ], [ -1.57784, 55.177 ], [ -1.57812, 55.17998 ], [ -1.57081, 55.18 ] ] ] } },
{ "type": "Feature", "properties": { "small_area": "E01008542" }, "geometry": { "type": "Polygon", "coordinates": [ [ [ -1.49353, 54.99143 ], [ -1.50135, 54.9966 ], [ -1.48514, 54.99998 ], [ -1.4877, 54.99194 ], [ -1.49353, 54.99143 ] ] ] } },
{ "type": "Feature", "properties": { "small_area": "E01008279" }, "geometry": { "type": "Polygon", "coordinates": [ [ [ -1.72786, 54.95311 ], [ -1.73307, 54.94943 ], [ -1.7381, 54.95464 ], [ -1.74321, 54.95482 ], [ -1.73241, 54.95618 ], [ -1.72786, 54.95311 ] ] ] } },
{ "type": "Feature", "properties": { "small_area": "E01027521" }, "geometry": { "type": "Polygon", "coordinates": [ [ [ -1.60594, 55.14142 ], [ -1.61389, 55.13897 ], [ -1.6079, 55.13592 ], [ -1.6115, 55.13322 ], [ -1.62502, 55.1333 ], [ -1.62405, 55.12512 ], [ -1.61052, 55.12438 ], [ -1.60867, 55.12813 ], [ -1.6001, 55.12621 ], [ -1.61333, 55.12163 ], [ -1.62147, 55.11324 ], [ -1.63942, 55.1167 ], [ -1.63999, 55.12122 ], [ -1.65094, 55.12755 ], [ -1.6492, 55.13665 ], [ -1.63921, 55.14528 ], [ -1.62483, 55.14893 ], [ -1.61166, 55.14685 ], [ -1.60594, 55.14142 ] ] ] } },
{ "type": "Feature", "properties": { "small_area": "E01012217" }, "geometry": { "type": "Polygon", "coordinates": [ [ [ -1.32208, 54.56419 ], [ -1.32601, 54.55908 ], [ -1.33045, 54.55873 ], [ -1.32765, 54.56481 ], [ -1.32208, 54.56419 ] ] ] } },
{ "type": "Feature", "properties": { "small_area": "E01012155" }, "geometry": { "type": "Polygon", "coordinates": [ [ [ -0.99629, 54.5842 ], [ -0.99451, 54.57583 ], [ -1.00839, 54.57401 ], [ -1.0203, 54.58744 ], [ -1.02013, 54.59041 ], [ -1.01233, 54.59144 ], [ -1.0112, 54.58864 ], [ -0.99735, 54.58682 ], [ -1.00933, 54.59598 ], [ -0.9843, 54.58927 ], [ -0.99629, 54.5842 ] ] ] } },
{ "type": "Feature", "properties": { "small_area": "E01012154" }, "geometry": { "type": "Polygon", "coordinates": [ [ [ -1.0203, 54.58744 ], [ -1.03019, 54.58911 ], [ -1.02534, 54.59359 ], [ -1.02013, 54.59041 ], [ -1.0203, 54.58744 ] ] ] } },
{ "type": "Feature", "properties": { "small_area": "E01012157" }, "geometry": { "type": "Polygon", "coordinates": [ [ [ -1.02013, 54.59041 ], [ -1.02534, 54.59359 ], [ -1.01709, 54.59739 ], [ -1.01233, 54.59144 ], [ -1.02013, 54.59041 ] ] ] } },
{ "type": "Feature", "properties": { "small_area": "E01012152" }, "geometry": { "type": "Polygon", "coordinates": [ [ [ -1.165, 54.53567 ], [ -1.16082, 54.53036 ], [ -1.16903, 54.5306 ], [ -1.18213, 54.539 ], [ -1.16341, 54.54283 ], [ -1.16191, 54.53886 ], [ -1.165, 54.53567 ] ] ] } },
{ "type": "Feature", "properties": { "small_area": "E01033473" }, "geometry": { "type": "Polygon", "coordinates": [ [ [ -0.89955, 54.56413 ], [ -0.89008, 54.56252 ], [ -0.88561, 54.55604 ], [ -0.89634, 54.5558 ], [ -0.89869, 54.54794 ], [ -0.91023, 54.54964 ], [ -0.89955, 54.56413 ] ] ] } },
{ "type": "Feature", "properties": { "small_area": "E01020732" }, "geometry": { "type": "Polygon", "coordinates": [ [ [ -1.50123, 54.75241 ], [ -1.49978, 54.74912 ], [ -1.50616, 54.74752 ], [ -1.50747, 54.75044 ], [ -1.51364, 54.7507 ], [ -1.5145, 54.74435 ], [ -1.53156, 54.74397 ], [ -1.52919, 54.74174 ], [ -1.53695, 54.7372 ], [ -1.54213, 54.7433 ], [ -1.54974, 54.74138 ], [ -1.55694, 54.74543 ], [ -1.56068, 54.75172 ], [ -1.55457, 54.75572 ], [ -1.55825, 54.75899 ], [ -1.55373, 54.76502 ], [ -1.55646, 54.768 ], [ -1.54544, 54.76591 ], [ -1.51883, 54.77201 ], [ -1.51451, 54.76969 ], [ -1.51854, 54.76485 ], [ -1.4902, 54.75801 ], [ -1.50123, 54.75241 ] ] ] } },
{ "type": "Feature", "properties": { "small_area": "E01020735" }, "geometry": { "type": "Polygon", "coordinates": [ [ [ -1.3421, 54.76745 ], [ -1.35185, 54.76716 ], [ -1.35196, 54.77062 ], [ -1.34368, 54.77053 ], [ -1.3421, 54.76745 ] ] ] } },
{ "type": "Feature", "properties": { "small_area": "E01020733" }, "geometry": { "type": "Polygon", "coordinates": [ [ [ -1.34037, 54.76417 ], [ -1.35215, 54.76307 ], [ -1.34862, 54.76484 ], [ -1.35185, 54.76716 ], [ -1.3421, 54.76745 ], [ -1.34037, 54.76417 ] ] ] } },
{ "type": "Feature", "properties": { "small_area": "E01011968" }, "geometry": { "type": "Polygon", "coordinates": [ [ [ -1.2446, 54.64927 ], [ -1.23093, 54.65064 ], [ -1.23409, 54.64734 ], [ -1.22434, 54.6369 ], [ -1.24065, 54.62478 ], [ -1.29902, 54.628 ], [ -1.29815, 54.63522 ], [ -1.27342, 54.64179 ], [ -1.28297, 54.64579 ], [ -1.28223, 54.65427 ], [ -1.25197, 54.66073 ], [ -1.2446, 54.64927 ] ] ] } },
{ "type": "Feature", "properties": { "small_area": "E01008490" }, "geometry": { "type": "Polygon", "coordinates": [ [ [ -1.48338, 55.01627 ], [ -1.48591, 55.02481 ], [ -1.47888, 55.02465 ], [ -1.47531, 55.01966 ], [ -1.48338, 55.01627 ] ] ] } },
{ "type": "Feature", "properties": { "small_area": "E01008858" }, "geometry": { "type": "Polygon", "coordinates": [ [ [ -1.52923, 54.9163 ], [ -1.51714, 54.91778 ], [ -1.51686, 54.91622 ], [ -1.52517, 54.91282 ], [ -1.52923, 54.9163 ] ] ] } },
{ "type": "Feature", "properties": { "small_area": "E01008299" }, "geometry": { "type": "Polygon", "coordinates": [ [ [ -1.67198, 54.98999 ], [ -1.68015, 54.99577 ], [ -1.67655, 54.99434 ], [ -1.67431, 54.99679 ], [ -1.66957, 54.98996 ], [ -1.67198, 54.98999 ] ] ] } },
{ "type": "Feature", "properties": { "small_area": "E01008219" }, "geometry": { "type": "Polygon", "coordinates": [ [ [ -1.57499, 54.93681 ], [ -1.58705, 54.93249 ], [ -1.58701, 54.93996 ], [ -1.58052, 54.9406 ], [ -1.57499, 54.93681 ] ] ] } },
{ "type": "Feature", "properties": { "small_area": "E01008218" }, "geometry": { "type": "Polygon", "coordinates": [ [ [ -1.56888, 54.92462 ], [ -1.57416, 54.92505 ], [ -1.5738, 54.93138 ], [ -1.56837, 54.93332 ], [ -1.56601, 54.9334 ], [ -1.568, 54.9302 ], [ -1.56212, 54.92768 ], [ -1.56888, 54.92462 ] ] ] } },
{ "type": "Feature", "properties": { "small_area": "E01008290" }, "geometry": { "type": "Polygon", "coordinates": [ [ [ -1.65965, 54.96715 ], [ -1.67394, 54.96537 ], [ -1.67383, 54.9718 ], [ -1.6606, 54.97096 ], [ -1.65965, 54.96715 ] ] ] } },
{ "type": "Feature", "properties": { "small_area": "E01008298" }, "geometry": { "type": "Polygon", "coordinates": [ [ [ -1.67655, 54.99434 ], [ -1.68371, 54.99881 ], [ -1.67322, 55.00171 ], [ -1.67147, 54.99706 ], [ -1.67655, 54.99434 ] ] ] } },
{ "type": "Feature", "properties": { "small_area": "E01020902" }, "geometry": { "type": "Polygon", "coordinates": [ [ [ -1.71039, 54.70075 ], [ -1.70916, 54.70757 ], [ -1.68865, 54.70359 ], [ -1.69137, 54.69913 ], [ -1.71039, 54.70075 ] ] ] } },
{ "type": "Feature", "properties": { "small_area": "E01012345" }, "geometry": { "type": "Polygon", "coordinates": [ [ [ -1.4593, 54.50414 ], [ -1.46736, 54.50251 ], [ -1.47048, 54.50946 ], [ -1.45739, 54.5145 ], [ -1.46396, 54.52047 ], [ -1.45348, 54.53176 ], [ -1.44963, 54.53295 ], [ -1.44469, 54.52703 ], [ -1.43555, 54.52749 ], [ -1.4216, 54.51985 ], [ -1.42346, 54.51402 ], [ -1.4287, 54.51307 ], [ -1.42622, 54.49935 ], [ -1.43535, 54.49277 ], [ -1.43483, 54.48745 ], [ -1.4593, 54.50414 ] ] ] } },
{ "type": "Feature", "properties": { "small_area": "E01012245" }, "geometry": { "type": "Polygon", "coordinates": [ [ [ -1.26771, 54.61915 ], [ -1.27982, 54.61462 ], [ -1.2719, 54.62531 ], [ -1.26743, 54.62456 ], [ -1.26771, 54.61915 ] ] ] } },
{ "type": "Feature", "properties": { "small_area": "E01012247" }, "geometry": { "type": "Polygon", "coordinates": [ [ [ -1.34571, 54.58493 ], [ -1.34665, 54.58554 ], [ -1.33939, 54.58866 ], [ -1.33579, 54.58218 ], [ -1.34571, 54.58493 ] ] ] } },
{ "type": "Feature", "properties": { "small_area": "E01012244" }, "geometry": { "type": "Polygon", "coordinates": [ [ [ -1.27716, 54.61964 ], [ -1.27726, 54.62286 ], [ -1.28204, 54.62245 ], [ -1.27515, 54.62687 ], [ -1.2719, 54.62531 ], [ -1.27716, 54.61964 ] ] ] } },
{ "type": "Feature", "properties": { "small_area": "E01012246" }, "geometry": { "type": "Polygon", "coordinates": [ [ [ -1.28133, 54.62379 ], [ -1.28864, 54.62763 ], [ -1.27515, 54.62687 ], [ -1.28133, 54.62379 ] ] ] } },
{ "type": "Feature", "properties": { "small_area": "E01012242" }, "geometry": { "type": "Polygon", "coordinates": [ [ [ -1.27982, 54.61462 ], [ -1.29306, 54.61637 ], [ -1.28204, 54.62245 ], [ -1.27726, 54.62286 ], [ -1.27982, 54.61462 ] ] ] } },
{ "type": "Feature", "properties": { "small_area": "E01012260" }, "geometry": { "type": "Polygon", "coordinates": [ [ [ -1.31891, 54.59231 ], [ -1.30306, 54.5974 ], [ -1.30186, 54.59222 ], [ -1.3111, 54.59264 ], [ -1.30852, 54.58705 ], [ -1.31891, 54.59231 ] ] ] } },
{ "type": "Feature", "properties": { "small_area": "E01012262" }, "geometry": { "type": "Polygon", "coordinates": [ [ [ -1.31118, 54.55424 ], [ -1.31799, 54.55348 ], [ -1.32286, 54.5569 ], [ -1.32237, 54.55962 ], [ -1.30907, 54.56032 ], [ -1.31118, 54.55424 ] ] ] } },
{ "type": "Feature", "properties": { "small_area": "E01011980" }, "geometry": { "type": "Polygon", "coordinates": [ [ [ -1.25272, 54.66674 ], [ -1.2546, 54.67372 ], [ -1.24183, 54.67646 ], [ -1.24491, 54.67154 ], [ -1.23807, 54.67092 ], [ -1.24288, 54.66893 ], [ -1.24044, 54.66573 ], [ -1.25272, 54.66674 ] ] ] } },
{ "type": "Feature", "properties": { "small_area": "E01011981" }, "geometry": { "type": "Polygon", "coordinates": [ [ [ -1.23554, 54.66493 ], [ -1.24044, 54.66573 ], [ -1.24288, 54.66893 ], [ -1.23807, 54.67092 ], [ -1.24491, 54.67154 ], [ -1.24183, 54.67646 ], [ -1.23569, 54.67702 ], [ -1.23554, 54.66493 ] ] ] } },
{ "type": "Feature", "properties": { "small_area": "E01008392" }, "geometry": { "type": "Polygon", "coordinates": [ [ [ -1.55728, 54.98056 ], [ -1.56714, 54.9797 ], [ -1.56222, 54.97564 ], [ -1.57155, 54.97639 ], [ -1.57519, 54.98207 ], [ -1.56306, 54.99156 ], [ -1.55728, 54.98056 ] ] ] } },
{ "type": "Feature", "properties": { "small_area": "E01008640" }, "geometry": { "type": "Polygon", "coordinates": [ [ [ -1.52439, 54.97249 ], [ -1.53267, 54.97262 ], [ -1.53228, 54.9757 ], [ -1.52085, 54.98022 ], [ -1.51925, 54.97512 ], [ -1.51492, 54.9751 ], [ -1.52439, 54.97249 ] ] ] } },
{ "type": "Feature", "properties": { "small_area": "E01008344" }, "geometry": { "type": "Polygon", "coordinates": [ [ [ -1.66915, 54.98994 ], [ -1.67861, 54.98108 ], [ -1.68619, 54.98302 ], [ -1.68681, 54.98576 ], [ -1.66915, 54.98994 ] ] ] } },
{ "type": "Feature", "properties": { "small_area": "E01008347" }, "geometry": { "type": "Polygon", "coordinates": [ [ [ -1.66392, 54.97728 ], [ -1.67012, 54.97887 ], [ -1.66717, 54.98655 ], [ -1.66404, 54.98527 ], [ -1.66392, 54.97728 ] ] ] } },
{ "type": "Feature", "properties": { "small_area": "E01008346" }, "geometry": { "type": "Polygon", "coordinates": [ [ [ -1.65668, 54.98386 ], [ -1.65379, 54.98084 ], [ -1.66508, 54.98163 ], [ -1.66404, 54.98527 ], [ -1.65668, 54.98386 ] ] ] } },
{ "type": "Feature", "properties": { "small_area": "E01008345" }, "geometry": { "type": "Polygon", "coordinates": [ [ [ -1.68681, 54.98576 ], [ -1.68619, 54.98302 ], [ -1.69378, 54.98494 ], [ -1.6849, 54.99138 ], [ -1.67884, 54.9875 ], [ -1.68681, 54.98576 ] ] ] } },
{ "type": "Feature", "properties": { "small_area": "E01008342" }, "geometry": { "type": "Polygon", "coordinates": [ [ [ -1.6408, 55.01916 ], [ -1.65386, 55.01749 ], [ -1.6472, 55.02342 ], [ -1.64186, 55.02296 ], [ -1.6408, 55.01916 ] ] ] } },
{ "type": "Feature", "properties": { "small_area": "E01027487" }, "geometry": { "type": "Polygon", "coordinates": [ [ [ -2.45306, 54.96517 ], [ -2.45273, 54.96912 ], [ -2.46531, 54.97528 ], [ -2.45771, 54.97607 ], [ -2.46135, 54.97873 ], [ -2.45248, 54.98621 ], [ -2.45834, 54.98633 ], [ -2.46041, 54.98958 ], [ -2.44986, 54.99364 ], [ -2.44702, 55.00055 ], [ -2.43312, 54.99906 ], [ -2.4287, 54.99169 ], [ -2.43266, 54.98233 ], [ -2.44097, 54.97803 ], [ -2.43549, 54.97074 ], [ -2.45306, 54.96517 ] ] ] } },
{ "type": "Feature", "properties": { "small_area": "E01027406" }, "geometry": { "type": "Polygon", "coordinates": [ [ [ -1.57821, 55.06316 ], [ -1.5921, 55.06422 ], [ -1.589, 55.07451 ], [ -1.58101, 55.07471 ], [ -1.58597, 55.0702 ], [ -1.57518, 55.07018 ], [ -1.57821, 55.06316 ] ] ] } },
{ "type": "Feature", "properties": { "small_area": "E01027511" }, "geometry": { "type": "Polygon", "coordinates": [ [ [ -2.1324, 55.11225 ], [ -2.14349, 55.12642 ], [ -2.15504, 55.12711 ], [ -2.16756, 55.11252 ], [ -2.15107, 55.10748 ], [ -2.14482, 55.10859 ], [ -2.14187, 55.09468 ], [ -2.15187, 55.09125 ], [ -2.15735, 55.09406 ], [ -2.16133, 55.09197 ], [ -2.17009, 55.09683 ], [ -2.17537, 55.08917 ], [ -2.19662, 55.09194 ], [ -2.21028, 55.0859 ], [ -2.21318, 55.08186 ], [ -2.19789, 55.07829 ], [ -2.19341, 55.07119 ], [ -2.18735, 55.07218 ], [ -2.1811, 55.06299 ], [ -2.16781, 55.06191 ], [ -2.16909, 55.0597 ], [ -2.16278, 55.05744 ], [ -2.16988, 55.05273 ], [ -2.16736, 55.0511 ], [ -2.19085, 55.04309 ], [ -2.18415, 55.03632 ], [ -2.19492, 55.03879 ], [ -2.22676, 55.03515 ], [ -2.23301, 55.04321 ], [ -2.235, 55.03643 ], [ -2.27712, 55.03836 ], [ -2.27822, 55.02927 ], [ -2.31523, 55.02343 ], [ -2.32717, 55.03721 ], [ -2.35751, 55.02149 ], [ -2.36894, 55.03573 ], [ -2.37832, 55.03581 ], [ -2.38021, 55.03892 ], [ -2.36311, 55.04689 ], [ -2.38292, 55.05224 ], [ -2.40072, 55.06226 ], [ -2.41567, 55.05928 ], [ -2.42273, 55.06246 ], [ -2.43575, 55.05695 ], [ -2.43399, 55.07066 ], [ -2.46357, 55.08211 ], [ -2.45019, 55.08787 ], [ -2.44681, 55.09861 ], [ -2.41038, 55.10515 ], [ -2.41006, 55.10984 ], [ -2.39402, 55.11576 ], [ -2.38848, 55.12651 ], [ -2.3716, 55.12744 ], [ -2.36762, 55.13075 ], [ -2.3469, 55.1288 ], [ -2.33902, 55.13303 ], [ -2.29851, 55.11815 ], [ -2.28547, 55.13262 ], [ -2.25689, 55.12412 ], [ -2.25739, 55.12081 ], [ -2.24346, 55.10595 ], [ -2.23419, 55.10286 ], [ -2.23212, 55.10705 ], [ -2.20558, 55.11461 ], [ -2.21819, 55.12352 ], [ -2.20459, 55.14378 ], [ -2.20684, 55.14767 ], [ -2.19681, 55.15111 ], [ -2.20126, 55.15405 ], [ -2.19375, 55.16264 ], [ -2.18394, 55.16001 ], [ -2.18511, 55.15677 ], [ -2.17097, 55.14984 ], [ -2.157, 55.14701 ], [ -2.15061, 55.14038 ], [ -2.15328, 55.13514 ], [ -2.13615, 55.13987 ], [ -2.105, 55.1364 ], [ -2.10766, 55.13037 ], [ -2.09649, 55.12163 ], [ -2.10821, 55.11817 ], [ -2.10477, 55.11263 ], [ -2.1324, 55.11225 ] ] ] } },
{ "type": "Feature", "properties": { "small_area": "E01012249" }, "geometry": { "type": "Polygon", "coordinates": [ [ [ -1.3567, 54.59398 ], [ -1.34354, 54.59456 ], [ -1.33939, 54.58866 ], [ -1.34519, 54.58669 ], [ -1.3567, 54.59398 ] ] ] } },
{ "type": "Feature", "properties": { "small_area": "E01008529" }, "geometry": { "type": "Polygon", "coordinates": [ [ [ -1.44468, 55.01494 ], [ -1.44337, 55.01256 ], [ -1.45175, 55.0099 ], [ -1.455, 55.01184 ], [ -1.44468, 55.01494 ] ] ] } },
{ "type": "Feature", "properties": { "small_area": "E01012192" }, "geometry": { "type": "Polygon", "coordinates": [ [ [ -1.31891, 54.59231 ], [ -1.31346, 54.58866 ], [ -1.32267, 54.58634 ], [ -1.32389, 54.58832 ], [ -1.31891, 54.59231 ] ] ] } },
{ "type": "Feature", "properties": { "small_area": "E01008707" }, "geometry": { "type": "Polygon", "coordinates": [ [ [ -1.40371, 54.9016 ], [ -1.40508, 54.90391 ], [ -1.39644, 54.90422 ], [ -1.39466, 54.90321 ], [ -1.40371, 54.9016 ] ] ] } },
{ "type": "Feature", "properties": { "small_area": "E01008548" }, "geometry": { "type": "Polygon", "coordinates": [ [ [ -1.48586, 55.04351 ], [ -1.49476, 55.04797 ], [ -1.47535, 55.05385 ], [ -1.47474, 55.04678 ], [ -1.48586, 55.04351 ] ] ] } },
{ "type": "Feature", "properties": { "small_area": "E01020616" }, "geometry": { "type": "Polygon", "coordinates": [ [ [ -1.59774, 54.86168 ], [ -1.60364, 54.86138 ], [ -1.60257, 54.86411 ], [ -1.615, 54.87513 ], [ -1.60641, 54.87476 ], [ -1.60853, 54.87278 ], [ -1.59439, 54.86778 ], [ -1.59774, 54.86168 ] ] ] } },
{ "type": "Feature", "properties": { "small_area": "E01012292" }, "geometry": { "type": "Polygon", "coordinates": [ [ [ -1.30049, 54.53902 ], [ -1.29754, 54.54535 ], [ -1.28996, 54.54105 ], [ -1.29575, 54.535 ], [ -1.30049, 54.53902 ] ] ] } },
{ "type": "Feature", "properties": { "small_area": "E01008438" }, "geometry": { "type": "Polygon", "coordinates": [ [ [ -1.62693, 54.96868 ], [ -1.61962, 54.9628 ], [ -1.62838, 54.96025 ], [ -1.64184, 54.96881 ], [ -1.62693, 54.96868 ] ] ] } },
{ "type": "Feature", "properties": { "small_area": "E01020656" }, "geometry": { "type": "Polygon", "coordinates": [ [ [ -1.82962, 54.87959 ], [ -1.84061, 54.88147 ], [ -1.84621, 54.87719 ], [ -1.85282, 54.87704 ], [ -1.85427, 54.87312 ], [ -1.86014, 54.87537 ], [ -1.8509, 54.88473 ], [ -1.85443, 54.89118 ], [ -1.84747, 54.88977 ], [ -1.84544, 54.8969 ], [ -1.83015, 54.90195 ], [ -1.82777, 54.89383 ], [ -1.81952, 54.8938 ], [ -1.82007, 54.88273 ], [ -1.82962, 54.87959 ] ] ] } },
{ "type": "Feature", "properties": { "small_area": "E01020775" }, "geometry": { "type": "Polygon", "coordinates": [ [ [ -1.39156, 54.81688 ], [ -1.40424, 54.81788 ], [ -1.39802, 54.81888 ], [ -1.40229, 54.82333 ], [ -1.3984, 54.82498 ], [ -1.38849, 54.82381 ], [ -1.38749, 54.81926 ], [ -1.39156, 54.81688 ] ] ] } },
{ "type": "Feature", "properties": { "small_area": "E01020777" }, "geometry": { "type": "Polygon", "coordinates": [ [ [ -1.34415, 54.75629 ], [ -1.33293, 54.751 ], [ -1.34807, 54.74872 ], [ -1.35116, 54.75166 ], [ -1.34415, 54.75629 ] ] ] } },
{ "type": "Feature", "properties": { "small_area": "E01020772" }, "geometry": { "type": "Polygon", "coordinates": [ [ [ -1.28029, 54.72816 ], [ -1.27229, 54.7256 ], [ -1.29029, 54.71839 ], [ -1.30551, 54.71751 ], [ -1.30131, 54.70809 ], [ -1.31384, 54.70122 ], [ -1.31265, 54.69594 ], [ -1.31936, 54.69132 ], [ -1.36897, 54.69228 ], [ -1.36504, 54.69888 ], [ -1.35716, 54.70104 ], [ -1.35846, 54.7069 ], [ -1.35133, 54.71603 ], [ -1.35679, 54.72692 ], [ -1.36507, 54.72519 ], [ -1.36799, 54.73472 ], [ -1.37592, 54.74156 ], [ -1.34819, 54.74164 ], [ -1.31376, 54.75422 ], [ -1.31032, 54.74183 ], [ -1.29304, 54.74456 ], [ -1.28029, 54.72816 ] ] ] } },
{ "type": "Feature", "properties": { "small_area": "E01012248" }, "geometry": { "type": "Polygon", "coordinates": [ [ [ -1.33146, 54.57771 ], [ -1.33399, 54.57614 ], [ -1.3471, 54.57896 ], [ -1.34571, 54.58493 ], [ -1.33579, 54.58218 ], [ -1.33146, 54.57771 ] ] ] } },
{ "type": "Feature", "properties": { "small_area": "E01012036" }, "geometry": { "type": "Polygon", "coordinates": [ [ [ -1.2482, 54.56891 ], [ -1.2427, 54.5707 ], [ -1.24412, 54.56817 ], [ -1.2482, 54.56891 ] ] ] } },
{ "type": "Feature", "properties": { "small_area": "E01020748" }, "geometry": { "type": "Polygon", "coordinates": [ [ [ -1.36111, 54.8386 ], [ -1.3639, 54.83342 ], [ -1.36066, 54.83208 ], [ -1.36645, 54.83205 ], [ -1.3675, 54.83803 ], [ -1.36111, 54.8386 ] ] ] } },
{ "type": "Feature", "properties": { "small_area": "E01020744" }, "geometry": { "type": "Polygon", "coordinates": [ [ [ -1.32557, 54.74965 ], [ -1.33024, 54.75333 ], [ -1.32256, 54.75529 ], [ -1.32947, 54.7556 ], [ -1.31791, 54.76036 ], [ -1.301, 54.75735 ], [ -1.29131, 54.76011 ], [ -1.32557, 54.74965 ] ] ] } },
{ "type": "Feature", "properties": { "small_area": "E01008265" }, "geometry": { "type": "Polygon", "coordinates": [ [ [ -1.67816, 54.94739 ], [ -1.6819, 54.95087 ], [ -1.67726, 54.95159 ], [ -1.68181, 54.95202 ], [ -1.67049, 54.95162 ], [ -1.67816, 54.94739 ] ] ] } },
{ "type": "Feature", "properties": { "small_area": "E01008264" }, "geometry": { "type": "Polygon", "coordinates": [ [ [ -1.66285, 54.95036 ], [ -1.66149, 54.94558 ], [ -1.67816, 54.94739 ], [ -1.67049, 54.95162 ], [ -1.66285, 54.95036 ] ] ] } },
{ "type": "Feature", "properties": { "small_area": "E01032561" }, "geometry": { "type": "Polygon", "coordinates": [ [ [ -1.08758, 54.60497 ], [ -1.10204, 54.60369 ], [ -1.10253, 54.60108 ], [ -1.11107, 54.60598 ], [ -1.1083, 54.60863 ], [ -1.08758, 54.60497 ] ] ] } },
{ "type": "Feature", "properties": { "small_area": "E01032560" }, "geometry": { "type": "Polygon", "coordinates": [ [ [ -1.07638, 54.60306 ], [ -1.08417, 54.60245 ], [ -1.08297, 54.59337 ], [ -1.0755, 54.59521 ], [ -1.07287, 54.59114 ], [ -1.05889, 54.59355 ], [ -1.06311, 54.59226 ], [ -1.05675, 54.58229 ], [ -1.05825, 54.57149 ], [ -1.06537, 54.56836 ], [ -1.06967, 54.57724 ], [ -1.08357, 54.57246 ], [ -1.089, 54.58245 ], [ -1.09521, 54.57645 ], [ -1.10924, 54.57149 ], [ -1.11712, 54.57294 ], [ -1.12118, 54.56798 ], [ -1.13497, 54.56749 ], [ -1.14135, 54.57465 ], [ -1.13985, 54.58047 ], [ -1.14804, 54.58296 ], [ -1.14041, 54.58267 ], [ -1.14127, 54.5919 ], [ -1.13732, 54.5918 ], [ -1.13792, 54.58702 ], [ -1.13221, 54.58783 ], [ -1.11107, 54.60598 ], [ -1.10253, 54.60108 ], [ -1.10204, 54.60369 ], [ -1.08758, 54.60497 ], [ -1.08385, 54.61135 ], [ -1.07638, 54.60306 ] ] ] } },
{ "type": "Feature", "properties": { "small_area": "E01008262" }, "geometry": { "type": "Polygon", "coordinates": [ [ [ -1.66668, 54.95047 ], [ -1.69745, 54.95113 ], [ -1.68534, 54.95622 ], [ -1.6834, 54.95787 ], [ -1.68625, 54.95894 ], [ -1.67908, 54.9633 ], [ -1.66036, 54.95679 ], [ -1.66668, 54.95047 ] ] ] } },
{ "type": "Feature", "properties": { "small_area": "E01008419" }, "geometry": { "type": "Polygon", "coordinates": [ [ [ -1.62661, 55.0034 ], [ -1.62929, 55.00531 ], [ -1.61725, 55.00731 ], [ -1.61579, 55.00243 ], [ -1.62661, 55.0034 ] ] ] } },
{ "type": "Feature", "properties": { "small_area": "E01020768" }, "geometry": { "type": "Polygon", "coordinates": [ [ [ -1.301, 54.75735 ], [ -1.31443, 54.75887 ], [ -1.30861, 54.75859 ], [ -1.31021, 54.76193 ], [ -1.29746, 54.7662 ], [ -1.29231, 54.76095 ], [ -1.301, 54.75735 ] ] ] } },
{ "type": "Feature", "properties": { "small_area": "E01020765" }, "geometry": { "type": "Polygon", "coordinates": [ [ [ -1.31723, 54.77166 ], [ -1.32106, 54.77446 ], [ -1.32376, 54.77108 ], [ -1.31852, 54.76996 ], [ -1.32367, 54.76844 ], [ -1.32909, 54.77013 ], [ -1.32976, 54.77373 ], [ -1.33989, 54.77401 ], [ -1.30878, 54.78514 ], [ -1.30166, 54.7725 ], [ -1.31723, 54.77166 ] ] ] } },
{ "type": "Feature", "properties": { "small_area": "E01012312" }, "geometry": { "type": "Polygon", "coordinates": [ [ [ -1.59141, 54.54053 ], [ -1.59557, 54.53781 ], [ -1.59852, 54.53957 ], [ -1.58741, 54.54239 ], [ -1.58711, 54.53913 ], [ -1.59141, 54.54053 ] ] ] } },
{ "type": "Feature", "properties": { "small_area": "E01012315" }, "geometry": { "type": "Polygon", "coordinates": [ [ [ -1.57795, 54.52133 ], [ -1.57884, 54.52987 ], [ -1.57366, 54.53022 ], [ -1.56945, 54.52184 ], [ -1.57795, 54.52133 ] ] ] } },
{ "type": "Feature", "properties": { "small_area": "E01012359" }, "geometry": { "type": "Polygon", "coordinates": [ [ [ -1.54909, 54.50847 ], [ -1.55843, 54.50967 ], [ -1.55044, 54.51332 ], [ -1.54776, 54.51289 ], [ -1.54909, 54.50847 ] ] ] } },
{ "type": "Feature", "properties": { "small_area": "E01012358" }, "geometry": { "type": "Polygon", "coordinates": [ [ [ -1.54919, 54.51624 ], [ -1.55843, 54.50967 ], [ -1.5648, 54.51507 ], [ -1.56239, 54.51864 ], [ -1.54919, 54.51624 ] ] ] } },
{ "type": "Feature", "properties": { "small_area": "E01027375" }, "geometry": { "type": "Polygon", "coordinates": [ [ [ -2.22743, 55.64171 ], [ -2.23143, 55.6347 ], [ -2.22059, 55.6316 ], [ -2.20986, 55.63568 ], [ -2.17378, 55.63471 ], [ -2.15421, 55.63871 ], [ -2.15855, 55.63658 ], [ -2.15269, 55.63027 ], [ -2.1545, 55.61265 ], [ -2.14822, 55.60418 ], [ -2.13736, 55.60409 ], [ -2.14044, 55.59688 ], [ -2.158, 55.59151 ], [ -2.15586, 55.58829 ], [ -2.14351, 55.58539 ], [ -2.1372, 55.57193 ], [ -2.14801, 55.56836 ], [ -2.1324, 55.57267 ], [ -2.08719, 55.57124 ], [ -2.08161, 55.57656 ], [ -2.04488, 55.5723 ], [ -2.04624, 55.5655 ], [ -2.0321, 55.56666 ], [ -2.02592, 55.56393 ], [ -2.02931, 55.55298 ], [ -2.02498, 55.55082 ], [ -2.03501, 55.55287 ], [ -2.02609, 55.54675 ], [ -2.02962, 55.54411 ], [ -2.04982, 55.53915 ], [ -2.08823, 55.54324 ], [ -2.09552, 55.54038 ], [ -2.09481, 55.53359 ], [ -2.08414, 55.533 ], [ -2.07248, 55.52407 ], [ -2.0603, 55.52473 ], [ -2.02954, 55.53661 ], [ -2.01052, 55.53971 ], [ -2.00435, 55.5396 ], [ -2.0004, 55.53296 ], [ -2.00001, 55.54027 ], [ -1.98105, 55.54118 ], [ -1.99813, 55.54914 ], [ -1.99324, 55.55295 ], [ -1.99938, 55.55625 ], [ -1.99712, 55.56441 ], [ -1.98199, 55.57062 ], [ -1.97158, 55.56512 ], [ -1.96742, 55.56849 ], [ -1.95918, 55.56563 ], [ -1.94428, 55.5668 ], [ -1.91898, 55.57408 ], [ -1.91446, 55.57008 ], [ -1.90689, 55.57421 ], [ -1.88787, 55.577 ], [ -1.88263, 55.58499 ], [ -1.87309, 55.578 ], [ -1.85073, 55.57027 ], [ -1.85313, 55.56892 ], [ -1.84107, 55.55851 ], [ -1.84193, 55.55388 ], [ -1.82226, 55.55606 ], [ -1.80862, 55.55011 ], [ -1.82239, 55.54827 ], [ -1.82579, 55.54068 ], [ -1.82318, 55.52844 ], [ -1.80873, 55.5207 ], [ -1.8069, 55.51357 ], [ -1.79315, 55.49724 ], [ -1.82642, 55.48134 ], [ -1.84547, 55.47786 ], [ -1.85814, 55.48406 ], [ -1.85796, 55.48148 ], [ -1.87635, 55.47719 ], [ -1.87655, 55.47273 ], [ -1.89054, 55.46512 ], [ -1.91002, 55.46972 ], [ -1.91776, 55.46767 ], [ -1.90663, 55.4426 ], [ -1.90804, 55.43455 ], [ -1.91459, 55.43123 ], [ -1.91256, 55.42803 ], [ -1.9202, 55.42325 ], [ -1.91633, 55.42047 ], [ -1.91977, 55.41822 ], [ -1.93114, 55.42175 ], [ -1.95593, 55.41322 ], [ -1.96004, 55.41733 ], [ -1.98405, 55.4139 ], [ -1.98843, 55.41828 ], [ -2.00785, 55.42016 ], [ -2.01081, 55.43189 ], [ -2.02408, 55.43224 ], [ -2.03428, 55.42855 ], [ -2.04468, 55.43102 ], [ -2.04975, 55.43815 ], [ -2.06944, 55.43644 ], [ -2.07774, 55.43995 ], [ -2.11077, 55.43762 ], [ -2.13522, 55.45497 ], [ -2.1355, 55.46039 ], [ -2.1529, 55.46497 ], [ -2.1552, 55.46925 ], [ -2.16551, 55.46838 ], [ -2.17372, 55.47227 ], [ -2.20133, 55.47527 ], [ -2.20635, 55.48156 ], [ -2.20264, 55.48954 ], [ -2.21945, 55.50573 ], [ -2.22884, 55.50952 ], [ -2.22428, 55.52279 ], [ -2.2276, 55.52841 ], [ -2.23321, 55.52961 ], [ -2.23224, 55.54483 ], [ -2.2403, 55.55563 ], [ -2.24785, 55.55673 ], [ -2.2888, 55.58031 ], [ -2.29239, 55.5858 ], [ -2.28593, 55.59654 ], [ -2.28923, 55.60377 ], [ -2.29513, 55.60862 ], [ -2.30728, 55.61111 ], [ -2.31609, 55.62046 ], [ -2.30893, 55.62248 ], [ -2.30862, 55.62888 ], [ -2.3243, 55.62617 ], [ -2.33609, 55.63217 ], [ -2.3265, 55.63676 ], [ -2.32499, 55.64302 ], [ -2.30653, 55.64695 ], [ -2.27887, 55.64275 ], [ -2.25555, 55.64447 ], [ -2.24569, 55.63959 ], [ -2.23418, 55.6412 ], [ -2.23362, 55.64576 ], [ -2.22743, 55.64171 ] ] ] } },
{ "type": "Feature", "properties": { "small_area": "E01008318" }, "geometry": { "type": "Polygon", "coordinates": [ [ [ -1.58362, 54.99118 ], [ -1.58707, 54.9955 ], [ -1.58373, 54.99696 ], [ -1.57598, 54.99324 ], [ -1.58362, 54.99118 ] ] ] } },
{ "type": "Feature", "properties": { "small_area": "E01012127" }, "geometry": { "type": "Polygon", "coordinates": [ [ [ -1.06789, 54.59916 ], [ -1.07057, 54.59605 ], [ -1.07272, 54.59792 ], [ -1.06584, 54.60048 ], [ -1.06399, 54.59515 ], [ -1.06995, 54.5941 ], [ -1.06789, 54.59916 ] ] ] } },
{ "type": "Feature", "properties": { "small_area": "E01012124" }, "geometry": { "type": "Polygon", "coordinates": [ [ [ -1.07516, 54.52726 ], [ -1.08227, 54.52274 ], [ -1.06979, 54.52046 ], [ -1.06801, 54.52568 ], [ -1.06348, 54.52267 ], [ -1.06549, 54.51989 ], [ -1.05691, 54.51345 ], [ -1.07042, 54.50873 ], [ -1.06789, 54.50042 ], [ -1.09465, 54.50675 ], [ -1.11177, 54.50436 ], [ -1.11439, 54.49893 ], [ -1.14618, 54.50281 ], [ -1.13731, 54.5149 ], [ -1.15973, 54.51582 ], [ -1.16496, 54.52191 ], [ -1.16137, 54.52488 ], [ -1.16047, 54.53306 ], [ -1.08691, 54.53501 ], [ -1.09243, 54.52943 ], [ -1.08469, 54.53162 ], [ -1.08541, 54.52916 ], [ -1.07516, 54.52726 ] ] ] } },
{ "type": "Feature", "properties": { "small_area": "E01012047" }, "geometry": { "type": "Polygon", "coordinates": [ [ [ -1.25819, 54.54479 ], [ -1.27276, 54.54407 ], [ -1.27412, 54.54822 ], [ -1.25819, 54.54479 ] ] ] } },
{ "type": "Feature", "properties": { "small_area": "E01012046" }, "geometry": { "type": "Polygon", "coordinates": [ [ [ -1.21646, 54.53257 ], [ -1.24411, 54.52988 ], [ -1.254, 54.53701 ], [ -1.23488, 54.54028 ], [ -1.23606, 54.54436 ], [ -1.21646, 54.53257 ] ] ] } },
{ "type": "Feature", "properties": { "small_area": "E01012044" }, "geometry": { "type": "Polygon", "coordinates": [ [ [ -1.24325, 54.52045 ], [ -1.24023, 54.51851 ], [ -1.24884, 54.51818 ], [ -1.24821, 54.5234 ], [ -1.24018, 54.52719 ], [ -1.23827, 54.52432 ], [ -1.24325, 54.52045 ] ] ] } },
{ "type": "Feature", "properties": { "small_area": "E01033206" }, "geometry": { "type": "Polygon", "coordinates": [ [ [ -1.41354, 54.79562 ], [ -1.41519, 54.80261 ], [ -1.41925, 54.80324 ], [ -1.42182, 54.79857 ], [ -1.4229, 54.80825 ], [ -1.41137, 54.80935 ], [ -1.41298, 54.8024 ], [ -1.40385, 54.80187 ], [ -1.41354, 54.79562 ] ] ] } },
{ "type": "Feature", "properties": { "small_area": "E01008678" }, "geometry": { "type": "Polygon", "coordinates": [ [ [ -1.42718, 54.9833 ], [ -1.43132, 54.98613 ], [ -1.42404, 54.98834 ], [ -1.42147, 54.9883 ], [ -1.42718, 54.9833 ] ] ] } },
{ "type": "Feature", "properties": { "small_area": "E01033205" }, "geometry": { "type": "Polygon", "coordinates": [ [ [ -1.39398, 54.80024 ], [ -1.38739, 54.79142 ], [ -1.3973, 54.79033 ], [ -1.39571, 54.78721 ], [ -1.40134, 54.78592 ], [ -1.40374, 54.79123 ], [ -1.41052, 54.79068 ], [ -1.42543, 54.79626 ], [ -1.44555, 54.79105 ], [ -1.43764, 54.79421 ], [ -1.43752, 54.80052 ], [ -1.42348, 54.80323 ], [ -1.42182, 54.79857 ], [ -1.41925, 54.80324 ], [ -1.41519, 54.80261 ], [ -1.41354, 54.79562 ], [ -1.40385, 54.80187 ], [ -1.39398, 54.80024 ] ] ] } },
{ "type": "Feature", "properties": { "small_area": "E01008782" }, "geometry": { "type": "Polygon", "coordinates": [ [ [ -1.39856, 54.88742 ], [ -1.40289, 54.88526 ], [ -1.39576, 54.88278 ], [ -1.40735, 54.88672 ], [ -1.41044, 54.8913 ], [ -1.40273, 54.8933 ], [ -1.39856, 54.88742 ] ] ] } },
{ "type": "Feature", "properties": { "small_area": "E01020694" }, "geometry": { "type": "Polygon", "coordinates": [ [ [ -1.53156, 54.74397 ], [ -1.52573, 54.74367 ], [ -1.51832, 54.73797 ], [ -1.52619, 54.73683 ], [ -1.53156, 54.74397 ] ] ] } },
{ "type": "Feature", "properties": { "small_area": "E01012026" }, "geometry": { "type": "Polygon", "coordinates": [ [ [ -1.21532, 54.56633 ], [ -1.2156, 54.5636 ], [ -1.23073, 54.56269 ], [ -1.22737, 54.56642 ], [ -1.21532, 54.56633 ] ] ] } },
{ "type": "Feature", "properties": { "small_area": "E01020789" }, "geometry": { "type": "Polygon", "coordinates": [ [ [ -1.42662, 54.74836 ], [ -1.42257, 54.73739 ], [ -1.43161, 54.73803 ], [ -1.4321, 54.7326 ], [ -1.45799, 54.73345 ], [ -1.46543, 54.73746 ], [ -1.45826, 54.73909 ], [ -1.45656, 54.74702 ], [ -1.44682, 54.75154 ], [ -1.43016, 54.75106 ], [ -1.43278, 54.75595 ], [ -1.41632, 54.75185 ], [ -1.42662, 54.74836 ] ] ] } },
{ "type": "Feature", "properties": { "small_area": "E01020708" }, "geometry": { "type": "Polygon", "coordinates": [ [ [ -1.59022, 54.79536 ], [ -1.58538, 54.79113 ], [ -1.59502, 54.79217 ], [ -1.59983, 54.78919 ], [ -1.60454, 54.792 ], [ -1.59874, 54.79231 ], [ -1.59936, 54.7961 ], [ -1.58986, 54.79836 ], [ -1.58889, 54.80128 ], [ -1.58394, 54.80021 ], [ -1.59022, 54.79536 ] ] ] } },
{ "type": "Feature", "properties": { "small_area": "E01020788" }, "geometry": { "type": "Polygon", "coordinates": [ [ [ -1.38629, 54.74368 ], [ -1.39246, 54.73896 ], [ -1.40478, 54.74745 ], [ -1.40971, 54.74723 ], [ -1.40947, 54.74308 ], [ -1.41649, 54.73871 ], [ -1.42013, 54.74193 ], [ -1.41736, 54.74535 ], [ -1.4253, 54.74455 ], [ -1.42662, 54.74836 ], [ -1.41066, 54.75291 ], [ -1.38984, 54.75176 ], [ -1.38629, 54.74368 ] ] ] } },
{ "type": "Feature", "properties": { "small_area": "E01027388" }, "geometry": { "type": "Polygon", "coordinates": [ [ [ -2.01013, 55.76105 ], [ -2.00498, 55.76252 ], [ -1.99151, 55.75285 ], [ -1.99694, 55.75148 ], [ -1.99745, 55.75533 ], [ -2.00448, 55.75346 ], [ -2.01013, 55.76105 ] ] ] } },
{ "type": "Feature", "properties": { "small_area": "E01020651" }, "geometry": { "type": "Polygon", "coordinates": [ [ [ -1.80089, 54.8412 ], [ -1.80915, 54.82807 ], [ -1.81468, 54.82857 ], [ -1.81932, 54.83522 ], [ -1.81578, 54.83888 ], [ -1.819, 54.84107 ], [ -1.80617, 54.84399 ], [ -1.80089, 54.8412 ] ] ] } },
{ "type": "Feature", "properties": { "small_area": "E01020626" }, "geometry": { "type": "Polygon", "coordinates": [ [ [ -1.73342, 54.85853 ], [ -1.73348, 54.86077 ], [ -1.73871, 54.8602 ], [ -1.73966, 54.85547 ], [ -1.74604, 54.85447 ], [ -1.74425, 54.86159 ], [ -1.72975, 54.86296 ], [ -1.73342, 54.85853 ] ] ] } },
{ "type": "Feature", "properties": { "small_area": "E01020627" }, "geometry": { "type": "Polygon", "coordinates": [ [ [ -1.84684, 54.86525 ], [ -1.85387, 54.86578 ], [ -1.85487, 54.8631 ], [ -1.84909, 54.86103 ], [ -1.85823, 54.86378 ], [ -1.86111, 54.86662 ], [ -1.84684, 54.86525 ] ] ] } },
{ "type": "Feature", "properties": { "small_area": "E01020624" }, "geometry": { "type": "Polygon", "coordinates": [ [ [ -1.71773, 54.8576 ], [ -1.72549, 54.85486 ], [ -1.73342, 54.85853 ], [ -1.72119, 54.86596 ], [ -1.71552, 54.86441 ], [ -1.71773, 54.8576 ] ] ] } },
{ "type": "Feature", "properties": { "small_area": "E01008789" }, "geometry": { "type": "Polygon", "coordinates": [ [ [ -1.35986, 54.91878 ], [ -1.36588, 54.91734 ], [ -1.36748, 54.91977 ], [ -1.37087, 54.91176 ], [ -1.37538, 54.91102 ], [ -1.36965, 54.91646 ], [ -1.36953, 54.91923 ], [ -1.37247, 54.9179 ], [ -1.36804, 54.92443 ], [ -1.35986, 54.91878 ] ] ] } },
{ "type": "Feature", "properties": { "small_area": "E01020692" }, "geometry": { "type": "Polygon", "coordinates": [ [ [ -1.54064, 54.78236 ], [ -1.55697, 54.78422 ], [ -1.53962, 54.79155 ], [ -1.53718, 54.78721 ], [ -1.54206, 54.78616 ], [ -1.53758, 54.78551 ], [ -1.54064, 54.78236 ] ] ] } },
{ "type": "Feature", "properties": { "small_area": "E01008862" }, "geometry": { "type": "Polygon", "coordinates": [ [ [ -1.50688, 54.88046 ], [ -1.51525, 54.88017 ], [ -1.51582, 54.8878 ], [ -1.50803, 54.89064 ], [ -1.50321, 54.88478 ], [ -1.50688, 54.88046 ] ] ] } },
{ "type": "Feature", "properties": { "small_area": "E01008865" }, "geometry": { "type": "Polygon", "coordinates": [ [ [ -1.52686, 54.88118 ], [ -1.53684, 54.87932 ], [ -1.54041, 54.88897 ], [ -1.53468, 54.88824 ], [ -1.53323, 54.89182 ], [ -1.52686, 54.88118 ] ] ] } },
{ "type": "Feature", "properties": { "small_area": "E01020706" }, "geometry": { "type": "Polygon", "coordinates": [ [ [ -1.67657, 54.75016 ], [ -1.68154, 54.74672 ], [ -1.70008, 54.74726 ], [ -1.7028, 54.75256 ], [ -1.70103, 54.74733 ], [ -1.71834, 54.74904 ], [ -1.72063, 54.75215 ], [ -1.73108, 54.75011 ], [ -1.72781, 54.75818 ], [ -1.74435, 54.75942 ], [ -1.74637, 54.76444 ], [ -1.75568, 54.76787 ], [ -1.73607, 54.77333 ], [ -1.71275, 54.77443 ], [ -1.71251, 54.76879 ], [ -1.723, 54.76929 ], [ -1.71682, 54.76419 ], [ -1.71315, 54.76743 ], [ -1.7129, 54.76445 ], [ -1.70673, 54.76673 ], [ -1.70119, 54.76194 ], [ -1.69443, 54.76396 ], [ -1.70538, 54.76804 ], [ -1.70587, 54.77185 ], [ -1.69283, 54.77506 ], [ -1.68162, 54.77389 ], [ -1.68569, 54.75959 ], [ -1.68248, 54.75485 ], [ -1.67814, 54.75516 ], [ -1.67657, 54.75016 ] ] ] } },
{ "type": "Feature", "properties": { "small_area": "E01020787" }, "geometry": { "type": "Polygon", "coordinates": [ [ [ -1.36645, 54.83205 ], [ -1.37701, 54.83149 ], [ -1.3712, 54.83961 ], [ -1.36668, 54.84113 ], [ -1.36645, 54.83205 ] ] ] } },
{ "type": "Feature", "properties": { "small_area": "E01020838" }, "geometry": { "type": "Polygon", "coordinates": [ [ [ -1.606, 54.63876 ], [ -1.61261, 54.63913 ], [ -1.61664, 54.63008 ], [ -1.62903, 54.63807 ], [ -1.64076, 54.64029 ], [ -1.64029, 54.63527 ], [ -1.64632, 54.63282 ], [ -1.65678, 54.63626 ], [ -1.65841, 54.64464 ], [ -1.6483, 54.64055 ], [ -1.64653, 54.64549 ], [ -1.62445, 54.65103 ], [ -1.62564, 54.65347 ], [ -1.61025, 54.65497 ], [ -1.61143, 54.64365 ], [ -1.60483, 54.64183 ], [ -1.606, 54.63876 ] ] ] } },
{ "type": "Feature", "properties": { "small_area": "E01020839" }, "geometry": { "type": "Polygon", "coordinates": [ [ [ -1.63524, 54.63399 ], [ -1.64869, 54.63018 ], [ -1.65678, 54.63626 ], [ -1.64632, 54.63282 ], [ -1.64029, 54.63527 ], [ -1.64076, 54.64029 ], [ -1.62903, 54.63807 ], [ -1.62223, 54.63133 ], [ -1.63524, 54.63399 ] ] ] } },
{ "type": "Feature", "properties": { "small_area": "E01020831" }, "geometry": { "type": "Polygon", "coordinates": [ [ [ -1.56976, 54.61783 ], [ -1.56743, 54.62033 ], [ -1.57344, 54.62372 ], [ -1.56742, 54.6242 ], [ -1.56355, 54.62843 ], [ -1.56145, 54.62093 ], [ -1.56976, 54.61783 ] ] ] } },
{ "type": "Feature", "properties": { "small_area": "E01020740" }, "geometry": { "type": "Polygon", "coordinates": [ [ [ -1.34301, 54.8372 ], [ -1.33497, 54.83405 ], [ -1.34057, 54.83003 ], [ -1.34833, 54.83057 ], [ -1.34301, 54.8372 ] ] ] } },
{ "type": "Feature", "properties": { "small_area": "E01012171" }, "geometry": { "type": "Polygon", "coordinates": [ [ [ -1.14378, 54.55956 ], [ -1.14628, 54.56435 ], [ -1.14032, 54.56731 ], [ -1.13745, 54.5619 ], [ -1.14378, 54.55956 ] ] ] } },
{ "type": "Feature", "properties": { "small_area": "E01008668" }, "geometry": { "type": "Polygon", "coordinates": [ [ [ -1.42404, 54.98834 ], [ -1.43114, 54.98617 ], [ -1.42643, 54.9877 ], [ -1.43235, 54.99069 ], [ -1.42859, 54.99268 ], [ -1.42404, 54.98834 ] ] ] } },
{ "type": "Feature", "properties": { "small_area": "E01012117" }, "geometry": { "type": "Polygon", "coordinates": [ [ [ -1.04669, 54.53835 ], [ -1.05351, 54.53353 ], [ -1.04757, 54.53174 ], [ -1.05918, 54.52802 ], [ -1.06358, 54.53237 ], [ -1.05567, 54.53468 ], [ -1.05798, 54.5365 ], [ -1.05351, 54.53575 ], [ -1.05343, 54.53889 ], [ -1.04669, 54.53835 ] ] ] } },
{ "type": "Feature", "properties": { "small_area": "E01027458" }, "geometry": { "type": "Polygon", "coordinates": [ [ [ -1.68633, 55.15892 ], [ -1.68023, 55.15244 ], [ -1.68725, 55.14966 ], [ -1.70721, 55.15157 ], [ -1.69857, 55.15623 ], [ -1.69971, 55.15968 ], [ -1.69188, 55.15924 ], [ -1.68991, 55.16354 ], [ -1.68548, 55.16457 ], [ -1.68633, 55.15892 ] ] ] } },
{ "type": "Feature", "properties": { "small_area": "E01020593" }, "geometry": { "type": "Polygon", "coordinates": [ [ [ -1.57419, 54.85849 ], [ -1.57311, 54.85136 ], [ -1.5821, 54.85387 ], [ -1.57912, 54.85879 ], [ -1.57419, 54.85849 ] ] ] } },
{ "type": "Feature", "properties": { "small_area": "E01008829" }, "geometry": { "type": "Polygon", "coordinates": [ [ [ -1.42842, 54.88418 ], [ -1.42498, 54.88212 ], [ -1.42794, 54.88061 ], [ -1.43437, 54.8823 ], [ -1.43298, 54.88903 ], [ -1.42303, 54.8864 ], [ -1.42842, 54.88418 ] ] ] } },
{ "type": "Feature", "properties": { "small_area": "E01008612" }, "geometry": { "type": "Polygon", "coordinates": [ [ [ -1.45253, 54.95416 ], [ -1.4548, 54.95346 ], [ -1.47287, 54.955 ], [ -1.47124, 54.95866 ], [ -1.45341, 54.95926 ], [ -1.45253, 54.95416 ] ] ] } },
{ "type": "Feature", "properties": { "small_area": "E01008693" }, "geometry": { "type": "Polygon", "coordinates": [ [ [ -1.42565, 54.92244 ], [ -1.42615, 54.91722 ], [ -1.43525, 54.91424 ], [ -1.44227, 54.91693 ], [ -1.43735, 54.9185 ], [ -1.44548, 54.91835 ], [ -1.44724, 54.91547 ], [ -1.44943, 54.92003 ], [ -1.42565, 54.92244 ] ] ] } },
{ "type": "Feature", "properties": { "small_area": "E01008615" }, "geometry": { "type": "Polygon", "coordinates": [ [ [ -1.45697, 54.94462 ], [ -1.44414, 54.94552 ], [ -1.44204, 54.93343 ], [ -1.46643, 54.93013 ], [ -1.47324, 54.93842 ], [ -1.47382, 54.95283 ], [ -1.471, 54.94667 ], [ -1.46539, 54.94835 ], [ -1.45697, 54.94462 ] ] ] } },
{ "type": "Feature", "properties": { "small_area": "E01008694" }, "geometry": { "type": "Polygon", "coordinates": [ [ [ -1.4441, 54.9237 ], [ -1.44537, 54.91975 ], [ -1.45253, 54.91906 ], [ -1.45397, 54.92313 ], [ -1.44849, 54.92194 ], [ -1.44759, 54.92504 ], [ -1.4441, 54.9237 ] ] ] } },
{ "type": "Feature", "properties": { "small_area": "E01008614" }, "geometry": { "type": "Polygon", "coordinates": [ [ [ -1.43619, 54.953 ], [ -1.43651, 54.95142 ], [ -1.44414, 54.94552 ], [ -1.45143, 54.94581 ], [ -1.44752, 54.94971 ], [ -1.45341, 54.95926 ], [ -1.43619, 54.953 ] ] ] } },
{ "type": "Feature", "properties": { "small_area": "E01008695" }, "geometry": { "type": "Polygon", "coordinates": [ [ [ -1.4589, 54.91579 ], [ -1.45168, 54.91191 ], [ -1.43525, 54.91424 ], [ -1.45839, 54.90458 ], [ -1.4608, 54.92166 ], [ -1.45397, 54.92313 ], [ -1.45253, 54.91906 ], [ -1.4589, 54.91579 ] ] ] } },
{ "type": "Feature", "properties": { "small_area": "E01008692" }, "geometry": { "type": "Polygon", "coordinates": [ [ [ -1.43719, 54.96111 ], [ -1.43904, 54.96695 ], [ -1.4281, 54.96512 ], [ -1.43719, 54.96111 ] ] ] } },
{ "type": "Feature", "properties": { "small_area": "E01008613" }, "geometry": { "type": "Polygon", "coordinates": [ [ [ -1.46539, 54.94835 ], [ -1.46872, 54.95249 ], [ -1.46454, 54.94993 ], [ -1.46515, 54.95338 ], [ -1.4548, 54.95346 ], [ -1.45971, 54.94953 ], [ -1.45697, 54.94462 ], [ -1.46539, 54.94835 ] ] ] } },
{ "type": "Feature", "properties": { "small_area": "E01008452" }, "geometry": { "type": "Polygon", "coordinates": [ [ [ -1.64118, 54.98476 ], [ -1.64998, 54.9829 ], [ -1.65512, 54.98943 ], [ -1.63863, 54.98874 ], [ -1.64118, 54.98476 ] ] ] } },
{ "type": "Feature", "properties": { "small_area": "E01008496" }, "geometry": { "type": "Polygon", "coordinates": [ [ [ -1.42988, 55.03049 ], [ -1.43389, 55.0296 ], [ -1.43766, 55.03706 ], [ -1.4308, 55.03711 ], [ -1.42988, 55.03049 ] ] ] } },
{ "type": "Feature", "properties": { "small_area": "E01012184" }, "geometry": { "type": "Polygon", "coordinates": [ [ [ -1.05976, 54.61402 ], [ -1.05961, 54.61805 ], [ -1.05028, 54.61491 ], [ -1.05406, 54.61073 ], [ -1.05976, 54.61402 ] ] ] } },
{ "type": "Feature", "properties": { "small_area": "E01012185" }, "geometry": { "type": "Polygon", "coordinates": [ [ [ -1.04592, 54.60229 ], [ -1.04973, 54.60713 ], [ -1.04219, 54.60678 ], [ -1.04111, 54.60352 ], [ -1.04592, 54.60229 ] ] ] } },
{ "type": "Feature", "properties": { "small_area": "E01012107" }, "geometry": { "type": "MultiPolygon", "coordinates": [ [ [ [ -1.15096, 54.63194 ], [ -1.15118, 54.63441 ], [ -1.14939, 54.63472 ], [ -1.15096, 54.63194 ] ] ], [ [ [ -1.08461, 54.62039 ], [ -1.0926, 54.61716 ], [ -1.08495, 54.61541 ], [ -1.08441, 54.61316 ], [ -1.09167, 54.6118 ], [ -1.08725, 54.60705 ], [ -1.1083, 54.60863 ], [ -1.13221, 54.58783 ], [ -1.13792, 54.58702 ], [ -1.13732, 54.5918 ], [ -1.14127, 54.5919 ], [ -1.14041, 54.58267 ], [ -1.14804, 54.58296 ], [ -1.14758, 54.58972 ], [ -1.19431, 54.57988 ], [ -1.19705, 54.58178 ], [ -1.16379, 54.6021 ], [ -1.15138, 54.59615 ], [ -1.16348, 54.60209 ], [ -1.16024, 54.60453 ], [ -1.14676, 54.59908 ], [ -1.15758, 54.60544 ], [ -1.14911, 54.61432 ], [ -1.15461, 54.62749 ], [ -1.15273, 54.63133 ], [ -1.14604, 54.62771 ], [ -1.13543, 54.62962 ], [ -1.14189, 54.63816 ], [ -1.13746, 54.64757 ], [ -1.13873, 54.64068 ], [ -1.1188, 54.62885 ], [ -1.08461, 54.62039 ] ] ] ] } },
{ "type": "Feature", "properties": { "small_area": "E01012186" }, "geometry": { "type": "Polygon", "coordinates": [ [ [ -1.04111, 54.60352 ], [ -1.04219, 54.60678 ], [ -1.04973, 54.60713 ], [ -1.05406, 54.61073 ], [ -1.05028, 54.61491 ], [ -1.0363, 54.60603 ], [ -1.04111, 54.60352 ] ] ] } },
{ "type": "Feature", "properties": { "small_area": "E01012106" }, "geometry": { "type": "Polygon", "coordinates": [ [ [ -1.08758, 54.60497 ], [ -1.09087, 54.60625 ], [ -1.08725, 54.60705 ], [ -1.09167, 54.6118 ], [ -1.08385, 54.61135 ], [ -1.08758, 54.60497 ] ] ] } },
{ "type": "Feature", "properties": { "small_area": "E01012187" }, "geometry": { "type": "Polygon", "coordinates": [ [ [ -1.35518, 54.57629 ], [ -1.36424, 54.57816 ], [ -1.36579, 54.57421 ], [ -1.37471, 54.57978 ], [ -1.37033, 54.57991 ], [ -1.36622, 54.5889 ], [ -1.35518, 54.57629 ] ] ] } },
{ "type": "Feature", "properties": { "small_area": "E01012105" }, "geometry": { "type": "Polygon", "coordinates": [ [ [ -1.07787, 54.60683 ], [ -1.07758, 54.60564 ], [ -1.08495, 54.61541 ], [ -1.07684, 54.61553 ], [ -1.07787, 54.60683 ] ] ] } },
{ "type": "Feature", "properties": { "small_area": "E01020763" }, "geometry": { "type": "Polygon", "coordinates": [ [ [ -1.38396, 54.77601 ], [ -1.38336, 54.77203 ], [ -1.40596, 54.76855 ], [ -1.43626, 54.77235 ], [ -1.44986, 54.76827 ], [ -1.4716, 54.77891 ], [ -1.46843, 54.79062 ], [ -1.44876, 54.78879 ], [ -1.42543, 54.79626 ], [ -1.41052, 54.79068 ], [ -1.40374, 54.79123 ], [ -1.40134, 54.78592 ], [ -1.39571, 54.78721 ], [ -1.38396, 54.77601 ] ] ] } },
{ "type": "Feature", "properties": { "small_area": "E01020632" }, "geometry": { "type": "Polygon", "coordinates": [ [ [ -1.8405, 54.85698 ], [ -1.84686, 54.85658 ], [ -1.8489, 54.86257 ], [ -1.84076, 54.86748 ], [ -1.83623, 54.86506 ], [ -1.8405, 54.85698 ] ] ] } },
{ "type": "Feature", "properties": { "small_area": "E01020727" }, "geometry": { "type": "Polygon", "coordinates": [ [ [ -1.50427, 54.83122 ], [ -1.49775, 54.82345 ], [ -1.50745, 54.8169 ], [ -1.50087, 54.81254 ], [ -1.5061, 54.81087 ], [ -1.51358, 54.81344 ], [ -1.51281, 54.80945 ], [ -1.52137, 54.80422 ], [ -1.54038, 54.81448 ], [ -1.52859, 54.81861 ], [ -1.52918, 54.82447 ], [ -1.53538, 54.82763 ], [ -1.51418, 54.8285 ], [ -1.51641, 54.83483 ], [ -1.50356, 54.83747 ], [ -1.50427, 54.83122 ] ] ] } },
{ "type": "Feature", "properties": { "small_area": "E01008337" }, "geometry": { "type": "Polygon", "coordinates": [ [ [ -1.6524, 55.01732 ], [ -1.6408, 55.01916 ], [ -1.63989, 55.01687 ], [ -1.64412, 55.01413 ], [ -1.6524, 55.01732 ] ] ] } },
{ "type": "Feature", "properties": { "small_area": "E01008397" }, "geometry": { "type": "Polygon", "coordinates": [ [ [ -1.61637, 54.99538 ], [ -1.60651, 54.97512 ], [ -1.62372, 54.97507 ], [ -1.61498, 54.97675 ], [ -1.62299, 54.99549 ], [ -1.61637, 54.99538 ] ] ] } },
{ "type": "Feature", "properties": { "small_area": "E01008315" }, "geometry": { "type": "Polygon", "coordinates": [ [ [ -1.59262, 54.98965 ], [ -1.58871, 54.99857 ], [ -1.58503, 54.99844 ], [ -1.58707, 54.9955 ], [ -1.58362, 54.99118 ], [ -1.59262, 54.98965 ] ] ] } },
{ "type": "Feature", "properties": { "small_area": "E01012112" }, "geometry": { "type": "Polygon", "coordinates": [ [ [ -1.15247, 54.55349 ], [ -1.12917, 54.56012 ], [ -1.14828, 54.53955 ], [ -1.15247, 54.55349 ] ] ] } },
{ "type": "Feature", "properties": { "small_area": "E01012021" }, "geometry": { "type": "Polygon", "coordinates": [ [ [ -1.22256, 54.54191 ], [ -1.22964, 54.54121 ], [ -1.23797, 54.5469 ], [ -1.23607, 54.55253 ], [ -1.2306, 54.54856 ], [ -1.22733, 54.55106 ], [ -1.22256, 54.54191 ] ] ] } },
{ "type": "Feature", "properties": { "small_area": "E01012020" }, "geometry": { "type": "Polygon", "coordinates": [ [ [ -1.22883, 54.55435 ], [ -1.22555, 54.55569 ], [ -1.21633, 54.54786 ], [ -1.22304, 54.54542 ], [ -1.22883, 54.55435 ] ] ] } },
{ "type": "Feature", "properties": { "small_area": "E01008457" }, "geometry": { "type": "Polygon", "coordinates": [ [ [ -1.68078, 55.00093 ], [ -1.68371, 54.99881 ], [ -1.68766, 54.99949 ], [ -1.68112, 55.0025 ], [ -1.68623, 55.00289 ], [ -1.6861, 55.00591 ], [ -1.69227, 55.00063 ], [ -1.70024, 55.00404 ], [ -1.68536, 55.0071 ], [ -1.68023, 55.00397 ], [ -1.68078, 55.00093 ] ] ] } },
{ "type": "Feature", "properties": { "small_area": "E01008416" }, "geometry": { "type": "Polygon", "coordinates": [ [ [ -1.68619, 54.98302 ], [ -1.68274, 54.98214 ], [ -1.68892, 54.97816 ], [ -1.69607, 54.98163 ], [ -1.69378, 54.98494 ], [ -1.68619, 54.98302 ] ] ] } },
{ "type": "Feature", "properties": { "small_area": "E01033161" }, "geometry": { "type": "Polygon", "coordinates": [ [ [ -1.35819, 54.80993 ], [ -1.38037, 54.80711 ], [ -1.38513, 54.80209 ], [ -1.39398, 54.80024 ], [ -1.40291, 54.80156 ], [ -1.38507, 54.80753 ], [ -1.39135, 54.80882 ], [ -1.38769, 54.81323 ], [ -1.39145, 54.81584 ], [ -1.38115, 54.8155 ], [ -1.38217, 54.81966 ], [ -1.37457, 54.82074 ], [ -1.37593, 54.82419 ], [ -1.36826, 54.82269 ], [ -1.369, 54.81742 ], [ -1.36566, 54.81967 ], [ -1.35819, 54.80993 ] ] ] } },
{ "type": "Feature", "properties": { "small_area": "E01033163" }, "geometry": { "type": "Polygon", "coordinates": [ [ [ -1.34758, 54.84063 ], [ -1.35687, 54.84683 ], [ -1.36795, 54.84506 ], [ -1.369, 54.84768 ], [ -1.36249, 54.84935 ], [ -1.36738, 54.85079 ], [ -1.36766, 54.85781 ], [ -1.34743, 54.86062 ], [ -1.33587, 54.84409 ], [ -1.34758, 54.84063 ] ] ] } },
{ "type": "Feature", "properties": { "small_area": "E01027492" }, "geometry": { "type": "Polygon", "coordinates": [ [ [ -2.11146, 54.97063 ], [ -2.1258, 54.97055 ], [ -2.12244, 54.97354 ], [ -2.11706, 54.9716 ], [ -2.11574, 54.974 ], [ -2.12058, 54.97523 ], [ -2.11936, 54.97809 ], [ -2.10701, 54.97266 ], [ -2.11146, 54.97063 ] ] ] } },
{ "type": "Feature", "properties": { "small_area": "E01027413" }, "geometry": { "type": "Polygon", "coordinates": [ [ [ -1.59673, 55.07588 ], [ -1.60797, 55.07721 ], [ -1.6095, 55.08809 ], [ -1.61693, 55.09095 ], [ -1.61494, 55.09375 ], [ -1.60166, 55.09034 ], [ -1.59699, 55.09254 ], [ -1.59673, 55.07588 ] ] ] } },
{ "type": "Feature", "properties": { "small_area": "E01027493" }, "geometry": { "type": "Polygon", "coordinates": [ [ [ -2.08818, 54.96627 ], [ -2.09665, 54.96514 ], [ -2.09767, 54.96951 ], [ -2.09088, 54.97368 ], [ -2.08119, 54.97131 ], [ -2.08818, 54.96627 ] ] ] } },
{ "type": "Feature", "properties": { "small_area": "E01027412" }, "geometry": { "type": "Polygon", "coordinates": [ [ [ -1.59699, 55.09254 ], [ -1.60166, 55.09034 ], [ -1.61494, 55.09375 ], [ -1.61693, 55.09095 ], [ -1.6095, 55.08809 ], [ -1.60797, 55.07721 ], [ -1.59673, 55.07588 ], [ -1.59878, 55.06431 ], [ -1.63286, 55.06593 ], [ -1.63022, 55.06891 ], [ -1.63719, 55.10089 ], [ -1.64709, 55.10509 ], [ -1.63085, 55.11148 ], [ -1.62597, 55.10787 ], [ -1.62092, 55.11361 ], [ -1.61777, 55.10557 ], [ -1.5958, 55.10285 ], [ -1.59699, 55.09254 ] ] ] } },
{ "type": "Feature", "properties": { "small_area": "E01027415" }, "geometry": { "type": "Polygon", "coordinates": [ [ [ -1.51469, 55.12533 ], [ -1.51313, 55.12279 ], [ -1.51913, 55.12745 ], [ -1.51651, 55.13129 ], [ -1.51173, 55.12958 ], [ -1.51436, 55.13366 ], [ -1.50459, 55.12938 ], [ -1.51469, 55.12533 ] ] ] } },
{ "type": "Feature", "properties": { "small_area": "E01027410" }, "geometry": { "type": "Polygon", "coordinates": [ [ [ -1.5921, 55.06422 ], [ -1.59878, 55.06431 ], [ -1.59588, 55.0814 ], [ -1.58903, 55.08208 ], [ -1.59116, 55.07816 ], [ -1.58785, 55.07828 ], [ -1.5921, 55.06422 ] ] ] } },
{ "type": "Feature", "properties": { "small_area": "E01027491" }, "geometry": { "type": "Polygon", "coordinates": [ [ [ -2.12058, 54.97523 ], [ -2.11574, 54.974 ], [ -2.11706, 54.9716 ], [ -2.12244, 54.97354 ], [ -2.1258, 54.97055 ], [ -2.11, 54.96947 ], [ -2.11495, 54.96854 ], [ -2.11574, 54.96245 ], [ -2.12419, 54.96186 ], [ -2.12104, 54.95424 ], [ -2.128, 54.94566 ], [ -2.14526, 54.94906 ], [ -2.17648, 54.94875 ], [ -2.16883, 54.96342 ], [ -2.17847, 54.9678 ], [ -2.16786, 54.97932 ], [ -2.14971, 54.98404 ], [ -2.1472, 54.98815 ], [ -2.12988, 54.98884 ], [ -2.12327, 54.98256 ], [ -2.11022, 54.97836 ], [ -2.11936, 54.97809 ], [ -2.12058, 54.97523 ] ] ] } },
{ "type": "Feature", "properties": { "small_area": "E01008736" }, "geometry": { "type": "Polygon", "coordinates": [ [ [ -1.35165, 54.90523 ], [ -1.36084, 54.9 ], [ -1.36056, 54.89507 ], [ -1.36599, 54.89442 ], [ -1.36671, 54.89802 ], [ -1.37187, 54.89617 ], [ -1.37598, 54.90079 ], [ -1.36336, 54.90535 ], [ -1.35165, 54.90523 ] ] ] } },
{ "type": "Feature", "properties": { "small_area": "E01008775" }, "geometry": { "type": "Polygon", "coordinates": [ [ [ -1.43344, 54.86793 ], [ -1.42852, 54.85805 ], [ -1.44634, 54.86485 ], [ -1.45085, 54.87028 ], [ -1.44508, 54.86624 ], [ -1.44182, 54.86925 ], [ -1.43344, 54.86793 ] ] ] } },
{ "type": "Feature", "properties": { "small_area": "E01020892" }, "geometry": { "type": "Polygon", "coordinates": [ [ [ -1.8154, 54.74859 ], [ -1.81463, 54.74615 ], [ -1.82281, 54.74678 ], [ -1.81988, 54.74374 ], [ -1.81185, 54.74464 ], [ -1.8142, 54.74152 ], [ -1.82556, 54.74146 ], [ -1.82519, 54.75482 ], [ -1.80869, 54.74958 ], [ -1.8154, 54.74859 ] ] ] } },
{ "type": "Feature", "properties": { "small_area": "E01020813" }, "geometry": { "type": "Polygon", "coordinates": [ [ [ -1.58643, 54.6289 ], [ -1.60149, 54.62339 ], [ -1.60156, 54.62973 ], [ -1.58643, 54.6289 ] ] ] } },
{ "type": "Feature", "properties": { "small_area": "E01008728" }, "geometry": { "type": "Polygon", "coordinates": [ [ [ -1.38099, 54.92652 ], [ -1.38055, 54.92422 ], [ -1.38491, 54.92589 ], [ -1.38128, 54.92862 ], [ -1.37298, 54.92664 ], [ -1.38099, 54.92652 ] ] ] } },
{ "type": "Feature", "properties": { "small_area": "E01008429" }, "geometry": { "type": "Polygon", "coordinates": [ [ [ -1.5476, 54.97537 ], [ -1.54676, 54.97072 ], [ -1.55149, 54.9711 ], [ -1.55409, 54.97506 ], [ -1.53513, 54.97756 ], [ -1.53543, 54.97545 ], [ -1.5476, 54.97537 ] ] ] } },
{ "type": "Feature", "properties": { "small_area": "E01008428" }, "geometry": { "type": "Polygon", "coordinates": [ [ [ -1.5476, 54.96642 ], [ -1.5543, 54.96456 ], [ -1.55119, 54.96729 ], [ -1.5576, 54.96911 ], [ -1.54676, 54.97072 ], [ -1.5476, 54.96642 ] ] ] } },
{ "type": "Feature", "properties": { "small_area": "E01008838" }, "geometry": { "type": "Polygon", "coordinates": [ [ [ -1.45201, 54.93377 ], [ -1.44824, 54.92736 ], [ -1.45812, 54.92832 ], [ -1.45201, 54.93377 ] ] ] } },
{ "type": "Feature", "properties": { "small_area": "E01033466" }, "geometry": { "type": "Polygon", "coordinates": [ [ [ -1.22549, 54.69946 ], [ -1.22093, 54.69902 ], [ -1.21698, 54.6934 ], [ -1.22777, 54.69535 ], [ -1.22549, 54.69946 ] ] ] } },
{ "type": "Feature", "properties": { "small_area": "E01008767" }, "geometry": { "type": "Polygon", "coordinates": [ [ [ -1.38665, 54.87743 ], [ -1.37516, 54.87475 ], [ -1.38835, 54.86635 ], [ -1.38662, 54.87017 ], [ -1.39313, 54.87285 ], [ -1.38967, 54.87371 ], [ -1.39454, 54.88491 ], [ -1.38095, 54.88075 ], [ -1.38665, 54.87743 ] ] ] } },
{ "type": "Feature", "properties": { "small_area": "E01008766" }, "geometry": { "type": "Polygon", "coordinates": [ [ [ -1.37365, 54.87016 ], [ -1.37278, 54.86752 ], [ -1.36423, 54.86671 ], [ -1.37332, 54.86198 ], [ -1.36729, 54.85781 ], [ -1.38274, 54.86132 ], [ -1.38325, 54.86553 ], [ -1.38835, 54.86635 ], [ -1.37741, 54.87291 ], [ -1.36438, 54.87159 ], [ -1.37365, 54.87016 ] ] ] } },
{ "type": "Feature", "properties": { "small_area": "E01012216" }, "geometry": { "type": "Polygon", "coordinates": [ [ [ -1.27686, 54.61206 ], [ -1.26771, 54.61915 ], [ -1.26743, 54.62456 ], [ -1.25983, 54.62458 ], [ -1.26048, 54.62112 ], [ -1.24839, 54.61729 ], [ -1.26155, 54.61309 ], [ -1.26141, 54.61595 ], [ -1.27189, 54.61003 ], [ -1.27686, 54.61206 ] ] ] } },
{ "type": "Feature", "properties": { "small_area": "E01008764" }, "geometry": { "type": "Polygon", "coordinates": [ [ [ -1.35555, 54.87741 ], [ -1.35407, 54.87311 ], [ -1.35967, 54.8728 ], [ -1.35893, 54.87052 ], [ -1.37085, 54.87348 ], [ -1.37126, 54.87827 ], [ -1.35555, 54.87741 ] ] ] } },
{ "type": "Feature", "properties": { "small_area": "E01027430" }, "geometry": { "type": "Polygon", "coordinates": [ [ [ -1.52322, 55.11948 ], [ -1.52218, 55.11606 ], [ -1.51287, 55.11585 ], [ -1.5277, 55.11188 ], [ -1.52322, 55.11948 ] ] ] } },
{ "type": "Feature", "properties": { "small_area": "E01027431" }, "geometry": { "type": "Polygon", "coordinates": [ [ [ -1.50607, 55.12321 ], [ -1.52322, 55.11948 ], [ -1.51795, 55.12721 ], [ -1.51313, 55.12279 ], [ -1.50607, 55.12321 ] ] ] } },
{ "type": "Feature", "properties": { "small_area": "E01008436" }, "geometry": { "type": "Polygon", "coordinates": [ [ [ -1.53513, 54.97756 ], [ -1.5492, 54.9833 ], [ -1.54446, 54.98501 ], [ -1.54792, 54.98717 ], [ -1.53946, 54.98824 ], [ -1.53997, 54.98331 ], [ -1.53083, 54.98401 ], [ -1.53513, 54.97756 ] ] ] } },
{ "type": "Feature", "properties": { "small_area": "E01020758" }, "geometry": { "type": "Polygon", "coordinates": [ [ [ -1.32367, 54.76844 ], [ -1.32422, 54.76104 ], [ -1.33108, 54.75891 ], [ -1.33435, 54.76125 ], [ -1.33179, 54.76433 ], [ -1.33453, 54.76889 ], [ -1.32367, 54.76844 ] ] ] } },
{ "type": "Feature", "properties": { "small_area": "E01011996" }, "geometry": { "type": "Polygon", "coordinates": [ [ [ -1.18552, 54.66161 ], [ -1.19405, 54.65922 ], [ -1.19164, 54.66437 ], [ -1.19581, 54.66483 ], [ -1.18954, 54.6687 ], [ -1.18552, 54.66161 ] ] ] } },
{ "type": "Feature", "properties": { "small_area": "E01011997" }, "geometry": { "type": "Polygon", "coordinates": [ [ [ -1.2, 54.66001 ], [ -1.19579, 54.65666 ], [ -1.197, 54.65289 ], [ -1.20711, 54.65496 ], [ -1.21218, 54.6686 ], [ -1.20495, 54.67106 ], [ -1.20528, 54.66878 ], [ -1.19078, 54.66871 ], [ -1.2, 54.66001 ] ] ] } },
{ "type": "Feature", "properties": { "small_area": "E01011995" }, "geometry": { "type": "Polygon", "coordinates": [ [ [ -1.19026, 54.65621 ], [ -1.2, 54.66001 ], [ -1.19581, 54.66483 ], [ -1.19164, 54.66437 ], [ -1.19405, 54.65922 ], [ -1.19026, 54.65621 ] ] ] } },
{ "type": "Feature", "properties": { "small_area": "E01027529" }, "geometry": { "type": "Polygon", "coordinates": [ [ [ -1.57749, 55.18774 ], [ -1.57171, 55.18778 ], [ -1.56745, 55.18333 ], [ -1.57081, 55.18 ], [ -1.57812, 55.17998 ], [ -1.57749, 55.18774 ] ] ] } },
{ "type": "Feature", "properties": { "small_area": "E01020716" }, "geometry": { "type": "Polygon", "coordinates": [ [ [ -1.64362, 54.7826 ], [ -1.62866, 54.77992 ], [ -1.62076, 54.78172 ], [ -1.63013, 54.77487 ], [ -1.6423, 54.77695 ], [ -1.64362, 54.7826 ] ] ] } },
{ "type": "Feature", "properties": { "small_area": "E01012159" }, "geometry": { "type": "Polygon", "coordinates": [ [ [ -0.97998, 54.58827 ], [ -0.9697, 54.58622 ], [ -0.97716, 54.58207 ], [ -0.97998, 54.58827 ] ] ] } },
{ "type": "Feature", "properties": { "small_area": "E01012158" }, "geometry": { "type": "Polygon", "coordinates": [ [ [ -0.97464, 54.57814 ], [ -0.97088, 54.5808 ], [ -0.97314, 54.57357 ], [ -0.98977, 54.56957 ], [ -0.99451, 54.57583 ], [ -0.99398, 54.58112 ], [ -0.98792, 54.57691 ], [ -0.98153, 54.58048 ], [ -0.97464, 54.57814 ] ] ] } },
{ "type": "Feature", "properties": { "small_area": "E01012137" }, "geometry": { "type": "Polygon", "coordinates": [ [ [ -0.8533, 54.5027 ], [ -0.84393, 54.49121 ], [ -0.85647, 54.48786 ], [ -0.87576, 54.49115 ], [ -0.87632, 54.49538 ], [ -0.8942, 54.4969 ], [ -0.91993, 54.52985 ], [ -0.91608, 54.53818 ], [ -0.91894, 54.54173 ], [ -0.91023, 54.54964 ], [ -0.89869, 54.54794 ], [ -0.89847, 54.55179 ], [ -0.86072, 54.55205 ], [ -0.8618, 54.53631 ], [ -0.85501, 54.53532 ], [ -0.85851, 54.53053 ], [ -0.85024, 54.52591 ], [ -0.8533, 54.5027 ] ] ] } },
{ "type": "Feature", "properties": { "small_area": "E01008413" }, "geometry": { "type": "Polygon", "coordinates": [ [ [ -1.59112, 54.97694 ], [ -1.59265, 54.97881 ], [ -1.58119, 54.9815 ], [ -1.59112, 54.97694 ] ] ] } },
{ "type": "Feature", "properties": { "small_area": "E01027476" }, "geometry": { "type": "Polygon", "coordinates": [ [ [ -2.10112, 54.97167 ], [ -2.11936, 54.97809 ], [ -2.11022, 54.97836 ], [ -2.12327, 54.98256 ], [ -2.12988, 54.98884 ], [ -2.13307, 55.00615 ], [ -2.10387, 55.00168 ], [ -2.09017, 55.00857 ], [ -2.07283, 55.01041 ], [ -2.0628, 55.01724 ], [ -2.05434, 55.01614 ], [ -2.06037, 55.00985 ], [ -2.05948, 54.99974 ], [ -2.06636, 54.99359 ], [ -2.07822, 54.99081 ], [ -2.0813, 54.98462 ], [ -2.08982, 54.98228 ], [ -2.10112, 54.97167 ] ] ] } },
{ "type": "Feature", "properties": { "small_area": "E01008474" }, "geometry": { "type": "Polygon", "coordinates": [ [ [ -1.57021, 55.01314 ], [ -1.57706, 55.00952 ], [ -1.58351, 55.01513 ], [ -1.57021, 55.01314 ] ] ] } },
{ "type": "Feature", "properties": { "small_area": "E01008477" }, "geometry": { "type": "Polygon", "coordinates": [ [ [ -1.57909, 55.02817 ], [ -1.58644, 55.0392 ], [ -1.57384, 55.04035 ], [ -1.57261, 55.03009 ], [ -1.57909, 55.02817 ] ] ] } },
{ "type": "Feature", "properties": { "small_area": "E01020869" }, "geometry": { "type": "Polygon", "coordinates": [ [ [ -1.71699, 54.67214 ], [ -1.70657, 54.6723 ], [ -1.70559, 54.67468 ], [ -1.67121, 54.67403 ], [ -1.66941, 54.67095 ], [ -1.67313, 54.66783 ], [ -1.67433, 54.67021 ], [ -1.6811, 54.66894 ], [ -1.67847, 54.66163 ], [ -1.68824, 54.66294 ], [ -1.69442, 54.65985 ], [ -1.71699, 54.67214 ] ] ] } },
{ "type": "Feature", "properties": { "small_area": "E01020767" }, "geometry": { "type": "Polygon", "coordinates": [ [ [ -1.31021, 54.76193 ], [ -1.30861, 54.75859 ], [ -1.31788, 54.76035 ], [ -1.31723, 54.77166 ], [ -1.30166, 54.7725 ], [ -1.29746, 54.7662 ], [ -1.31021, 54.76193 ] ] ] } },
{ "type": "Feature", "properties": { "small_area": "E01012347" }, "geometry": { "type": "Polygon", "coordinates": [ [ [ -1.57883, 54.52833 ], [ -1.58795, 54.52754 ], [ -1.58549, 54.53316 ], [ -1.59176, 54.5321 ], [ -1.59093, 54.53537 ], [ -1.57657, 54.53251 ], [ -1.57883, 54.52833 ] ] ] } },
{ "type": "Feature", "properties": { "small_area": "E01027463" }, "geometry": { "type": "Polygon", "coordinates": [ [ [ -1.60041, 55.21054 ], [ -1.58718, 55.21294 ], [ -1.59041, 55.20554 ], [ -1.59739, 55.20034 ], [ -1.61617, 55.19756 ], [ -1.61169, 55.19293 ], [ -1.63653, 55.19041 ], [ -1.63507, 55.17851 ], [ -1.64457, 55.1796 ], [ -1.63855, 55.18241 ], [ -1.65033, 55.18039 ], [ -1.65513, 55.18751 ], [ -1.66282, 55.18701 ], [ -1.66918, 55.18164 ], [ -1.65388, 55.18103 ], [ -1.65407, 55.1737 ], [ -1.64828, 55.16899 ], [ -1.65652, 55.16584 ], [ -1.66295, 55.16772 ], [ -1.66341, 55.17178 ], [ -1.67374, 55.17426 ], [ -1.68801, 55.18305 ], [ -1.68205, 55.18536 ], [ -1.68457, 55.19064 ], [ -1.66892, 55.19658 ], [ -1.67504, 55.19871 ], [ -1.6704, 55.20518 ], [ -1.65211, 55.21324 ], [ -1.62072, 55.21006 ], [ -1.61012, 55.21303 ], [ -1.60041, 55.21054 ] ] ] } },
{ "type": "Feature", "properties": { "small_area": "E01033481" }, "geometry": { "type": "Polygon", "coordinates": [ [ [ -1.58741, 54.54239 ], [ -1.60728, 54.5413 ], [ -1.59289, 54.55568 ], [ -1.5837, 54.54654 ], [ -1.57922, 54.54685 ], [ -1.58299, 54.54206 ], [ -1.58741, 54.54239 ] ] ] } },
{ "type": "Feature", "properties": { "small_area": "E01027460" }, "geometry": { "type": "Polygon", "coordinates": [ [ [ -1.68126, 55.15908 ], [ -1.67405, 55.15231 ], [ -1.68023, 55.15244 ], [ -1.68633, 55.15892 ], [ -1.68395, 55.16212 ], [ -1.67871, 55.16157 ], [ -1.68126, 55.15908 ] ] ] } },
{ "type": "Feature", "properties": { "small_area": "E01033480" }, "geometry": { "type": "Polygon", "coordinates": [ [ [ -1.29858, 54.63115 ], [ -1.30909, 54.63224 ], [ -1.31486, 54.61968 ], [ -1.31439, 54.60326 ], [ -1.32831, 54.60222 ], [ -1.32643, 54.60032 ], [ -1.33304, 54.59886 ], [ -1.33371, 54.59579 ], [ -1.37041, 54.59423 ], [ -1.37397, 54.60208 ], [ -1.38366, 54.60557 ], [ -1.38806, 54.61141 ], [ -1.39903, 54.60768 ], [ -1.40981, 54.61844 ], [ -1.40477, 54.62403 ], [ -1.39915, 54.62412 ], [ -1.40159, 54.62635 ], [ -1.39422, 54.62887 ], [ -1.3955, 54.63109 ], [ -1.3883, 54.63157 ], [ -1.39042, 54.6392 ], [ -1.38089, 54.64391 ], [ -1.38776, 54.63905 ], [ -1.38624, 54.63508 ], [ -1.36651, 54.6298 ], [ -1.35151, 54.6329 ], [ -1.34765, 54.62713 ], [ -1.33976, 54.62573 ], [ -1.34139, 54.62243 ], [ -1.32993, 54.62708 ], [ -1.32994, 54.63107 ], [ -1.33457, 54.63154 ], [ -1.32824, 54.6444 ], [ -1.31635, 54.64522 ], [ -1.307, 54.63697 ], [ -1.29815, 54.63522 ], [ -1.29858, 54.63115 ] ] ] } },
{ "type": "Feature", "properties": { "small_area": "E01011966" }, "geometry": { "type": "Polygon", "coordinates": [ [ [ -1.23044, 54.68691 ], [ -1.22443, 54.68665 ], [ -1.23483, 54.68552 ], [ -1.23406, 54.69095 ], [ -1.23031, 54.69039 ], [ -1.23044, 54.68691 ] ] ] } },
{ "type": "Feature", "properties": { "small_area": "E01027449" }, "geometry": { "type": "Polygon", "coordinates": [ [ [ -1.77188, 55.02065 ], [ -1.77176, 55.01649 ], [ -1.7657, 55.01757 ], [ -1.76342, 55.01397 ], [ -1.75653, 55.01401 ], [ -1.7576, 55.00295 ], [ -1.7738, 55.00396 ], [ -1.77553, 54.99051 ], [ -1.76984, 54.98138 ], [ -1.78496, 54.98452 ], [ -1.80272, 54.9788 ], [ -1.8187, 54.98909 ], [ -1.82676, 54.98776 ], [ -1.83611, 54.99682 ], [ -1.84256, 54.9946 ], [ -1.84398, 54.9993 ], [ -1.85836, 55.00606 ], [ -1.8514, 55.02149 ], [ -1.84242, 55.02038 ], [ -1.83913, 55.01553 ], [ -1.77188, 55.02065 ] ] ] } },
{ "type": "Feature", "properties": { "small_area": "E01020821" }, "geometry": { "type": "Polygon", "coordinates": [ [ [ -1.62183, 54.68629 ], [ -1.63235, 54.68376 ], [ -1.62833, 54.68418 ], [ -1.62588, 54.67645 ], [ -1.63592, 54.67689 ], [ -1.64576, 54.68503 ], [ -1.6573, 54.68654 ], [ -1.67814, 54.70388 ], [ -1.64849, 54.70791 ], [ -1.63874, 54.71341 ], [ -1.63674, 54.70572 ], [ -1.61553, 54.69409 ], [ -1.62183, 54.68629 ] ] ] } },
{ "type": "Feature", "properties": { "small_area": "E01020820" }, "geometry": { "type": "Polygon", "coordinates": [ [ [ -1.58205, 54.69699 ], [ -1.5924, 54.69224 ], [ -1.60266, 54.69737 ], [ -1.59938, 54.70228 ], [ -1.59074, 54.70418 ], [ -1.58038, 54.69963 ], [ -1.56506, 54.70554 ], [ -1.56232, 54.69661 ], [ -1.58205, 54.69699 ] ] ] } },
{ "type": "Feature", "properties": { "small_area": "E01020823" }, "geometry": { "type": "Polygon", "coordinates": [ [ [ -1.61553, 54.69409 ], [ -1.60949, 54.69007 ], [ -1.62183, 54.68629 ], [ -1.61553, 54.69409 ] ] ] } },
{ "type": "Feature", "properties": { "small_area": "E01032594" }, "geometry": { "type": "Polygon", "coordinates": [ [ [ -1.16903, 54.5306 ], [ -1.16082, 54.53036 ], [ -1.16137, 54.52488 ], [ -1.19, 54.53859 ], [ -1.18345, 54.5411 ], [ -1.16903, 54.5306 ] ] ] } },
{ "type": "Feature", "properties": { "small_area": "E01008234" }, "geometry": { "type": "Polygon", "coordinates": [ [ [ -1.59568, 54.93184 ], [ -1.60506, 54.92241 ], [ -1.6098, 54.93409 ], [ -1.59822, 54.93447 ], [ -1.59568, 54.93184 ] ] ] } },
{ "type": "Feature", "properties": { "small_area": "E01008235" }, "geometry": { "type": "Polygon", "coordinates": [ [ [ -1.58919, 54.93173 ], [ -1.59678, 54.93375 ], [ -1.5862, 54.93911 ], [ -1.58919, 54.93173 ] ] ] } },
{ "type": "Feature", "properties": { "small_area": "E01008237" }, "geometry": { "type": "Polygon", "coordinates": [ [ [ -1.59512, 54.93977 ], [ -1.59969, 54.9383 ], [ -1.59958, 54.94337 ], [ -1.59184, 54.94649 ], [ -1.59071, 54.94392 ], [ -1.59512, 54.93977 ] ] ] } },
{ "type": "Feature", "properties": { "small_area": "E01008236" }, "geometry": { "type": "Polygon", "coordinates": [ [ [ -1.5862, 54.93911 ], [ -1.59267, 54.93614 ], [ -1.59512, 54.93977 ], [ -1.59071, 54.94392 ], [ -1.5862, 54.93911 ] ] ] } },
{ "type": "Feature", "properties": { "small_area": "E01008645" }, "geometry": { "type": "Polygon", "coordinates": [ [ [ -1.49704, 54.95656 ], [ -1.51628, 54.95497 ], [ -1.51676, 54.95835 ], [ -1.51183, 54.95966 ], [ -1.51412, 54.9611 ], [ -1.50721, 54.96425 ], [ -1.51033, 54.96484 ], [ -1.50621, 54.96773 ], [ -1.49704, 54.95656 ] ] ] } },
{ "type": "Feature", "properties": { "small_area": "E01008232" }, "geometry": { "type": "Polygon", "coordinates": [ [ [ -1.55158, 54.93668 ], [ -1.555, 54.93207 ], [ -1.56103, 54.93089 ], [ -1.56346, 54.93347 ], [ -1.55158, 54.93668 ] ] ] } },
{ "type": "Feature", "properties": { "small_area": "E01008233" }, "geometry": { "type": "Polygon", "coordinates": [ [ [ -1.56346, 54.93347 ], [ -1.57279, 54.93469 ], [ -1.55935, 54.93935 ], [ -1.55679, 54.93638 ], [ -1.56346, 54.93347 ] ] ] } },
{ "type": "Feature", "properties": { "small_area": "E01012269" }, "geometry": { "type": "Polygon", "coordinates": [ [ [ -1.37915, 54.55723 ], [ -1.37337, 54.558 ], [ -1.33631, 54.5422 ], [ -1.34786, 54.5338 ], [ -1.36305, 54.53824 ], [ -1.37502, 54.53008 ], [ -1.38411, 54.52919 ], [ -1.38612, 54.52394 ], [ -1.38156, 54.51926 ], [ -1.37177, 54.51989 ], [ -1.36434, 54.51554 ], [ -1.36468, 54.5091 ], [ -1.36126, 54.50982 ], [ -1.35763, 54.5057 ], [ -1.3599, 54.5033 ], [ -1.37664, 54.50265 ], [ -1.38317, 54.48699 ], [ -1.39612, 54.48575 ], [ -1.40235, 54.49412 ], [ -1.40666, 54.49355 ], [ -1.40993, 54.48959 ], [ -1.40802, 54.48289 ], [ -1.41246, 54.47723 ], [ -1.43107, 54.47921 ], [ -1.43319, 54.48093 ], [ -1.42657, 54.48477 ], [ -1.43483, 54.48745 ], [ -1.43535, 54.49277 ], [ -1.42622, 54.49935 ], [ -1.4287, 54.51307 ], [ -1.42346, 54.51402 ], [ -1.4216, 54.51985 ], [ -1.43555, 54.52749 ], [ -1.44469, 54.52703 ], [ -1.44963, 54.53295 ], [ -1.44392, 54.53454 ], [ -1.44698, 54.53723 ], [ -1.44258, 54.54303 ], [ -1.44674, 54.55566 ], [ -1.40049, 54.56824 ], [ -1.38992, 54.56689 ], [ -1.37915, 54.55723 ] ] ] } },
{ "type": "Feature", "properties": { "small_area": "E01012268" }, "geometry": { "type": "Polygon", "coordinates": [ [ [ -1.31231, 54.57164 ], [ -1.31474, 54.57299 ], [ -1.3102, 54.57692 ], [ -1.31109, 54.58119 ], [ -1.30382, 54.57776 ], [ -1.31231, 54.57164 ] ] ] } },
{ "type": "Feature", "properties": { "small_area": "E01008771" }, "geometry": { "type": "Polygon", "coordinates": [ [ [ -1.41197, 54.86535 ], [ -1.40576, 54.86437 ], [ -1.40362, 54.86016 ], [ -1.41083, 54.85798 ], [ -1.41197, 54.86535 ] ] ] } },
{ "type": "Feature", "properties": { "small_area": "E01027409" }, "geometry": { "type": "Polygon", "coordinates": [ [ [ -1.57993, 55.0821 ], [ -1.58208, 55.08486 ], [ -1.58256, 55.08125 ], [ -1.59588, 55.0814 ], [ -1.59629, 55.08742 ], [ -1.57781, 55.08792 ], [ -1.57993, 55.0821 ] ] ] } },
{ "type": "Feature", "properties": { "small_area": "E01008516" }, "geometry": { "type": "Polygon", "coordinates": [ [ [ -1.57909, 55.02817 ], [ -1.57555, 55.02533 ], [ -1.58711, 55.02884 ], [ -1.5877, 55.02647 ], [ -1.59262, 55.03893 ], [ -1.59755, 55.03956 ], [ -1.58644, 55.03919 ], [ -1.57909, 55.02817 ] ] ] } },
{ "type": "Feature", "properties": { "small_area": "E01008597" }, "geometry": { "type": "Polygon", "coordinates": [ [ [ -1.41489, 54.99294 ], [ -1.4277, 54.99585 ], [ -1.42094, 54.99714 ], [ -1.42393, 55.00055 ], [ -1.41834, 55.00125 ], [ -1.42695, 55.00555 ], [ -1.41864, 55.00326 ], [ -1.40086, 55.01131 ], [ -1.41456, 55.0045 ], [ -1.40831, 54.99644 ], [ -1.41489, 54.99294 ] ] ] } },
{ "type": "Feature", "properties": { "small_area": "E01011988" }, "geometry": { "type": "Polygon", "coordinates": [ [ [ -1.22098, 54.66461 ], [ -1.23415, 54.6594 ], [ -1.23554, 54.66493 ], [ -1.22098, 54.66461 ] ] ] } },
{ "type": "Feature", "properties": { "small_area": "E01011989" }, "geometry": { "type": "Polygon", "coordinates": [ [ [ -1.20568, 54.64926 ], [ -1.22434, 54.6369 ], [ -1.23409, 54.64734 ], [ -1.22709, 54.65238 ], [ -1.21963, 54.64724 ], [ -1.21175, 54.65166 ], [ -1.21467, 54.65851 ], [ -1.22661, 54.66029 ], [ -1.21218, 54.6686 ], [ -1.20568, 54.64926 ] ] ] } },
{ "type": "Feature", "properties": { "small_area": "E01027505" }, "geometry": { "type": "Polygon", "coordinates": [ [ [ -2.07607, 54.93802 ], [ -2.08101, 54.93087 ], [ -2.06251, 54.9358 ], [ -2.04656, 54.9311 ], [ -2.03521, 54.93143 ], [ -2.00821, 54.94252 ], [ -2.00762, 54.91948 ], [ -2.01848, 54.90802 ], [ -2.0081, 54.90374 ], [ -2.00927, 54.89878 ], [ -2.00055, 54.88929 ], [ -2.02247, 54.8854 ], [ -2.02626, 54.88804 ], [ -2.04283, 54.88668 ], [ -2.04474, 54.88131 ], [ -2.06309, 54.88691 ], [ -2.07411, 54.88649 ], [ -2.08773, 54.88039 ], [ -2.0981, 54.87077 ], [ -2.10597, 54.85253 ], [ -2.12986, 54.84934 ], [ -2.12211, 54.84135 ], [ -2.13978, 54.84186 ], [ -2.14312, 54.82695 ], [ -2.15758, 54.82021 ], [ -2.18362, 54.8311 ], [ -2.18983, 54.83826 ], [ -2.19913, 54.83922 ], [ -2.20135, 54.84267 ], [ -2.19419, 54.84811 ], [ -2.21201, 54.87814 ], [ -2.19849, 54.888 ], [ -2.21803, 54.91875 ], [ -2.22371, 54.93875 ], [ -2.24869, 54.93908 ], [ -2.22228, 54.94442 ], [ -2.22084, 54.94832 ], [ -2.17549, 54.95337 ], [ -2.17648, 54.94875 ], [ -2.14526, 54.94906 ], [ -2.11138, 54.94378 ], [ -2.10311, 54.94548 ], [ -2.10295, 54.95006 ], [ -2.09496, 54.95302 ], [ -2.0906, 54.9511 ], [ -2.0783, 54.95449 ], [ -2.07436, 54.9515 ], [ -2.07814, 54.9494 ], [ -2.07188, 54.95037 ], [ -2.08153, 54.9442 ], [ -2.07607, 54.93802 ] ], [ [ -2.13022, 54.84972 ], [ -2.1354, 54.8486 ], [ -2.12986, 54.84934 ], [ -2.13022, 54.84972 ] ] ] } },
{ "type": "Feature", "properties": { "small_area": "E01027504" }, "geometry": { "type": "Polygon", "coordinates": [ [ [ -2.03782, 55.00668 ], [ -2.02117, 55.00721 ], [ -2.02359, 54.99478 ], [ -2.04549, 54.98721 ], [ -2.04243, 54.97514 ], [ -2.02819, 54.97572 ], [ -2.00476, 54.96488 ], [ -1.9923, 54.96607 ], [ -1.97639, 54.95206 ], [ -1.96264, 54.9505 ], [ -1.95713, 54.95375 ], [ -1.93768, 54.94829 ], [ -1.94018, 54.94248 ], [ -1.9464, 54.94416 ], [ -1.96739, 54.93903 ], [ -1.99271, 54.92932 ], [ -1.994, 54.9328 ], [ -2.00885, 54.93316 ], [ -2.00821, 54.94252 ], [ -2.03521, 54.93143 ], [ -2.04656, 54.9311 ], [ -2.06251, 54.9358 ], [ -2.08101, 54.93087 ], [ -2.07607, 54.93802 ], [ -2.08153, 54.9442 ], [ -2.06312, 54.95653 ], [ -2.06503, 54.97009 ], [ -2.08119, 54.97131 ], [ -2.09377, 54.97659 ], [ -2.08982, 54.98228 ], [ -2.0813, 54.98462 ], [ -2.07822, 54.99081 ], [ -2.06636, 54.99359 ], [ -2.05948, 54.99974 ], [ -2.06037, 55.00985 ], [ -2.05434, 55.01614 ], [ -2.0628, 55.01724 ], [ -2.05055, 55.01633 ], [ -2.03782, 55.00668 ] ] ] } },
{ "type": "Feature", "properties": { "small_area": "E01008369" }, "geometry": { "type": "Polygon", "coordinates": [ [ [ -1.61171, 54.99191 ], [ -1.60642, 54.99231 ], [ -1.60566, 54.98788 ], [ -1.61377, 54.98721 ], [ -1.61637, 54.99538 ], [ -1.6113, 54.99795 ], [ -1.60826, 54.99618 ], [ -1.61171, 54.99191 ] ] ] } },
{ "type": "Feature", "properties": { "small_area": "E01008349" }, "geometry": { "type": "Polygon", "coordinates": [ [ [ -1.65358, 54.9756 ], [ -1.65988, 54.9766 ], [ -1.65795, 54.98096 ], [ -1.65379, 54.98084 ], [ -1.65358, 54.9756 ] ] ] } },
{ "type": "Feature", "properties": { "small_area": "E01008528" }, "geometry": { "type": "Polygon", "coordinates": [ [ [ -1.45037, 55.01498 ], [ -1.44938, 55.0132 ], [ -1.4567, 55.01142 ], [ -1.46096, 55.01548 ], [ -1.45037, 55.01498 ] ] ] } },
{ "type": "Feature", "properties": { "small_area": "E01011974" }, "geometry": { "type": "Polygon", "coordinates": [ [ [ -1.19877, 54.68578 ], [ -1.21988, 54.68555 ], [ -1.21327, 54.6889 ], [ -1.21817, 54.69064 ], [ -1.19217, 54.69358 ], [ -1.19617, 54.69179 ], [ -1.19263, 54.68854 ], [ -1.19802, 54.69141 ], [ -1.19853, 54.68614 ], [ -1.19414, 54.68781 ], [ -1.19877, 54.68578 ] ] ] } },
{ "type": "Feature", "properties": { "small_area": "E01027484" }, "geometry": { "type": "Polygon", "coordinates": [ [ [ -2.31721, 55.01851 ], [ -2.32885, 55.01448 ], [ -2.31744, 55.01233 ], [ -2.31383, 55.01439 ], [ -2.31325, 55.01 ], [ -2.3096, 55.0104 ], [ -2.30372, 54.98843 ], [ -2.30452, 54.98304 ], [ -2.31354, 54.97743 ], [ -2.31615, 54.96039 ], [ -2.32114, 54.95736 ], [ -2.31473, 54.94574 ], [ -2.31971, 54.94223 ], [ -2.39136, 54.934 ], [ -2.39456, 54.93848 ], [ -2.38578, 54.93985 ], [ -2.38499, 54.95033 ], [ -2.36981, 54.96017 ], [ -2.3718, 54.96474 ], [ -2.40382, 54.96374 ], [ -2.40621, 54.96745 ], [ -2.4252, 54.96238 ], [ -2.43835, 54.96832 ], [ -2.43549, 54.97074 ], [ -2.44097, 54.97803 ], [ -2.43266, 54.98233 ], [ -2.4287, 54.99169 ], [ -2.43312, 54.99906 ], [ -2.44702, 55.00055 ], [ -2.44986, 54.99364 ], [ -2.46041, 54.98958 ], [ -2.49537, 54.98901 ], [ -2.50855, 54.98569 ], [ -2.50523, 54.97856 ], [ -2.48927, 54.97171 ], [ -2.49122, 54.96781 ], [ -2.50725, 54.9693 ], [ -2.51045, 54.96313 ], [ -2.53406, 54.95693 ], [ -2.56842, 54.95828 ], [ -2.59556, 54.96347 ], [ -2.60135, 54.97131 ], [ -2.59154, 54.97418 ], [ -2.58632, 54.98221 ], [ -2.57461, 54.98593 ], [ -2.56812, 55.00329 ], [ -2.57417, 55.00369 ], [ -2.57023, 55.0065 ], [ -2.57365, 55.00672 ], [ -2.57284, 55.01639 ], [ -2.55261, 55.02104 ], [ -2.53957, 55.02887 ], [ -2.52761, 55.02909 ], [ -2.52691, 55.03293 ], [ -2.50936, 55.03634 ], [ -2.50423, 55.03325 ], [ -2.50608, 55.03638 ], [ -2.4828, 55.04026 ], [ -2.49415, 55.05058 ], [ -2.49075, 55.05452 ], [ -2.4947, 55.05313 ], [ -2.50067, 55.05657 ], [ -2.49993, 55.06198 ], [ -2.50398, 55.06248 ], [ -2.49219, 55.06819 ], [ -2.50123, 55.07522 ], [ -2.49465, 55.08186 ], [ -2.48663, 55.0811 ], [ -2.4815, 55.08748 ], [ -2.44864, 55.09193 ], [ -2.45019, 55.08787 ], [ -2.46357, 55.08211 ], [ -2.43399, 55.07066 ], [ -2.43575, 55.05695 ], [ -2.42273, 55.06246 ], [ -2.41567, 55.05928 ], [ -2.40072, 55.06226 ], [ -2.38292, 55.05224 ], [ -2.36311, 55.04689 ], [ -2.38021, 55.03892 ], [ -2.37832, 55.03581 ], [ -2.36894, 55.03573 ], [ -2.35751, 55.02149 ], [ -2.32717, 55.03721 ], [ -2.31523, 55.02343 ], [ -2.31721, 55.01851 ] ] ] } },
{ "type": "Feature", "properties": { "small_area": "E01027405" }, "geometry": { "type": "Polygon", "coordinates": [ [ [ -1.57403, 55.08939 ], [ -1.58372, 55.08837 ], [ -1.58183, 55.09342 ], [ -1.57403, 55.08939 ] ] ] } },
{ "type": "Feature", "properties": { "small_area": "E01020873" }, "geometry": { "type": "Polygon", "coordinates": [ [ [ -1.61597, 54.66143 ], [ -1.62309, 54.66273 ], [ -1.62418, 54.65885 ], [ -1.63012, 54.66345 ], [ -1.62419, 54.67086 ], [ -1.61863, 54.67163 ], [ -1.61597, 54.66143 ] ] ] } },
{ "type": "Feature", "properties": { "small_area": "E01008431" }, "geometry": { "type": "Polygon", "coordinates": [ [ [ -1.5422, 54.97972 ], [ -1.55409, 54.97506 ], [ -1.5529, 54.98123 ], [ -1.54948, 54.9787 ], [ -1.5422, 54.97972 ] ] ] } },
{ "type": "Feature", "properties": { "small_area": "E01020747" }, "geometry": { "type": "Polygon", "coordinates": [ [ [ -1.3639, 54.83342 ], [ -1.36111, 54.8386 ], [ -1.35228, 54.83725 ], [ -1.35674, 54.83603 ], [ -1.3564, 54.83216 ], [ -1.3639, 54.83342 ] ] ] } },
{ "type": "Feature", "properties": { "small_area": "E01008499" }, "geometry": { "type": "Polygon", "coordinates": [ [ [ -1.57909, 55.02817 ], [ -1.57193, 55.03071 ], [ -1.5662, 55.02383 ], [ -1.57122, 55.02309 ], [ -1.57909, 55.02817 ] ] ] } },
{ "type": "Feature", "properties": { "small_area": "E01027474" }, "geometry": { "type": "Polygon", "coordinates": [ [ [ -1.61712, 55.23154 ], [ -1.61982, 55.23874 ], [ -1.62813, 55.23887 ], [ -1.61813, 55.24386 ], [ -1.60398, 55.23369 ], [ -1.60523, 55.23068 ], [ -1.61712, 55.23154 ] ] ] } },
{ "type": "Feature", "properties": { "small_area": "E01012039" }, "geometry": { "type": "Polygon", "coordinates": [ [ [ -1.24542, 54.56551 ], [ -1.2427, 54.5707 ], [ -1.23854, 54.5708 ], [ -1.24115, 54.56535 ], [ -1.24542, 54.56551 ] ] ] } },
{ "type": "Feature", "properties": { "small_area": "E01012038" }, "geometry": { "type": "Polygon", "coordinates": [ [ [ -1.25449, 54.56618 ], [ -1.24767, 54.56852 ], [ -1.24845, 54.56555 ], [ -1.25449, 54.56618 ] ] ] } },
{ "type": "Feature", "properties": { "small_area": "E01020749" }, "geometry": { "type": "Polygon", "coordinates": [ [ [ -1.34301, 54.8372 ], [ -1.34835, 54.83744 ], [ -1.34948, 54.83274 ], [ -1.3564, 54.83216 ], [ -1.35674, 54.83603 ], [ -1.35228, 54.83725 ], [ -1.35704, 54.83877 ], [ -1.34301, 54.8372 ] ] ] } },
{ "type": "Feature", "properties": { "small_area": "E01012305" }, "geometry": { "type": "Polygon", "coordinates": [ [ [ -1.53885, 54.52165 ], [ -1.53878, 54.51933 ], [ -1.54649, 54.51841 ], [ -1.54561, 54.52218 ], [ -1.53885, 54.52165 ] ] ] } },
{ "type": "Feature", "properties": { "small_area": "E01012304" }, "geometry": { "type": "Polygon", "coordinates": [ [ [ -1.54555, 54.52244 ], [ -1.54477, 54.52566 ], [ -1.53711, 54.52328 ], [ -1.54555, 54.52244 ] ] ] } },
{ "type": "Feature", "properties": { "small_area": "E01012307" }, "geometry": { "type": "Polygon", "coordinates": [ [ [ -1.53161, 54.53204 ], [ -1.54361, 54.53026 ], [ -1.54721, 54.53184 ], [ -1.54224, 54.53464 ], [ -1.54983, 54.53561 ], [ -1.53762, 54.54041 ], [ -1.52995, 54.53645 ], [ -1.53161, 54.53204 ] ] ] } },
{ "type": "Feature", "properties": { "small_area": "E01012302" }, "geometry": { "type": "Polygon", "coordinates": [ [ [ -1.34126, 54.49685 ], [ -1.35572, 54.49322 ], [ -1.35651, 54.49713 ], [ -1.35237, 54.50049 ], [ -1.34126, 54.49685 ] ] ] } },
{ "type": "Feature", "properties": { "small_area": "E01008220" }, "geometry": { "type": "Polygon", "coordinates": [ [ [ -1.57652, 54.93488 ], [ -1.58196, 54.93403 ], [ -1.57499, 54.93681 ], [ -1.56837, 54.93332 ], [ -1.5738, 54.93138 ], [ -1.57652, 54.93488 ] ] ] } },
{ "type": "Feature", "properties": { "small_area": "E01008221" }, "geometry": { "type": "Polygon", "coordinates": [ [ [ -1.57435, 54.92891 ], [ -1.57899, 54.93074 ], [ -1.58536, 54.92807 ], [ -1.58919, 54.93173 ], [ -1.58669, 54.93475 ], [ -1.58705, 54.93249 ], [ -1.57652, 54.93488 ], [ -1.57435, 54.92891 ] ] ] } },
{ "type": "Feature", "properties": { "small_area": "E01012098" }, "geometry": { "type": "Polygon", "coordinates": [ [ [ -0.92965, 54.56214 ], [ -0.93849, 54.56262 ], [ -0.93944, 54.5688 ], [ -0.92709, 54.57018 ], [ -0.93058, 54.56715 ], [ -0.92237, 54.56768 ], [ -0.92248, 54.56472 ], [ -0.9045, 54.57384 ], [ -0.90771, 54.56411 ], [ -0.91743, 54.566 ], [ -0.92003, 54.56146 ], [ -0.92812, 54.56122 ], [ -0.91865, 54.55527 ], [ -0.92965, 54.56214 ] ] ] } },
{ "type": "Feature", "properties": { "small_area": "E01012019" }, "geometry": { "type": "Polygon", "coordinates": [ [ [ -1.2306, 54.54856 ], [ -1.23409, 54.55284 ], [ -1.22883, 54.55435 ], [ -1.22733, 54.55106 ], [ -1.2306, 54.54856 ] ] ] } },
{ "type": "Feature", "properties": { "small_area": "E01008268" }, "geometry": { "type": "Polygon", "coordinates": [ [ [ -1.65846, 54.94505 ], [ -1.65229, 54.93512 ], [ -1.6763, 54.93302 ], [ -1.67711, 54.9372 ], [ -1.67204, 54.94522 ], [ -1.65846, 54.94505 ] ] ] } },
{ "type": "Feature", "properties": { "small_area": "E01027379" }, "geometry": { "type": "MultiPolygon", "coordinates": [ [ [ [ -2.06527, 55.76022 ], [ -2.07412, 55.76117 ], [ -2.06702, 55.76114 ], [ -2.06527, 55.76022 ] ] ], [ [ [ -2.0294, 55.76884 ], [ -2.02537, 55.76932 ], [ -2.02835, 55.76552 ], [ -2.02207, 55.75936 ], [ -2.0071, 55.72581 ], [ -2.01601, 55.72258 ], [ -2.01642, 55.71733 ], [ -2.07159, 55.72916 ], [ -2.07334, 55.7345 ], [ -2.05556, 55.7448 ], [ -2.08403, 55.75644 ], [ -2.08653, 55.76153 ], [ -2.04602, 55.75799 ], [ -2.03813, 55.76013 ], [ -2.03164, 55.76976 ], [ -2.02522, 55.77088 ], [ -2.0294, 55.76884 ] ] ] ] } },
{ "type": "Feature", "properties": { "small_area": "E01008377" }, "geometry": { "type": "Polygon", "coordinates": [ [ [ -1.6595, 54.994 ], [ -1.66713, 55.00171 ], [ -1.65935, 55.00421 ], [ -1.6571, 54.99882 ], [ -1.6595, 54.994 ] ] ] } },
{ "type": "Feature", "properties": { "small_area": "E01012311" }, "geometry": { "type": "Polygon", "coordinates": [ [ [ -1.56773, 54.53651 ], [ -1.57893, 54.53584 ], [ -1.57775, 54.5414 ], [ -1.57129, 54.54152 ], [ -1.56773, 54.53651 ] ] ] } },
{ "type": "Feature", "properties": { "small_area": "E01008376" }, "geometry": { "type": "Polygon", "coordinates": [ [ [ -1.64689, 55.00643 ], [ -1.64686, 55.00235 ], [ -1.6528, 55.00081 ], [ -1.65092, 55.00671 ], [ -1.64689, 55.00643 ] ] ] } },
{ "type": "Feature", "properties": { "small_area": "E01008374" }, "geometry": { "type": "Polygon", "coordinates": [ [ [ -1.64633, 55.00072 ], [ -1.64689, 55.00643 ], [ -1.64121, 55.00673 ], [ -1.63862, 55.0023 ], [ -1.64633, 55.00072 ] ] ] } },
{ "type": "Feature", "properties": { "small_area": "E01012128" }, "geometry": { "type": "Polygon", "coordinates": [ [ [ -1.07803, 54.59609 ], [ -1.07057, 54.59605 ], [ -1.06789, 54.59916 ], [ -1.07177, 54.59192 ], [ -1.07803, 54.59609 ] ] ] } },
{ "type": "Feature", "properties": { "small_area": "E01012129" }, "geometry": { "type": "Polygon", "coordinates": [ [ [ -1.07803, 54.59609 ], [ -1.0755, 54.59521 ], [ -1.08297, 54.59337 ], [ -1.08417, 54.60245 ], [ -1.07438, 54.60319 ], [ -1.07803, 54.59609 ] ] ] } },
{ "type": "Feature", "properties": { "small_area": "E01008784" }, "geometry": { "type": "Polygon", "coordinates": [ [ [ -1.37648, 54.88706 ], [ -1.38208, 54.88241 ], [ -1.39198, 54.88902 ], [ -1.38711, 54.89128 ], [ -1.37648, 54.88706 ] ] ] } },
{ "type": "Feature", "properties": { "small_area": "E01012110" }, "geometry": { "type": "Polygon", "coordinates": [ [ [ -1.13517, 54.55795 ], [ -1.14312, 54.55523 ], [ -1.13814, 54.55966 ], [ -1.14331, 54.55953 ], [ -1.13336, 54.56135 ], [ -1.13517, 54.55795 ] ] ] } },
{ "type": "Feature", "properties": { "small_area": "E01020614" }, "geometry": { "type": "Polygon", "coordinates": [ [ [ -1.60403, 54.87806 ], [ -1.60267, 54.88671 ], [ -1.58997, 54.88428 ], [ -1.59427, 54.88156 ], [ -1.59778, 54.88339 ], [ -1.60074, 54.87787 ], [ -1.60403, 54.87806 ] ] ] } },
{ "type": "Feature", "properties": { "small_area": "E01008271" }, "geometry": { "type": "Polygon", "coordinates": [ [ [ -1.70025, 54.93422 ], [ -1.7025, 54.93735 ], [ -1.69266, 54.93826 ], [ -1.68851, 54.93467 ], [ -1.70025, 54.93422 ] ] ] } },
{ "type": "Feature", "properties": { "small_area": "E01012210" }, "geometry": { "type": "Polygon", "coordinates": [ [ [ -1.29748, 54.59843 ], [ -1.31557, 54.59355 ], [ -1.31896, 54.59863 ], [ -1.31295, 54.60376 ], [ -1.30117, 54.60225 ], [ -1.29748, 54.59843 ] ] ] } },
{ "type": "Feature", "properties": { "small_area": "E01012165" }, "geometry": { "type": "Polygon", "coordinates": [ [ [ -0.97329, 54.56035 ], [ -0.97238, 54.55751 ], [ -0.99012, 54.56446 ], [ -0.98217, 54.56835 ], [ -0.97763, 54.5617 ], [ -0.96416, 54.56148 ], [ -0.97329, 54.56035 ] ] ] } },
{ "type": "Feature", "properties": { "small_area": "E01012167" }, "geometry": { "type": "Polygon", "coordinates": [ [ [ -1.16855, 54.56636 ], [ -1.16362, 54.56341 ], [ -1.17019, 54.56128 ], [ -1.17071, 54.5574 ], [ -1.17945, 54.56867 ], [ -1.18675, 54.57268 ], [ -1.18285, 54.5779 ], [ -1.1769, 54.5698 ], [ -1.17046, 54.57097 ], [ -1.16522, 54.56763 ], [ -1.16855, 54.56636 ] ] ] } },
{ "type": "Feature", "properties": { "small_area": "E01012164" }, "geometry": { "type": "Polygon", "coordinates": [ [ [ -0.97238, 54.55751 ], [ -0.96251, 54.55807 ], [ -0.9644, 54.55414 ], [ -0.9601, 54.55629 ], [ -0.95586, 54.55335 ], [ -0.95241, 54.55742 ], [ -0.94557, 54.55763 ], [ -0.94265, 54.55402 ], [ -0.97491, 54.5468 ], [ -0.98079, 54.54913 ], [ -0.98774, 54.54185 ], [ -0.99313, 54.5439 ], [ -1.01501, 54.53407 ], [ -1.0246, 54.53664 ], [ -1.0209, 54.54197 ], [ -1.02713, 54.55193 ], [ -1.0211, 54.55354 ], [ -1.01308, 54.56383 ], [ -0.99012, 54.56446 ], [ -0.97238, 54.55751 ] ] ] } },
{ "type": "Feature", "properties": { "small_area": "E01027457" }, "geometry": { "type": "Polygon", "coordinates": [ [ [ -1.67443, 55.17164 ], [ -1.6862, 55.16973 ], [ -1.69625, 55.17099 ], [ -1.70927, 55.17749 ], [ -1.70641, 55.18205 ], [ -1.68801, 55.18305 ], [ -1.67374, 55.17426 ], [ -1.67443, 55.17164 ] ] ] } },
{ "type": "Feature", "properties": { "small_area": "E01008622" }, "geometry": { "type": "Polygon", "coordinates": [ [ [ -1.41388, 54.96308 ], [ -1.41426, 54.96425 ], [ -1.41223, 54.96805 ], [ -1.39895, 54.97002 ], [ -1.39882, 54.96456 ], [ -1.41388, 54.96308 ] ] ] } },
{ "type": "Feature", "properties": { "small_area": "E01020784" }, "geometry": { "type": "Polygon", "coordinates": [ [ [ -1.32866, 54.83496 ], [ -1.33497, 54.83405 ], [ -1.34487, 54.83819 ], [ -1.33393, 54.84005 ], [ -1.33587, 54.84409 ], [ -1.32981, 54.83893 ], [ -1.32065, 54.83754 ], [ -1.32936, 54.83834 ], [ -1.32459, 54.83485 ], [ -1.32154, 54.83676 ], [ -1.32504, 54.83157 ], [ -1.32866, 54.83496 ] ] ] } },
{ "type": "Feature", "properties": { "small_area": "E01020704" }, "geometry": { "type": "Polygon", "coordinates": [ [ [ -1.5962, 54.77417 ], [ -1.58673, 54.77659 ], [ -1.58062, 54.76959 ], [ -1.58816, 54.76803 ], [ -1.5962, 54.77417 ] ] ] } },
{ "type": "Feature", "properties": { "small_area": "E01020705" }, "geometry": { "type": "Polygon", "coordinates": [ [ [ -1.69972, 54.77367 ], [ -1.70587, 54.77185 ], [ -1.70538, 54.76804 ], [ -1.69443, 54.76396 ], [ -1.70119, 54.76194 ], [ -1.70673, 54.76673 ], [ -1.7129, 54.76445 ], [ -1.71315, 54.76743 ], [ -1.71682, 54.76419 ], [ -1.723, 54.76929 ], [ -1.71251, 54.76879 ], [ -1.71275, 54.77443 ], [ -1.69972, 54.77367 ] ] ] } },
{ "type": "Feature", "properties": { "small_area": "E01027479" }, "geometry": { "type": "Polygon", "coordinates": [ [ [ -2.16027, 55.20426 ], [ -2.16602, 55.18439 ], [ -2.14089, 55.18783 ], [ -2.14359, 55.19259 ], [ -2.13331, 55.19305 ], [ -2.13264, 55.19559 ], [ -2.09564, 55.19613 ], [ -2.10151, 55.18592 ], [ -2.09232, 55.1841 ], [ -2.09083, 55.18082 ], [ -2.0701, 55.17765 ], [ -2.06948, 55.1751 ], [ -2.05249, 55.179 ], [ -2.05222, 55.18491 ], [ -2.00538, 55.19567 ], [ -1.99799, 55.18158 ], [ -1.99163, 55.18041 ], [ -1.98594, 55.17257 ], [ -1.99421, 55.16983 ], [ -1.97627, 55.15113 ], [ -1.95864, 55.14607 ], [ -1.9591, 55.13582 ], [ -1.95354, 55.12769 ], [ -1.9623, 55.12543 ], [ -1.96892, 55.1126 ], [ -1.98505, 55.11086 ], [ -1.98543, 55.09926 ], [ -1.99723, 55.09442 ], [ -2.04197, 55.08908 ], [ -2.04899, 55.09408 ], [ -2.06344, 55.09232 ], [ -2.06246, 55.09532 ], [ -2.07275, 55.0949 ], [ -2.08075, 55.09872 ], [ -2.10173, 55.09775 ], [ -2.09114, 55.10452 ], [ -2.09447, 55.11152 ], [ -2.10477, 55.11263 ], [ -2.10821, 55.11817 ], [ -2.09649, 55.12163 ], [ -2.10766, 55.13037 ], [ -2.105, 55.1364 ], [ -2.13615, 55.13987 ], [ -2.15328, 55.13514 ], [ -2.15061, 55.14038 ], [ -2.157, 55.14701 ], [ -2.17097, 55.14984 ], [ -2.18511, 55.15677 ], [ -2.18394, 55.16001 ], [ -2.19375, 55.16264 ], [ -2.20126, 55.15405 ], [ -2.19681, 55.15111 ], [ -2.20684, 55.14767 ], [ -2.20459, 55.14378 ], [ -2.21819, 55.12352 ], [ -2.20558, 55.11461 ], [ -2.23212, 55.10705 ], [ -2.23419, 55.10286 ], [ -2.24346, 55.10595 ], [ -2.25739, 55.12081 ], [ -2.25689, 55.12412 ], [ -2.28547, 55.13262 ], [ -2.29851, 55.11815 ], [ -2.33902, 55.13303 ], [ -2.33245, 55.13881 ], [ -2.32167, 55.13766 ], [ -2.3209, 55.14304 ], [ -2.3143, 55.14424 ], [ -2.31548, 55.15017 ], [ -2.30948, 55.15228 ], [ -2.30905, 55.15746 ], [ -2.30966, 55.16078 ], [ -2.31895, 55.16386 ], [ -2.31382, 55.17613 ], [ -2.28467, 55.18699 ], [ -2.28867, 55.20284 ], [ -2.27976, 55.2103 ], [ -2.25248, 55.20682 ], [ -2.24623, 55.20341 ], [ -2.17963, 55.20649 ], [ -2.17618, 55.21213 ], [ -2.15333, 55.20945 ], [ -2.16027, 55.20426 ] ] ] } },
{ "type": "Feature", "properties": { "small_area": "E01008762" }, "geometry": { "type": "Polygon", "coordinates": [ [ [ -1.41481, 54.9097 ], [ -1.42425, 54.90839 ], [ -1.42205, 54.90633 ], [ -1.42761, 54.90459 ], [ -1.4286, 54.91486 ], [ -1.41594, 54.91613 ], [ -1.41481, 54.9097 ] ] ] } },
{ "type": "Feature", "properties": { "small_area": "E01008765" }, "geometry": { "type": "Polygon", "coordinates": [ [ [ -1.38325, 54.86553 ], [ -1.38274, 54.86132 ], [ -1.36885, 54.85762 ], [ -1.38165, 54.84715 ], [ -1.41357, 54.84485 ], [ -1.43281, 54.85342 ], [ -1.40362, 54.86016 ], [ -1.40576, 54.86437 ], [ -1.39313, 54.87285 ], [ -1.38662, 54.87017 ], [ -1.38835, 54.86635 ], [ -1.38325, 54.86553 ] ] ] } },
{ "type": "Feature", "properties": { "small_area": "E01011994" }, "geometry": { "type": "Polygon", "coordinates": [ [ [ -1.1962, 54.69834 ], [ -1.18749, 54.6939 ], [ -1.20055, 54.69332 ], [ -1.20349, 54.69745 ], [ -1.21207, 54.69927 ], [ -1.20921, 54.70665 ], [ -1.19338, 54.70025 ], [ -1.1962, 54.69834 ] ] ] } },
{ "type": "Feature", "properties": { "small_area": "E01008390" }, "geometry": { "type": "Polygon", "coordinates": [ [ [ -1.55675, 54.96113 ], [ -1.56555, 54.96461 ], [ -1.56538, 54.96752 ], [ -1.55696, 54.96715 ], [ -1.55675, 54.96113 ] ] ] } },
{ "type": "Feature", "properties": { "small_area": "E01020769" }, "geometry": { "type": "Polygon", "coordinates": [ [ [ -1.35116, 54.75166 ], [ -1.36313, 54.74964 ], [ -1.35915, 54.75684 ], [ -1.35343, 54.75655 ], [ -1.35116, 54.75166 ] ] ] } },
{ "type": "Feature", "properties": { "small_area": "E01012095" }, "geometry": { "type": "Polygon", "coordinates": [ [ [ -0.91516, 54.57568 ], [ -0.9045, 54.57384 ], [ -0.92248, 54.56472 ], [ -0.92237, 54.56768 ], [ -0.93058, 54.56715 ], [ -0.92709, 54.57018 ], [ -0.93944, 54.5688 ], [ -0.94724, 54.57488 ], [ -0.95813, 54.57193 ], [ -0.95837, 54.57823 ], [ -0.96441, 54.58186 ], [ -0.95568, 54.5818 ], [ -0.93837, 54.58875 ], [ -0.91997, 54.58466 ], [ -0.91129, 54.57879 ], [ -0.91516, 54.57568 ] ] ] } },
{ "type": "Feature", "properties": { "small_area": "E01012096" }, "geometry": { "type": "Polygon", "coordinates": [ [ [ -0.90458, 54.55586 ], [ -0.90557, 54.56177 ], [ -0.90788, 54.55662 ], [ -0.91865, 54.55527 ], [ -0.92812, 54.56122 ], [ -0.92003, 54.56146 ], [ -0.91743, 54.566 ], [ -0.90771, 54.56411 ], [ -0.9045, 54.57384 ], [ -0.91516, 54.57568 ], [ -0.91129, 54.57879 ], [ -0.90195, 54.57383 ], [ -0.89913, 54.57555 ], [ -0.90458, 54.55586 ] ] ] } },
{ "type": "Feature", "properties": { "small_area": "E01012017" }, "geometry": { "type": "Polygon", "coordinates": [ [ [ -1.1914, 54.55049 ], [ -1.18193, 54.55446 ], [ -1.17838, 54.55067 ], [ -1.18959, 54.54821 ], [ -1.1914, 54.55049 ] ] ] } },
{ "type": "Feature", "properties": { "small_area": "E01012097" }, "geometry": { "type": "Polygon", "coordinates": [ [ [ -0.94785, 54.56883 ], [ -0.94564, 54.56354 ], [ -0.95302, 54.56518 ], [ -0.95813, 54.57193 ], [ -0.94724, 54.57488 ], [ -0.94291, 54.57066 ], [ -0.94785, 54.56883 ] ] ] } },
{ "type": "Feature", "properties": { "small_area": "E01012016" }, "geometry": { "type": "Polygon", "coordinates": [ [ [ -1.17228, 54.55931 ], [ -1.16663, 54.55406 ], [ -1.17838, 54.55067 ], [ -1.18353, 54.55614 ], [ -1.17228, 54.55931 ] ] ] } },
{ "type": "Feature", "properties": { "small_area": "E01008846" }, "geometry": { "type": "Polygon", "coordinates": [ [ [ -1.50707, 54.89987 ], [ -1.51079, 54.90275 ], [ -1.50814, 54.90548 ], [ -1.50174, 54.90502 ], [ -1.50707, 54.89987 ] ] ] } },
{ "type": "Feature", "properties": { "small_area": "E01008847" }, "geometry": { "type": "Polygon", "coordinates": [ [ [ -1.50707, 54.89987 ], [ -1.50174, 54.90502 ], [ -1.50052, 54.89906 ], [ -1.50707, 54.89987 ] ] ] } },
{ "type": "Feature", "properties": { "small_area": "E01020637" }, "geometry": { "type": "Polygon", "coordinates": [ [ [ -1.88245, 54.84372 ], [ -1.87404, 54.84089 ], [ -1.87393, 54.83571 ], [ -1.86553, 54.83805 ], [ -1.85759, 54.83496 ], [ -1.84745, 54.83914 ], [ -1.81932, 54.83522 ], [ -1.81468, 54.82857 ], [ -1.81856, 54.81575 ], [ -1.84623, 54.82068 ], [ -1.84493, 54.81714 ], [ -1.85678, 54.8185 ], [ -1.86348, 54.81457 ], [ -1.87001, 54.81509 ], [ -1.87147, 54.80716 ], [ -1.89143, 54.80681 ], [ -1.8982, 54.80047 ], [ -1.89003, 54.79638 ], [ -1.89942, 54.79923 ], [ -1.92615, 54.79407 ], [ -1.94529, 54.79707 ], [ -1.95424, 54.78576 ], [ -1.97545, 54.77074 ], [ -1.99286, 54.77625 ], [ -2.00522, 54.79479 ], [ -2.03167, 54.79896 ], [ -2.02979, 54.81638 ], [ -2.00373, 54.8339 ], [ -1.96832, 54.84334 ], [ -1.95314, 54.85008 ], [ -1.9524, 54.85423 ], [ -1.93932, 54.85177 ], [ -1.93267, 54.85418 ], [ -1.93183, 54.8509 ], [ -1.9224, 54.84974 ], [ -1.92097, 54.84244 ], [ -1.92719, 54.84137 ], [ -1.91813, 54.84077 ], [ -1.92075, 54.83798 ], [ -1.91519, 54.83397 ], [ -1.91095, 54.83685 ], [ -1.91412, 54.83949 ], [ -1.89746, 54.84575 ], [ -1.88764, 54.84358 ], [ -1.88146, 54.84657 ], [ -1.88245, 54.84372 ] ] ] } },
{ "type": "Feature", "properties": { "small_area": "E01008814" }, "geometry": { "type": "Polygon", "coordinates": [ [ [ -1.43774, 54.90584 ], [ -1.44345, 54.90786 ], [ -1.44321, 54.90481 ], [ -1.45789, 54.90387 ], [ -1.4286, 54.91486 ], [ -1.42852, 54.90833 ], [ -1.43774, 54.90584 ] ] ] } },
{ "type": "Feature", "properties": { "small_area": "E01020726" }, "geometry": { "type": "Polygon", "coordinates": [ [ [ -1.49429, 54.816 ], [ -1.48184, 54.80964 ], [ -1.49352, 54.80004 ], [ -1.51454, 54.80104 ], [ -1.52137, 54.80422 ], [ -1.51281, 54.80945 ], [ -1.51358, 54.81344 ], [ -1.5061, 54.81087 ], [ -1.50087, 54.81254 ], [ -1.50745, 54.8169 ], [ -1.49775, 54.82345 ], [ -1.49038, 54.82032 ], [ -1.49429, 54.816 ] ] ] } },
{ "type": "Feature", "properties": { "small_area": "E01020687" }, "geometry": { "type": "Polygon", "coordinates": [ [ [ -1.64065, 54.74742 ], [ -1.63746, 54.74506 ], [ -1.64185, 54.74309 ], [ -1.64671, 54.7452 ], [ -1.64717, 54.74889 ], [ -1.63916, 54.74905 ], [ -1.63915, 54.75175 ], [ -1.63566, 54.74942 ], [ -1.64065, 54.74742 ] ] ] } },
{ "type": "Feature", "properties": { "small_area": "E01020606" }, "geometry": { "type": "Polygon", "coordinates": [ [ [ -1.63362, 54.8627 ], [ -1.63448, 54.85776 ], [ -1.65361, 54.85499 ], [ -1.66986, 54.85688 ], [ -1.66161, 54.8642 ], [ -1.66402, 54.87295 ], [ -1.65801, 54.87611 ], [ -1.63816, 54.87196 ], [ -1.63362, 54.8627 ] ] ] } },
{ "type": "Feature", "properties": { "small_area": "E01020607" }, "geometry": { "type": "Polygon", "coordinates": [ [ [ -1.55859, 54.83053 ], [ -1.55694, 54.82575 ], [ -1.57032, 54.82439 ], [ -1.57306, 54.82003 ], [ -1.58427, 54.82301 ], [ -1.5925, 54.8173 ], [ -1.60866, 54.81723 ], [ -1.61066, 54.8219 ], [ -1.62957, 54.82624 ], [ -1.63074, 54.83336 ], [ -1.61799, 54.83953 ], [ -1.6069, 54.83195 ], [ -1.59703, 54.8338 ], [ -1.5988, 54.83565 ], [ -1.55859, 54.83053 ] ] ] } },
{ "type": "Feature", "properties": { "small_area": "E01027373" }, "geometry": { "type": "Polygon", "coordinates": [ [ [ -1.8943, 55.43819 ], [ -1.8983, 55.43993 ], [ -1.89027, 55.43834 ], [ -1.88135, 55.43301 ], [ -1.88174, 55.42299 ], [ -1.87121, 55.41272 ], [ -1.84676, 55.40919 ], [ -1.84534, 55.39892 ], [ -1.85713, 55.38644 ], [ -1.85114, 55.38038 ], [ -1.86487, 55.37132 ], [ -1.86868, 55.36259 ], [ -1.8876, 55.36309 ], [ -1.89361, 55.35515 ], [ -1.8392, 55.33528 ], [ -1.84355, 55.32607 ], [ -1.82357, 55.31691 ], [ -1.82495, 55.31178 ], [ -1.84801, 55.31773 ], [ -1.8628, 55.31379 ], [ -1.85904, 55.29437 ], [ -1.86441, 55.29804 ], [ -1.8731, 55.29624 ], [ -1.87808, 55.29909 ], [ -1.88667, 55.29797 ], [ -1.88519, 55.29406 ], [ -1.90173, 55.2927 ], [ -1.89655, 55.29671 ], [ -1.9026, 55.30382 ], [ -1.8912, 55.30689 ], [ -1.88689, 55.31405 ], [ -1.93294, 55.31683 ], [ -1.93679, 55.32074 ], [ -1.95176, 55.31987 ], [ -1.95385, 55.32596 ], [ -1.94922, 55.32427 ], [ -1.94836, 55.32702 ], [ -1.96717, 55.3362 ], [ -1.96513, 55.3441 ], [ -1.97122, 55.34632 ], [ -1.99173, 55.33483 ], [ -1.99255, 55.33082 ], [ -2.02018, 55.32844 ], [ -2.02811, 55.32357 ], [ -2.02587, 55.31696 ], [ -1.99414, 55.30635 ], [ -1.99909, 55.30273 ], [ -1.99387, 55.2988 ], [ -1.99821, 55.29442 ], [ -1.99365, 55.28593 ], [ -1.98104, 55.28927 ], [ -1.97896, 55.28329 ], [ -1.98869, 55.26797 ], [ -1.9768, 55.26167 ], [ -2.01115, 55.24205 ], [ -2.03288, 55.24291 ], [ -2.03446, 55.23871 ], [ -2.02293, 55.23455 ], [ -2.02471, 55.22329 ], [ -2.06136, 55.21119 ], [ -2.04578, 55.20352 ], [ -2.03593, 55.19009 ], [ -2.05222, 55.18491 ], [ -2.05249, 55.179 ], [ -2.06948, 55.1751 ], [ -2.0701, 55.17765 ], [ -2.09083, 55.18082 ], [ -2.09232, 55.1841 ], [ -2.10151, 55.18592 ], [ -2.09564, 55.19613 ], [ -2.13264, 55.19559 ], [ -2.13331, 55.19305 ], [ -2.14359, 55.19259 ], [ -2.14089, 55.18783 ], [ -2.16602, 55.18439 ], [ -2.16027, 55.20426 ], [ -2.15333, 55.20945 ], [ -2.15368, 55.21463 ], [ -2.14055, 55.22479 ], [ -2.12186, 55.23023 ], [ -2.12256, 55.23523 ], [ -2.11644, 55.23617 ], [ -2.12079, 55.24706 ], [ -2.1291, 55.24827 ], [ -2.13335, 55.25437 ], [ -2.15106, 55.25482 ], [ -2.15854, 55.2589 ], [ -2.15041, 55.26817 ], [ -2.149, 55.28734 ], [ -2.1639, 55.29176 ], [ -2.16562, 55.30211 ], [ -2.17167, 55.31094 ], [ -2.21054, 55.31019 ], [ -2.22069, 55.31883 ], [ -2.24424, 55.31843 ], [ -2.24961, 55.33261 ], [ -2.28109, 55.33334 ], [ -2.28766, 55.33653 ], [ -2.29017, 55.34495 ], [ -2.29969, 55.35403 ], [ -2.32923, 55.36792 ], [ -2.33747, 55.36728 ], [ -2.34623, 55.37306 ], [ -2.33001, 55.38124 ], [ -2.33473, 55.38315 ], [ -2.33551, 55.39256 ], [ -2.34494, 55.39931 ], [ -2.33352, 55.40242 ], [ -2.33562, 55.40821 ], [ -2.31325, 55.40679 ], [ -2.31254, 55.40985 ], [ -2.29593, 55.41492 ], [ -2.29451, 55.42046 ], [ -2.27389, 55.42598 ], [ -2.27064, 55.42959 ], [ -2.26224, 55.42856 ], [ -2.2606, 55.43293 ], [ -2.23127, 55.42843 ], [ -2.19485, 55.44459 ], [ -2.18807, 55.46211 ], [ -2.16551, 55.46838 ], [ -2.1552, 55.46925 ], [ -2.1529, 55.46497 ], [ -2.1355, 55.46039 ], [ -2.13522, 55.45497 ], [ -2.11077, 55.43762 ], [ -2.07774, 55.43995 ], [ -2.06944, 55.43644 ], [ -2.04975, 55.43815 ], [ -2.04468, 55.43102 ], [ -2.03428, 55.42855 ], [ -2.02408, 55.43224 ], [ -2.01081, 55.43189 ], [ -2.00785, 55.42016 ], [ -1.98843, 55.41828 ], [ -1.98405, 55.4139 ], [ -1.96004, 55.41733 ], [ -1.95593, 55.41322 ], [ -1.93114, 55.42175 ], [ -1.91977, 55.41822 ], [ -1.91633, 55.42047 ], [ -1.9202, 55.42325 ], [ -1.91256, 55.42803 ], [ -1.91459, 55.43123 ], [ -1.8943, 55.43819 ] ] ] } },
{ "type": "Feature", "properties": { "small_area": "E01012233" }, "geometry": { "type": "Polygon", "coordinates": [ [ [ -1.23485, 54.5103 ], [ -1.23437, 54.50613 ], [ -1.2418, 54.50238 ], [ -1.25666, 54.5011 ], [ -1.25325, 54.49777 ], [ -1.25739, 54.48731 ], [ -1.27451, 54.49107 ], [ -1.28958, 54.48797 ], [ -1.3078, 54.48979 ], [ -1.31118, 54.49704 ], [ -1.31939, 54.4964 ], [ -1.31602, 54.50608 ], [ -1.30958, 54.50644 ], [ -1.31026, 54.50981 ], [ -1.29919, 54.52051 ], [ -1.29114, 54.51258 ], [ -1.28293, 54.51665 ], [ -1.23485, 54.5103 ] ] ] } },
{ "type": "Feature", "properties": { "small_area": "E01008774" }, "geometry": { "type": "Polygon", "coordinates": [ [ [ -1.43937, 54.87071 ], [ -1.43252, 54.87671 ], [ -1.43007, 54.86992 ], [ -1.43344, 54.86793 ], [ -1.43937, 54.87071 ] ] ] } },
{ "type": "Feature", "properties": { "small_area": "E01027356" }, "geometry": { "type": "Polygon", "coordinates": [ [ [ -1.70659, 55.45716 ], [ -1.69453, 55.4571 ], [ -1.6912, 55.43381 ], [ -1.68013, 55.44199 ], [ -1.6712, 55.44217 ], [ -1.6578, 55.42776 ], [ -1.65393, 55.4181 ], [ -1.63961, 55.41391 ], [ -1.63606, 55.41903 ], [ -1.63061, 55.41843 ], [ -1.61947, 55.41417 ], [ -1.60802, 55.4145 ], [ -1.60575, 55.41037 ], [ -1.59474, 55.41121 ], [ -1.59258, 55.40277 ], [ -1.59667, 55.39472 ], [ -1.61141, 55.38517 ], [ -1.62126, 55.3883 ], [ -1.61735, 55.38925 ], [ -1.61857, 55.39525 ], [ -1.61781, 55.3905 ], [ -1.62358, 55.39181 ], [ -1.62346, 55.38949 ], [ -1.61463, 55.37993 ], [ -1.61377, 55.38436 ], [ -1.60847, 55.38394 ], [ -1.60604, 55.37387 ], [ -1.62066, 55.36961 ], [ -1.65663, 55.36725 ], [ -1.67312, 55.38156 ], [ -1.67318, 55.39054 ], [ -1.69367, 55.38297 ], [ -1.69665, 55.38458 ], [ -1.7034, 55.37974 ], [ -1.72426, 55.37741 ], [ -1.72952, 55.37999 ], [ -1.743, 55.36272 ], [ -1.7592, 55.35768 ], [ -1.73843, 55.34642 ], [ -1.74483, 55.34291 ], [ -1.78507, 55.34596 ], [ -1.80003, 55.35165 ], [ -1.79185, 55.36876 ], [ -1.78228, 55.37093 ], [ -1.78152, 55.36499 ], [ -1.75792, 55.36654 ], [ -1.75408, 55.37046 ], [ -1.75876, 55.37186 ], [ -1.75787, 55.37639 ], [ -1.75234, 55.38372 ], [ -1.7435, 55.38408 ], [ -1.74936, 55.3885 ], [ -1.73987, 55.39797 ], [ -1.72681, 55.39974 ], [ -1.72373, 55.39556 ], [ -1.71801, 55.40196 ], [ -1.69531, 55.39801 ], [ -1.68343, 55.40533 ], [ -1.66709, 55.40345 ], [ -1.66083, 55.40605 ], [ -1.66504, 55.41052 ], [ -1.67042, 55.40849 ], [ -1.68957, 55.41784 ], [ -1.69911, 55.41624 ], [ -1.71351, 55.42044 ], [ -1.72173, 55.41998 ], [ -1.71715, 55.4186 ], [ -1.72064, 55.41624 ], [ -1.73534, 55.41562 ], [ -1.75629, 55.424 ], [ -1.76834, 55.41768 ], [ -1.77895, 55.41767 ], [ -1.78487, 55.42771 ], [ -1.76116, 55.43478 ], [ -1.76089, 55.45577 ], [ -1.75136, 55.465 ], [ -1.72272, 55.45842 ], [ -1.71432, 55.46149 ], [ -1.70659, 55.45716 ] ] ] } },
{ "type": "Feature", "properties": { "small_area": "E01008176" }, "geometry": { "type": "Polygon", "coordinates": [ [ [ -1.56156, 54.8851 ], [ -1.57133, 54.88841 ], [ -1.5655, 54.89045 ], [ -1.56596, 54.89803 ], [ -1.5618, 54.89955 ], [ -1.55854, 54.89595 ], [ -1.56156, 54.8851 ] ] ] } },
{ "type": "Feature", "properties": { "small_area": "E01008523" }, "geometry": { "type": "Polygon", "coordinates": [ [ [ -1.45449, 55.04769 ], [ -1.46305, 55.04715 ], [ -1.46556, 55.04968 ], [ -1.45831, 55.05223 ], [ -1.45449, 55.04769 ] ] ] } },
{ "type": "Feature", "properties": { "small_area": "E01008546" }, "geometry": { "type": "Polygon", "coordinates": [ [ [ -1.45169, 55.05246 ], [ -1.46436, 55.05012 ], [ -1.46407, 55.05471 ], [ -1.45238, 55.05713 ], [ -1.44568, 55.04816 ], [ -1.45169, 55.05246 ] ] ] } },
{ "type": "Feature", "properties": { "small_area": "E01008276" }, "geometry": { "type": "Polygon", "coordinates": [ [ [ -1.73307, 54.94943 ], [ -1.72605, 54.95123 ], [ -1.7212, 54.94562 ], [ -1.71017, 54.94824 ], [ -1.7065, 54.94582 ], [ -1.71204, 54.93632 ], [ -1.72029, 54.93752 ], [ -1.73307, 54.94943 ] ] ] } },
{ "type": "Feature", "properties": { "small_area": "E01008730" }, "geometry": { "type": "Polygon", "coordinates": [ [ [ -1.45294, 54.89098 ], [ -1.45833, 54.88935 ], [ -1.45579, 54.89684 ], [ -1.44395, 54.90052 ], [ -1.44245, 54.89767 ], [ -1.45294, 54.89098 ] ] ] } },
{ "type": "Feature", "properties": { "small_area": "E01008733" }, "geometry": { "type": "Polygon", "coordinates": [ [ [ -1.4356, 54.8882 ], [ -1.44662, 54.88514 ], [ -1.45222, 54.89058 ], [ -1.4356, 54.8882 ] ] ] } },
{ "type": "Feature", "properties": { "small_area": "E01008732" }, "geometry": { "type": "Polygon", "coordinates": [ [ [ -1.4356, 54.8882 ], [ -1.44244, 54.88947 ], [ -1.4296, 54.89486 ], [ -1.42741, 54.89242 ], [ -1.4356, 54.8882 ] ] ] } },
{ "type": "Feature", "properties": { "small_area": "E01008735" }, "geometry": { "type": "Polygon", "coordinates": [ [ [ -1.37437, 54.89801 ], [ -1.38842, 54.89211 ], [ -1.38927, 54.89448 ], [ -1.37598, 54.90079 ], [ -1.37187, 54.89617 ], [ -1.37437, 54.89801 ] ] ] } },
{ "type": "Feature", "properties": { "small_area": "E01008734" }, "geometry": { "type": "Polygon", "coordinates": [ [ [ -1.44662, 54.88514 ], [ -1.43728, 54.88625 ], [ -1.4438, 54.88265 ], [ -1.45502, 54.88284 ], [ -1.45833, 54.88935 ], [ -1.45294, 54.89098 ], [ -1.44662, 54.88514 ] ] ] } },
{ "type": "Feature", "properties": { "small_area": "E01008737" }, "geometry": { "type": "Polygon", "coordinates": [ [ [ -1.37117, 54.89618 ], [ -1.3724, 54.89262 ], [ -1.37841, 54.89491 ], [ -1.37437, 54.89801 ], [ -1.37117, 54.89618 ] ] ] } },
{ "type": "Feature", "properties": { "small_area": "E01020771" }, "geometry": { "type": "Polygon", "coordinates": [ [ [ -1.3476, 54.76041 ], [ -1.35915, 54.75684 ], [ -1.35659, 54.76363 ], [ -1.3476, 54.76041 ] ] ] } },
{ "type": "Feature", "properties": { "small_area": "E01020770" }, "geometry": { "type": "Polygon", "coordinates": [ [ [ -1.35116, 54.75166 ], [ -1.35343, 54.75655 ], [ -1.3476, 54.76041 ], [ -1.34204, 54.75876 ], [ -1.35116, 54.75166 ] ] ] } },
{ "type": "Feature", "properties": { "small_area": "E01020773" }, "geometry": { "type": "Polygon", "coordinates": [ [ [ -1.37353, 54.83186 ], [ -1.36751, 54.82914 ], [ -1.35523, 54.83105 ], [ -1.35596, 54.82774 ], [ -1.34917, 54.82758 ], [ -1.35094, 54.8196 ], [ -1.3622, 54.81429 ], [ -1.36566, 54.81967 ], [ -1.369, 54.81742 ], [ -1.36826, 54.82269 ], [ -1.37593, 54.82419 ], [ -1.37457, 54.82074 ], [ -1.38749, 54.81926 ], [ -1.38849, 54.82381 ], [ -1.3984, 54.82498 ], [ -1.4002, 54.83022 ], [ -1.37353, 54.83186 ] ] ] } },
{ "type": "Feature", "properties": { "small_area": "E01008467" }, "geometry": { "type": "Polygon", "coordinates": [ [ [ -1.50628, 55.01476 ], [ -1.51031, 55.01442 ], [ -1.50801, 55.01242 ], [ -1.51943, 55.01275 ], [ -1.51148, 55.01857 ], [ -1.50628, 55.01476 ] ] ] } },
{ "type": "Feature", "properties": { "small_area": "E01008466" }, "geometry": { "type": "Polygon", "coordinates": [ [ [ -1.51943, 55.01275 ], [ -1.52723, 55.00871 ], [ -1.52882, 55.01273 ], [ -1.52422, 55.01795 ], [ -1.51431, 55.02068 ], [ -1.51155, 55.01863 ], [ -1.51943, 55.01275 ] ] ] } },
{ "type": "Feature", "properties": { "small_area": "E01008464" }, "geometry": { "type": "Polygon", "coordinates": [ [ [ -1.52625, 55.00577 ], [ -1.53767, 55.00194 ], [ -1.53836, 55.00432 ], [ -1.52882, 55.01273 ], [ -1.52625, 55.00577 ] ] ] } },
{ "type": "Feature", "properties": { "small_area": "E01020690" }, "geometry": { "type": "Polygon", "coordinates": [ [ [ -1.50905, 54.79826 ], [ -1.51783, 54.78982 ], [ -1.52559, 54.79178 ], [ -1.5331, 54.78534 ], [ -1.54206, 54.78616 ], [ -1.53718, 54.78721 ], [ -1.53962, 54.79155 ], [ -1.56375, 54.78356 ], [ -1.56438, 54.7871 ], [ -1.54489, 54.79096 ], [ -1.54738, 54.79674 ], [ -1.53871, 54.79754 ], [ -1.53627, 54.80309 ], [ -1.52546, 54.80602 ], [ -1.50905, 54.79826 ] ] ] } },
{ "type": "Feature", "properties": { "small_area": "E01008432" }, "geometry": { "type": "Polygon", "coordinates": [ [ [ -1.54948, 54.9787 ], [ -1.5529, 54.98123 ], [ -1.55409, 54.97506 ], [ -1.55929, 54.97412 ], [ -1.55746, 54.98087 ], [ -1.5492, 54.9833 ], [ -1.54948, 54.9787 ] ] ] } },
{ "type": "Feature", "properties": { "small_area": "E01012131" }, "geometry": { "type": "Polygon", "coordinates": [ [ [ -1.06584, 54.60048 ], [ -1.07803, 54.59609 ], [ -1.07438, 54.60319 ], [ -1.066, 54.60393 ], [ -1.06584, 54.60048 ] ] ] } },
{ "type": "Feature", "properties": { "small_area": "E01020746" }, "geometry": { "type": "Polygon", "coordinates": [ [ [ -1.32947, 54.7556 ], [ -1.32256, 54.75529 ], [ -1.33024, 54.75333 ], [ -1.32968, 54.75068 ], [ -1.339, 54.75589 ], [ -1.33435, 54.76125 ], [ -1.32947, 54.7556 ] ] ] } },
{ "type": "Feature", "properties": { "small_area": "E01008538" }, "geometry": { "type": "Polygon", "coordinates": [ [ [ -1.55121, 55.01449 ], [ -1.54032, 55.0149 ], [ -1.54089, 55.00678 ], [ -1.54657, 55.00744 ], [ -1.55121, 55.01449 ] ] ] } },
{ "type": "Feature", "properties": { "small_area": "E01020795" }, "geometry": { "type": "Polygon", "coordinates": [ [ [ -1.36507, 54.72519 ], [ -1.35679, 54.72692 ], [ -1.35133, 54.71603 ], [ -1.35846, 54.7069 ], [ -1.35716, 54.70104 ], [ -1.36504, 54.69888 ], [ -1.36897, 54.69228 ], [ -1.37518, 54.69132 ], [ -1.38067, 54.68424 ], [ -1.38961, 54.6829 ], [ -1.39766, 54.68809 ], [ -1.39981, 54.69715 ], [ -1.39825, 54.70226 ], [ -1.39435, 54.70123 ], [ -1.4012, 54.71145 ], [ -1.3946, 54.7189 ], [ -1.39914, 54.72146 ], [ -1.39774, 54.72879 ], [ -1.38921, 54.72797 ], [ -1.3791, 54.73248 ], [ -1.38213, 54.72825 ], [ -1.37552, 54.72751 ], [ -1.37152, 54.73609 ], [ -1.36799, 54.73472 ], [ -1.36507, 54.72519 ] ] ] } },
{ "type": "Feature", "properties": { "small_area": "E01020714" }, "geometry": { "type": "Polygon", "coordinates": [ [ [ -1.63013, 54.77487 ], [ -1.62076, 54.78172 ], [ -1.60412, 54.77688 ], [ -1.60033, 54.77303 ], [ -1.6094, 54.76587 ], [ -1.61672, 54.76474 ], [ -1.62718, 54.76804 ], [ -1.64098, 54.76408 ], [ -1.65874, 54.77515 ], [ -1.64657, 54.77147 ], [ -1.6423, 54.77695 ], [ -1.63013, 54.77487 ] ] ] } },
{ "type": "Feature", "properties": { "small_area": "E01020717" }, "geometry": { "type": "Polygon", "coordinates": [ [ [ -1.57178, 54.80435 ], [ -1.56233, 54.80503 ], [ -1.56326, 54.80059 ], [ -1.57227, 54.79921 ], [ -1.57178, 54.80435 ] ] ] } },
{ "type": "Feature", "properties": { "small_area": "E01020796" }, "geometry": { "type": "Polygon", "coordinates": [ [ [ -1.47846, 54.66904 ], [ -1.48654, 54.66572 ], [ -1.48615, 54.66017 ], [ -1.49223, 54.66082 ], [ -1.49776, 54.66694 ], [ -1.52623, 54.6751 ], [ -1.51674, 54.68023 ], [ -1.52163, 54.68634 ], [ -1.50523, 54.68733 ], [ -1.50659, 54.69141 ], [ -1.48251, 54.69746 ], [ -1.45562, 54.67091 ], [ -1.46413, 54.66432 ], [ -1.47846, 54.66904 ] ] ] } },
{ "type": "Feature", "properties": { "small_area": "E01020797" }, "geometry": { "type": "Polygon", "coordinates": [ [ [ -1.48251, 54.69746 ], [ -1.50659, 54.69141 ], [ -1.50523, 54.68733 ], [ -1.52163, 54.68634 ], [ -1.53032, 54.68267 ], [ -1.53425, 54.71342 ], [ -1.51904, 54.71366 ], [ -1.52225, 54.70891 ], [ -1.5189, 54.70734 ], [ -1.4938, 54.70805 ], [ -1.48251, 54.69746 ] ] ] } },
{ "type": "Feature", "properties": { "small_area": "E01008183" }, "geometry": { "type": "Polygon", "coordinates": [ [ [ -1.79074, 54.94104 ], [ -1.79857, 54.93521 ], [ -1.7976, 54.93096 ], [ -1.79028, 54.92946 ], [ -1.79035, 54.92535 ], [ -1.77323, 54.92268 ], [ -1.7616, 54.92758 ], [ -1.76115, 54.92345 ], [ -1.75687, 54.92346 ], [ -1.76053, 54.92244 ], [ -1.75544, 54.92031 ], [ -1.767, 54.91309 ], [ -1.76377, 54.90888 ], [ -1.75991, 54.91074 ], [ -1.76071, 54.90856 ], [ -1.77019, 54.90696 ], [ -1.78166, 54.91154 ], [ -1.79124, 54.90867 ], [ -1.79479, 54.90356 ], [ -1.80821, 54.90719 ], [ -1.81058, 54.91845 ], [ -1.8057, 54.91957 ], [ -1.82295, 54.92898 ], [ -1.82079, 54.93303 ], [ -1.82587, 54.93375 ], [ -1.82508, 54.94084 ], [ -1.83107, 54.94432 ], [ -1.83269, 54.95366 ], [ -1.81846, 54.94666 ], [ -1.81674, 54.94247 ], [ -1.79074, 54.94104 ] ] ] } },
{ "type": "Feature", "properties": { "small_area": "E01008184" }, "geometry": { "type": "Polygon", "coordinates": [ [ [ -1.73758, 54.91869 ], [ -1.75067, 54.91737 ], [ -1.76377, 54.90888 ], [ -1.767, 54.91309 ], [ -1.75544, 54.92031 ], [ -1.74475, 54.91932 ], [ -1.74473, 54.92223 ], [ -1.73834, 54.92541 ], [ -1.73006, 54.92439 ], [ -1.73728, 54.92392 ], [ -1.73758, 54.91869 ] ] ] } },
{ "type": "Feature", "properties": { "small_area": "E01008185" }, "geometry": { "type": "Polygon", "coordinates": [ [ [ -1.74475, 54.91932 ], [ -1.76053, 54.92244 ], [ -1.75687, 54.92346 ], [ -1.74473, 54.92223 ], [ -1.74475, 54.91932 ] ] ] } },
{ "type": "Feature", "properties": { "small_area": "E01008637" }, "geometry": { "type": "Polygon", "coordinates": [ [ [ -1.39326, 54.97948 ], [ -1.38448, 54.97825 ], [ -1.38978, 54.97543 ], [ -1.39743, 54.97795 ], [ -1.39326, 54.97948 ] ] ] } },
{ "type": "Feature", "properties": { "small_area": "E01008182" }, "geometry": { "type": "Polygon", "coordinates": [ [ [ -1.70787, 54.95829 ], [ -1.71147, 54.94907 ], [ -1.7167, 54.95603 ], [ -1.70787, 54.95829 ] ] ] } },
{ "type": "Feature", "properties": { "small_area": "E01008636" }, "geometry": { "type": "Polygon", "coordinates": [ [ [ -1.39326, 54.97948 ], [ -1.40141, 54.97679 ], [ -1.40641, 54.9805 ], [ -1.39326, 54.97948 ] ] ] } },
{ "type": "Feature", "properties": { "small_area": "E01008634" }, "geometry": { "type": "Polygon", "coordinates": [ [ [ -1.40374, 54.97265 ], [ -1.41058, 54.97166 ], [ -1.40383, 54.97664 ], [ -1.40776, 54.98028 ], [ -1.40141, 54.97679 ], [ -1.40374, 54.97265 ] ] ] } },
{ "type": "Feature", "properties": { "small_area": "E01020841" }, "geometry": { "type": "Polygon", "coordinates": [ [ [ -1.64339, 54.63358 ], [ -1.63072, 54.63189 ], [ -1.63927, 54.62773 ], [ -1.64339, 54.63358 ] ] ] } },
{ "type": "Feature", "properties": { "small_area": "E01020840" }, "geometry": { "type": "Polygon", "coordinates": [ [ [ -1.61664, 54.63008 ], [ -1.6185, 54.61916 ], [ -1.63767, 54.61713 ], [ -1.64362, 54.62572 ], [ -1.6358, 54.62571 ], [ -1.63927, 54.62773 ], [ -1.63072, 54.63189 ], [ -1.63524, 54.63399 ], [ -1.61664, 54.63008 ] ] ] } },
{ "type": "Feature", "properties": { "small_area": "E01020843" }, "geometry": { "type": "Polygon", "coordinates": [ [ [ -1.57693, 54.70691 ], [ -1.58853, 54.7116 ], [ -1.58959, 54.70789 ], [ -1.604, 54.7151 ], [ -1.61511, 54.71225 ], [ -1.6259, 54.71742 ], [ -1.61784, 54.72465 ], [ -1.59604, 54.73021 ], [ -1.59853, 54.72737 ], [ -1.58166, 54.71813 ], [ -1.57531, 54.71946 ], [ -1.56724, 54.70857 ], [ -1.57693, 54.70691 ] ] ] } },
{ "type": "Feature", "properties": { "small_area": "E01020848" }, "geometry": { "type": "Polygon", "coordinates": [ [ [ -1.56948, 54.62668 ], [ -1.57551, 54.62807 ], [ -1.56938, 54.63032 ], [ -1.57165, 54.6341 ], [ -1.56509, 54.63285 ], [ -1.56295, 54.62859 ], [ -1.56948, 54.62668 ] ] ] } },
{ "type": "Feature", "properties": { "small_area": "E01008493" }, "geometry": { "type": "Polygon", "coordinates": [ [ [ -1.44822, 55.02363 ], [ -1.44923, 55.02348 ], [ -1.4457, 55.02906 ], [ -1.43782, 55.0287 ], [ -1.43565, 55.02501 ], [ -1.44822, 55.02363 ] ] ] } },
{ "type": "Feature", "properties": { "small_area": "E01008878" }, "geometry": { "type": "Polygon", "coordinates": [ [ [ -1.53506, 54.91342 ], [ -1.54175, 54.915 ], [ -1.54137, 54.91861 ], [ -1.53739, 54.92011 ], [ -1.53506, 54.91342 ] ] ] } },
{ "type": "Feature", "properties": { "small_area": "E01011949" }, "geometry": { "type": "Polygon", "coordinates": [ [ [ -1.22268, 54.6742 ], [ -1.23613, 54.6722 ], [ -1.23565, 54.67778 ], [ -1.22322, 54.67676 ], [ -1.22268, 54.6742 ] ] ] } },
{ "type": "Feature", "properties": { "small_area": "E01020638" }, "geometry": { "type": "Polygon", "coordinates": [ [ [ -1.75223, 54.86153 ], [ -1.74552, 54.86327 ], [ -1.75545, 54.86656 ], [ -1.74896, 54.86818 ], [ -1.74419, 54.86394 ], [ -1.73539, 54.86783 ], [ -1.73209, 54.86408 ], [ -1.74425, 54.86159 ], [ -1.744, 54.85808 ], [ -1.75223, 54.86153 ] ] ] } },
{ "type": "Feature", "properties": { "small_area": "E01008874" }, "geometry": { "type": "Polygon", "coordinates": [ [ [ -1.54286, 54.90124 ], [ -1.54592, 54.9038 ], [ -1.53833, 54.90421 ], [ -1.53597, 54.90809 ], [ -1.53072, 54.90455 ], [ -1.54286, 54.90124 ] ] ] } },
{ "type": "Feature", "properties": { "small_area": "E01008877" }, "geometry": { "type": "Polygon", "coordinates": [ [ [ -1.5477, 54.9194 ], [ -1.55436, 54.91638 ], [ -1.56888, 54.92462 ], [ -1.5565, 54.92991 ], [ -1.5477, 54.9194 ] ] ] } },
{ "type": "Feature", "properties": { "small_area": "E01008486" }, "geometry": { "type": "Polygon", "coordinates": [ [ [ -1.46209, 55.00979 ], [ -1.46597, 55.00856 ], [ -1.47285, 55.01447 ], [ -1.46209, 55.00979 ] ] ] } },
{ "type": "Feature", "properties": { "small_area": "E01008407" }, "geometry": { "type": "Polygon", "coordinates": [ [ [ -1.60364, 54.97466 ], [ -1.6064, 54.97543 ], [ -1.60753, 54.98127 ], [ -1.59762, 54.9815 ], [ -1.60364, 54.97466 ] ] ] } },
{ "type": "Feature", "properties": { "small_area": "E01008487" }, "geometry": { "type": "Polygon", "coordinates": [ [ [ -1.48159, 55.01178 ], [ -1.48201, 55.01242 ], [ -1.47531, 55.01966 ], [ -1.46943, 55.01983 ], [ -1.4691, 55.01531 ], [ -1.48159, 55.01178 ] ] ] } },
{ "type": "Feature", "properties": { "small_area": "E01008406" }, "geometry": { "type": "Polygon", "coordinates": [ [ [ -1.59051, 54.97328 ], [ -1.60364, 54.97466 ], [ -1.59901, 54.97881 ], [ -1.59112, 54.97694 ], [ -1.59051, 54.97328 ] ] ] } },
{ "type": "Feature", "properties": { "small_area": "E01008485" }, "geometry": { "type": "Polygon", "coordinates": [ [ [ -1.46571, 55.00275 ], [ -1.46852, 55.0034 ], [ -1.46244, 55.00794 ], [ -1.45485, 55.00485 ], [ -1.46571, 55.00275 ] ] ] } },
{ "type": "Feature", "properties": { "small_area": "E01008404" }, "geometry": { "type": "Polygon", "coordinates": [ [ [ -1.72802, 54.97608 ], [ -1.74715, 54.98453 ], [ -1.73685, 54.98568 ], [ -1.73121, 54.97968 ], [ -1.72429, 54.98369 ], [ -1.72802, 54.97608 ] ] ] } },
{ "type": "Feature", "properties": { "small_area": "E01027422" }, "geometry": { "type": "Polygon", "coordinates": [ [ [ -1.53232, 55.12187 ], [ -1.53212, 55.12339 ], [ -1.52473, 55.1196 ], [ -1.52109, 55.12307 ], [ -1.52627, 55.11442 ], [ -1.53232, 55.12187 ] ] ] } },
{ "type": "Feature", "properties": { "small_area": "E01027424" }, "geometry": { "type": "Polygon", "coordinates": [ [ [ -1.55765, 55.128 ], [ -1.55884, 55.13389 ], [ -1.54087, 55.13422 ], [ -1.54012, 55.12741 ], [ -1.55765, 55.128 ] ] ] } },
{ "type": "Feature", "properties": { "small_area": "E01008572" }, "geometry": { "type": "Polygon", "coordinates": [ [ [ -1.51294, 54.98814 ], [ -1.52332, 54.98701 ], [ -1.52949, 54.99025 ], [ -1.52464, 54.99131 ], [ -1.5271, 54.99872 ], [ -1.51877, 54.99654 ], [ -1.51294, 54.98814 ] ] ] } },
{ "type": "Feature", "properties": { "small_area": "E01008575" }, "geometry": { "type": "Polygon", "coordinates": [ [ [ -1.52332, 54.98701 ], [ -1.53997, 54.98331 ], [ -1.54069, 54.98986 ], [ -1.52949, 54.99025 ], [ -1.52332, 54.98701 ] ] ] } },
{ "type": "Feature", "properties": { "small_area": "E01008574" }, "geometry": { "type": "Polygon", "coordinates": [ [ [ -1.53125, 54.99194 ], [ -1.54053, 55.00056 ], [ -1.52536, 55.00352 ], [ -1.53125, 54.99194 ] ] ] } },
{ "type": "Feature", "properties": { "small_area": "E01027461" }, "geometry": { "type": "Polygon", "coordinates": [ [ [ -1.68126, 55.15908 ], [ -1.67871, 55.16157 ], [ -1.66827, 55.1594 ], [ -1.67642, 55.15664 ], [ -1.68126, 55.15908 ] ] ] } },
{ "type": "Feature", "properties": { "small_area": "E01008506" }, "geometry": { "type": "Polygon", "coordinates": [ [ [ -1.56273, 55.03576 ], [ -1.56276, 55.03607 ], [ -1.55084, 55.03587 ], [ -1.56273, 55.03576 ] ] ] } },
{ "type": "Feature", "properties": { "small_area": "E01008587" }, "geometry": { "type": "Polygon", "coordinates": [ [ [ -1.43766, 55.03706 ], [ -1.4355, 55.04021 ], [ -1.43905, 55.04391 ], [ -1.4308, 55.03711 ], [ -1.43766, 55.03706 ] ] ] } },
{ "type": "Feature", "properties": { "small_area": "E01027542" }, "geometry": { "type": "Polygon", "coordinates": [ [ [ -1.51497, 55.18596 ], [ -1.51263, 55.19352 ], [ -1.51771, 55.19416 ], [ -1.52135, 55.18911 ], [ -1.51637, 55.18281 ], [ -1.53875, 55.18843 ], [ -1.53982, 55.19284 ], [ -1.56501, 55.2049 ], [ -1.5183, 55.20694 ], [ -1.51051, 55.19912 ], [ -1.50172, 55.19633 ], [ -1.5038, 55.19034 ], [ -1.51497, 55.18596 ] ] ] } },
{ "type": "Feature", "properties": { "small_area": "E01027543" }, "geometry": { "type": "Polygon", "coordinates": [ [ [ -1.51752, 55.18195 ], [ -1.5264, 55.17789 ], [ -1.51973, 55.17904 ], [ -1.5203, 55.17551 ], [ -1.51564, 55.17564 ], [ -1.51499, 55.1788 ], [ -1.51321, 55.17482 ], [ -1.52506, 55.16263 ], [ -1.53821, 55.16233 ], [ -1.53054, 55.17342 ], [ -1.53875, 55.18843 ], [ -1.51752, 55.18195 ] ] ] } },
{ "type": "Feature", "properties": { "small_area": "E01027544" }, "geometry": { "type": "Polygon", "coordinates": [ [ [ -1.51402, 55.18166 ], [ -1.51564, 55.17564 ], [ -1.5203, 55.17551 ], [ -1.51973, 55.17904 ], [ -1.5264, 55.17789 ], [ -1.51752, 55.18195 ], [ -1.52059, 55.18438 ], [ -1.51402, 55.18166 ] ] ] } },
{ "type": "Feature", "properties": { "small_area": "E01027545" }, "geometry": { "type": "Polygon", "coordinates": [ [ [ -1.5622, 55.17482 ], [ -1.56498, 55.18056 ], [ -1.56113, 55.17671 ], [ -1.55597, 55.1778 ], [ -1.55923, 55.18004 ], [ -1.55562, 55.18123 ], [ -1.55229, 55.17922 ], [ -1.5622, 55.17482 ] ] ] } },
{ "type": "Feature", "properties": { "small_area": "E01027546" }, "geometry": { "type": "Polygon", "coordinates": [ [ [ -1.55562, 55.18123 ], [ -1.55923, 55.18004 ], [ -1.55597, 55.1778 ], [ -1.56113, 55.17671 ], [ -1.56498, 55.18056 ], [ -1.55562, 55.18123 ] ] ] } },
{ "type": "Feature", "properties": { "small_area": "E01027540" }, "geometry": { "type": "Polygon", "coordinates": [ [ [ -1.53982, 55.19284 ], [ -1.53897, 55.18741 ], [ -1.54869, 55.18467 ], [ -1.55229, 55.17922 ], [ -1.55785, 55.18228 ], [ -1.55652, 55.18612 ], [ -1.57749, 55.18774 ], [ -1.58927, 55.20508 ], [ -1.56884, 55.20166 ], [ -1.56501, 55.2049 ], [ -1.53982, 55.19284 ] ] ] } },
{ "type": "Feature", "properties": { "small_area": "E01008473" }, "geometry": { "type": "Polygon", "coordinates": [ [ [ -1.55949, 55.01206 ], [ -1.5722, 55.01429 ], [ -1.57104, 55.01825 ], [ -1.56417, 55.01915 ], [ -1.56626, 55.01436 ], [ -1.55764, 55.01677 ], [ -1.55949, 55.01206 ] ] ] } },
{ "type": "Feature", "properties": { "small_area": "E01008472" }, "geometry": { "type": "Polygon", "coordinates": [ [ [ -1.55764, 55.01677 ], [ -1.56626, 55.01436 ], [ -1.56205, 55.02173 ], [ -1.55522, 55.01918 ], [ -1.55764, 55.01677 ] ] ] } },
{ "type": "Feature", "properties": { "small_area": "E01008475" }, "geometry": { "type": "Polygon", "coordinates": [ [ [ -1.56888, 55.03707 ], [ -1.57722, 55.04438 ], [ -1.56465, 55.04267 ], [ -1.56888, 55.03707 ] ] ] } },
{ "type": "Feature", "properties": { "small_area": "E01008471" }, "geometry": { "type": "Polygon", "coordinates": [ [ [ -1.5722, 55.01429 ], [ -1.58351, 55.01513 ], [ -1.5848, 55.01811 ], [ -1.56923, 55.02303 ], [ -1.5722, 55.01429 ] ] ] } },
{ "type": "Feature", "properties": { "small_area": "E01008470" }, "geometry": { "type": "Polygon", "coordinates": [ [ [ -1.56923, 55.02303 ], [ -1.5614, 55.02382 ], [ -1.56417, 55.01915 ], [ -1.57104, 55.01825 ], [ -1.56923, 55.02303 ] ] ] } },
{ "type": "Feature", "properties": { "small_area": "E01020739" }, "geometry": { "type": "Polygon", "coordinates": [ [ [ -1.29033, 54.74471 ], [ -1.2958, 54.74913 ], [ -1.29286, 54.75067 ], [ -1.28716, 54.74804 ], [ -1.29033, 54.74471 ] ] ] } },
{ "type": "Feature", "properties": { "small_area": "E01008330" }, "geometry": { "type": "Polygon", "coordinates": [ [ [ -1.69378, 54.98494 ], [ -1.6994, 54.98622 ], [ -1.70189, 54.99052 ], [ -1.69378, 54.98872 ], [ -1.69378, 54.98494 ] ] ] } },
{ "type": "Feature", "properties": { "small_area": "E01008647" }, "geometry": { "type": "Polygon", "coordinates": [ [ [ -1.4036, 54.98327 ], [ -1.41129, 54.98617 ], [ -1.40464, 54.98898 ], [ -1.3967, 54.98591 ], [ -1.4036, 54.98327 ] ] ] } },
{ "type": "Feature", "properties": { "small_area": "E01011965" }, "geometry": { "type": "Polygon", "coordinates": [ [ [ -1.22601, 54.67913 ], [ -1.23418, 54.67991 ], [ -1.23483, 54.68552 ], [ -1.22897, 54.68626 ], [ -1.22395, 54.68304 ], [ -1.22601, 54.67913 ] ] ] } },
{ "type": "Feature", "properties": { "small_area": "E01011964" }, "geometry": { "type": "Polygon", "coordinates": [ [ [ -1.21963, 54.6864 ], [ -1.22036, 54.68242 ], [ -1.22395, 54.68304 ], [ -1.22897, 54.68626 ], [ -1.21963, 54.6864 ] ] ] } },
{ "type": "Feature", "properties": { "small_area": "E01011967" }, "geometry": { "type": "Polygon", "coordinates": [ [ [ -1.21997, 54.67944 ], [ -1.22601, 54.67913 ], [ -1.22395, 54.68304 ], [ -1.21997, 54.67944 ] ] ] } },
{ "type": "Feature", "properties": { "small_area": "E01011962" }, "geometry": { "type": "Polygon", "coordinates": [ [ [ -1.25214, 54.65744 ], [ -1.24122, 54.6578 ], [ -1.24292, 54.65415 ], [ -1.24856, 54.65229 ], [ -1.25214, 54.65744 ] ] ] } },
{ "type": "Feature", "properties": { "small_area": "E01020829" }, "geometry": { "type": "Polygon", "coordinates": [ [ [ -1.45462, 54.65205 ], [ -1.45059, 54.65172 ], [ -1.45169, 54.64841 ], [ -1.4644, 54.65073 ], [ -1.45366, 54.66353 ], [ -1.4541, 54.6705 ], [ -1.46306, 54.67629 ], [ -1.44364, 54.67121 ], [ -1.45124, 54.66044 ], [ -1.44462, 54.66206 ], [ -1.45462, 54.65205 ] ] ] } },
{ "type": "Feature", "properties": { "small_area": "E01020828" }, "geometry": { "type": "Polygon", "coordinates": [ [ [ -1.33226, 54.68701 ], [ -1.33089, 54.68123 ], [ -1.33302, 54.67264 ], [ -1.34784, 54.66238 ], [ -1.34124, 54.6502 ], [ -1.38375, 54.64622 ], [ -1.38089, 54.64391 ], [ -1.39042, 54.6392 ], [ -1.3883, 54.63157 ], [ -1.3955, 54.63109 ], [ -1.39422, 54.62887 ], [ -1.40159, 54.62635 ], [ -1.39915, 54.62412 ], [ -1.40477, 54.62403 ], [ -1.40981, 54.61844 ], [ -1.42612, 54.61149 ], [ -1.42996, 54.61528 ], [ -1.44288, 54.6101 ], [ -1.4509, 54.6105 ], [ -1.45077, 54.60469 ], [ -1.43834, 54.59507 ], [ -1.44339, 54.59061 ], [ -1.45169, 54.59082 ], [ -1.45607, 54.59921 ], [ -1.48533, 54.59963 ], [ -1.49731, 54.59566 ], [ -1.52639, 54.59648 ], [ -1.55864, 54.59211 ], [ -1.55781, 54.60064 ], [ -1.54531, 54.60975 ], [ -1.51981, 54.61467 ], [ -1.52369, 54.62271 ], [ -1.54029, 54.63102 ], [ -1.54262, 54.63857 ], [ -1.54032, 54.65002 ], [ -1.52106, 54.66159 ], [ -1.50716, 54.66351 ], [ -1.51004, 54.66844 ], [ -1.49776, 54.66694 ], [ -1.49223, 54.66082 ], [ -1.48615, 54.66017 ], [ -1.48654, 54.66572 ], [ -1.47846, 54.66904 ], [ -1.46413, 54.66432 ], [ -1.45562, 54.67091 ], [ -1.45794, 54.6731 ], [ -1.4541, 54.6705 ], [ -1.45366, 54.66353 ], [ -1.4644, 54.65073 ], [ -1.45169, 54.64841 ], [ -1.45059, 54.65172 ], [ -1.44677, 54.64723 ], [ -1.43808, 54.64991 ], [ -1.44481, 54.65422 ], [ -1.43528, 54.65754 ], [ -1.44462, 54.66206 ], [ -1.45124, 54.66044 ], [ -1.44364, 54.67121 ], [ -1.44929, 54.67082 ], [ -1.46195, 54.67677 ], [ -1.44782, 54.67836 ], [ -1.43109, 54.66873 ], [ -1.41482, 54.66888 ], [ -1.40718, 54.67021 ], [ -1.3994, 54.68133 ], [ -1.38067, 54.68424 ], [ -1.37518, 54.69132 ], [ -1.34464, 54.69081 ], [ -1.33226, 54.68701 ] ] ] } },
{ "type": "Feature", "properties": { "small_area": "E01032593" }, "geometry": { "type": "Polygon", "coordinates": [ [ [ -1.16496, 54.52191 ], [ -1.15973, 54.51582 ], [ -1.13731, 54.5149 ], [ -1.14618, 54.50281 ], [ -1.17438, 54.50288 ], [ -1.18508, 54.50727 ], [ -1.19547, 54.50662 ], [ -1.17912, 54.5201 ], [ -1.17098, 54.51884 ], [ -1.16926, 54.52273 ], [ -1.17308, 54.52065 ], [ -1.17447, 54.52535 ], [ -1.18246, 54.52589 ], [ -1.17764, 54.53173 ], [ -1.16137, 54.52488 ], [ -1.16496, 54.52191 ] ] ] } },
{ "type": "Feature", "properties": { "small_area": "E01008770" }, "geometry": { "type": "Polygon", "coordinates": [ [ [ -1.41197, 54.86535 ], [ -1.41083, 54.85798 ], [ -1.42357, 54.85677 ], [ -1.42154, 54.86512 ], [ -1.41197, 54.86535 ] ] ] } },
{ "type": "Feature", "properties": { "small_area": "E01008514" }, "geometry": { "type": "Polygon", "coordinates": [ [ [ -1.57122, 55.02309 ], [ -1.5848, 55.01811 ], [ -1.58196, 55.01307 ], [ -1.59429, 55.01492 ], [ -1.59042, 55.01661 ], [ -1.59479, 55.02296 ], [ -1.58711, 55.02884 ], [ -1.57122, 55.02309 ] ] ] } },
{ "type": "Feature", "properties": { "small_area": "E01008595" }, "geometry": { "type": "Polygon", "coordinates": [ [ [ -1.42742, 54.99103 ], [ -1.4302, 54.99573 ], [ -1.4277, 54.99585 ], [ -1.41489, 54.99294 ], [ -1.42742, 54.99103 ] ] ] } },
{ "type": "Feature", "properties": { "small_area": "E01008517" }, "geometry": { "type": "Polygon", "coordinates": [ [ [ -1.46645, 55.04148 ], [ -1.47488, 55.04673 ], [ -1.46556, 55.04968 ], [ -1.46305, 55.04715 ], [ -1.46645, 55.04148 ] ] ] } },
{ "type": "Feature", "properties": { "small_area": "E01008596" }, "geometry": { "type": "Polygon", "coordinates": [ [ [ -1.42094, 54.99714 ], [ -1.4302, 54.99573 ], [ -1.43384, 55.00031 ], [ -1.42393, 55.00055 ], [ -1.42094, 54.99714 ] ] ] } },
{ "type": "Feature", "properties": { "small_area": "E01008593" }, "geometry": { "type": "Polygon", "coordinates": [ [ [ -1.44314, 54.96619 ], [ -1.45056, 54.96473 ], [ -1.4435, 54.97343 ], [ -1.4408, 54.97159 ], [ -1.44314, 54.96619 ] ] ] } },
{ "type": "Feature", "properties": { "small_area": "E01008594" }, "geometry": { "type": "Polygon", "coordinates": [ [ [ -1.42454, 54.96998 ], [ -1.44314, 54.96619 ], [ -1.4408, 54.97159 ], [ -1.42454, 54.96998 ] ] ] } },
{ "type": "Feature", "properties": { "small_area": "E01008251" }, "geometry": { "type": "Polygon", "coordinates": [ [ [ -1.5993, 54.94767 ], [ -1.60915, 54.94791 ], [ -1.60568, 54.94951 ], [ -1.5993, 54.94767 ] ] ] } },
{ "type": "Feature", "properties": { "small_area": "E01008253" }, "geometry": { "type": "Polygon", "coordinates": [ [ [ -1.60915, 54.94791 ], [ -1.61496, 54.94965 ], [ -1.60791, 54.95223 ], [ -1.60568, 54.94951 ], [ -1.60915, 54.94791 ] ] ] } },
{ "type": "Feature", "properties": { "small_area": "E01008250" }, "geometry": { "type": "Polygon", "coordinates": [ [ [ -1.76691, 54.97892 ], [ -1.75563, 54.98175 ], [ -1.76271, 54.97655 ], [ -1.76219, 54.97071 ], [ -1.76885, 54.97261 ], [ -1.76691, 54.97892 ] ] ] } },
{ "type": "Feature", "properties": { "small_area": "E01008255" }, "geometry": { "type": "Polygon", "coordinates": [ [ [ -1.5996, 54.93989 ], [ -1.60669, 54.93908 ], [ -1.6098, 54.93409 ], [ -1.61344, 54.94433 ], [ -1.60903, 54.94769 ], [ -1.5993, 54.94767 ], [ -1.5996, 54.93989 ] ] ] } },
{ "type": "Feature", "properties": { "small_area": "E01008252" }, "geometry": { "type": "Polygon", "coordinates": [ [ [ -1.60568, 54.94951 ], [ -1.60791, 54.95223 ], [ -1.59975, 54.95421 ], [ -1.59911, 54.94968 ], [ -1.60568, 54.94951 ] ] ] } },
{ "type": "Feature", "properties": { "small_area": "E01012223" }, "geometry": { "type": "Polygon", "coordinates": [ [ [ -1.33442, 54.55539 ], [ -1.33033, 54.5532 ], [ -1.33959, 54.54315 ], [ -1.35762, 54.55188 ], [ -1.34895, 54.5539 ], [ -1.34801, 54.55786 ], [ -1.33442, 54.55539 ] ] ] } },
{ "type": "Feature", "properties": { "small_area": "E01012225" }, "geometry": { "type": "Polygon", "coordinates": [ [ [ -1.36958, 54.55942 ], [ -1.35193, 54.56365 ], [ -1.34719, 54.55754 ], [ -1.36005, 54.55774 ], [ -1.35395, 54.55353 ], [ -1.35762, 54.55188 ], [ -1.36701, 54.55321 ], [ -1.37337, 54.558 ], [ -1.37915, 54.55723 ], [ -1.38992, 54.56689 ], [ -1.38836, 54.56954 ], [ -1.37364, 54.57137 ], [ -1.36958, 54.55942 ] ] ] } },
{ "type": "Feature", "properties": { "small_area": "E01012227" }, "geometry": { "type": "Polygon", "coordinates": [ [ [ -1.32056, 54.51375 ], [ -1.32637, 54.51799 ], [ -1.31471, 54.5185 ], [ -1.30996, 54.51457 ], [ -1.32056, 54.51375 ] ] ] } },
{ "type": "Feature", "properties": { "small_area": "E01012224" }, "geometry": { "type": "Polygon", "coordinates": [ [ [ -1.36005, 54.55774 ], [ -1.34801, 54.55786 ], [ -1.34895, 54.5539 ], [ -1.36005, 54.55774 ] ] ] } },
{ "type": "Feature", "properties": { "small_area": "E01027447" }, "geometry": { "type": "Polygon", "coordinates": [ [ [ -1.75566, 55.2045 ], [ -1.74149, 55.17096 ], [ -1.75006, 55.16777 ], [ -1.74675, 55.16585 ], [ -1.75214, 55.16321 ], [ -1.74814, 55.16236 ], [ -1.76382, 55.16118 ], [ -1.76138, 55.14215 ], [ -1.77009, 55.13963 ], [ -1.78497, 55.1427 ], [ -1.8311, 55.13634 ], [ -1.82324, 55.12108 ], [ -1.81171, 55.11647 ], [ -1.81222, 55.10733 ], [ -1.82732, 55.1051 ], [ -1.82216, 55.09292 ], [ -1.80663, 55.095 ], [ -1.80323, 55.08904 ], [ -1.81061, 55.08011 ], [ -1.84337, 55.07715 ], [ -1.84203, 55.06782 ], [ -1.85059, 55.06276 ], [ -1.88868, 55.07364 ], [ -1.89965, 55.07336 ], [ -1.90806, 55.07663 ], [ -1.90926, 55.08473 ], [ -1.92762, 55.08048 ], [ -1.93532, 55.08739 ], [ -1.99255, 55.08181 ], [ -1.99723, 55.09442 ], [ -1.98543, 55.09926 ], [ -1.98505, 55.11086 ], [ -1.96892, 55.1126 ], [ -1.9623, 55.12543 ], [ -1.95354, 55.12769 ], [ -1.9591, 55.13582 ], [ -1.95864, 55.14607 ], [ -1.97627, 55.15113 ], [ -1.99421, 55.16983 ], [ -1.98594, 55.17257 ], [ -1.99163, 55.18041 ], [ -1.93801, 55.18007 ], [ -1.92594, 55.17596 ], [ -1.90929, 55.17791 ], [ -1.9119, 55.18501 ], [ -1.90704, 55.20165 ], [ -1.91349, 55.21402 ], [ -1.90296, 55.21689 ], [ -1.88334, 55.21302 ], [ -1.86943, 55.21653 ], [ -1.85943, 55.21533 ], [ -1.85703, 55.21973 ], [ -1.86477, 55.22496 ], [ -1.86558, 55.23053 ], [ -1.85922, 55.23078 ], [ -1.863, 55.23535 ], [ -1.85691, 55.23668 ], [ -1.85412, 55.23199 ], [ -1.84432, 55.23104 ], [ -1.82296, 55.23724 ], [ -1.79094, 55.22796 ], [ -1.79452, 55.22399 ], [ -1.75639, 55.21765 ], [ -1.74724, 55.20648 ], [ -1.75566, 55.2045 ] ] ] } },
{ "type": "Feature", "properties": { "small_area": "E01027446" }, "geometry": { "type": "Polygon", "coordinates": [ [ [ -1.56556, 55.21956 ], [ -1.56825, 55.22668 ], [ -1.55348, 55.22771 ], [ -1.54967, 55.22339 ], [ -1.55618, 55.22535 ], [ -1.56011, 55.22313 ], [ -1.55682, 55.22085 ], [ -1.56164, 55.22004 ], [ -1.56045, 55.21528 ], [ -1.57059, 55.21589 ], [ -1.56935, 55.22037 ], [ -1.56556, 55.21956 ] ] ] } },
{ "type": "Feature", "properties": { "small_area": "E01027444" }, "geometry": { "type": "Polygon", "coordinates": [ [ [ -1.57005, 55.29162 ], [ -1.57312, 55.27534 ], [ -1.5822, 55.27248 ], [ -1.6014, 55.27284 ], [ -1.64875, 55.26135 ], [ -1.65413, 55.25409 ], [ -1.66594, 55.25459 ], [ -1.67194, 55.25904 ], [ -1.67187, 55.26466 ], [ -1.65247, 55.26754 ], [ -1.66244, 55.28803 ], [ -1.62542, 55.29996 ], [ -1.62644, 55.30392 ], [ -1.61515, 55.30736 ], [ -1.56095, 55.30186 ], [ -1.57005, 55.29162 ] ], [ [ -1.59239, 55.29593 ], [ -1.5984, 55.29535 ], [ -1.60631, 55.29943 ], [ -1.60898, 55.29456 ], [ -1.60004, 55.29113 ], [ -1.59239, 55.29593 ] ] ] } },
{ "type": "Feature", "properties": { "small_area": "E01008541" }, "geometry": { "type": "Polygon", "coordinates": [ [ [ -1.46376, 54.99245 ], [ -1.46907, 54.9965 ], [ -1.47398, 54.99613 ], [ -1.47069, 55.00039 ], [ -1.47438, 55.00215 ], [ -1.46102, 55.00216 ], [ -1.46376, 54.99245 ] ] ] } },
{ "type": "Feature", "properties": { "small_area": "E01027500" }, "geometry": { "type": "Polygon", "coordinates": [ [ [ -1.86035, 54.96025 ], [ -1.85342, 54.96148 ], [ -1.84067, 54.96129 ], [ -1.83868, 54.95784 ], [ -1.85935, 54.95772 ], [ -1.86035, 54.96025 ] ] ] } },
{ "type": "Feature", "properties": { "small_area": "E01027503" }, "geometry": { "type": "Polygon", "coordinates": [ [ [ -2.1639, 55.29176 ], [ -2.149, 55.28734 ], [ -2.15041, 55.26817 ], [ -2.15854, 55.2589 ], [ -2.15106, 55.25482 ], [ -2.13335, 55.25437 ], [ -2.1291, 55.24827 ], [ -2.12079, 55.24706 ], [ -2.11644, 55.23617 ], [ -2.12256, 55.23523 ], [ -2.12186, 55.23023 ], [ -2.14055, 55.22479 ], [ -2.15368, 55.21463 ], [ -2.15333, 55.20945 ], [ -2.17618, 55.21213 ], [ -2.17963, 55.20649 ], [ -2.24623, 55.20341 ], [ -2.25248, 55.20682 ], [ -2.27976, 55.2103 ], [ -2.28867, 55.20284 ], [ -2.28467, 55.18699 ], [ -2.31382, 55.17613 ], [ -2.31895, 55.16386 ], [ -2.30966, 55.16078 ], [ -2.30948, 55.15228 ], [ -2.31548, 55.15017 ], [ -2.3143, 55.14424 ], [ -2.3209, 55.14304 ], [ -2.32167, 55.13766 ], [ -2.33245, 55.13881 ], [ -2.3469, 55.1288 ], [ -2.36762, 55.13075 ], [ -2.3716, 55.12744 ], [ -2.38848, 55.12651 ], [ -2.39402, 55.11576 ], [ -2.41006, 55.10984 ], [ -2.41038, 55.10515 ], [ -2.44681, 55.09861 ], [ -2.44864, 55.09193 ], [ -2.4815, 55.08748 ], [ -2.48633, 55.08304 ], [ -2.5037, 55.09075 ], [ -2.51646, 55.08911 ], [ -2.51809, 55.08495 ], [ -2.55694, 55.08103 ], [ -2.56279, 55.08437 ], [ -2.55829, 55.08881 ], [ -2.5667, 55.09196 ], [ -2.56842, 55.09626 ], [ -2.58069, 55.09558 ], [ -2.58549, 55.10308 ], [ -2.59355, 55.10512 ], [ -2.59343, 55.11283 ], [ -2.60046, 55.11716 ], [ -2.5989, 55.12457 ], [ -2.64712, 55.13106 ], [ -2.65693, 55.13613 ], [ -2.66204, 55.14673 ], [ -2.67253, 55.15085 ], [ -2.68325, 55.16663 ], [ -2.67455, 55.17589 ], [ -2.68978, 55.18898 ], [ -2.66681, 55.22158 ], [ -2.64806, 55.21986 ], [ -2.63141, 55.2237 ], [ -2.6358, 55.22976 ], [ -2.63022, 55.24479 ], [ -2.61145, 55.24713 ], [ -2.62765, 55.25057 ], [ -2.64677, 55.26004 ], [ -2.62665, 55.26222 ], [ -2.62818, 55.26793 ], [ -2.60923, 55.28325 ], [ -2.57336, 55.29688 ], [ -2.5737, 55.30078 ], [ -2.55708, 55.31161 ], [ -2.559, 55.31785 ], [ -2.55042, 55.31578 ], [ -2.53076, 55.32271 ], [ -2.52026, 55.32305 ], [ -2.50198, 55.3372 ], [ -2.49501, 55.34749 ], [ -2.48136, 55.35367 ], [ -2.46122, 55.35321 ], [ -2.4444, 55.35918 ], [ -2.42922, 55.35643 ], [ -2.41499, 55.35892 ], [ -2.40085, 55.35349 ], [ -2.3998, 55.34833 ], [ -2.39297, 55.34745 ], [ -2.3789, 55.34917 ], [ -2.37279, 55.35507 ], [ -2.32923, 55.36792 ], [ -2.29969, 55.35403 ], [ -2.29017, 55.34495 ], [ -2.28766, 55.33653 ], [ -2.28109, 55.33334 ], [ -2.24961, 55.33261 ], [ -2.24424, 55.31843 ], [ -2.22069, 55.31883 ], [ -2.21054, 55.31019 ], [ -2.17167, 55.31094 ], [ -2.16562, 55.30211 ], [ -2.1639, 55.29176 ] ] ] } },
{ "type": "Feature", "properties": { "small_area": "E01027395" }, "geometry": { "type": "Polygon", "coordinates": [ [ [ -1.564, 55.07674 ], [ -1.56677, 55.07409 ], [ -1.57139, 55.07538 ], [ -1.56961, 55.08028 ], [ -1.58039, 55.08041 ], [ -1.56054, 55.08441 ], [ -1.54669, 55.07689 ], [ -1.564, 55.07674 ] ] ] } },
{ "type": "Feature", "properties": { "small_area": "E01027396" }, "geometry": { "type": "Polygon", "coordinates": [ [ [ -1.57245, 55.08729 ], [ -1.57269, 55.08392 ], [ -1.57916, 55.08487 ], [ -1.57403, 55.08939 ], [ -1.56699, 55.08928 ], [ -1.57245, 55.08729 ] ] ] } },
{ "type": "Feature", "properties": { "small_area": "E01027397" }, "geometry": { "type": "Polygon", "coordinates": [ [ [ -1.57106, 55.08115 ], [ -1.57999, 55.08189 ], [ -1.57916, 55.08487 ], [ -1.57269, 55.08392 ], [ -1.57245, 55.08729 ], [ -1.56706, 55.08791 ], [ -1.57106, 55.08115 ] ] ] } },
{ "type": "Feature", "properties": { "small_area": "E01008550" }, "geometry": { "type": "Polygon", "coordinates": [ [ [ -1.45271, 55.04573 ], [ -1.45698, 55.05041 ], [ -1.45169, 55.05246 ], [ -1.44852, 55.0479 ], [ -1.45271, 55.04573 ] ] ] } },
{ "type": "Feature", "properties": { "small_area": "E01008551" }, "geometry": { "type": "Polygon", "coordinates": [ [ [ -1.45749, 55.05456 ], [ -1.45647, 55.05664 ], [ -1.47054, 55.05915 ], [ -1.47413, 55.07234 ], [ -1.46176, 55.07431 ], [ -1.45137, 55.07005 ], [ -1.45508, 55.06413 ], [ -1.45238, 55.05713 ], [ -1.45749, 55.05456 ] ] ] } },
{ "type": "Feature", "properties": { "small_area": "E01008552" }, "geometry": { "type": "Polygon", "coordinates": [ [ [ -1.49853, 55.03726 ], [ -1.48147, 55.03837 ], [ -1.47685, 55.03503 ], [ -1.46611, 55.03677 ], [ -1.47297, 55.03324 ], [ -1.4716, 55.02573 ], [ -1.47888, 55.02465 ], [ -1.50007, 55.02642 ], [ -1.49853, 55.03726 ] ] ] } },
{ "type": "Feature", "properties": { "small_area": "E01008553" }, "geometry": { "type": "Polygon", "coordinates": [ [ [ -1.45713, 55.03946 ], [ -1.46281, 55.03996 ], [ -1.46099, 55.03573 ], [ -1.47331, 55.03674 ], [ -1.45961, 55.04265 ], [ -1.45713, 55.03946 ] ] ] } },
{ "type": "Feature", "properties": { "small_area": "E01008554" }, "geometry": { "type": "Polygon", "coordinates": [ [ [ -1.45186, 55.03624 ], [ -1.45888, 55.03844 ], [ -1.46099, 55.03573 ], [ -1.46281, 55.03996 ], [ -1.45573, 55.04141 ], [ -1.45186, 55.03624 ] ] ] } },
{ "type": "Feature", "properties": { "small_area": "E01008555" }, "geometry": { "type": "Polygon", "coordinates": [ [ [ -1.45082, 55.03364 ], [ -1.46033, 55.03086 ], [ -1.46403, 55.0351 ], [ -1.45888, 55.03844 ], [ -1.45082, 55.03364 ] ] ] } },
{ "type": "Feature", "properties": { "small_area": "E01008557" }, "geometry": { "type": "Polygon", "coordinates": [ [ [ -1.45365, 55.02275 ], [ -1.46791, 55.01987 ], [ -1.47279, 55.02552 ], [ -1.46776, 55.02324 ], [ -1.46287, 55.02647 ], [ -1.46019, 55.02309 ], [ -1.45365, 55.02275 ] ] ] } },
{ "type": "Feature", "properties": { "small_area": "E01020619" }, "geometry": { "type": "Polygon", "coordinates": [ [ [ -1.61706, 54.81494 ], [ -1.6225, 54.81137 ], [ -1.64107, 54.81446 ], [ -1.63877, 54.82056 ], [ -1.64619, 54.82365 ], [ -1.63103, 54.82268 ], [ -1.63407, 54.81985 ], [ -1.63037, 54.81647 ], [ -1.62584, 54.81747 ], [ -1.6281, 54.82036 ], [ -1.61706, 54.81494 ] ] ] } },
{ "type": "Feature", "properties": { "small_area": "E01027482" }, "geometry": { "type": "Polygon", "coordinates": [ [ [ -2.01937, 54.97973 ], [ -2.01034, 54.98103 ], [ -2.01044, 54.98371 ], [ -1.99824, 54.98284 ], [ -1.99763, 54.97733 ], [ -2.00436, 54.97917 ], [ -2.01114, 54.97607 ], [ -2.00722, 54.97207 ], [ -2.01294, 54.9718 ], [ -2.00981, 54.97338 ], [ -2.01937, 54.97973 ] ] ] } },
{ "type": "Feature", "properties": { "small_area": "E01027403" }, "geometry": { "type": "Polygon", "coordinates": [ [ [ -1.59046, 55.09246 ], [ -1.59695, 55.0927 ], [ -1.59503, 55.09777 ], [ -1.58041, 55.09847 ], [ -1.59046, 55.09246 ] ] ] } },
{ "type": "Feature", "properties": { "small_area": "E01027483" }, "geometry": { "type": "Polygon", "coordinates": [ [ [ -1.84398, 54.9993 ], [ -1.83291, 54.98308 ], [ -1.84452, 54.97301 ], [ -1.8504, 54.97412 ], [ -1.855, 54.98308 ], [ -1.88015, 54.97961 ], [ -1.88028, 54.97406 ], [ -1.87197, 54.97088 ], [ -1.87148, 54.9639 ], [ -1.88417, 54.96109 ], [ -1.89033, 54.96364 ], [ -1.92741, 54.94632 ], [ -1.95713, 54.95375 ], [ -1.96264, 54.9505 ], [ -1.97639, 54.95206 ], [ -1.98625, 54.96018 ], [ -1.98223, 54.96142 ], [ -1.98578, 54.97176 ], [ -1.9676, 54.97793 ], [ -1.95783, 54.98678 ], [ -1.95952, 55.00191 ], [ -1.92435, 55.0032 ], [ -1.92781, 55.00847 ], [ -1.92199, 55.00961 ], [ -1.92068, 55.01536 ], [ -1.9004, 55.01265 ], [ -1.89867, 55.00512 ], [ -1.87482, 54.99716 ], [ -1.8713, 55.00244 ], [ -1.85836, 55.00606 ], [ -1.84398, 54.9993 ] ] ] } },
{ "type": "Feature", "properties": { "small_area": "E01027402" }, "geometry": { "type": "Polygon", "coordinates": [ [ [ -1.59503, 55.09777 ], [ -1.5958, 55.10285 ], [ -1.58266, 55.10349 ], [ -1.59503, 55.09777 ] ] ] } },
{ "type": "Feature", "properties": { "small_area": "E01008661" }, "geometry": { "type": "Polygon", "coordinates": [ [ [ -1.47881, 54.97582 ], [ -1.48867, 54.97442 ], [ -1.48857, 54.97914 ], [ -1.47881, 54.97582 ] ] ] } },
{ "type": "Feature", "properties": { "small_area": "E01012328" }, "geometry": { "type": "Polygon", "coordinates": [ [ [ -1.52965, 54.54836 ], [ -1.51797, 54.55051 ], [ -1.51599, 54.54588 ], [ -1.52072, 54.54427 ], [ -1.52256, 54.54812 ], [ -1.52965, 54.54836 ] ] ] } },
{ "type": "Feature", "properties": { "small_area": "E01008366" }, "geometry": { "type": "Polygon", "coordinates": [ [ [ -1.58896, 54.98888 ], [ -1.59669, 54.98784 ], [ -1.59481, 54.98961 ], [ -1.60166, 54.99211 ], [ -1.59352, 54.99235 ], [ -1.58896, 54.98888 ] ] ] } },
{ "type": "Feature", "properties": { "small_area": "E01012301" }, "geometry": { "type": "Polygon", "coordinates": [ [ [ -1.32385, 54.50605 ], [ -1.31582, 54.50601 ], [ -1.31528, 54.50219 ], [ -1.31731, 54.49968 ], [ -1.32548, 54.50155 ], [ -1.33563, 54.4982 ], [ -1.33375, 54.50934 ], [ -1.32844, 54.50981 ], [ -1.32385, 54.50605 ] ] ] } },
{ "type": "Feature", "properties": { "small_area": "E01008367" }, "geometry": { "type": "Polygon", "coordinates": [ [ [ -1.59368, 54.98794 ], [ -1.60357, 54.98299 ], [ -1.60067, 54.98716 ], [ -1.60566, 54.98788 ], [ -1.60564, 54.9907 ], [ -1.60246, 54.99196 ], [ -1.60281, 54.98819 ], [ -1.59368, 54.98794 ] ] ] } },
{ "type": "Feature", "properties": { "small_area": "E01008539" }, "geometry": { "type": "Polygon", "coordinates": [ [ [ -1.45329, 54.98981 ], [ -1.47087, 54.98967 ], [ -1.46907, 54.9965 ], [ -1.46376, 54.99245 ], [ -1.46244, 54.99876 ], [ -1.45645, 54.9968 ], [ -1.45755, 55.00047 ], [ -1.45235, 54.99835 ], [ -1.44475, 55.00345 ], [ -1.45329, 54.98981 ] ] ] } },
{ "type": "Feature", "properties": { "small_area": "E01008530" }, "geometry": { "type": "Polygon", "coordinates": [ [ [ -1.45433, 55.00881 ], [ -1.46012, 55.00781 ], [ -1.46477, 55.01276 ], [ -1.45775, 55.01354 ], [ -1.45433, 55.00881 ] ] ] } },
{ "type": "Feature", "properties": { "small_area": "E01008531" }, "geometry": { "type": "Polygon", "coordinates": [ [ [ -1.55329, 55.00189 ], [ -1.55883, 55.00176 ], [ -1.55949, 55.01206 ], [ -1.55121, 55.01449 ], [ -1.54657, 55.00744 ], [ -1.55329, 55.00189 ] ] ] } },
{ "type": "Feature", "properties": { "small_area": "E01008532" }, "geometry": { "type": "Polygon", "coordinates": [ [ [ -1.52982, 55.01266 ], [ -1.53836, 55.00432 ], [ -1.55019, 55.00181 ], [ -1.54957, 54.99966 ], [ -1.55329, 55.00189 ], [ -1.54657, 55.00744 ], [ -1.54089, 55.00678 ], [ -1.54021, 55.01487 ], [ -1.52982, 55.01266 ] ] ] } },
{ "type": "Feature", "properties": { "small_area": "E01008533" }, "geometry": { "type": "Polygon", "coordinates": [ [ [ -1.5383, 54.99792 ], [ -1.54962, 54.99854 ], [ -1.55019, 55.00181 ], [ -1.53836, 55.00432 ], [ -1.54053, 55.00056 ], [ -1.5383, 54.99792 ] ] ] } },
{ "type": "Feature", "properties": { "small_area": "E01012276" }, "geometry": { "type": "Polygon", "coordinates": [ [ [ -1.28719, 54.60575 ], [ -1.30041, 54.60507 ], [ -1.29992, 54.61266 ], [ -1.28744, 54.6101 ], [ -1.28719, 54.60575 ] ] ] } },
{ "type": "Feature", "properties": { "small_area": "E01012277" }, "geometry": { "type": "Polygon", "coordinates": [ [ [ -1.28684, 54.61489 ], [ -1.28744, 54.6101 ], [ -1.29992, 54.61266 ], [ -1.30095, 54.61693 ], [ -1.28684, 54.61489 ] ] ] } },
{ "type": "Feature", "properties": { "small_area": "E01008245" }, "geometry": { "type": "Polygon", "coordinates": [ [ [ -1.76155, 54.97865 ], [ -1.76691, 54.97892 ], [ -1.76885, 54.97261 ], [ -1.77942, 54.96703 ], [ -1.77413, 54.96535 ], [ -1.78139, 54.96394 ], [ -1.78234, 54.9772 ], [ -1.77451, 54.97802 ], [ -1.78343, 54.9835 ], [ -1.76155, 54.97865 ] ] ] } },
{ "type": "Feature", "properties": { "small_area": "E01008242" }, "geometry": { "type": "Polygon", "coordinates": [ [ [ -1.5402, 54.94532 ], [ -1.54788, 54.94112 ], [ -1.55313, 54.94386 ], [ -1.55313, 54.94721 ], [ -1.5402, 54.94532 ] ] ] } },
{ "type": "Feature", "properties": { "small_area": "E01008244" }, "geometry": { "type": "Polygon", "coordinates": [ [ [ -1.55058, 54.95191 ], [ -1.5471, 54.9556 ], [ -1.56094, 54.95361 ], [ -1.55855, 54.95967 ], [ -1.54568, 54.96014 ], [ -1.5397, 54.95995 ], [ -1.54219, 54.95439 ], [ -1.53709, 54.95318 ], [ -1.55058, 54.95191 ] ] ] } },
{ "type": "Feature", "properties": { "small_area": "E01008247" }, "geometry": { "type": "Polygon", "coordinates": [ [ [ -1.76241, 54.96828 ], [ -1.75319, 54.97153 ], [ -1.75305, 54.96715 ], [ -1.75699, 54.96768 ], [ -1.75651, 54.96481 ], [ -1.77679, 54.96846 ], [ -1.76885, 54.97261 ], [ -1.76219, 54.97071 ], [ -1.76241, 54.96828 ] ] ] } },
{ "type": "Feature", "properties": { "small_area": "E01008246" }, "geometry": { "type": "Polygon", "coordinates": [ [ [ -1.74783, 54.96626 ], [ -1.75688, 54.97137 ], [ -1.74704, 54.97237 ], [ -1.74783, 54.96626 ] ] ] } },
{ "type": "Feature", "properties": { "small_area": "E01008243" }, "geometry": { "type": "Polygon", "coordinates": [ [ [ -1.51554, 54.95752 ], [ -1.51628, 54.95497 ], [ -1.53709, 54.95318 ], [ -1.54219, 54.95439 ], [ -1.5397, 54.95995 ], [ -1.54568, 54.96014 ], [ -1.53653, 54.96128 ], [ -1.53416, 54.96509 ], [ -1.52917, 54.96329 ], [ -1.53043, 54.9582 ], [ -1.51554, 54.95752 ] ] ] } },
{ "type": "Feature", "properties": { "small_area": "E01008240" }, "geometry": { "type": "Polygon", "coordinates": [ [ [ -1.53532, 54.9466 ], [ -1.54792, 54.94653 ], [ -1.54513, 54.95228 ], [ -1.54045, 54.95216 ], [ -1.53532, 54.9466 ] ] ] } },
{ "type": "Feature", "properties": { "small_area": "E01012014" }, "geometry": { "type": "Polygon", "coordinates": [ [ [ -1.25865, 54.56597 ], [ -1.26541, 54.56602 ], [ -1.25645, 54.57133 ], [ -1.25433, 54.56548 ], [ -1.25877, 54.56257 ], [ -1.25865, 54.56597 ] ] ] } },
{ "type": "Feature", "properties": { "small_area": "E01012283" }, "geometry": { "type": "Polygon", "coordinates": [ [ [ -1.27941, 54.5176 ], [ -1.28293, 54.51665 ], [ -1.28831, 54.52205 ], [ -1.29046, 54.51964 ], [ -1.29353, 54.53138 ], [ -1.28486, 54.53443 ], [ -1.27941, 54.5176 ] ] ] } },
{ "type": "Feature", "properties": { "small_area": "E01012202" }, "geometry": { "type": "Polygon", "coordinates": [ [ [ -1.34452, 54.5232 ], [ -1.35525, 54.51932 ], [ -1.3485, 54.52962 ], [ -1.35517, 54.53145 ], [ -1.34635, 54.53064 ], [ -1.34452, 54.5232 ] ] ] } },
{ "type": "Feature", "properties": { "small_area": "E01012284" }, "geometry": { "type": "Polygon", "coordinates": [ [ [ -1.28996, 54.54105 ], [ -1.28456, 54.5375 ], [ -1.28486, 54.53443 ], [ -1.29353, 54.53138 ], [ -1.29989, 54.53307 ], [ -1.28996, 54.54105 ] ] ] } },
{ "type": "Feature", "properties": { "small_area": "E01012205" }, "geometry": { "type": "Polygon", "coordinates": [ [ [ -1.3538, 54.56951 ], [ -1.35923, 54.56939 ], [ -1.35894, 54.57551 ], [ -1.35273, 54.57478 ], [ -1.3538, 54.56951 ] ] ] } },
{ "type": "Feature", "properties": { "small_area": "E01012204" }, "geometry": { "type": "Polygon", "coordinates": [ [ [ -1.33817, 54.57128 ], [ -1.35408, 54.57647 ], [ -1.34103, 54.57786 ], [ -1.33399, 54.57614 ], [ -1.33817, 54.57128 ] ] ] } },
{ "type": "Feature", "properties": { "small_area": "E01012285" }, "geometry": { "type": "Polygon", "coordinates": [ [ [ -1.30131, 54.52735 ], [ -1.31744, 54.53065 ], [ -1.31965, 54.53376 ], [ -1.29979, 54.53313 ], [ -1.30131, 54.52735 ] ] ] } },
{ "type": "Feature", "properties": { "small_area": "E01012203" }, "geometry": { "type": "Polygon", "coordinates": [ [ [ -1.3485, 54.52962 ], [ -1.3516, 54.52312 ], [ -1.35735, 54.52074 ], [ -1.35629, 54.52582 ], [ -1.38612, 54.52394 ], [ -1.38411, 54.52919 ], [ -1.37502, 54.53008 ], [ -1.36471, 54.53604 ], [ -1.3485, 54.52962 ] ] ] } },
{ "type": "Feature", "properties": { "small_area": "E01008170" }, "geometry": { "type": "Polygon", "coordinates": [ [ [ -1.61096, 54.95805 ], [ -1.61738, 54.94918 ], [ -1.61803, 54.95758 ], [ -1.61096, 54.95805 ] ] ] } },
{ "type": "Feature", "properties": { "small_area": "E01008785" }, "geometry": { "type": "Polygon", "coordinates": [ [ [ -1.39735, 54.88975 ], [ -1.39185, 54.88667 ], [ -1.39549, 54.88278 ], [ -1.40289, 54.88526 ], [ -1.39856, 54.88742 ], [ -1.40217, 54.8901 ], [ -1.399, 54.89359 ], [ -1.39735, 54.88975 ] ] ] } },
{ "type": "Feature", "properties": { "small_area": "E01008196" }, "geometry": { "type": "Polygon", "coordinates": [ [ [ -1.77127, 54.94215 ], [ -1.76942, 54.93421 ], [ -1.77323, 54.92268 ], [ -1.79035, 54.92535 ], [ -1.79028, 54.92946 ], [ -1.7976, 54.93096 ], [ -1.79857, 54.93521 ], [ -1.79074, 54.94104 ], [ -1.78308, 54.94117 ], [ -1.78393, 54.94711 ], [ -1.77908, 54.95085 ], [ -1.77014, 54.95153 ], [ -1.76565, 54.94759 ], [ -1.77127, 54.94215 ] ] ] } },
{ "type": "Feature", "properties": { "small_area": "E01008197" }, "geometry": { "type": "Polygon", "coordinates": [ [ [ -1.7741, 54.95883 ], [ -1.79758, 54.94866 ], [ -1.80085, 54.95562 ], [ -1.78573, 54.95919 ], [ -1.79225, 54.96067 ], [ -1.79073, 54.96653 ], [ -1.78649, 54.9631 ], [ -1.7814, 54.96395 ], [ -1.7741, 54.95883 ] ] ] } },
{ "type": "Feature", "properties": { "small_area": "E01020617" }, "geometry": { "type": "MultiPolygon", "coordinates": [ [ [ [ -1.59388, 54.86479 ], [ -1.59497, 54.87127 ], [ -1.58283, 54.8687 ], [ -1.59388, 54.86479 ] ] ], [ [ [ -1.63362, 54.8627 ], [ -1.63816, 54.87196 ], [ -1.61624, 54.8765 ], [ -1.60257, 54.86411 ], [ -1.63362, 54.8627 ] ] ] ] } },
{ "type": "Feature", "properties": { "small_area": "E01008195" }, "geometry": { "type": "Polygon", "coordinates": [ [ [ -1.77908, 54.95085 ], [ -1.78393, 54.94711 ], [ -1.78308, 54.94117 ], [ -1.80201, 54.9431 ], [ -1.79758, 54.94866 ], [ -1.76597, 54.96336 ], [ -1.75569, 54.96039 ], [ -1.77283, 54.95426 ], [ -1.77014, 54.95153 ], [ -1.77908, 54.95085 ] ] ] } },
{ "type": "Feature", "properties": { "small_area": "E01008270" }, "geometry": { "type": "Polygon", "coordinates": [ [ [ -1.69144, 54.93368 ], [ -1.68851, 54.93467 ], [ -1.69266, 54.93826 ], [ -1.68268, 54.93828 ], [ -1.68512, 54.93142 ], [ -1.69144, 54.93368 ] ] ] } },
{ "type": "Feature", "properties": { "small_area": "E01012051" }, "geometry": { "type": "Polygon", "coordinates": [ [ [ -1.21093, 54.54062 ], [ -1.21784, 54.53909 ], [ -1.21463, 54.54091 ], [ -1.22005, 54.54242 ], [ -1.21812, 54.54524 ], [ -1.21093, 54.54062 ] ] ] } },
{ "type": "Feature", "properties": { "small_area": "E01012050" }, "geometry": { "type": "Polygon", "coordinates": [ [ [ -1.21633, 54.54786 ], [ -1.21353, 54.54412 ], [ -1.21812, 54.54524 ], [ -1.22256, 54.54191 ], [ -1.22304, 54.54542 ], [ -1.21633, 54.54786 ] ] ] } },
{ "type": "Feature", "properties": { "small_area": "E01012053" }, "geometry": { "type": "Polygon", "coordinates": [ [ [ -1.24944, 54.55181 ], [ -1.26257, 54.55177 ], [ -1.25213, 54.55563 ], [ -1.24944, 54.55181 ] ] ] } },
{ "type": "Feature", "properties": { "small_area": "E01033548" }, "geometry": { "type": "Polygon", "coordinates": [ [ [ -1.58842, 54.97058 ], [ -1.60745, 54.96931 ], [ -1.59765, 54.97342 ], [ -1.58842, 54.97058 ] ] ] } },
{ "type": "Feature", "properties": { "small_area": "E01033543" }, "geometry": { "type": "Polygon", "coordinates": [ [ [ -1.61928, 54.97019 ], [ -1.62136, 54.97366 ], [ -1.60651, 54.97512 ], [ -1.60745, 54.96931 ], [ -1.61928, 54.97019 ] ] ] } },
{ "type": "Feature", "properties": { "small_area": "E01008301" }, "geometry": { "type": "Polygon", "coordinates": [ [ [ -1.56555, 54.96461 ], [ -1.58218, 54.96693 ], [ -1.57136, 54.96972 ], [ -1.57345, 54.97161 ], [ -1.56545, 54.97175 ], [ -1.56555, 54.96461 ] ] ] } },
{ "type": "Feature", "properties": { "small_area": "E01012319" }, "geometry": { "type": "Polygon", "coordinates": [ [ [ -1.52865, 54.52281 ], [ -1.51352, 54.52075 ], [ -1.51104, 54.5127 ], [ -1.52724, 54.51383 ], [ -1.52561, 54.51685 ], [ -1.52912, 54.51599 ], [ -1.52865, 54.52281 ] ] ] } },
{ "type": "Feature", "properties": { "small_area": "E01008300" }, "geometry": { "type": "Polygon", "coordinates": [ [ [ -1.65676, 54.98993 ], [ -1.66652, 54.98953 ], [ -1.66301, 54.9966 ], [ -1.65676, 54.98993 ] ] ] } },
{ "type": "Feature", "properties": { "small_area": "E01008380" }, "geometry": { "type": "Polygon", "coordinates": [ [ [ -1.63813, 54.98914 ], [ -1.65676, 54.98993 ], [ -1.6595, 54.994 ], [ -1.6571, 54.99882 ], [ -1.63813, 54.98914 ] ] ] } },
{ "type": "Feature", "properties": { "small_area": "E01008371" }, "geometry": { "type": "Polygon", "coordinates": [ [ [ -1.60155, 54.9927 ], [ -1.6113, 54.99795 ], [ -1.5977, 54.99756 ], [ -1.59352, 54.99235 ], [ -1.60155, 54.9927 ] ] ] } },
{ "type": "Feature", "properties": { "small_area": "E01012318" }, "geometry": { "type": "Polygon", "coordinates": [ [ [ -1.53281, 54.51472 ], [ -1.52561, 54.51685 ], [ -1.52724, 54.51383 ], [ -1.51629, 54.5113 ], [ -1.52831, 54.5087 ], [ -1.52987, 54.50471 ], [ -1.53856, 54.50874 ], [ -1.53281, 54.51472 ] ] ] } },
{ "type": "Feature", "properties": { "small_area": "E01008389" }, "geometry": { "type": "Polygon", "coordinates": [ [ [ -1.55696, 54.96715 ], [ -1.56538, 54.96752 ], [ -1.56546, 54.97178 ], [ -1.55873, 54.97236 ], [ -1.55696, 54.96715 ] ] ] } },
{ "type": "Feature", "properties": { "small_area": "E01008388" }, "geometry": { "type": "Polygon", "coordinates": [ [ [ -1.56804, 54.97579 ], [ -1.55873, 54.97236 ], [ -1.56546, 54.97178 ], [ -1.56804, 54.97579 ] ] ] } },
{ "type": "Feature", "properties": { "small_area": "E01012331" }, "geometry": { "type": "Polygon", "coordinates": [ [ [ -1.52469, 54.54603 ], [ -1.53661, 54.54464 ], [ -1.53837, 54.54757 ], [ -1.53214, 54.54927 ], [ -1.52469, 54.54603 ] ] ] } },
{ "type": "Feature", "properties": { "small_area": "E01012330" }, "geometry": { "type": "Polygon", "coordinates": [ [ [ -1.53987, 54.55281 ], [ -1.53214, 54.54927 ], [ -1.53837, 54.54757 ], [ -1.53676, 54.54403 ], [ -1.54103, 54.54468 ], [ -1.53987, 54.55281 ] ] ] } },
{ "type": "Feature", "properties": { "small_area": "E01012333" }, "geometry": { "type": "Polygon", "coordinates": [ [ [ -1.53762, 54.54041 ], [ -1.54206, 54.53903 ], [ -1.54103, 54.54468 ], [ -1.52851, 54.54189 ], [ -1.52995, 54.53645 ], [ -1.53762, 54.54041 ] ] ] } },
{ "type": "Feature", "properties": { "small_area": "E01012335" }, "geometry": { "type": "Polygon", "coordinates": [ [ [ -1.63123, 54.5951 ], [ -1.62524, 54.60346 ], [ -1.61892, 54.59872 ], [ -1.61138, 54.59956 ], [ -1.60838, 54.59572 ], [ -1.61274, 54.58816 ], [ -1.61527, 54.59202 ], [ -1.63123, 54.5951 ] ] ] } },
{ "type": "Feature", "properties": { "small_area": "E01012332" }, "geometry": { "type": "Polygon", "coordinates": [ [ [ -1.52851, 54.54189 ], [ -1.53676, 54.54403 ], [ -1.52469, 54.54603 ], [ -1.52851, 54.54189 ] ] ] } },
{ "type": "Feature", "properties": { "small_area": "E01012077" }, "geometry": { "type": "Polygon", "coordinates": [ [ [ -1.21017, 54.56055 ], [ -1.2156, 54.5636 ], [ -1.21532, 54.56633 ], [ -1.20303, 54.56841 ], [ -1.20321, 54.56409 ], [ -1.21017, 54.56055 ] ] ] } },
{ "type": "Feature", "properties": { "small_area": "E01027365" }, "geometry": { "type": "Polygon", "coordinates": [ [ [ -1.70598, 55.49016 ], [ -1.71323, 55.47957 ], [ -1.72765, 55.47419 ], [ -1.72171, 55.46702 ], [ -1.71447, 55.46657 ], [ -1.71432, 55.46149 ], [ -1.72272, 55.45842 ], [ -1.75136, 55.465 ], [ -1.76089, 55.45577 ], [ -1.76116, 55.43478 ], [ -1.7849, 55.42799 ], [ -1.77895, 55.41767 ], [ -1.76834, 55.41768 ], [ -1.77328, 55.39808 ], [ -1.78632, 55.38804 ], [ -1.78075, 55.37843 ], [ -1.78228, 55.37093 ], [ -1.79185, 55.36876 ], [ -1.80362, 55.34943 ], [ -1.80034, 55.34404 ], [ -1.78517, 55.33739 ], [ -1.78859, 55.33309 ], [ -1.77735, 55.33078 ], [ -1.77349, 55.32294 ], [ -1.75469, 55.31 ], [ -1.76066, 55.30711 ], [ -1.77057, 55.3078 ], [ -1.76017, 55.29641 ], [ -1.77113, 55.29556 ], [ -1.7669, 55.29142 ], [ -1.77165, 55.28069 ], [ -1.7821, 55.28177 ], [ -1.7913, 55.27657 ], [ -1.78856, 55.26939 ], [ -1.8066, 55.26602 ], [ -1.81562, 55.27088 ], [ -1.81463, 55.26299 ], [ -1.82055, 55.26274 ], [ -1.8315, 55.26803 ], [ -1.83667, 55.27657 ], [ -1.84662, 55.26872 ], [ -1.86191, 55.27328 ], [ -1.86126, 55.27945 ], [ -1.8534, 55.28294 ], [ -1.85799, 55.28634 ], [ -1.88206, 55.28857 ], [ -1.89136, 55.29368 ], [ -1.88519, 55.29406 ], [ -1.88667, 55.29797 ], [ -1.87808, 55.29909 ], [ -1.8731, 55.29624 ], [ -1.86441, 55.29804 ], [ -1.85904, 55.29437 ], [ -1.8628, 55.31379 ], [ -1.84801, 55.31773 ], [ -1.82495, 55.31178 ], [ -1.82357, 55.31691 ], [ -1.84355, 55.32607 ], [ -1.8392, 55.33528 ], [ -1.89361, 55.35515 ], [ -1.8876, 55.36309 ], [ -1.86868, 55.36259 ], [ -1.86487, 55.37132 ], [ -1.85114, 55.38038 ], [ -1.85713, 55.38644 ], [ -1.84534, 55.39892 ], [ -1.84676, 55.40919 ], [ -1.87121, 55.41272 ], [ -1.88174, 55.42299 ], [ -1.88135, 55.43301 ], [ -1.89027, 55.43834 ], [ -1.8983, 55.43993 ], [ -1.8943, 55.43819 ], [ -1.90804, 55.43455 ], [ -1.90663, 55.4426 ], [ -1.91776, 55.46767 ], [ -1.91002, 55.46972 ], [ -1.89054, 55.46512 ], [ -1.87655, 55.47273 ], [ -1.87635, 55.47719 ], [ -1.85796, 55.48148 ], [ -1.85814, 55.48406 ], [ -1.84547, 55.47786 ], [ -1.82642, 55.48134 ], [ -1.79315, 55.49724 ], [ -1.8069, 55.51357 ], [ -1.78081, 55.51296 ], [ -1.76094, 55.50976 ], [ -1.75215, 55.50451 ], [ -1.71928, 55.50212 ], [ -1.70598, 55.49016 ] ] ] } },
{ "type": "Feature", "properties": { "small_area": "E01027364" }, "geometry": { "type": "Polygon", "coordinates": [ [ [ -1.58612, 55.32867 ], [ -1.5958, 55.31831 ], [ -1.60492, 55.32199 ], [ -1.60964, 55.31897 ], [ -1.617, 55.32063 ], [ -1.6185, 55.32908 ], [ -1.60384, 55.32908 ], [ -1.58772, 55.33447 ], [ -1.58612, 55.32867 ] ] ] } },
{ "type": "Feature", "properties": { "small_area": "E01027367" }, "geometry": { "type": "Polygon", "coordinates": [ [ [ -1.58631, 55.44665 ], [ -1.59327, 55.44014 ], [ -1.5873, 55.43426 ], [ -1.57534, 55.43088 ], [ -1.58181, 55.41812 ], [ -1.57883, 55.4089 ], [ -1.59258, 55.40277 ], [ -1.59474, 55.41121 ], [ -1.60575, 55.41037 ], [ -1.60802, 55.4145 ], [ -1.61947, 55.41417 ], [ -1.63061, 55.41843 ], [ -1.63606, 55.41903 ], [ -1.63961, 55.41391 ], [ -1.65393, 55.4181 ], [ -1.6578, 55.42776 ], [ -1.67128, 55.44002 ], [ -1.6568, 55.44038 ], [ -1.6458, 55.45722 ], [ -1.63679, 55.45621 ], [ -1.62801, 55.45944 ], [ -1.62852, 55.47339 ], [ -1.59782, 55.45267 ], [ -1.59226, 55.456 ], [ -1.58631, 55.44665 ] ] ] } },
{ "type": "Feature", "properties": { "small_area": "E01027362" }, "geometry": { "type": "MultiPolygon", "coordinates": [ [ [ [ -1.57305, 55.32593 ], [ -1.56056, 55.32871 ], [ -1.54938, 55.32172 ], [ -1.54976, 55.31136 ], [ -1.56095, 55.30186 ], [ -1.61515, 55.30736 ], [ -1.617, 55.32063 ], [ -1.60964, 55.31897 ], [ -1.60492, 55.32199 ], [ -1.5958, 55.31831 ], [ -1.58612, 55.32867 ], [ -1.57893, 55.33174 ], [ -1.57305, 55.32593 ] ] ], [ [ [ -1.53764, 55.333 ], [ -1.5405, 55.33371 ], [ -1.5388, 55.33679 ], [ -1.53764, 55.333 ] ] ] ] } },
{ "type": "Feature", "properties": { "small_area": "E01027456" }, "geometry": { "type": "Polygon", "coordinates": [ [ [ -1.71036, 55.16798 ], [ -1.71608, 55.17564 ], [ -1.70927, 55.17749 ], [ -1.69625, 55.17099 ], [ -1.71036, 55.16798 ] ] ] } },
{ "type": "Feature", "properties": { "small_area": "E01020597" }, "geometry": { "type": "Polygon", "coordinates": [ [ [ -1.57631, 54.85876 ], [ -1.59774, 54.86168 ], [ -1.58731, 54.86568 ], [ -1.57631, 54.85876 ] ] ] } },
{ "type": "Feature", "properties": { "small_area": "E01020655" }, "geometry": { "type": "Polygon", "coordinates": [ [ [ -1.77652, 54.90498 ], [ -1.77327, 54.90029 ], [ -1.77467, 54.88786 ], [ -1.78624, 54.88089 ], [ -1.80219, 54.88477 ], [ -1.82007, 54.88273 ], [ -1.81952, 54.8938 ], [ -1.82777, 54.89383 ], [ -1.83015, 54.90195 ], [ -1.82769, 54.90549 ], [ -1.80821, 54.90719 ], [ -1.79479, 54.90356 ], [ -1.79124, 54.90867 ], [ -1.78166, 54.91154 ], [ -1.77111, 54.90728 ], [ -1.77652, 54.90498 ] ] ] } },
{ "type": "Feature", "properties": { "small_area": "E01008790" }, "geometry": { "type": "Polygon", "coordinates": [ [ [ -1.37247, 54.9179 ], [ -1.37684, 54.91987 ], [ -1.37099, 54.92506 ], [ -1.36804, 54.92443 ], [ -1.37247, 54.9179 ] ] ] } },
{ "type": "Feature", "properties": { "small_area": "E01008711" }, "geometry": { "type": "Polygon", "coordinates": [ [ [ -1.38263, 54.91572 ], [ -1.39163, 54.91366 ], [ -1.3974, 54.91765 ], [ -1.38752, 54.91635 ], [ -1.38491, 54.92589 ], [ -1.38263, 54.91572 ] ] ] } },
{ "type": "Feature", "properties": { "small_area": "E01027384" }, "geometry": { "type": "Polygon", "coordinates": [ [ [ -1.6455, 55.57409 ], [ -1.63325, 55.55967 ], [ -1.6265, 55.55768 ], [ -1.62812, 55.55437 ], [ -1.61881, 55.55218 ], [ -1.63236, 55.55026 ], [ -1.64942, 55.52553 ], [ -1.65482, 55.52382 ], [ -1.66655, 55.52647 ], [ -1.67667, 55.52297 ], [ -1.673, 55.5209 ], [ -1.69941, 55.51648 ], [ -1.69632, 55.51307 ], [ -1.72127, 55.51181 ], [ -1.7214, 55.50939 ], [ -1.72901, 55.50865 ], [ -1.71928, 55.50212 ], [ -1.75215, 55.50451 ], [ -1.76094, 55.50976 ], [ -1.78081, 55.51296 ], [ -1.8069, 55.51357 ], [ -1.80873, 55.5207 ], [ -1.79519, 55.52271 ], [ -1.79357, 55.52615 ], [ -1.76639, 55.52634 ], [ -1.7446, 55.53174 ], [ -1.75093, 55.54198 ], [ -1.76082, 55.54835 ], [ -1.75459, 55.55032 ], [ -1.75305, 55.55551 ], [ -1.73538, 55.55834 ], [ -1.74279, 55.57386 ], [ -1.73784, 55.5785 ], [ -1.72548, 55.57761 ], [ -1.72108, 55.5731 ], [ -1.70793, 55.57838 ], [ -1.68499, 55.57854 ], [ -1.67972, 55.57488 ], [ -1.67394, 55.57864 ], [ -1.67977, 55.57976 ], [ -1.67668, 55.58289 ], [ -1.66399, 55.58161 ], [ -1.65968, 55.57286 ], [ -1.66059, 55.57771 ], [ -1.65012, 55.57887 ], [ -1.65036, 55.57243 ], [ -1.6455, 55.57409 ] ] ] } },
{ "type": "Feature", "properties": { "small_area": "E01011986" }, "geometry": { "type": "Polygon", "coordinates": [ [ [ -1.21879, 54.66987 ], [ -1.22968, 54.67184 ], [ -1.22187, 54.67434 ], [ -1.21722, 54.67297 ], [ -1.21879, 54.66987 ] ] ] } },
{ "type": "Feature", "properties": { "small_area": "E01008780" }, "geometry": { "type": "Polygon", "coordinates": [ [ [ -1.38095, 54.88075 ], [ -1.39454, 54.88491 ], [ -1.39185, 54.88667 ], [ -1.38208, 54.88241 ], [ -1.37783, 54.88628 ], [ -1.37234, 54.87831 ], [ -1.38095, 54.88075 ] ] ] } },
{ "type": "Feature", "properties": { "small_area": "E01020745" }, "geometry": { "type": "Polygon", "coordinates": [ [ [ -1.32947, 54.7556 ], [ -1.33108, 54.75891 ], [ -1.32422, 54.76104 ], [ -1.31791, 54.76036 ], [ -1.32947, 54.7556 ] ] ] } },
{ "type": "Feature", "properties": { "small_area": "E01012161" }, "geometry": { "type": "Polygon", "coordinates": [ [ [ -0.97464, 54.57814 ], [ -0.98153, 54.58048 ], [ -0.9697, 54.58622 ], [ -0.93837, 54.58875 ], [ -0.95568, 54.5818 ], [ -0.97464, 54.57814 ] ] ] } },
{ "type": "Feature", "properties": { "small_area": "E01020598" }, "geometry": { "type": "Polygon", "coordinates": [ [ [ -1.56472, 54.85807 ], [ -1.57853, 54.86123 ], [ -1.57473, 54.86751 ], [ -1.57394, 54.86404 ], [ -1.56445, 54.86289 ], [ -1.56472, 54.85807 ] ] ] } },
{ "type": "Feature", "properties": { "small_area": "E01027452" }, "geometry": { "type": "Polygon", "coordinates": [ [ [ -1.66827, 55.1594 ], [ -1.68395, 55.16212 ], [ -1.68548, 55.16457 ], [ -1.68123, 55.16527 ], [ -1.6862, 55.16973 ], [ -1.67443, 55.17164 ], [ -1.67374, 55.17426 ], [ -1.66341, 55.17178 ], [ -1.66827, 55.1594 ] ] ] } },
{ "type": "Feature", "properties": { "small_area": "E01020669" }, "geometry": { "type": "Polygon", "coordinates": [ [ [ -1.77599, 54.84705 ], [ -1.79068, 54.83582 ], [ -1.80617, 54.84399 ], [ -1.80148, 54.8479 ], [ -1.80651, 54.85178 ], [ -1.79414, 54.8574 ], [ -1.79982, 54.85972 ], [ -1.80225, 54.85693 ], [ -1.80595, 54.86679 ], [ -1.79464, 54.86231 ], [ -1.78029, 54.86845 ], [ -1.78048, 54.86532 ], [ -1.77018, 54.86308 ], [ -1.77599, 54.84705 ] ] ] } },
{ "type": "Feature", "properties": { "small_area": "E01008676" }, "geometry": { "type": "Polygon", "coordinates": [ [ [ -1.42147, 54.9883 ], [ -1.42742, 54.99103 ], [ -1.42001, 54.99285 ], [ -1.42147, 54.9883 ] ] ] } },
{ "type": "Feature", "properties": { "small_area": "E01008677" }, "geometry": { "type": "Polygon", "coordinates": [ [ [ -1.41046, 54.98433 ], [ -1.41659, 54.98365 ], [ -1.41327, 54.98576 ], [ -1.42236, 54.98692 ], [ -1.41617, 54.99139 ], [ -1.41046, 54.98433 ] ] ] } },
{ "type": "Feature", "properties": { "small_area": "E01008842" }, "geometry": { "type": "Polygon", "coordinates": [ [ [ -1.42823, 54.92232 ], [ -1.4406, 54.92266 ], [ -1.43072, 54.92684 ], [ -1.42823, 54.92232 ] ] ] } },
{ "type": "Feature", "properties": { "small_area": "E01027513" }, "geometry": { "type": "Polygon", "coordinates": [ [ [ -1.8128, 54.97631 ], [ -1.81551, 54.96729 ], [ -1.82258, 54.96483 ], [ -1.82991, 54.97058 ], [ -1.83015, 54.97432 ], [ -1.83771, 54.9774 ], [ -1.83291, 54.98308 ], [ -1.84256, 54.9946 ], [ -1.83611, 54.99682 ], [ -1.82676, 54.98776 ], [ -1.8187, 54.98909 ], [ -1.80272, 54.9788 ], [ -1.8128, 54.97631 ] ] ] } },
{ "type": "Feature", "properties": { "small_area": "E01008718" }, "geometry": { "type": "Polygon", "coordinates": [ [ [ -1.45991, 54.83265 ], [ -1.455, 54.83442 ], [ -1.44747, 54.82915 ], [ -1.43473, 54.82789 ], [ -1.45188, 54.82822 ], [ -1.45415, 54.82582 ], [ -1.45991, 54.83265 ] ] ] } },
{ "type": "Feature", "properties": { "small_area": "E01008799" }, "geometry": { "type": "Polygon", "coordinates": [ [ [ -1.49631, 54.87457 ], [ -1.50181, 54.87065 ], [ -1.51995, 54.87602 ], [ -1.51525, 54.88017 ], [ -1.50539, 54.88134 ], [ -1.49631, 54.87457 ] ] ] } },
{ "type": "Feature", "properties": { "small_area": "E01008165" }, "geometry": { "type": "Polygon", "coordinates": [ [ [ -1.58925, 54.95536 ], [ -1.57867, 54.95073 ], [ -1.59008, 54.95125 ], [ -1.59424, 54.95613 ], [ -1.58925, 54.95536 ] ] ] } },
{ "type": "Feature", "properties": { "small_area": "E01008164" }, "geometry": { "type": "Polygon", "coordinates": [ [ [ -1.57867, 54.95073 ], [ -1.58925, 54.95536 ], [ -1.58113, 54.95558 ], [ -1.57867, 54.95073 ] ] ] } },
{ "type": "Feature", "properties": { "small_area": "E01020871" }, "geometry": { "type": "Polygon", "coordinates": [ [ [ -1.68845, 54.65073 ], [ -1.67733, 54.65488 ], [ -1.67903, 54.64998 ], [ -1.68845, 54.65073 ] ] ] } },
{ "type": "Feature", "properties": { "small_area": "E01012076" }, "geometry": { "type": "Polygon", "coordinates": [ [ [ -1.20303, 54.56841 ], [ -1.19533, 54.56564 ], [ -1.19949, 54.56253 ], [ -1.20321, 54.56409 ], [ -1.20303, 54.56841 ] ] ] } },
{ "type": "Feature", "properties": { "small_area": "E01008439" }, "geometry": { "type": "Polygon", "coordinates": [ [ [ -1.6377, 54.97312 ], [ -1.62688, 54.9687 ], [ -1.63635, 54.9669 ], [ -1.6377, 54.97312 ] ] ] } },
{ "type": "Feature", "properties": { "small_area": "E01008719" }, "geometry": { "type": "Polygon", "coordinates": [ [ [ -1.41199, 54.84189 ], [ -1.42159, 54.83808 ], [ -1.413, 54.8233 ], [ -1.42451, 54.82782 ], [ -1.45269, 54.82208 ], [ -1.45188, 54.82822 ], [ -1.43473, 54.82789 ], [ -1.44747, 54.82915 ], [ -1.455, 54.83442 ], [ -1.43796, 54.83742 ], [ -1.43281, 54.85342 ], [ -1.41199, 54.84189 ] ] ] } },
{ "type": "Feature", "properties": { "small_area": "E01027385" }, "geometry": { "type": "Polygon", "coordinates": [ [ [ -2.00746, 55.75604 ], [ -2.01681, 55.75257 ], [ -2.01056, 55.76116 ], [ -2.00746, 55.75604 ] ] ] } },
{ "type": "Feature", "properties": { "small_area": "E01027386" }, "geometry": { "type": "Polygon", "coordinates": [ [ [ -1.99834, 55.74638 ], [ -2.01239, 55.73794 ], [ -2.02207, 55.75936 ], [ -2.01056, 55.76116 ], [ -2.01681, 55.75257 ], [ -2.00746, 55.75604 ], [ -1.99834, 55.74638 ] ] ] } },
{ "type": "Feature", "properties": { "small_area": "E01012060" }, "geometry": { "type": "Polygon", "coordinates": [ [ [ -1.17945, 54.56867 ], [ -1.19147, 54.56438 ], [ -1.18866, 54.56602 ], [ -1.19712, 54.57371 ], [ -1.19038, 54.57485 ], [ -1.17945, 54.56867 ] ] ] } },
{ "type": "Feature", "properties": { "small_area": "E01012063" }, "geometry": { "type": "Polygon", "coordinates": [ [ [ -1.19159, 54.52633 ], [ -1.19984, 54.53118 ], [ -1.19771, 54.53272 ], [ -1.18549, 54.5309 ], [ -1.19159, 54.52633 ] ] ] } },
{ "type": "Feature", "properties": { "small_area": "E01012062" }, "geometry": { "type": "Polygon", "coordinates": [ [ [ -1.18549, 54.5309 ], [ -1.19771, 54.53272 ], [ -1.19106, 54.53356 ], [ -1.19397, 54.53686 ], [ -1.19, 54.53859 ], [ -1.18001, 54.533 ], [ -1.18549, 54.5309 ] ] ] } },
{ "type": "Feature", "properties": { "small_area": "E01012326" }, "geometry": { "type": "Polygon", "coordinates": [ [ [ -1.52851, 54.54189 ], [ -1.51774, 54.5411 ], [ -1.52521, 54.53899 ], [ -1.51917, 54.53831 ], [ -1.52041, 54.53615 ], [ -1.52657, 54.53603 ], [ -1.53161, 54.53204 ], [ -1.52851, 54.54189 ] ] ] } },
{ "type": "Feature", "properties": { "small_area": "E01027383" }, "geometry": { "type": "MultiPolygon", "coordinates": [ [ [ [ -1.6457, 55.58222 ], [ -1.64825, 55.58407 ], [ -1.64521, 55.58279 ], [ -1.6457, 55.58222 ] ] ], [ [ [ -1.63959, 55.57839 ], [ -1.65036, 55.57243 ], [ -1.65012, 55.57887 ], [ -1.66059, 55.57771 ], [ -1.65968, 55.57286 ], [ -1.66399, 55.58161 ], [ -1.67668, 55.58289 ], [ -1.67977, 55.57976 ], [ -1.67394, 55.57864 ], [ -1.67972, 55.57488 ], [ -1.69751, 55.58069 ], [ -1.69503, 55.58457 ], [ -1.70159, 55.58885 ], [ -1.68957, 55.59389 ], [ -1.69187, 55.59619 ], [ -1.67737, 55.59558 ], [ -1.66481, 55.58611 ], [ -1.64899, 55.58383 ], [ -1.65285, 55.5829 ], [ -1.63959, 55.57839 ] ] ], [ [ [ -1.64197, 55.61629 ], [ -1.64478, 55.61662 ], [ -1.64412, 55.61722 ], [ -1.64197, 55.61629 ] ] ], [ [ [ -1.64572, 55.6164 ], [ -1.64987, 55.61687 ], [ -1.64871, 55.61785 ], [ -1.64572, 55.6164 ] ] ], [ [ [ -1.65213, 55.6161 ], [ -1.65851, 55.61704 ], [ -1.65562, 55.6184 ], [ -1.65213, 55.6161 ] ] ], [ [ [ -1.64999, 55.61954 ], [ -1.65191, 55.62033 ], [ -1.65105, 55.62084 ], [ -1.64999, 55.61954 ] ] ], [ [ [ -1.67521, 55.62904 ], [ -1.67548, 55.62967 ], [ -1.67409, 55.62905 ], [ -1.67521, 55.62904 ] ] ], [ [ [ -1.62442, 55.62895 ], [ -1.62553, 55.63231 ], [ -1.62193, 55.63138 ], [ -1.62442, 55.62895 ] ] ], [ [ [ -1.61949, 55.63288 ], [ -1.62489, 55.633 ], [ -1.62794, 55.63516 ], [ -1.61949, 55.63288 ] ] ], [ [ [ -1.62477, 55.63637 ], [ -1.62473, 55.63686 ], [ -1.62412, 55.63659 ], [ -1.62477, 55.63637 ] ] ], [ [ [ -1.62666, 55.63696 ], [ -1.62927, 55.63741 ], [ -1.62712, 55.63783 ], [ -1.62666, 55.63696 ] ] ], [ [ [ -1.62234, 55.63885 ], [ -1.62099, 55.64002 ], [ -1.619, 55.63969 ], [ -1.62234, 55.63885 ] ] ], [ [ [ -1.62801, 55.63878 ], [ -1.631, 55.63919 ], [ -1.63069, 55.64046 ], [ -1.62801, 55.63878 ] ] ], [ [ [ -1.60748, 55.64108 ], [ -1.60996, 55.64248 ], [ -1.60727, 55.6414 ], [ -1.60748, 55.64108 ] ] ], [ [ [ -1.61072, 55.64358 ], [ -1.61142, 55.64397 ], [ -1.60969, 55.6436 ], [ -1.61072, 55.64358 ] ] ], [ [ [ -1.6098, 55.64315 ], [ -1.60893, 55.64471 ], [ -1.60631, 55.64379 ], [ -1.6098, 55.64315 ] ] ], [ [ [ -1.60998, 55.64576 ], [ -1.61225, 55.64588 ], [ -1.6108, 55.6464 ], [ -1.60998, 55.64576 ] ] ], [ [ [ -1.61314, 55.64583 ], [ -1.61318, 55.64652 ], [ -1.61247, 55.64595 ], [ -1.61314, 55.64583 ] ] ] ] } },
{ "type": "Feature", "properties": { "small_area": "E01008869" }, "geometry": { "type": "Polygon", "coordinates": [ [ [ -1.54702, 54.89338 ], [ -1.54527, 54.89801 ], [ -1.55366, 54.90046 ], [ -1.54395, 54.9011 ], [ -1.5397, 54.89575 ], [ -1.54702, 54.89338 ] ] ] } },
{ "type": "Feature", "properties": { "small_area": "E01020700" }, "geometry": { "type": "Polygon", "coordinates": [ [ [ -1.42884, 54.71981 ], [ -1.43503, 54.71845 ], [ -1.4399, 54.71167 ], [ -1.45403, 54.70942 ], [ -1.44837, 54.69887 ], [ -1.47099, 54.69838 ], [ -1.4938, 54.70805 ], [ -1.48665, 54.71285 ], [ -1.4925, 54.71809 ], [ -1.48024, 54.71763 ], [ -1.47862, 54.72055 ], [ -1.48501, 54.72595 ], [ -1.47582, 54.72786 ], [ -1.48469, 54.73177 ], [ -1.48715, 54.73682 ], [ -1.47532, 54.73723 ], [ -1.47304, 54.73355 ], [ -1.46543, 54.73746 ], [ -1.45799, 54.73345 ], [ -1.4321, 54.7326 ], [ -1.42884, 54.71981 ] ] ] } },
{ "type": "Feature", "properties": { "small_area": "E01020703" }, "geometry": { "type": "Polygon", "coordinates": [ [ [ -1.58673, 54.77659 ], [ -1.59059, 54.7756 ], [ -1.59048, 54.77743 ], [ -1.57715, 54.77876 ], [ -1.57845, 54.7698 ], [ -1.58673, 54.77659 ] ] ] } },
{ "type": "Feature", "properties": { "small_area": "E01020782" }, "geometry": { "type": "Polygon", "coordinates": [ [ [ -1.34958, 54.83876 ], [ -1.33642, 54.84226 ], [ -1.33393, 54.84005 ], [ -1.34958, 54.83876 ] ] ] } },
{ "type": "Feature", "properties": { "small_area": "E01027372" }, "geometry": { "type": "Polygon", "coordinates": [ [ [ -1.59441, 55.34326 ], [ -1.59242, 55.33962 ], [ -1.60796, 55.34456 ], [ -1.61003, 55.3499 ], [ -1.61646, 55.34422 ], [ -1.6102, 55.34945 ], [ -1.60897, 55.34436 ], [ -1.58389, 55.3356 ], [ -1.59319, 55.33473 ], [ -1.5929, 55.3322 ], [ -1.60384, 55.32908 ], [ -1.6185, 55.32908 ], [ -1.61515, 55.30736 ], [ -1.62644, 55.30392 ], [ -1.62542, 55.29996 ], [ -1.66244, 55.28803 ], [ -1.66576, 55.29336 ], [ -1.68488, 55.29696 ], [ -1.68248, 55.30071 ], [ -1.69198, 55.30867 ], [ -1.68329, 55.31124 ], [ -1.68033, 55.31613 ], [ -1.7013, 55.32418 ], [ -1.72045, 55.32664 ], [ -1.72264, 55.33049 ], [ -1.7005, 55.32684 ], [ -1.69472, 55.33007 ], [ -1.6888, 55.32524 ], [ -1.69045, 55.3307 ], [ -1.67235, 55.33378 ], [ -1.67821, 55.3396 ], [ -1.67698, 55.35034 ], [ -1.68289, 55.3549 ], [ -1.66077, 55.36112 ], [ -1.65304, 55.35975 ], [ -1.65663, 55.36725 ], [ -1.64984, 55.36925 ], [ -1.62066, 55.36961 ], [ -1.60604, 55.37387 ], [ -1.58858, 55.34525 ], [ -1.59441, 55.34326 ] ] ] } },
{ "type": "Feature", "properties": { "small_area": "E01008398" }, "geometry": { "type": "Polygon", "coordinates": [ [ [ -1.63961, 54.97343 ], [ -1.63943, 54.97568 ], [ -1.63693, 54.97573 ], [ -1.63076, 54.97191 ], [ -1.63961, 54.97343 ] ] ] } },
{ "type": "Feature", "properties": { "small_area": "E01020874" }, "geometry": { "type": "Polygon", "coordinates": [ [ [ -1.61025, 54.65497 ], [ -1.63195, 54.65363 ], [ -1.63748, 54.65932 ], [ -1.63514, 54.66102 ], [ -1.64357, 54.66294 ], [ -1.63738, 54.66594 ], [ -1.62418, 54.65885 ], [ -1.62309, 54.66273 ], [ -1.61597, 54.66143 ], [ -1.61668, 54.66636 ], [ -1.60425, 54.66727 ], [ -1.61025, 54.65497 ] ] ] } },
{ "type": "Feature", "properties": { "small_area": "E01008434" }, "geometry": { "type": "Polygon", "coordinates": [ [ [ -1.54069, 54.98986 ], [ -1.53946, 54.98824 ], [ -1.55094, 54.98669 ], [ -1.55186, 54.98994 ], [ -1.5479, 54.99261 ], [ -1.54577, 54.98902 ], [ -1.54069, 54.98986 ] ] ] } },
{ "type": "Feature", "properties": { "small_area": "E01008826" }, "geometry": { "type": "Polygon", "coordinates": [ [ [ -1.40735, 54.88672 ], [ -1.41769, 54.88913 ], [ -1.41477, 54.89223 ], [ -1.40735, 54.88672 ] ] ] } },
{ "type": "Feature", "properties": { "small_area": "E01008162" }, "geometry": { "type": "Polygon", "coordinates": [ [ [ -1.59424, 54.95613 ], [ -1.59833, 54.95914 ], [ -1.58458, 54.96078 ], [ -1.58113, 54.95558 ], [ -1.59424, 54.95613 ] ] ] } },
{ "type": "Feature", "properties": { "small_area": "E01020603" }, "geometry": { "type": "Polygon", "coordinates": [ [ [ -1.5896, 54.84263 ], [ -1.59462, 54.84419 ], [ -1.59823, 54.84146 ], [ -1.60156, 54.84769 ], [ -1.58844, 54.84525 ], [ -1.5896, 54.84263 ] ] ] } },
{ "type": "Feature", "properties": { "small_area": "E01020682" }, "geometry": { "type": "Polygon", "coordinates": [ [ [ -1.5265, 54.78023 ], [ -1.52793, 54.77497 ], [ -1.5327, 54.77495 ], [ -1.53321, 54.78459 ], [ -1.52797, 54.78281 ], [ -1.51895, 54.78661 ], [ -1.52127, 54.78092 ], [ -1.5265, 54.78023 ] ] ] } },
{ "type": "Feature", "properties": { "small_area": "E01020602" }, "geometry": { "type": "Polygon", "coordinates": [ [ [ -1.57748, 54.85218 ], [ -1.59146, 54.8496 ], [ -1.59694, 54.85442 ], [ -1.58984, 54.85681 ], [ -1.5876, 54.85329 ], [ -1.57748, 54.85218 ] ] ] } },
{ "type": "Feature", "properties": { "small_area": "E01020683" }, "geometry": { "type": "Polygon", "coordinates": [ [ [ -1.51454, 54.78198 ], [ -1.52127, 54.78092 ], [ -1.51895, 54.78661 ], [ -1.52797, 54.78281 ], [ -1.53321, 54.78459 ], [ -1.53126, 54.78783 ], [ -1.52979, 54.78597 ], [ -1.51783, 54.78982 ], [ -1.51355, 54.78491 ], [ -1.51454, 54.78198 ] ] ] } },
{ "type": "Feature", "properties": { "small_area": "E01020681" }, "geometry": { "type": "Polygon", "coordinates": [ [ [ -1.6225, 54.81137 ], [ -1.61898, 54.81369 ], [ -1.62395, 54.80875 ], [ -1.63668, 54.80701 ], [ -1.6455, 54.81035 ], [ -1.63301, 54.81356 ], [ -1.6225, 54.81137 ] ] ] } },
{ "type": "Feature", "properties": { "small_area": "E01020600" }, "geometry": { "type": "Polygon", "coordinates": [ [ [ -1.57898, 54.84227 ], [ -1.5896, 54.84263 ], [ -1.58787, 54.84672 ], [ -1.57688, 54.8492 ], [ -1.57898, 54.84227 ] ] ] } },
{ "type": "Feature", "properties": { "small_area": "E01012130" }, "geometry": { "type": "Polygon", "coordinates": [ [ [ -1.05889, 54.59355 ], [ -1.07287, 54.59114 ], [ -1.07496, 54.59462 ], [ -1.07177, 54.59192 ], [ -1.06399, 54.59515 ], [ -1.06558, 54.60112 ], [ -1.06251, 54.59604 ], [ -1.05904, 54.59731 ], [ -1.05889, 54.59355 ] ] ] } },
{ "type": "Feature", "properties": { "small_area": "E01012234" }, "geometry": { "type": "Polygon", "coordinates": [ [ [ -1.31026, 54.50981 ], [ -1.30958, 54.50644 ], [ -1.32385, 54.50605 ], [ -1.32844, 54.50981 ], [ -1.32079, 54.51183 ], [ -1.31026, 54.50981 ] ] ] } },
{ "type": "Feature", "properties": { "small_area": "E01008567" }, "geometry": { "type": "Polygon", "coordinates": [ [ [ -1.49853, 55.03726 ], [ -1.49808, 55.03504 ], [ -1.51009, 55.0354 ], [ -1.51556, 55.03863 ], [ -1.50928, 55.03765 ], [ -1.49507, 55.0457 ], [ -1.49782, 55.04096 ], [ -1.49049, 55.03921 ], [ -1.49853, 55.03726 ] ] ] } },
{ "type": "Feature", "properties": { "small_area": "E01012256" }, "geometry": { "type": "Polygon", "coordinates": [ [ [ -1.29994, 54.61331 ], [ -1.31365, 54.61322 ], [ -1.31462, 54.61654 ], [ -1.30095, 54.61693 ], [ -1.29994, 54.61331 ] ] ] } },
{ "type": "Feature", "properties": { "small_area": "E01012257" }, "geometry": { "type": "Polygon", "coordinates": [ [ [ -1.30006, 54.60923 ], [ -1.31306, 54.61367 ], [ -1.29994, 54.61331 ], [ -1.30006, 54.60923 ] ] ] } },
{ "type": "Feature", "properties": { "small_area": "E01012254" }, "geometry": { "type": "Polygon", "coordinates": [ [ [ -1.32208, 54.56419 ], [ -1.32963, 54.56638 ], [ -1.32094, 54.57081 ], [ -1.32127, 54.57331 ], [ -1.31682, 54.57136 ], [ -1.32208, 54.56419 ] ] ] } },
{ "type": "Feature", "properties": { "small_area": "E01008411" }, "geometry": { "type": "Polygon", "coordinates": [ [ [ -1.59762, 54.9815 ], [ -1.60357, 54.98299 ], [ -1.59722, 54.98511 ], [ -1.59756, 54.98277 ], [ -1.59214, 54.98387 ], [ -1.59762, 54.9815 ] ] ] } },
{ "type": "Feature", "properties": { "small_area": "E01027477" }, "geometry": { "type": "Polygon", "coordinates": [ [ [ -2.16634, 54.81388 ], [ -2.16946, 54.8036 ], [ -2.17741, 54.80681 ], [ -2.19859, 54.80673 ], [ -2.21569, 54.78359 ], [ -2.23406, 54.78416 ], [ -2.23551, 54.78679 ], [ -2.24866, 54.78795 ], [ -2.28066, 54.79797 ], [ -2.31208, 54.79101 ], [ -2.32328, 54.795 ], [ -2.32739, 54.80533 ], [ -2.34842, 54.80707 ], [ -2.36942, 54.82143 ], [ -2.37266, 54.82737 ], [ -2.39272, 54.83451 ], [ -2.3613, 54.85803 ], [ -2.34114, 54.8656 ], [ -2.34403, 54.88081 ], [ -2.33827, 54.89452 ], [ -2.34457, 54.90493 ], [ -2.33827, 54.91263 ], [ -2.31283, 54.92321 ], [ -2.30878, 54.91982 ], [ -2.27179, 54.93118 ], [ -2.26224, 54.93699 ], [ -2.22371, 54.93875 ], [ -2.21803, 54.91875 ], [ -2.19849, 54.888 ], [ -2.21201, 54.87814 ], [ -2.19419, 54.84811 ], [ -2.20135, 54.84267 ], [ -2.19913, 54.83922 ], [ -2.18983, 54.83826 ], [ -2.18362, 54.8311 ], [ -2.15758, 54.82021 ], [ -2.16634, 54.81388 ] ], [ [ -2.27888, 54.89085 ], [ -2.27255, 54.89129 ], [ -2.27463, 54.88876 ], [ -2.26591, 54.88884 ], [ -2.2593, 54.89505 ], [ -2.24984, 54.89251 ], [ -2.25104, 54.89539 ], [ -2.24195, 54.89796 ], [ -2.24475, 54.9041 ], [ -2.26038, 54.90935 ], [ -2.25131, 54.9155 ], [ -2.25697, 54.91981 ], [ -2.2627, 54.91398 ], [ -2.27833, 54.91021 ], [ -2.27626, 54.90153 ], [ -2.27888, 54.89085 ] ] ] } },
{ "type": "Feature", "properties": { "small_area": "E01008564" }, "geometry": { "type": "Polygon", "coordinates": [ [ [ -1.48586, 55.04351 ], [ -1.49049, 55.03921 ], [ -1.49782, 55.04096 ], [ -1.49507, 55.0457 ], [ -1.50176, 55.04204 ], [ -1.51074, 55.04608 ], [ -1.49789, 55.0515 ], [ -1.48586, 55.04351 ] ] ] } },
{ "type": "Feature", "properties": { "small_area": "E01008562" }, "geometry": { "type": "Polygon", "coordinates": [ [ [ -1.43921, 55.02464 ], [ -1.43565, 55.02501 ], [ -1.43782, 55.0287 ], [ -1.43085, 55.03047 ], [ -1.42536, 55.02282 ], [ -1.42985, 55.02006 ], [ -1.43921, 55.02464 ] ] ] } },
{ "type": "Feature", "properties": { "small_area": "E01012255" }, "geometry": { "type": "Polygon", "coordinates": [ [ [ -1.30117, 54.60225 ], [ -1.31439, 54.60326 ], [ -1.31306, 54.61367 ], [ -1.30006, 54.60923 ], [ -1.30117, 54.60225 ] ] ] } },
{ "type": "Feature", "properties": { "small_area": "E01012252" }, "geometry": { "type": "Polygon", "coordinates": [ [ [ -1.31682, 54.57136 ], [ -1.32629, 54.57702 ], [ -1.32935, 54.57461 ], [ -1.33349, 54.57645 ], [ -1.32884, 54.57777 ], [ -1.31589, 54.5768 ], [ -1.31682, 54.57136 ] ] ] } },
{ "type": "Feature", "properties": { "small_area": "E01012253" }, "geometry": { "type": "Polygon", "coordinates": [ [ [ -1.32476, 54.57099 ], [ -1.33817, 54.57128 ], [ -1.33349, 54.57645 ], [ -1.32476, 54.57099 ] ] ] } },
{ "type": "Feature", "properties": { "small_area": "E01012250" }, "geometry": { "type": "Polygon", "coordinates": [ [ [ -1.34519, 54.58669 ], [ -1.36233, 54.58459 ], [ -1.37041, 54.59423 ], [ -1.3567, 54.59398 ], [ -1.34519, 54.58669 ] ] ] } },
{ "type": "Feature", "properties": { "small_area": "E01008813" }, "geometry": { "type": "Polygon", "coordinates": [ [ [ -1.4296, 54.89486 ], [ -1.43683, 54.89312 ], [ -1.44105, 54.89909 ], [ -1.4371, 54.89847 ], [ -1.43608, 54.90143 ], [ -1.42922, 54.89744 ], [ -1.4296, 54.89486 ] ] ] } },
{ "type": "Feature", "properties": { "small_area": "E01020610" }, "geometry": { "type": "Polygon", "coordinates": [ [ [ -1.55388, 54.83871 ], [ -1.54808, 54.84031 ], [ -1.54816, 54.83673 ], [ -1.55493, 54.83693 ], [ -1.55531, 54.83188 ], [ -1.54974, 54.8358 ], [ -1.54032, 54.83518 ], [ -1.53997, 54.83814 ], [ -1.5327, 54.839 ], [ -1.53158, 54.83569 ], [ -1.52462, 54.83502 ], [ -1.52393, 54.8294 ], [ -1.53994, 54.82511 ], [ -1.55694, 54.82575 ], [ -1.55859, 54.83053 ], [ -1.57048, 54.83433 ], [ -1.56906, 54.84625 ], [ -1.56467, 54.84713 ], [ -1.55388, 54.83871 ] ] ] } },
{ "type": "Feature", "properties": { "small_area": "E01008563" }, "geometry": { "type": "Polygon", "coordinates": [ [ [ -1.43569, 55.02464 ], [ -1.42968, 55.0187 ], [ -1.44631, 55.0176 ], [ -1.44822, 55.02363 ], [ -1.43569, 55.02464 ] ] ] } },
{ "type": "Feature", "properties": { "small_area": "E01008560" }, "geometry": { "type": "Polygon", "coordinates": [ [ [ -1.42346, 55.01472 ], [ -1.42968, 55.0187 ], [ -1.42536, 55.02282 ], [ -1.43085, 55.03047 ], [ -1.42007, 55.02079 ], [ -1.42346, 55.01472 ] ] ] } },
{ "type": "Feature", "properties": { "small_area": "E01008561" }, "geometry": { "type": "Polygon", "coordinates": [ [ [ -1.44498, 55.01174 ], [ -1.43616, 55.01577 ], [ -1.42486, 55.01396 ], [ -1.43911, 55.00769 ], [ -1.44498, 55.01174 ] ] ] } },
{ "type": "Feature", "properties": { "small_area": "E01012251" }, "geometry": { "type": "Polygon", "coordinates": [ [ [ -1.32094, 54.57081 ], [ -1.32471, 54.57111 ], [ -1.32935, 54.57461 ], [ -1.32629, 54.57702 ], [ -1.32094, 54.57081 ] ] ] } },
{ "type": "Feature", "properties": { "small_area": "E01008313" }, "geometry": { "type": "Polygon", "coordinates": [ [ [ -1.65784, 55.01392 ], [ -1.66463, 55.01446 ], [ -1.66456, 55.0183 ], [ -1.65515, 55.01634 ], [ -1.65784, 55.01392 ] ] ] } },
{ "type": "Feature", "properties": { "small_area": "E01008641" }, "geometry": { "type": "Polygon", "coordinates": [ [ [ -1.51777, 54.97118 ], [ -1.52439, 54.97249 ], [ -1.51492, 54.9751 ], [ -1.51136, 54.97488 ], [ -1.51777, 54.97118 ] ] ] } },
{ "type": "Feature", "properties": { "small_area": "E01011991" }, "geometry": { "type": "Polygon", "coordinates": [ [ [ -1.17383, 54.69187 ], [ -1.18958, 54.69629 ], [ -1.18234, 54.69693 ], [ -1.18753, 54.6999 ], [ -1.17796, 54.69922 ], [ -1.17383, 54.69187 ] ] ] } },
{ "type": "Feature", "properties": { "small_area": "E01011990" }, "geometry": { "type": "Polygon", "coordinates": [ [ [ -1.22282, 54.65671 ], [ -1.23271, 54.65634 ], [ -1.23415, 54.6594 ], [ -1.21467, 54.65851 ], [ -1.21175, 54.65166 ], [ -1.21963, 54.64724 ], [ -1.22709, 54.65238 ], [ -1.22282, 54.65671 ] ] ] } },
{ "type": "Feature", "properties": { "small_area": "E01020790" }, "geometry": { "type": "Polygon", "coordinates": [ [ [ -1.39239, 54.73834 ], [ -1.40085, 54.73849 ], [ -1.39774, 54.72879 ], [ -1.39914, 54.72146 ], [ -1.4061, 54.72243 ], [ -1.40559, 54.72549 ], [ -1.41452, 54.72977 ], [ -1.42546, 54.72955 ], [ -1.43202, 54.73537 ], [ -1.43161, 54.73803 ], [ -1.42257, 54.73739 ], [ -1.4253, 54.74455 ], [ -1.41736, 54.74535 ], [ -1.42013, 54.74193 ], [ -1.41649, 54.73871 ], [ -1.40947, 54.74308 ], [ -1.40971, 54.74723 ], [ -1.40478, 54.74745 ], [ -1.39239, 54.73834 ] ] ] } },
{ "type": "Feature", "properties": { "small_area": "E01020711" }, "geometry": { "type": "MultiPolygon", "coordinates": [ [ [ [ -1.5989, 54.78988 ], [ -1.59502, 54.79217 ], [ -1.59283, 54.79057 ], [ -1.5989, 54.78988 ] ] ], [ [ [ -1.58538, 54.79113 ], [ -1.59022, 54.79536 ], [ -1.58394, 54.80021 ], [ -1.5776, 54.79321 ], [ -1.58538, 54.79113 ] ] ] ] } },
{ "type": "Feature", "properties": { "small_area": "E01020710" }, "geometry": { "type": "Polygon", "coordinates": [ [ [ -1.58889, 54.80128 ], [ -1.58986, 54.79836 ], [ -1.59936, 54.7961 ], [ -1.60202, 54.8019 ], [ -1.58356, 54.80815 ], [ -1.58043, 54.80527 ], [ -1.58394, 54.80021 ], [ -1.58889, 54.80128 ] ] ] } },
{ "type": "Feature", "properties": { "small_area": "E01020791" }, "geometry": { "type": "Polygon", "coordinates": [ [ [ -1.43278, 54.75595 ], [ -1.43016, 54.75106 ], [ -1.44682, 54.75154 ], [ -1.43278, 54.75595 ] ] ] } },
{ "type": "Feature", "properties": { "small_area": "E01008188" }, "geometry": { "type": "Polygon", "coordinates": [ [ [ -1.73006, 54.92439 ], [ -1.73834, 54.92541 ], [ -1.74473, 54.92223 ], [ -1.76115, 54.92345 ], [ -1.7616, 54.92758 ], [ -1.77354, 54.92459 ], [ -1.76942, 54.93421 ], [ -1.75163, 54.93755 ], [ -1.74324, 54.93569 ], [ -1.73765, 54.9266 ], [ -1.72754, 54.92801 ], [ -1.73006, 54.92439 ] ] ] } },
{ "type": "Feature", "properties": { "small_area": "E01008802" }, "geometry": { "type": "MultiPolygon", "coordinates": [ [ [ [ -1.42413, 54.86507 ], [ -1.42419, 54.8651 ], [ -1.42391, 54.8652 ], [ -1.42413, 54.86507 ] ] ], [ [ [ -1.42154, 54.86512 ], [ -1.42093, 54.87034 ], [ -1.4122, 54.87579 ], [ -1.407, 54.87451 ], [ -1.40652, 54.87183 ], [ -1.41354, 54.87038 ], [ -1.41506, 54.86545 ], [ -1.42154, 54.86512 ] ] ] ] } },
{ "type": "Feature", "properties": { "small_area": "E01008805" }, "geometry": { "type": "Polygon", "coordinates": [ [ [ -1.3997, 54.8704 ], [ -1.39805, 54.86899 ], [ -1.40298, 54.87032 ], [ -1.40377, 54.87353 ], [ -1.39999, 54.87742 ], [ -1.3997, 54.8704 ] ] ] } },
{ "type": "Feature", "properties": { "small_area": "E01008803" }, "geometry": { "type": "Polygon", "coordinates": [ [ [ -1.40377, 54.87353 ], [ -1.40652, 54.87183 ], [ -1.40684, 54.87959 ], [ -1.40199, 54.87802 ], [ -1.40377, 54.87353 ] ] ] } },
{ "type": "Feature", "properties": { "small_area": "E01011978" }, "geometry": { "type": "Polygon", "coordinates": [ [ [ -1.23333, 54.65842 ], [ -1.24095, 54.65782 ], [ -1.24274, 54.66236 ], [ -1.24688, 54.66121 ], [ -1.24963, 54.66392 ], [ -1.24834, 54.66669 ], [ -1.25272, 54.66674 ], [ -1.24619, 54.667 ], [ -1.24576, 54.6637 ], [ -1.2356, 54.66185 ], [ -1.23333, 54.65842 ] ] ] } },
{ "type": "Feature", "properties": { "small_area": "E01011975" }, "geometry": { "type": "Polygon", "coordinates": [ [ [ -1.23044, 54.68691 ], [ -1.23031, 54.69039 ], [ -1.22604, 54.69015 ], [ -1.22543, 54.68669 ], [ -1.23044, 54.68691 ] ] ] } },
{ "type": "Feature", "properties": { "small_area": "E01012113" }, "geometry": { "type": "Polygon", "coordinates": [ [ [ -1.14487, 54.56614 ], [ -1.14919, 54.56933 ], [ -1.14396, 54.56821 ], [ -1.13905, 54.57197 ], [ -1.13545, 54.56795 ], [ -1.14487, 54.56614 ] ] ] } },
{ "type": "Feature", "properties": { "small_area": "E01008446" }, "geometry": { "type": "Polygon", "coordinates": [ [ [ -1.69661, 54.99506 ], [ -1.70807, 54.99637 ], [ -1.70926, 54.99399 ], [ -1.70989, 54.99972 ], [ -1.70023, 54.99849 ], [ -1.69661, 54.99506 ] ] ] } },
{ "type": "Feature", "properties": { "small_area": "E01008447" }, "geometry": { "type": "Polygon", "coordinates": [ [ [ -1.72405, 54.99509 ], [ -1.72412, 54.99831 ], [ -1.70989, 54.99972 ], [ -1.70926, 54.99399 ], [ -1.72405, 54.99509 ] ] ] } },
{ "type": "Feature", "properties": { "small_area": "E01012213" }, "geometry": { "type": "Polygon", "coordinates": [ [ [ -1.32575, 54.58475 ], [ -1.33146, 54.58886 ], [ -1.3308, 54.5912 ], [ -1.31962, 54.59217 ], [ -1.32575, 54.58475 ] ] ] } },
{ "type": "Feature", "properties": { "small_area": "E01027359" }, "geometry": { "type": "Polygon", "coordinates": [ [ [ -1.71751, 55.40825 ], [ -1.7222, 55.41202 ], [ -1.71819, 55.41446 ], [ -1.70544, 55.41316 ], [ -1.71751, 55.40825 ] ] ] } },
{ "type": "Feature", "properties": { "small_area": "E01020657" }, "geometry": { "type": "Polygon", "coordinates": [ [ [ -1.79919, 54.87159 ], [ -1.82025, 54.87317 ], [ -1.82958, 54.86423 ], [ -1.84076, 54.86748 ], [ -1.83876, 54.87238 ], [ -1.85427, 54.87312 ], [ -1.85282, 54.87704 ], [ -1.84621, 54.87719 ], [ -1.84061, 54.88147 ], [ -1.82962, 54.87959 ], [ -1.80219, 54.88477 ], [ -1.78624, 54.88089 ], [ -1.79919, 54.87159 ] ] ] } },
{ "type": "Feature", "properties": { "small_area": "E01008830" }, "geometry": { "type": "Polygon", "coordinates": [ [ [ -1.40115, 54.89622 ], [ -1.40212, 54.89644 ], [ -1.39764, 54.90042 ], [ -1.40133, 54.90207 ], [ -1.39592, 54.90195 ], [ -1.40115, 54.89622 ] ] ] } },
{ "type": "Feature", "properties": { "small_area": "E01008872" }, "geometry": { "type": "Polygon", "coordinates": [ [ [ -1.55285, 54.89252 ], [ -1.54732, 54.88885 ], [ -1.54973, 54.88477 ], [ -1.55707, 54.88473 ], [ -1.5584, 54.90031 ], [ -1.55196, 54.89863 ], [ -1.55285, 54.89252 ] ] ] } },
{ "type": "Feature", "properties": { "small_area": "E01008409" }, "geometry": { "type": "Polygon", "coordinates": [ [ [ -1.58762, 54.98951 ], [ -1.58506, 54.98696 ], [ -1.59756, 54.98277 ], [ -1.59368, 54.98794 ], [ -1.58762, 54.98951 ] ] ] } },
{ "type": "Feature", "properties": { "small_area": "E01008489" }, "geometry": { "type": "Polygon", "coordinates": [ [ [ -1.47531, 55.01966 ], [ -1.47888, 55.02465 ], [ -1.47279, 55.02552 ], [ -1.46791, 55.01987 ], [ -1.47531, 55.01966 ] ] ] } },
{ "type": "Feature", "properties": { "small_area": "E01008488" }, "geometry": { "type": "Polygon", "coordinates": [ [ [ -1.48591, 55.02481 ], [ -1.48337, 55.01975 ], [ -1.49062, 55.02122 ], [ -1.5033, 55.01272 ], [ -1.51148, 55.01857 ], [ -1.50321, 55.02371 ], [ -1.50482, 55.02738 ], [ -1.48591, 55.02481 ] ] ] } },
{ "type": "Feature", "properties": { "small_area": "E01008578" }, "geometry": { "type": "Polygon", "coordinates": [ [ [ -1.58382, 55.05868 ], [ -1.58972, 55.05746 ], [ -1.58517, 55.04899 ], [ -1.59213, 55.04831 ], [ -1.59592, 55.05446 ], [ -1.59291, 55.05829 ], [ -1.58668, 55.05897 ], [ -1.58718, 55.06322 ], [ -1.58382, 55.05868 ] ] ] } },
{ "type": "Feature", "properties": { "small_area": "E01008579" }, "geometry": { "type": "Polygon", "coordinates": [ [ [ -1.62724, 55.05092 ], [ -1.622, 55.04447 ], [ -1.62603, 55.04691 ], [ -1.63104, 55.04532 ], [ -1.63508, 55.05646 ], [ -1.63253, 55.05872 ], [ -1.62724, 55.05092 ] ] ] } },
{ "type": "Feature", "properties": { "small_area": "E01027468" }, "geometry": { "type": "Polygon", "coordinates": [ [ [ -1.76544, 55.0286 ], [ -1.76474, 55.03242 ], [ -1.77046, 55.03389 ], [ -1.75031, 55.0405 ], [ -1.75335, 55.03159 ], [ -1.74988, 55.03071 ], [ -1.76544, 55.0286 ] ] ] } },
{ "type": "Feature", "properties": { "small_area": "E01012138" }, "geometry": { "type": "Polygon", "coordinates": [ [ [ -1.03019, 54.58911 ], [ -1.0203, 54.58744 ], [ -1.00839, 54.57401 ], [ -1.01105, 54.57217 ], [ -1.02644, 54.57488 ], [ -1.02814, 54.57806 ], [ -1.03489, 54.57719 ], [ -1.03787, 54.58318 ], [ -1.04527, 54.58502 ], [ -1.04175, 54.58086 ], [ -1.05096, 54.58019 ], [ -1.04669, 54.5715 ], [ -1.04782, 54.56652 ], [ -1.06431, 54.56531 ], [ -1.06537, 54.56836 ], [ -1.05825, 54.57149 ], [ -1.05675, 54.58229 ], [ -1.06311, 54.59226 ], [ -1.03997, 54.59448 ], [ -1.04592, 54.60229 ], [ -1.03768, 54.60521 ], [ -1.03069, 54.6021 ], [ -1.03094, 54.59255 ], [ -1.02704, 54.59222 ], [ -1.03019, 54.58911 ] ] ] } },
{ "type": "Feature", "properties": { "small_area": "E01027466" }, "geometry": { "type": "Polygon", "coordinates": [ [ [ -1.75124, 55.0529 ], [ -1.74874, 55.05719 ], [ -1.74312, 55.05516 ], [ -1.74535, 55.04895 ], [ -1.75124, 55.0529 ] ] ] } },
{ "type": "Feature", "properties": { "small_area": "E01027508" }, "geometry": { "type": "Polygon", "coordinates": [ [ [ -1.86057, 54.9411 ], [ -1.87676, 54.93269 ], [ -1.89357, 54.93145 ], [ -1.89051, 54.93973 ], [ -1.89717, 54.94601 ], [ -1.89867, 54.94373 ], [ -1.90447, 54.94623 ], [ -1.89919, 54.94631 ], [ -1.90035, 54.9494 ], [ -1.89347, 54.95376 ], [ -1.90248, 54.95463 ], [ -1.90183, 54.95752 ], [ -1.89033, 54.96364 ], [ -1.87589, 54.96225 ], [ -1.86031, 54.94963 ], [ -1.86057, 54.9411 ] ] ] } },
{ "type": "Feature", "properties": { "small_area": "E01027390" }, "geometry": { "type": "Polygon", "coordinates": [ [ [ -1.99938, 55.55625 ], [ -1.99324, 55.55295 ], [ -1.99813, 55.54914 ], [ -1.98105, 55.54118 ], [ -2.00001, 55.54027 ], [ -2.0004, 55.53296 ], [ -2.00435, 55.5396 ], [ -2.01052, 55.53971 ], [ -2.02954, 55.53661 ], [ -2.0603, 55.52473 ], [ -2.07248, 55.52407 ], [ -2.08414, 55.533 ], [ -2.09481, 55.53359 ], [ -2.09552, 55.54038 ], [ -2.08823, 55.54324 ], [ -2.04982, 55.53915 ], [ -2.02962, 55.54411 ], [ -2.02609, 55.54675 ], [ -2.03501, 55.55287 ], [ -2.02498, 55.55082 ], [ -2.02931, 55.55298 ], [ -2.02592, 55.56393 ], [ -2.0321, 55.56666 ], [ -2.03021, 55.57091 ], [ -2.00642, 55.57171 ], [ -1.99817, 55.56967 ], [ -1.99938, 55.55625 ] ] ] } },
{ "type": "Feature", "properties": { "small_area": "E01027391" }, "geometry": { "type": "Polygon", "coordinates": [ [ [ -1.53158, 55.13106 ], [ -1.51795, 55.12721 ], [ -1.51925, 55.12605 ], [ -1.5306, 55.1258 ], [ -1.53158, 55.13106 ] ] ] } },
{ "type": "Feature", "properties": { "small_area": "E01020885" }, "geometry": { "type": "Polygon", "coordinates": [ [ [ -1.66334, 54.6543 ], [ -1.67234, 54.64858 ], [ -1.67802, 54.64841 ], [ -1.67137, 54.65036 ], [ -1.67678, 54.65039 ], [ -1.67687, 54.65271 ], [ -1.66863, 54.65643 ], [ -1.66334, 54.6543 ] ] ] } },
{ "type": "Feature", "properties": { "small_area": "E01020807" }, "geometry": { "type": "Polygon", "coordinates": [ [ [ -1.56094, 54.68344 ], [ -1.56366, 54.6872 ], [ -1.56763, 54.6863 ], [ -1.55932, 54.68942 ], [ -1.5574, 54.68673 ], [ -1.56094, 54.68344 ] ] ] } },
{ "type": "Feature", "properties": { "small_area": "E01020886" }, "geometry": { "type": "Polygon", "coordinates": [ [ [ -1.67666, 54.65718 ], [ -1.66863, 54.65643 ], [ -1.67687, 54.65271 ], [ -1.67666, 54.65718 ] ] ] } },
{ "type": "Feature", "properties": { "small_area": "E01020887" }, "geometry": { "type": "Polygon", "coordinates": [ [ [ -1.76592, 54.7085 ], [ -1.73947, 54.70444 ], [ -1.73643, 54.70755 ], [ -1.72862, 54.70388 ], [ -1.73014, 54.69961 ], [ -1.73822, 54.70051 ], [ -1.74592, 54.69731 ], [ -1.74612, 54.68777 ], [ -1.74959, 54.69192 ], [ -1.75631, 54.6907 ], [ -1.76819, 54.69762 ], [ -1.7845, 54.70108 ], [ -1.78385, 54.70396 ], [ -1.79865, 54.71413 ], [ -1.79054, 54.71994 ], [ -1.76592, 54.7085 ] ] ] } },
{ "type": "Feature", "properties": { "small_area": "E01011987" }, "geometry": { "type": "Polygon", "coordinates": [ [ [ -1.21537, 54.67545 ], [ -1.21354, 54.67189 ], [ -1.21861, 54.66997 ], [ -1.21722, 54.67297 ], [ -1.22187, 54.67434 ], [ -1.21537, 54.67545 ] ] ] } },
{ "type": "Feature", "properties": { "small_area": "E01020805" }, "geometry": { "type": "Polygon", "coordinates": [ [ [ -1.55869, 54.66085 ], [ -1.56401, 54.66127 ], [ -1.5621, 54.66434 ], [ -1.54384, 54.6614 ], [ -1.55058, 54.65984 ], [ -1.55005, 54.65598 ], [ -1.55869, 54.66085 ] ] ] } },
{ "type": "Feature", "properties": { "small_area": "E01008399" }, "geometry": { "type": "Polygon", "coordinates": [ [ [ -1.62954, 54.97172 ], [ -1.63693, 54.97573 ], [ -1.63547, 54.97865 ], [ -1.63013, 54.97774 ], [ -1.62954, 54.97172 ] ] ] } },
{ "type": "Feature", "properties": { "small_area": "E01008649" }, "geometry": { "type": "Polygon", "coordinates": [ [ [ -1.39341, 54.98817 ], [ -1.38065, 54.98567 ], [ -1.38088, 54.98025 ], [ -1.38448, 54.97825 ], [ -1.39756, 54.98039 ], [ -1.39459, 54.98423 ], [ -1.38951, 54.98307 ], [ -1.40647, 54.99176 ], [ -1.39658, 54.99145 ], [ -1.39341, 54.98817 ] ] ] } },
{ "type": "Feature", "properties": { "small_area": "E01033551" }, "geometry": { "type": "Polygon", "coordinates": [ [ [ -1.59262, 55.03893 ], [ -1.5877, 55.02647 ], [ -1.59479, 55.02296 ], [ -1.60046, 55.00974 ], [ -1.61003, 55.01654 ], [ -1.60113, 55.0216 ], [ -1.62552, 55.02331 ], [ -1.6228, 55.02916 ], [ -1.62855, 55.02948 ], [ -1.62627, 55.03341 ], [ -1.62894, 55.03425 ], [ -1.62456, 55.04002 ], [ -1.59262, 55.03893 ] ] ] } },
{ "type": "Feature", "properties": { "small_area": "E01033556" }, "geometry": { "type": "Polygon", "coordinates": [ [ [ -1.63964, 54.98041 ], [ -1.63966, 54.97456 ], [ -1.64003, 54.97763 ], [ -1.64692, 54.9794 ], [ -1.64007, 54.98402 ], [ -1.63603, 54.98151 ], [ -1.62885, 54.9852 ], [ -1.62419, 54.98088 ], [ -1.63964, 54.98041 ] ] ] } }
]
}
